material_id,n_cand,n_same_chem,n_same_type,nn_rms,capped,split,proto
mp-10009,52,0,2,0.010575536444828707,False,test,AB_194
mp-1218989,13,0,8,0.0058068056158758815,False,test,ABCD_160
mp-1225695,21,0,5,0.0,False,test,AB_65
mp-1220884,6,0,0,,False,test,ABCD4_8
mp-1224266,6,0,0,,False,test,AB3C8_8
mp-1002572,2,0,2,0.04538533593140532,False,test,ABC2_58
mp-626680,130,0,20,0.010112567490818061,False,test,AB2C2_164
mp-1228956,9,0,1,0.07647915439950637,False,test,AB4_12
mp-1219335,38,0,30,0.0029300437957002425,False,test,AB2C10_71
mp-1219027,18,0,3,0.006474315374488281,False,test,AB3C4_6
mp-867922,400,0,400,1.696664352743329e-16,True,test,ABC2_225
mp-4073,400,0,378,0.0006791345162261788,True,test,AB2C2_139
mp-11131,3,0,0,,False,test,A2B2C3D8_5
mp-1215627,48,0,41,0.0022628273369451543,False,test,AB2C3_194
mp-1223834,41,0,16,0.016369334027711346,False,test,ABC2_38
mp-1516449,400,0,396,3.2875124318330315e-05,True,test,ABC2D6_225
mp-1225183,5,0,0,,False,test,AB2C3_99
mp-1094830,13,0,13,0.00977526219252207,False,test,AB5_8
mp-849335,2,0,0,,False,test,A2B3C3_8
mp-758558,58,0,0,,False,test,ABC_12
mp-1207672,168,0,37,0.000792347279316715,False,test,ABC_194
mp-2452,1,0,0,,False,test,A2B5_43
mp-12398,30,0,30,0.0015340552621784678,False,test,AB6C6_191
mp-1101094,31,0,23,0.006214336414194429,False,test,AB2C6_164
mp-1218090,12,0,5,0.00893587395706066,False,test,AB3C8_156
mp-972370,400,0,400,1.3486404669279258e-16,True,test,ABC2_225
mp-1224851,14,0,12,0.026449484771498985,False,test,ABCD4_82
mp-1222864,35,0,32,0.01611636207871729,False,test,AB3C4D12_6
mp-1189226,17,0,16,0.005543781330226896,False,test,AB4C4_86
mp-1225753,188,0,185,0.012249709179649713,False,test,ABC2D6_14
mp-3833,130,0,104,0.0011687527776805516,False,test,AB2C2_164
mp-1187801,400,0,354,5.781578251888491e-06,True,test,AB3_194
mp-1221513,21,0,0,,False,test,AB2C3_8
mp-9029,9,0,0,,False,test,AB3C3_63
mp-1206059,400,0,396,5.0332583565560944e-05,True,test,ABC2D6_225
mp-602328,5,0,1,0.01571254963534405,False,test,AB2C2_11
mp-1113597,400,0,396,3.4438083491820274e-05,True,test,ABC2D6_225
mp-16965,0,0,0,,False,test,ABC2D4_71
mp-568005,273,0,264,0.0,False,test,ABC3_221
mp-1226317,0,0,0,,False,test,ABCD2E2_44
mp-1187379,400,0,353,5.3382600897757806e-05,True,test,AB3_194
mp-1205580,44,0,36,0.002584946378154238,False,test,ABCD2_63
mp-1190090,107,0,2,0.27735332898036846,False,test,ABC2_62
mp-867114,400,0,400,1.0114636144950923e-16,True,test,ABC2_225
mp-1078849,25,0,4,0.026508505155031305,False,test,AB2C2_194
mp-1212903,400,0,368,0.0056306506741719145,True,test,ABC_62
mp-1183241,236,0,229,0.0,False,test,AB3_139
mp-505312,1,0,1,0.007924804467766465,False,test,ABCD2E3_129
mp-768203,5,0,0,,False,test,AB2_72
mp-863742,400,0,400,7.695964880708024e-17,True,test,ABC2_225
mp-1025128,88,0,74,0.0034275988381913198,False,test,ABC_186
mp-1208345,318,0,43,0.01538582158639774,False,test,ABC3_62
mp-985296,236,0,229,0.0,False,test,AB3_139
mp-625409,12,0,5,0.019213284776902453,False,test,AB3C3_11
mp-1178005,25,0,1,0.05819394786819609,False,test,A2B3C4_12
mp-1184723,400,0,353,2.7061476723141856e-05,True,test,AB3_194
mp-1079498,156,0,146,0.0008161179632214968,False,test,AB2C2_127
mp-643047,0,0,0,,False,test,A2B3C12_164
mp-1183742,400,0,354,0.004220370912512447,True,test,AB3_194
mp-1077904,17,0,16,0.03933931176920821,False,test,AB2C2D2_12
mp-12748,127,0,74,0.012445436684838964,False,test,AB2_194
mp-1225266,3,0,0,,False,test,A3B4C9_6
mp-1206085,8,0,5,0.02065364508752842,False,test,ABC6_2
mp-34127,110,0,5,0.0003517825021134146,False,test,ABC2_194
mp-555560,2,0,1,0.03703270735480707,False,test,ABCD6_113
mp-1079397,65,0,50,0.0011958875232918,False,test,ABC2_129
mp-1187511,400,0,400,0.0,True,test,ABC2_225
mp-1205770,305,0,301,0.001373069760744192,False,test,ABC_189
mp-1279484,42,0,3,0.010617339459286588,False,test,ABC2_12
mp-1111218,400,0,396,0.0001377523339688759,True,test,ABC2D6_225
mp-972063,400,0,353,0.0004645283875480264,True,test,AB3_194
mp-1520921,52,0,52,0.003492983834324861,False,test,ABCDE6_2
mp-1205683,400,0,396,9.006883374875894e-05,True,test,ABC2D6_225
mp-1220892,1,0,1,0.020096223657671837,False,test,ABC3D3E12_148
mp-1025331,22,0,21,0.008365125396694375,False,test,AB2C4_82
mp-978949,339,0,334,0.0,False,test,AB3_221
mp-568802,10,0,5,0.03987240638634694,False,test,ABC2D6_4
mp-567510,74,0,13,0.0038397651147445474,False,test,AB2_164
mp-1224282,23,0,9,0.005269978628996366,False,test,ABC_156
mp-1212739,15,0,15,0.013022666306705488,False,test,AB3C4D12_155
mp-1184270,400,0,400,1.4085587267765775e-16,True,test,ABC2_225
mp-1102452,400,0,360,0.012674181754225867,True,test,ABC_62
mp-9632,67,0,15,0.007420083188314537,False,test,ABC6_148
mp-972640,400,0,400,1.3175918654220817e-16,True,test,ABC2_225
mp-1223856,20,0,20,0.013136004740196659,False,test,ABC2D4_82
mp-1025222,55,0,24,0.009789548123621325,False,test,ABC5_123
mp-1190224,21,0,20,0.025223276383076258,False,test,ABC2D4_31
mp-1077536,0,0,0,,False,test,AB2_118
mp-1215208,0,0,0,,False,test,AB2C3_107
mp-767409,55,0,24,0.0008785908448607304,False,test,ABC5_123
mp-755040,9,0,0,,False,test,A2B3_14
mp-1236924,11,0,4,0.01208807655204498,False,test,AB3C6_2
mp-1224485,8,0,0,,False,test,A2B3_9
mp-1211616,4,0,4,0.017039984871999397,False,test,A3B5C12_189
mp-976876,130,0,5,0.0032559061958464773,False,test,AB2C2_164
mp-1220283,53,0,31,0.00041114918176216606,False,test,AB2C3_166
mp-1220149,37,0,34,0.0005265737437121112,False,test,ABC4_187
mp-983062,122,0,122,1.716418716605e-16,False,test,AB3_225
mp-19755,1,0,1,0.013893361760628569,False,test,AB3C6_164
mp-1223853,4,0,3,0.1303642493250721,False,test,AB2C2D8_147
mp-1113037,400,0,396,0.0003311354181943343,True,test,ABC2D6_225
mp-1080691,48,0,5,0.006186258845859171,False,test,ABC2D4_121
mp-1025044,74,0,1,0.015166635622942947,False,test,AB2_164
mp-1025578,4,0,4,0.0009456985943545518,False,test,A2B2C2D3_156
mp-1220259,109,0,0,,False,test,AB2C3_191
mp-1025280,7,0,1,0.03301663896072063,False,test,AB2C2D2_139
mp-1183582,400,0,400,1.4648299248423165e-16,True,test,ABC2_225
mp-1521619,130,0,130,0.0002710012262502863,False,test,ABCDE6_216
mp-1102836,48,0,48,0.003545529468010728,False,test,ABC_198
mp-7751,62,0,62,1.0165529994103469e-16,False,test,AB5_191
mp-865568,400,0,400,1.0590907275480996e-16,True,test,ABC2_225
mp-1207089,49,0,46,0.0,False,test,AB_123
mp-1220596,3,0,0,,False,test,AB4C8_160
mp-865857,400,0,400,9.073111455538507e-17,True,test,ABC2_225
mp-1223742,88,0,75,3.852320751001801e-17,False,test,ABC_187
mvc-3998,318,0,240,0.006114417706233334,False,test,ABC3_62
mp-13018,136,0,130,0.00021212348587603525,False,test,ABC4_216
mp-1105630,109,0,8,0.0029693024132275655,False,test,AB2C3_191
mp-862548,400,0,400,0.0,True,test,ABC2_225
mp-571461,22,0,5,0.006478735593591855,False,test,AB2C4_166
mp-1112171,13,0,13,0.0034835445994082963,False,test,ABC3_225
mp-1520691,400,0,396,0.00011176482634896337,True,test,ABC2D6_225
mp-1207090,136,0,20,0.0,False,test,ABC2_123
mp-1215637,37,0,34,0.0008039474693410543,False,test,ABC4_187
mp-1212916,14,0,14,0.014332234414492565,False,test,A2B3C7_139
mp-1187314,339,0,334,0.0,False,test,AB3_221
mp-1022963,1,0,0,,False,test,AB3_38
mp-7808,15,0,0,,False,test,AB3_12
mp-1094982,64,0,49,0.0,False,test,AB_187
mp-1206373,25,0,14,0.0018326188740253437,False,test,ABC2_164
mp-1103481,49,0,41,0.0015381111747020542,False,test,A3B4C4_71
mp-1080439,17,0,2,0.0037761897867846688,False,test,AB4_14
mp-5381,130,0,103,0.0010014136834788645,False,test,AB2C2_164
mp-30160,0,0,0,,False,test,AB2C4_224
mp-7791,33,0,33,0.007135190315964311,False,test,AB2C6_136
mp-1225220,58,0,34,0.01482496709029443,False,test,ABC_12
mp-494,37,0,37,0.0,False,test,AB3_223
mp-3772,22,0,21,0.007176416728735809,False,test,AB2C4_82
mp-1211671,6,0,6,0.02332913717049241,False,test,A3B5_43
mp-34433,45,0,32,0.008172599889281736,False,test,AB2C4_74
mp-1112445,400,0,396,5.827983360244277e-05,True,test,ABC2D6_225
mp-1183366,33,0,3,0.05323202585572036,False,test,AB3_63
mp-1208573,3,0,3,0.006405420025300431,False,test,AB5C12_71
mp-866185,400,0,400,2.1776004716729755e-16,True,test,ABC2_225
mp-1208241,15,0,5,0.007854535784817894,False,test,AB4C8_12
mp-12455,107,0,9,0.005868103702643153,False,test,ABC2_62
mp-548469,0,0,0,,False,test,ABCD_63
mp-1187270,400,0,400,7.165876105373964e-17,True,test,ABC2_225
mp-21383,400,0,354,3.6685729605215117e-05,True,test,AB2C2_139
mp-30673,2,0,0,,False,test,A2B3_83
mp-18821,8,0,7,0.008653182293564576,False,test,A2B5C12_12
mp-1303766,6,0,0,,False,test,ABC2D4_1
mp-1223845,0,0,0,,False,test,AB4C4_79
mp-1212638,10,0,6,0.020641457412768273,False,test,AB2C4D12_2
mp-606711,5,0,0,,False,test,AB3C4_38
mp-1106337,2,0,0,,False,test,ABC3_13
mp-1111671,400,0,396,0.00032583725150346345,True,test,ABC2D6_225
mp-777448,3,0,2,0.05815883299077622,False,test,AB2C4_13
mp-1224999,22,0,5,0.013692059984356344,False,test,ABC2_26
mp-567614,25,0,10,0.0006422483302758335,False,test,AB2C2_194
mp-3597,53,0,2,0.009730957524305483,False,test,ABC3_194
mp-29658,54,0,1,0.024049650363893844,False,test,ABC3_63
mp-3972,130,0,104,0.0012772630619086575,False,test,AB2C2_164
mp-1189857,0,0,0,,False,test,AB2_84
mp-1101099,35,0,2,0.01786668387264774,False,test,A2B3_12
mp-4374,177,0,113,0.0011920007006452884,False,test,ABC_129
mp-1102310,400,0,363,0.005756666959738078,True,test,ABC_62
mp-1219140,11,0,1,0.02578511224004774,False,test,AB3C4_12
mp-1520763,0,0,0,,False,test,ABCDE6_90
mp-1213732,13,0,13,0.19201998349421254,False,test,ABC4_124
mp-1080606,69,0,67,0.005749697898206986,False,test,AB2C2_129
mp-20000,69,0,67,0.0033997002927883815,False,test,AB2C2_129
mp-11778,54,0,38,0.010683993787037037,False,test,ABC3_63
mp-1271286,339,1,5,8.269739044071692e-06,False,test,AB3_221
mp-1190131,318,0,241,0.0062319563608802505,False,test,ABC3_62
mp-1225783,0,0,0,,False,test,A2B3C3D8_1
mp-753048,2,0,0,,False,test,ABC4_8
mp-3077,26,0,24,0.0020690236834492877,False,test,ABC_109
mp-23164,37,0,21,0.0269048888422708,False,test,A2B3_62
mp-11360,400,0,400,9.092121058534985e-17,True,test,ABC2_225
mp-1079836,0,0,0,,False,test,ABC3D3_6
mp-1220080,22,0,5,0.019489690133174857,False,test,ABC2_26
mp-567628,400,0,396,5.649811762250741e-16,True,test,ABC2D6_225
mp-2066,62,0,62,1.4589911977996059e-16,False,test,AB5_191
mp-1206533,12,0,9,8.821369555460917e-06,False,test,ABC2D2_123
mp-1025510,48,0,35,0.0032380991406381872,False,test,ABC2D4_121
mp-19272,58,0,44,0.0021972388582520313,False,test,ABC4_141
mp-754836,19,0,0,,False,test,A5B6C7_1
mp-1216751,8,0,8,0.0032057686086573935,False,test,ABCD6_102
mp-557426,30,0,23,0.009153682509914673,False,test,ABC5_15
mp-1218310,21,0,7,0.014041300818863128,False,test,ABC2D6_123
mp-2698,44,0,36,0.0038388348468965726,False,test,AB2_74
mp-765552,7,0,2,0.007714593120449894,False,test,ABC2D4_15
mp-1186185,400,0,400,6.495017845048305e-17,True,test,ABC2_225
mp-1210574,8,0,7,0.005722844745562322,False,test,A2B5C12_12
mp-1247428,42,0,20,0.01947718214248542,False,test,AB3C3_176
mp-1025155,55,0,31,0.00040063852253274747,False,test,ABC5_123
mp-31347,305,0,305,0.00030203271346586585,False,test,ABC_189
mp-1221194,9,0,6,0.05350242192135876,False,test,AB3C4D8_1
mp-569843,42,0,18,0.004211921546752255,False,test,AB2_166
mp-1217683,53,0,44,0.00042465395303525574,False,test,AB2C3_166
mp-1523327,400,0,396,0.0001541501598778607,True,test,ABC2D6_225
mp-1112026,400,0,396,7.417433367544273e-05,True,test,ABC2D6_225
mp-1079460,33,0,3,0.03560143896691539,False,test,AB3_63
mp-31138,236,0,3,0.0024261135245935133,False,test,AB3_139
mp-865745,400,0,400,6.736322316947787e-17,True,test,ABC2_225
mp-22170,5,0,4,0.02880918543206375,False,test,AB4C4_63
mp-4052,13,0,12,0.009810815034979327,False,test,A2B3C4_72
mp-1185790,339,0,334,0.0,False,test,AB3_221
mp-9986,40,0,7,0.017279723821379555,False,test,ABC_139
mp-753663,30,0,23,0.007384332223919895,False,test,ABC5_15
mp-865766,400,0,400,1.0043077834004576e-16,True,test,ABC2_225
mp-1077095,136,0,130,4.487227585814355e-05,False,test,ABC4_216
mp-1186030,400,0,353,2.3788457094491475e-05,True,test,AB3_194
mp-21235,400,0,400,0.0,True,test,ABC2_225
mp-976843,77,0,15,0.05868358879782296,False,test,AB2_12
mp-19241,5,0,4,0.007737134354444543,False,test,ABC3_186
mp-1095465,400,0,360,0.004039863208153124,True,test,ABC_62
mp-1112542,13,0,13,0.0029086935134221333,False,test,ABC3_225
mp-1225244,18,0,14,0.007580782200255898,False,test,AB2C3D4_115
mp-1206113,158,0,61,0.012774595120320375,False,test,ABC2_63
mp-1190038,93,0,93,0.001063137853502971,False,test,A3B5_193
mp-22759,400,0,367,0.006631644450858743,True,test,ABC_62
mp-1187965,400,0,400,1.3106757568576398e-16,True,test,ABC2_225
mp-1101755,4,0,2,0.02641010795893451,False,test,ABC_29
mp-20534,122,0,122,2.263875908025891e-16,False,test,AB3_225
mp-1218811,9,0,6,0.02745999081482889,False,test,ABC2D2E8_38
mp-1111924,400,0,396,1.8543583418674606e-05,True,test,ABC2D6_225
mp-757058,0,0,0,,False,test,A2B7_2
mp-1226282,6,0,6,0.023081168742704158,False,test,ABC4D8_160
mp-1185844,64,0,14,0.03053956685498932,False,test,AB2_63
mp-861886,400,0,400,8.970759757640712e-17,True,test,ABC2_225
mp-1071877,136,0,130,2.7541554678983865e-05,False,test,ABC4_216
mp-1094088,99,0,97,0.0,False,test,ABC_216
mp-1209861,124,0,124,0.0012102729526975908,False,test,AB3C5_193
mp-1221342,22,0,5,0.022477434750133814,False,test,ABC2_26
mp-1147739,0,0,0,,False,test,AB4C4_125
mp-866111,400,0,400,0.0,True,test,ABC2_225
mp-12017,10,0,1,0.00650800623868253,False,test,ABC2D4_166
mp-35876,68,0,65,0.0018408503688781307,False,test,AB2C4_122
mp-2403,339,0,334,0.0,False,test,AB3_221
mp-1103172,400,0,363,0.008963527734081256,True,test,ABC_62
mp-1077954,76,0,10,0.00022044459178638848,False,test,AB2C4_139
mp-1286297,10,1,2,0.008246635660182352,False,test,A2B3C5_12
mp-1023488,8,0,8,0.0009056847817985148,False,test,AB15_187
mp-1184509,64,0,12,0.0,False,test,AB_187
mp-29110,0,0,0,,False,test,A2B3C3_2
mp-567963,21,0,18,0.003027298679110962,False,test,A2B5_15
mp-778408,29,0,21,0.00512055257442163,False,test,ABC3_167
mp-1186142,122,0,122,1.266441197270833e-16,False,test,AB3_225
mp-696701,14,0,5,0.030040627464744465,False,test,ABCD_62
mp-1189441,318,0,238,0.012647062965675098,False,test,ABC3_62
mp-21372,52,0,47,0.011749494709956324,False,test,ABCD_129
mp-1104182,3,0,1,0.13741944632922332,False,test,ABC5_9
mp-2697,82,0,32,0.011163906610261448,False,test,AB2_139
mp-1106127,9,0,9,0.005045442667862365,False,test,ABC2D5_36
mp-21005,168,0,166,0.0,False,test,AB_221
mp-977444,400,0,400,1.6273349437975202e-16,True,test,ABC2_225
mp-755684,33,0,33,0.003902204293189916,False,test,AB2C6_136
mp-1206808,3,0,3,0.07571700380727343,False,test,ABC2D6_164
mp-20887,8,0,4,0.004651680107812161,False,test,AB2_70
mp-542018,13,0,13,0.03279832048850185,False,test,A2B2C5_46
mp-545728,30,0,28,0.002804022174201766,False,test,ABC2D4_123
mp-11873,55,0,24,0.000912989448228333,False,test,ABC5_123
mp-753007,19,0,2,0.12490752074760489,False,test,A5B6C7_1
mp-4666,51,0,50,0.0017574496509809748,False,test,ABC2_122
mp-21076,273,0,264,0.0,False,test,ABC3_221
mp-1223969,77,0,0,,False,test,AB2_12
mp-1080518,305,0,303,0.0025632662202611503,False,test,ABC_189
mp-758560,5,0,2,0.18797329884187675,False,test,ABC_31
mp-1113353,400,0,396,5.298166691099922e-05,True,test,ABC2D6_225
mp-10257,60,0,30,0.0,False,test,A_194
mp-862730,400,0,400,1.1245623230681807e-16,True,test,ABC2_225
mp-1228433,3,0,0,,False,test,AB2C6D6_12
mp-1188975,16,0,16,0.010657212706196921,False,test,AB6C12_166
mp-31045,61,0,13,0.10842480403116549,False,test,ABC3_14
mp-779599,318,0,241,0.005796225550135655,False,test,ABC3_62
mp-570377,1,0,1,0.020713164736950514,False,test,A3B4_215
mp-865808,400,0,400,8.691105250255283e-17,True,test,ABC2_225
mp-1187857,400,0,400,9.37908852603888e-17,True,test,ABC2_225
mp-866164,400,0,400,9.575814649944657e-17,True,test,ABC2_225
mp-1025519,21,0,9,0.010794126634761494,False,test,AB3C4_123
mp-504909,107,0,0,,False,test,ABC2_62
mp-973099,400,0,400,1.427421822047963e-16,True,test,ABC2_225
mp-1344,56,0,56,0.00035186079868585894,False,test,A3B4_220
mp-10964,23,0,23,0.0004803075868411004,False,test,ABC2D2_139
mp-1207112,400,0,374,9.167863458309602e-05,True,test,AB2C2_139
mp-1218015,41,0,0,,False,test,ABC2_38
mp-21124,53,0,24,0.00756793664090494,False,test,ABC4_63
mp-1222600,51,0,51,2.310406419883403e-16,False,test,ABC2_216
mp-1176494,22,0,4,0.024824547629020543,False,test,AB2C6_12
mp-567219,0,0,0,,False,test,A2B3C4D6_12
mp-979287,400,0,400,1.7459337305117487e-16,True,test,ABC2_225
mp-30779,122,0,122,2.1791557216805434e-16,False,test,AB3_225
mp-989637,36,0,13,0.04127554958297873,False,test,ABC3_15
mp-1187339,400,0,400,1.4918389423259592e-16,True,test,ABC2_225
mp-1095406,49,0,41,0.009420806380231388,False,test,A3B4C4_71
mp-22191,305,0,305,0.0011637888255752943,False,test,ABC_189
mp-1186110,273,0,264,0.0,False,test,ABC3_221
mp-21037,18,0,4,0.017043934163414768,False,test,AB2C5_15
mp-1186560,400,0,400,0.0,True,test,ABC2_225
mp-972119,400,0,400,7.779085352862215e-17,True,test,ABC2_225
mp-1072794,168,0,110,6.37273795123696e-17,False,test,ABC_194
mp-1227571,23,0,16,0.013900674778495574,False,test,AB3C4_25
mp-542021,18,0,18,0.004997695380956641,False,test,AB2C2D5_127
mp-20514,99,0,97,0.0,False,test,ABC_216
mp-752429,318,0,241,0.010538653002467584,False,test,ABC3_62
mp-1522334,130,0,130,0.00019955544842083662,False,test,ABCDE6_216
mp-1030448,36,0,4,0.0014935777015851537,False,test,AB2C3D6_156
mp-24124,5,0,1,0.02694565061252939,False,test,ABC2D2_11
mp-1205861,156,0,146,0.0015109526784880545,False,test,AB2C2_127
mp-1079587,70,0,41,0.009868761885931027,False,test,AB_62
mp-1213864,21,0,20,0.02314935422778614,False,test,ABC2D4_31
mp-1111138,400,0,396,5.298166691117128e-05,True,test,ABC2D6_225
mp-1183643,236,0,229,8.383529719124749e-17,False,test,AB3_139
mp-504727,177,0,130,0.004444283602583416,False,test,ABC_129
mp-862863,339,0,334,0.0,False,test,AB3_221
mp-1095680,400,0,354,0.0028337021245293625,True,test,ABC_62
mp-19176,188,0,185,0.007080194482732625,False,test,ABC2D6_14
mp-1218011,4,0,4,0.016361676449147565,False,test,ABCD3E8_38
mp-865939,82,0,49,0.0028300618798957114,False,test,AB2_139
mp-1181500,0,0,0,,False,test,A3B5_190
mp-1518845,130,0,130,0.00014795130484899507,False,test,ABCDE6_216
mp-1185962,13,0,12,0.005483113626693187,False,test,AB5_8
mp-11350,4,0,4,0.0023953722237012405,False,test,AB2C9_191
mp-730,30,0,29,0.0030661405505936824,False,test,AB2_205
mp-756762,318,0,241,0.007743240490600465,False,test,ABC3_62
mp-867311,400,0,400,1.36865101380857e-16,True,test,ABC2_225
mp-1008734,55,0,55,8.630133979172723e-17,False,test,AB2_225
mp-2793,24,0,0,,False,test,AB_12
mp-560929,35,0,35,0.005643249243486377,False,test,AB3C6_14
mp-1215246,68,0,67,0.019646486234130404,False,test,ABC_38
mp-865120,273,0,264,0.0,False,test,ABC3_221
mp-1227052,99,0,97,8.220960443985197e-17,False,test,ABC_216
mp-1222454,31,0,31,0.005270457867164416,False,test,AB6C6_71
mp-11118,63,0,62,0.006047110405592891,False,test,ABCD3_63
mp-1189461,18,0,18,0.008986657887197231,False,test,A2B3C5_15
mp-2649,93,0,93,0.00038215729434280094,False,test,A3B5_193
mp-3627,37,0,25,0.009338564684097701,False,test,AB6C8_148
mp-1226990,1,0,1,0.032453772816275865,False,test,A2B3C6_146
mp-1187618,400,0,400,1.5184822741458277e-16,True,test,ABC2_225
mp-977115,400,0,400,1.5814051187475486e-16,True,test,ABC2_225
mp-1216647,25,0,23,0.0039032383585380945,False,test,AB4C7_8
mp-760381,32,0,32,0.0,False,test,AB_216
mp-1178367,76,0,7,2.967954310083771e-05,False,test,AB2C4_139
mp-4075,40,0,31,0.0017408870809394168,False,test,ABC_139
mp-1106100,107,0,18,0.013963361090038005,False,test,ABC2_62
mp-1104139,3,0,3,0.00684613751112623,False,test,A4B4C5_87
mp-1113491,100,0,100,0.0004980276689646193,False,test,AB3C6_225
mp-779166,0,0,0,,False,test,ABC3D8_166
mp-864620,400,0,400,9.621791100194764e-17,True,test,ABC2_225
mp-1184302,400,0,354,9.10936856353852e-06,True,test,AB3_194
mp-1223098,1,0,1,0.00458391315776749,False,test,AB4C10_69
mp-1186033,400,0,353,0.00037944149857834544,True,test,AB3_194
mp-1205874,57,0,57,0.005631806087483318,False,test,AB2C6_189
mp-31232,4,0,1,0.09247110876447295,False,test,AB2C5_2
mp-1106355,43,0,19,0.009613886070128188,False,test,AB2C6_71
mp-568143,11,0,11,0.0029363960693960128,False,test,AB4_127
mp-753387,6,0,0,,False,test,A2B3C8_2
mp-1222844,15,0,0,,False,test,AB3C4D12_155
mp-1222534,23,0,0,,False,test,AB3C4D8_166
mp-33154,3,0,1,0.036424743062336826,False,test,AB2_115
mp-1094747,20,0,6,0.0016185203690202848,False,test,AB2_189
mp-1221067,136,0,48,0.0,False,test,ABC2_123
mp-1219910,41,0,13,0.005617396095241645,False,test,ABC2_38
mp-639751,0,0,0,,False,test,A_71
mp-23477,36,0,2,0.07203339989848477,False,test,ABC3_15
mp-1111041,400,0,396,7.947250036838268e-06,True,test,ABC2D6_225
mp-1215234,50,0,44,0.0001712185410079572,False,test,ABC_74
mp-13229,35,0,35,0.010318134250398452,False,test,AB3C6_14
mp-377,168,0,166,0.0,False,test,AB_221
mp-13695,280,0,38,0.0009273791251452584,False,test,ABC2_166
mp-1146,102,0,80,0.0082354698329108,False,test,AB2_62
mp-752545,2,0,1,0.06684577900059417,False,test,AB2C7_13
mp-1219063,35,0,32,0.016303853038154223,False,test,AB3C4D12_6
mp-1218049,0,0,0,,False,test,A3B3C4_99
mp-972072,400,0,400,0.0,True,test,ABC2_225
mp-1209123,33,0,33,0.006555437798848002,False,test,AB2C6_136
mp-11750,57,0,57,0.0025895378802289824,False,test,AB2C6_189
mp-974411,400,0,353,8.43826689810206e-05,True,test,AB3_194
mp-1206438,89,0,89,0.0015771672008789593,False,test,AB2C6_225
mp-20163,37,0,21,0.014709158342505984,False,test,A2B3_62
mp-756696,1,0,0,,False,test,A2B3C8_160
mp-866200,400,0,400,8.610555516081479e-17,True,test,ABC2_225
mp-1065609,280,0,228,0.000691489261221414,False,test,ABC2_166
mp-1222710,0,0,0,,False,test,AB5C10_5
mp-1223223,3,0,2,0.026839786473485866,False,test,ABC2D2_99
mp-3465,109,0,63,5.552086892741459e-17,False,test,AB2C3_191
mp-625700,0,0,0,,False,test,AB4C5_7
mp-1188952,33,0,33,0.006722189234029166,False,test,A2B3C5_72
mp-976969,21,0,21,0.0016987453030999765,False,test,AB5_155
mp-510688,400,0,355,0.005346183077409862,True,test,ABC_62
mp-1206749,88,0,81,0.0,False,test,ABC_187
mp-545820,22,1,10,0.004528313066582877,False,test,AB_129
mp-31115,16,0,16,0.007310704862334601,False,test,AB3C6_36
mp-1272804,45,0,9,0.006488661328575913,False,test,AB2C4_74
mp-1189575,6,0,6,0.0011429319513210183,False,test,A2B3C5_127
mp-1383,132,0,121,2.7221465732380436e-16,False,test,AB2_227
mp-1102211,22,0,21,0.0013333795672934073,False,test,AB2C8_123
mp-1209277,14,0,14,0.008004126939835831,False,test,A2B3C7_139
mp-1025230,25,0,6,0.006493634670592888,False,test,A2B2C3_12
mp-865583,64,0,21,0.006979529455104136,False,test,AB2_63
mp-22214,31,0,23,0.007842263625099157,False,test,AB2C6_164
mp-1094419,77,0,11,0.013631756777327215,False,test,AB2_12
mp-3217,177,0,156,0.004736959336703478,False,test,ABC_129
mp-1221777,3,0,0,,False,test,AB4C5_8
mp-1210521,6,0,4,0.04169614256255105,False,test,AB4C8_87
mp-555665,318,0,1,0.06683561973081027,False,test,ABC3_62
mp-1215472,280,0,229,0.00014691791615577892,False,test,ABC2_166
mp-27915,21,0,0,,False,test,AB2C2_14
mp-1208843,3,0,3,0.001701431224141302,False,test,A2B5_65
mp-1226054,22,0,3,0.008882812498834195,False,test,ABC4_12
mp-1228454,7,0,1,0.010978428565460056,False,test,AB2C4_6
mp-1114669,400,0,396,2.6490833455861995e-06,True,test,ABC2D6_225
mp-1223832,0,0,0,,False,test,AB4C4_79
mp-672307,305,0,305,0.0007840748358276783,False,test,ABC_189
mp-601,145,0,145,0.0,False,test,AB_225
mp-34375,5,0,3,0.006244320857961068,False,test,AB6C7_1
mp-3228,3,0,3,0.046908768245196714,False,test,ABC4_31
mp-1086,145,0,145,0.0,False,test,AB_225
mp-568337,127,0,25,1.3704482747385964e-16,False,test,AB2_194
mp-6270,400,0,396,0.0003761698350689674,True,test,ABC2D6_225
mp-1219091,136,0,130,3.365935712833158e-05,False,test,ABC4_216
mp-1189016,188,0,185,0.061322770727748,False,test,ABC2D6_14
mp-11615,305,0,303,0.005442932344492199,False,test,ABC_189
mp-13271,400,0,367,0.002919970419109628,True,test,ABC_62
mp-768310,34,0,34,0.05338355188495149,False,test,ABC3_161
mp-10388,3,0,3,0.0497585801497414,False,test,A4B4C5_87
mp-1519421,52,0,52,0.01495081994475907,False,test,ABCDE6_2
mp-1206170,12,0,9,0.0003145738651726789,False,test,ABC2D2_123
mp-1226194,1,0,0,,False,test,ABC6D8_115
mp-1147715,65,0,11,0.011159260135319482,False,test,ABC2_129
mp-865926,400,0,400,9.157649472914732e-17,True,test,ABC2_225
mp-1079811,70,0,39,0.0027795642517811007,False,test,AB_62
mp-1187429,400,0,400,1.4269486338141161e-16,True,test,ABC2_225
mp-1114410,400,0,396,0.00020133033426195974,True,test,ABC2D6_225
mp-1187917,400,0,400,0.0,True,test,ABC2_225
mp-975958,1,0,1,0.018236186348508494,False,test,ABCD2E4_129
mp-1114592,400,0,396,0.00011126150051337363,True,test,ABC2D6_225
mp-7437,168,0,36,0.0,False,test,ABC_194
mp-1070146,75,0,75,0.005203892369728674,False,test,ABC3_107
mp-1188999,93,0,93,0.0005427765305820612,False,test,A3B5_193
mp-1225387,4,0,3,0.0,False,test,ABCD_123
mp-31491,400,0,344,6.457598533869083e-05,True,test,AB2C2_139
mp-1188851,52,0,44,0.0024840098897295194,False,test,AB2C5_140
mp-1079028,65,0,50,0.004403865694873903,False,test,ABC2_129
mp-1111181,100,0,100,0.0005271675857659213,False,test,AB3C6_225
mp-1103847,12,0,11,0.003537023559798777,False,test,A3B3C8_71
mp-1226630,10,0,10,0.03398542791491526,False,test,ABCD2_107
mp-1112651,100,0,100,0.00014834866735116892,False,test,AB3C6_225
mp-1215591,18,0,17,0.006562213327982021,False,test,ABC2D8_82
mp-1207418,400,0,361,0.0071811316150617805,True,test,ABC_62
mp-11833,88,0,81,5.5286326890889553e-17,False,test,ABC_187
mp-1227987,2,0,0,,False,test,ABCD4_5
mp-1225256,2,0,1,0.03562494852843047,False,test,AB2C2_187
mp-1226576,19,0,19,0.000494622716496832,False,test,ABC3_119
mp-1219023,19,0,19,0.00019887488548015242,False,test,ABC3_119
mp-20540,400,0,354,0.005290022674059439,True,test,ABC_62
mp-1112792,400,0,396,2.1192666764295953e-05,True,test,ABC2D6_225
mp-753930,7,0,4,0.04528847958100734,False,test,ABC2D5_129
mp-1105712,124,0,124,0.0017889736854775227,False,test,AB3C5_193
mp-669367,12,0,12,0.029769393893085878,False,test,ABC2D8_150
mp-1226769,26,0,20,0.00016405977161405773,False,test,ABC6_123
mp-1104436,31,0,31,0.005451337406543202,False,test,AB6C6_71
mp-28214,7,0,0,,False,test,AB3_2
mp-562809,30,0,29,0.0028293763328495424,False,test,ABC2D4_123
mp-2602,145,0,145,0.0,False,test,AB_225
mp-505781,400,0,400,1.1002412725003983e-16,True,test,ABC2_225
mp-865792,400,0,400,0.0,True,test,ABC2_225
mp-19000,2,0,1,0.11909280627380736,False,test,ABC5_129
mp-1225350,19,0,17,0.005523833742642166,False,test,AB3C8_160
mp-1222693,44,0,33,0.0,False,test,AB_166
mp-17424,273,0,9,0.00260169547525691,False,test,ABC3_221
mp-1219249,3,0,1,0.005170241859745324,False,test,AB3C3_1
mp-554658,0,0,0,,False,test,AB2C6_58
mp-510582,3,0,2,0.003607896058777271,False,test,ABCD2_194
mp-1106144,33,0,33,0.014222257945583357,False,test,A3B7_186
mp-1186754,400,0,354,2.3505910408446597e-05,True,test,AB3_194
mp-636805,16,0,0,,False,test,ABC2_2
mp-1273567,3,0,0,,False,test,AB2C5D8_2
mp-755768,4,0,1,0.03727831047957431,False,test,A2B3C4_1
mp-23143,7,0,6,0.009106713779992906,False,test,AB2C2D2_139
mp-1059528,26,1,26,0.0,False,test,A_225
mp-753234,1,0,0,,False,test,AB7C12_5
mp-1080654,305,0,305,5.257732515536241e-05,False,test,ABC_189
mp-754694,2,0,1,0.06855260732332384,False,test,AB4C4_87
mp-2026,339,0,334,0.0,False,test,AB3_221
mp-1227198,2,0,2,0.03227342885509421,False,test,ABCDE5_8
mp-1100166,15,0,3,8.026312170495692e-17,False,test,AB3_123
mp-19243,18,0,0,,False,test,AB2C5_15
mp-867238,339,0,334,0.0,False,test,AB3_221
mp-9143,67,0,52,0.012563663102158,False,test,ABC6_148
mp-29652,15,0,0,,False,test,AB3_11
mp-865236,400,0,400,0.0,True,test,ABC2_225
mp-1181515,20,0,20,0.00020016008471040772,False,test,A4B6C7_229
mp-1228901,64,0,49,0.0,False,test,AB_187
mp-545788,0,0,0,,False,test,ABC2D3_123
mp-5878,273,0,264,0.0,False,test,ABC3_221
mp-1076933,75,0,75,0.0016398391767228815,False,test,ABC3_107
mp-74,26,0,26,0.0,False,test,A_225
mp-1206945,60,0,38,0.0035998532866360314,False,test,AB2C2_71
mp-6389,188,0,186,0.007100991645058094,False,test,ABC2D6_14
mp-1188522,52,0,44,0.02643517895576082,False,test,AB2C5_140
mp-24095,55,0,55,8.920132322099992e-17,False,test,AB2_225
mp-11990,156,0,147,0.0008719605596562833,False,test,AB2C2_127
mp-505632,20,0,0,,False,test,ABC2_71
mp-582389,1,0,0,,False,test,A2B3C5_5
mp-1225358,1,0,1,0.01069605163553526,False,test,A4B7_187
mp-1215432,280,0,229,7.350375896614097e-05,False,test,ABC2_166
mp-1189757,2,0,2,0.0847214470765319,False,test,AB2C5_55
mp-29297,16,0,14,0.025929705817337563,False,test,A2B2C3_14
mp-864912,400,0,360,0.010732159390898824,True,test,ABC_62
mp-867275,400,0,400,1.0875047536882552e-16,True,test,ABC2_225
mp-1113570,400,0,396,2.913991680088523e-05,True,test,ABC2D6_225
mp-22968,53,0,2,0.028856172173309706,False,test,ABC4_63
mp-1284156,36,0,0,,False,test,ABC2D6_12
mp-1104916,7,0,0,,False,test,AB2C2D8_2
mp-1228015,1,0,1,0.006996979193299624,False,test,ABC_153
mp-983428,400,0,400,1.3557452731869817e-16,True,test,ABC2_225
mp-7003,168,0,113,0.0,False,test,ABC_194
mp-1225649,68,0,67,0.001986459706601489,False,test,ABC_38
mvc-10202,28,0,25,0.012420650544135412,False,test,ABC2D6_31
mp-570236,400,0,361,0.00026869028897082706,True,test,AB2C2_139
mp-1209013,188,0,186,0.007835259467910744,False,test,ABC2D6_14
mp-989619,36,0,15,0.04342313189684152,False,test,ABC3_15
mp-1095234,44,0,44,0.0015924942850102646,False,test,ABC4_88
mp-1174251,4,0,0,,False,test,AB3C6D10_8
mp-1189323,124,0,124,0.0021823844390369386,False,test,AB3C5_193
mp-19966,168,0,166,0.0,False,test,AB_221
mp-1069765,75,0,75,0.001221711437537122,False,test,ABC3_107
mp-556296,0,0,0,,False,test,AB3_18
mp-12382,158,0,61,0.002242074851164758,False,test,ABC2_63
mp-1113792,400,0,396,0.00012185783389569303,True,test,ABC2D6_225
mp-1212187,3,0,3,0.004721087515667167,False,test,A2B3C3_193
mp-972069,236,0,227,8.620005176504704e-17,False,test,AB3_139
mp-554993,5,0,3,0.02280924865593355,False,test,A2B2C3_199
mp-561048,2,0,0,,False,test,ABC3D3_11
mp-6779,7,0,7,0.014760228058711446,False,test,AB2C4D8_65
mp-1188367,80,0,5,0.002877738691555987,False,test,AB3_62
mp-17895,26,0,26,0.008969490856282342,False,test,AB3C5_140
mp-22648,48,0,35,0.0019203446862644407,False,test,ABC2D4_121
mp-863692,0,0,0,,False,test,ABC3D3_225
mp-1111175,100,0,100,0.0008000231703584028,False,test,AB3C6_225
mp-2172,32,0,32,0.0,False,test,AB_216
mp-1207748,7,0,6,0.0009894002321784645,False,test,AB2C4D6_191
mvc-13672,38,0,27,0.004593771644135288,False,test,ABC2D6_148
mp-1222486,5,0,4,0.02346572026186251,False,test,AB2C5D8_5
mp-1079467,20,0,18,0.0031602760155950167,False,test,AB3_59
mp-7447,7,0,5,0.013780496324427882,False,test,A2B3_36
mp-9985,28,0,3,0.003667458401011723,False,test,ABC_63
mp-642736,2,0,2,0.01906371355625992,False,test,AB3C5_127
mp-28591,22,0,5,0.018912497211484032,False,test,AB2C4_166
mp-1102187,53,0,28,0.005265778380448506,False,test,AB3_166
mp-10201,82,0,36,0.0012458286072196093,False,test,AB2_139
mp-22962,53,0,38,0.0001643714792242726,False,test,ABC3_194
mp-1206273,100,0,100,0.000137752333968701,False,test,AB3C6_225
mp-12924,7,0,4,0.006107125995837829,False,test,ABCD4_11
mp-7774,158,0,10,0.02122929754997436,False,test,ABC2_63
mp-865856,236,0,221,0.0,False,test,AB3_139
mp-1188996,93,0,93,0.003308534672752501,False,test,A3B5_193
mp-625054,6,0,3,0.02747534553660043,False,test,ABC2_36
mp-1189298,11,0,11,0.0074959739641073785,False,test,AB4_127
mp-1189382,21,0,21,0.005386301157503097,False,test,A2B7_166
mp-1024957,136,0,130,7.1630115384926776e-06,False,test,ABC4_216
mp-30943,48,0,5,0.03165433014186841,False,test,ABC3_148
mp-27637,42,0,18,0.0055270272499331145,False,test,AB2_166
mp-1247080,53,0,50,0.004729030522509274,False,test,ABCD4_74
mp-1187445,400,0,400,1.430369984831193e-16,True,test,ABC2_225
mp-7600,400,0,345,0.00024126894572078277,True,test,AB2C2_139
mp-30356,44,0,36,0.003548513202393693,False,test,AB2_74
mp-1078349,65,0,11,0.0066656686207184545,False,test,ABC2_129
mp-1025065,109,0,55,1.536546775903894e-16,False,test,AB2C3_191
mp-22400,48,0,35,0.002917318019148608,False,test,ABC2D4_121
mp-1101256,3,0,1,0.050887625674227256,False,test,AB2C6_74
mp-1106190,20,0,20,0.0011720912652761078,False,test,AB4C12_229
mp-22994,17,0,1,0.2386914128339196,False,test,ABC3_33
mp-1220140,0,0,0,,False,test,A2B2C3D3_1
mp-1521056,400,0,396,0.0003534936816309191,True,test,ABC2D6_225
mp-1104766,35,0,32,0.0325587191877198,False,test,AB2C4_136
mp-1185622,400,0,400,7.181410466729326e-17,True,test,ABC2_225
mp-983444,400,0,400,7.380466085136675e-17,True,test,ABC2_225
mp-865558,236,0,210,3.049851917242564e-17,False,test,AB3_139
mp-27987,0,0,0,,False,test,AB5_36
mp-755053,15,0,1,0.040966555429545304,False,test,AB4C8_12
mp-1226892,10,0,10,0.016558652676180636,False,test,A2B5C5_47
mp-559563,400,0,396,0.00041325700190715585,True,test,ABC2D6_225
mp-1104140,35,0,32,0.0011949185455413034,False,test,AB2C4_136
mp-998555,34,0,34,0.04860996716749359,False,test,ABC3_161
mp-643387,0,0,0,,False,test,ABC2D2E3_2
mp-1218087,12,0,5,0.003559924874886618,False,test,AB3C8_156
mp-1519405,52,0,52,0.005328926864017051,False,test,ABCDE6_2
mp-14005,44,0,44,0.00825553319664664,False,test,ABC4_88
mp-1018821,168,0,115,3.5244128201351015e-17,False,test,ABC_194
mp-1178362,18,0,8,0.002575906691308847,False,test,ABC_166
mp-1177699,6,0,2,0.07175126549693299,False,test,AB3C3D8_12
mp-31148,168,0,97,6.694036269650194e-17,False,test,ABC_194
mp-1519728,130,0,130,0.0003871900217867453,False,test,ABCDE6_216
mp-1103966,37,0,25,0.014198076297368313,False,test,AB6C8_148
mp-20284,30,0,28,0.01702404119854565,False,test,AB2_205
mp-31183,53,0,24,0.007095590409532314,False,test,ABC4_63
mp-754963,3,0,3,0.02972803796484167,False,test,A2B3C4D10_1
mp-755007,18,0,8,0.004438636816297492,False,test,ABC_166
mp-1214613,4,0,4,0.026134158077576183,False,test,AB2C3D8_123
mvc-13792,46,0,3,0.06402282356300584,False,test,AB2C2_12
mp-1113623,400,0,396,3.443808349205321e-05,True,test,ABC2D6_225
mp-27226,6,0,5,0.05426384230684479,False,test,AB2C3_59
mp-971738,400,0,400,1.1335025225767451e-16,True,test,ABC2_225
mp-865798,400,0,353,6.65712086405322e-06,True,test,AB3_194
mp-1207268,400,0,396,0.00015894500073329365,True,test,ABC2D6_225
mp-754549,11,0,4,0.011233349023929057,False,test,AB2C2_36
mp-975784,236,0,229,0.0,False,test,AB3_139
mp-1095468,2,0,1,0.009633536287142083,False,test,A2B3C7_12
mp-765701,23,0,20,0.009126296628196178,False,test,AB3C4D8_166
mp-1225786,18,0,3,0.004240824862152263,False,test,AB2C3_44
mp-1112534,400,0,396,0.0003258372515033049,True,test,ABC2D6_225
mp-10244,49,0,41,0.008022024598896029,False,test,A3B4C4_71
mp-7814,13,0,6,0.018001593683846382,False,test,AB2C2_166
mp-1216936,3,0,0,,False,test,AB4C7_6
mp-560399,273,0,264,0.0,False,test,ABC3_221
mp-1720,132,0,121,2.457793255177149e-16,False,test,AB2_227
mp-1147648,12,0,12,0.004447264273079203,False,test,ABC2D2_123
mp-754475,400,0,368,0.00013955911398694468,True,test,AB2C2_139
mp-1025458,158,0,58,0.010386024121104303,False,test,ABC2_63
mp-11852,44,0,34,0.003376829682023207,False,test,AB2_74
mp-1208643,318,0,240,0.013061908857703053,False,test,ABC3_62
mp-760476,1,0,0,,False,test,AB3C8_38
mp-15704,51,0,47,0.0019645245683941543,False,test,ABC2_122
mp-38975,0,0,0,,False,test,ABC_145
mp-754001,1,0,0,,False,test,ABC_65
mp-570430,127,0,74,0.004247965650573513,False,test,AB2_194
mp-558815,18,0,18,0.00834800796810389,False,test,ABC2D4_70
mp-1226342,21,0,21,0.010445557312360588,False,test,ABC4D8_216
mp-1079347,69,0,67,0.003918440888814254,False,test,AB2C2_129
mp-1215194,68,0,67,0.010768828051784633,False,test,ABC_38
mp-1002114,145,0,145,0.0,False,test,AB_225
mp-865007,400,0,400,1.6972061948419448e-16,True,test,ABC2_225
mp-1232342,0,0,0,,False,test,ABC3D3E12_38
mp-569224,13,0,1,0.17221996629168734,False,test,AB3_14
mp-643264,18,0,0,,False,test,ABC2D8_164
mvc-4133,15,0,10,0.007121243358577486,False,test,ABC2D6_11
mp-998980,18,0,18,1.0809736071284344e-16,False,test,ABCD_216
mp-28156,16,0,2,0.008606056861310418,False,test,ABC4_2
mp-545622,49,0,10,0.20154173346226825,False,test,ABC4_15
mp-569525,0,0,0,,False,test,AB2C5_6
mp-1220277,4,0,1,0.005392799380499835,False,test,ABC2D2_115
mp-7421,168,0,46,0.0,False,test,ABC_194
mp-982667,400,0,400,0.0,True,test,ABC2_225
mp-1114373,400,0,396,0.00036027533499592614,True,test,ABC2D6_225
mp-5568,6,0,6,0.0009766618740451882,False,test,A3B4C11_191
mp-1069712,400,0,347,5.119332959867193e-05,True,test,AB2C2_139
mp-978975,400,0,400,6.829206259003316e-17,True,test,ABC2_225
mp-756702,18,0,7,0.004914494055198794,False,test,ABC_166
mp-606680,25,0,1,0.03620828032838797,False,test,AB2C3_71
mp-1224149,19,0,19,0.013916886393089384,False,test,AB4C8_25
mvc-11741,17,0,5,0.02458494253628919,False,test,AB4C8_166
mp-12406,15,0,7,0.023345170736989596,False,test,AB3_11
mp-773864,10,0,6,0.021406243991418886,False,test,ABC4_119
mp-1114541,400,0,396,1.3245416727649707e-05,True,test,ABC2D6_225
mp-1095136,16,0,13,0.0024525411324579577,False,test,AB2C2_70
mp-972257,400,0,353,0.00010848577684313413,True,test,AB3_194
mp-1025824,12,0,3,0.03647563355209226,False,test,AB2C2D4_156
mp-567371,0,0,0,,False,test,A2B3C4D6_12
mp-1217704,23,0,22,0.005576562992207136,False,test,AB2C4_38
mp-755856,14,0,14,0.03916181939368334,False,test,AB2C4_55
mp-753980,11,0,10,0.03741006343245969,False,test,ABC2D4E12_1
mp-574189,42,0,0,,False,test,AB2_166
mp-559588,11,0,2,0.019204605896735158,False,test,ABCD2_12
mp-20961,13,0,13,6.016023512801274e-17,False,test,AB3C4_223
mp-1100766,236,0,229,2.2804828129771535e-17,False,test,AB3_139
mp-9793,2,0,2,0.00822898650074192,False,test,ABC3D3_194
mp-1215930,23,0,5,0.0004939057635313925,False,test,ABC3_160
mp-19274,21,0,7,0.004241953684129766,False,test,ABC2D6_123
mp-4668,400,0,223,0.00037585737255743385,True,test,AB2C2_139
mp-8469,37,0,12,0.006541278561404668,False,test,AB6C8_148
mp-1226876,18,0,12,0.01159581984257133,False,test,AB2C3_44
mp-1206069,2,0,1,0.016111978894765927,False,test,A3B4C4_12
mp-23231,145,0,145,0.0,False,test,AB_225
mp-23703,145,0,145,0.0,False,test,AB_225
mp-1189147,0,0,0,,False,test,A3B4C9_221
mp-1225319,136,0,48,0.0,False,test,ABC2_123
mp-1183063,400,0,400,6.402202592592243e-17,True,test,ABC2_225
mp-1523149,130,0,130,0.00018805842670115827,False,test,ABCDE6_216
mp-551250,30,0,27,0.0039714850199487495,False,test,ABC2D4_123
mp-1207057,99,0,97,7.13087176850055e-17,False,test,ABC_216
mp-1183760,400,0,400,1.1708010062995656e-16,True,test,ABC2_225
mp-4939,400,0,347,0.0002865457555834762,True,test,AB2C2_139
mp-1222863,35,0,32,0.022680268119404382,False,test,AB3C4D12_6
mp-1105231,1,0,1,0.05501987796246911,False,test,A4B5_64
mp-13346,63,0,62,0.007842815264751009,False,test,ABCD3_63
mp-10528,60,0,38,0.0001527008526598664,False,test,AB2C2_71
mp-1222591,5,0,3,0.01956867905576803,False,test,AB2C3D6_164
mp-8159,21,0,9,0.013469115816116135,False,test,AB3C4_123
mp-763291,6,0,2,0.032705309741933135,False,test,AB3C5_31
mp-20601,339,0,334,0.0,False,test,AB3_221
mp-1184832,400,0,400,1.1599596599229664e-16,True,test,ABC2_225
mp-989610,400,0,396,1.589450007311239e-05,True,test,ABC2D6_225
mp-1102412,11,0,10,0.021340084854497385,False,test,AB2_60
mp-21064,23,0,23,0.0009518145253839526,False,test,ABC2D2_139
mp-997158,110,0,21,0.0011834040084584127,False,test,ABC2_194
mp-1186673,400,0,400,1.0359659330252e-16,True,test,ABC2_225
mp-1288374,6,1,6,0.0068805091628099425,False,test,AB3C4_139
mp-1183118,400,0,400,6.394215557616924e-17,True,test,ABC2_225
mp-1188292,93,0,93,0.0004489150989081081,False,test,A3B5_193
mp-2615,168,0,166,0.0,False,test,AB_221
mp-1220518,4,0,4,0.011044252965710556,False,test,AB2C4D4_10
mp-1215662,48,0,41,0.0038994351021318712,False,test,AB2C3_194
mp-16258,305,0,301,0.002674329186467684,False,test,ABC_189
mp-1272379,46,0,0,,False,test,AB2C2_12
mp-1225979,30,0,29,0.01365285613459422,False,test,ABCD6_74
mp-1078140,11,0,0,,False,test,AB2C4_160
mp-2544,25,0,25,0.00456913318268697,False,test,A2B17_166
mp-1114470,400,0,396,2.649083345215479e-06,True,test,ABC2D6_225
mp-1215186,136,0,130,3.7015386515480074e-16,False,test,ABC4_216
mp-864924,400,0,400,2.4159042383960964e-16,True,test,ABC2_225
mp-2385,132,0,121,1.984163626489757e-16,False,test,AB2_227
mp-1224010,400,0,0,,True,test,ABC_62
mp-567621,49,0,41,0.0060209847027857715,False,test,A3B4C4_71
mp-23059,89,0,89,0.00017524080009748415,False,test,AB2C6_225
mp-1106389,1,0,1,0.024658032782939474,False,test,ABC6_116
mp-1219833,2,0,2,0.00891741827679471,False,test,AB3C3_44
mp-867751,400,0,400,6.990574666485766e-17,True,test,ABC2_225
mp-1039008,77,0,1,0.2440672418764154,False,test,AB2_12
mp-30228,44,0,44,0.049143670921623826,False,test,ABC4_88
mp-1068164,10,0,10,0.003927896364711534,False,test,AB2C2_65
mp-1225310,53,0,44,6.236859268928469e-05,False,test,AB2C3_166
mp-642690,27,0,24,0.03992944153360282,False,test,ABC3_8
mp-975570,41,0,22,0.004259035951223946,False,test,ABC2_38
mp-676650,5,0,1,0.035570362625951146,False,test,AB3C6_8
mp-3333,400,0,348,5.5228657007472766e-05,True,test,AB2C2_139
mp-20496,3,0,1,0.03592292911094753,False,test,AB2C4_40
mp-865622,400,0,400,0.0,True,test,ABC2_225
mvc-4675,127,0,127,0.00015779736082329918,False,test,AB2C4_227
mp-1080467,20,0,4,0.011237662772150369,False,test,AB3C4_166
mp-20947,318,0,241,0.006024652310412033,False,test,ABC3_62
mp-867282,400,0,400,6.84182555591982e-17,True,test,ABC2_225
mp-29326,6,0,2,0.011375368490967026,False,test,A2B3C10_12
mp-999132,280,0,228,0.00013518405621458962,False,test,ABC2_166
mp-1226593,3,0,0,,False,test,ABC2D4_26
mp-1227350,58,0,38,0.008284748608574127,False,test,ABC_12
mp-992,57,0,31,5.279659940757771e-17,False,test,AB2_191
mp-1266,55,0,55,1.2769365576059456e-16,False,test,AB2_225
mp-20737,10,0,8,0.002278129335065572,False,test,ABCDE5_129
mp-541429,10,0,10,0.0038905808034808997,False,test,ABC2D5_71
mp-1210264,8,0,5,0.026708414554292466,False,test,AB2C2D10_12
mp-1077741,136,0,130,1.1775918431525721e-06,False,test,ABC4_216
mp-1008349,339,0,334,0.0,False,test,AB3_221
mp-1067235,24,0,0,,False,test,AB_12
mp-1221000,30,0,1,0.004194199328084659,False,test,ABCD6_74
mp-568173,50,0,3,0.003122815755790906,False,test,ABC2_141
mp-1219446,48,0,48,0.0067211869213254965,False,test,ABC_198
mp-567594,6,0,3,0.037326397918639356,False,test,AB2C4_4
mp-1520532,2,0,2,0.07108544295089753,False,test,ABCDE6_8
mp-1245824,30,0,17,0.019523204259621302,False,test,AB2C3_36
mp-1950,38,0,1,0.03916244873399914,False,test,AB2_140
mp-866029,400,0,400,7.211089442198855e-17,True,test,ABC2_225
mp-676562,2,0,2,0.009473978751484603,False,test,A3B3C8_5
mp-769263,318,0,242,0.009146186585846459,False,test,ABC3_62
mp-1079582,21,0,0,,False,test,AB_65
mp-1079238,305,0,304,0.00019045758313242104,False,test,ABC_189
mp-1220982,11,0,2,0.02490843724459086,False,test,ABC2D4E12_5
mp-1105910,25,0,25,0.003767154469515711,False,test,A2B17_166
mp-23871,1,0,1,0.028604740592673,False,test,ABCD3E10_5
mp-2725,132,0,121,2.0954858681197695e-16,False,test,AB2_227
mp-554941,400,0,396,0.00010331425047645801,True,test,ABC2D6_225
mp-753978,15,0,3,0.023958054575498267,False,test,AB2C3D8_12
mp-1218818,21,0,6,0.02109015908834145,False,test,ABC2D6_123
mp-1104102,35,0,32,0.0009539629372215196,False,test,AB2C4_136
mp-567994,4,0,2,0.008679036223188207,False,test,A2B2C5_63
mp-1227539,5,0,1,0.02273692754706407,False,test,A2B2C5_12
mp-1184371,400,0,400,7.36010761598189e-17,True,test,ABC2_225
mp-1080835,110,0,57,0.00028071758659152166,False,test,ABC2_194
mp-1188158,107,0,28,0.0031086753058378325,False,test,ABC2_62
mp-862817,400,0,400,9.32375826387336e-17,True,test,ABC2_225
mp-1518664,400,0,4,3.3744736080105603e-16,True,test,ABC2D6_225
mp-760490,0,0,0,,False,test,A2B7C9_12
mp-1189438,10,0,0,,False,test,AB2C7_2
mp-1079468,48,0,35,0.002517314084973377,False,test,ABC2D4_121
mp-1516349,130,0,130,0.0004883585147534436,False,test,ABCDE6_216
mp-1106099,188,0,186,0.006293280252512028,False,test,ABC2D6_14
mp-1025986,5,0,5,0.02694009344766339,False,test,A2B3C4_187
mp-1075902,273,0,264,0.0,False,test,ABC3_221
mp-1025363,25,0,6,0.005493727078483525,False,test,A2B2C3_12
mp-989535,400,0,396,0.005968384777541228,True,test,ABC2D6_225
mp-28853,11,0,0,,False,test,ABC3_57
mp-1077589,4,0,3,0.018563945138004235,False,test,ABC_71
mp-865904,400,0,400,1.3525059477590118e-16,True,test,ABC2_225
mp-1078235,305,0,299,0.0010390293877692422,False,test,ABC_189
mp-1228935,20,0,20,0.007991242664939103,False,test,ABC2D4_82
mp-1217379,1,0,1,0.04235931200097559,False,test,A4B5_166
mp-22343,400,0,340,4.141366911694524e-05,True,test,AB2C2_139
mp-1836,2,0,1,0.015313329457035523,False,test,AB_140
mp-27413,1,0,0,,False,test,A5B8_6
mp-25576,11,0,1,0.03809748661207264,False,test,AB2C4_15
mp-1188133,11,0,10,0.0008264310981374667,False,test,A2B3_70
mp-1521105,52,0,52,0.006867315411195131,False,test,ABCDE6_2
mp-619501,37,0,21,0.013031854450504895,False,test,A2B3_62
mp-1218758,4,0,3,0.005963803509304938,False,test,ABC2D5_69
mp-6964,50,0,45,0.0002201694567879907,False,test,ABC2_141
mp-973606,400,0,400,0.0,True,test,ABC2_225
mp-558536,0,0,0,,False,test,ABCD2_54
mp-1205713,400,0,396,0.00011391058385891667,True,test,ABC2D6_225
mp-27641,80,0,2,0.0422701498286574,False,test,AB3_62
mp-1218464,0,0,0,,False,test,AB2C4D9_42
mp-24336,9,0,3,0.03697954761689307,False,test,AB2C2D4_12
mp-16565,48,0,35,0.006590430002575494,False,test,ABC2D4_121
mp-1205555,44,0,35,0.007089514551402698,False,test,ABCD2_63
mp-1030119,17,0,1,0.013714265075428939,False,test,ABC4_164
mp-754199,49,0,5,0.05439866178578425,False,test,ABC4_15
mp-655448,3,0,2,0.03556557391691084,False,test,A3B4_63
mp-567296,74,0,0,,False,test,AB2_164
mp-19802,318,0,240,0.007298368912037167,False,test,ABC3_62
mp-554769,99,0,2,0.009119433956058407,False,test,ABC_216
mp-966800,27,0,22,0.0003416235093019961,False,test,AB_186
mp-1211832,18,0,12,0.006784504028281188,False,test,AB2C4_11
mp-1103293,400,0,362,0.007982002751035923,True,test,ABC_62
mp-558387,7,0,0,,False,test,ABC2_4
mp-867122,400,0,400,0.0,True,test,ABC2_225
mp-1187376,400,0,400,1.0587191958117731e-16,True,test,ABC2_225
mp-10760,145,0,145,0.0,False,test,AB_225
mp-1103261,4,0,2,0.021223141921589864,False,test,ABC_29
mp-996960,5,0,0,,False,test,ABC2_5
mp-756542,9,0,0,,False,test,ABC4_74
mp-36526,99,0,97,0.0,False,test,ABC_216
mp-6408,48,0,35,0.006169490572238384,False,test,ABC2D4_121
mp-1185748,64,0,20,0.04411675743307265,False,test,AB2_63
mp-5577,400,0,365,4.3702845858535927e-05,True,test,AB2C2_139
mp-755180,28,0,16,0.009142625791306851,False,test,AB2C3D6_12
mp-5063,109,0,6,0.0018245926276638038,False,test,AB2C3_191
mp-13449,57,0,40,6.60308401693878e-17,False,test,AB2_191
mp-1220165,88,0,80,3.7873127321654595e-17,False,test,ABC_187
mp-36903,33,0,11,0.0937074349014112,False,test,ABC3_11
mp-1187560,9,0,1,0.0007043406322828641,False,test,AB_8
mp-1217497,1,0,0,,False,test,ABC2D4_38
mp-1105597,107,0,28,0.003712181565385143,False,test,ABC2_62
mp-1205523,46,0,15,0.01978546731619649,False,test,AB2C2_12
mp-13975,130,0,103,0.00031020293909838855,False,test,AB2C2_164
mp-1246745,78,0,78,0.0033070815818701128,False,test,AB2C3D8_166
mp-12985,23,0,23,0.0004822402046204032,False,test,ABC2D2_139
mp-862635,400,0,400,7.211586686891367e-17,True,test,ABC2_225
mp-32750,24,0,1,0.002382945767428563,False,test,AB_160
mp-1185415,400,0,400,7.551865013135667e-17,True,test,ABC2_225
mp-1104181,9,0,7,0.004297338056857847,False,test,AB3C3_63
mp-1212088,400,0,363,0.01056502850113686,True,test,ABC_62
mp-22671,2,0,2,0.006532549711518169,False,test,A7B12_148
mp-640862,0,0,0,,False,test,A3B16_166
mp-865594,400,0,400,6.711048687185935e-17,True,test,ABC2_225
mp-1105213,10,0,5,0.006229913364463215,False,test,ABC2D6_4
mp-862852,400,0,346,0.0002639770834077537,True,test,AB3_194
mp-1184244,400,0,400,3.8444965243551183e-16,True,test,ABC2_225
mp-550,3,0,3,0.0008868365229484003,False,test,AB12_204
mp-485,400,0,353,0.0008473567799309121,True,test,AB3_194
mp-752737,47,0,0,,False,test,AB2C3_164
mp-1223695,280,0,229,0.0003116251020525163,False,test,ABC2_166
mp-1102478,168,0,37,0.0009331751674135318,False,test,ABC_194
mp-11675,77,0,1,0.03106796323285679,False,test,AB2_12
mp-2195,168,0,166,0.0,False,test,AB_221
mp-1185615,400,0,400,9.175117589765111e-17,True,test,ABC2_225
mp-9400,25,0,3,0.009135480350257772,False,test,ABC2_164
mp-29483,318,0,41,0.018479934763732803,False,test,ABC3_62
mp-1215885,16,0,6,0.0054814492267681375,False,test,A2B3C4_2
mp-985207,45,0,40,0.001711716961466035,False,test,AB4C8_139
mp-24589,4,0,2,0.021317976618344753,False,test,ABCD2_11
mp-1114474,400,0,396,0.0006119382528237526,True,test,ABC2D6_225
mp-977250,20,0,20,0.009365187049981015,False,test,AB5_38
mp-29678,280,0,229,0.0007580660993993042,False,test,ABC2_166
mp-1186152,400,0,352,2.0184738976615812e-05,True,test,AB3_194
mp-22311,62,0,62,8.209697555682577e-17,False,test,AB5_191
mp-760012,6,0,4,0.0096472095865968,False,test,AB4C8_87
mp-1103280,400,0,358,0.005179522883452862,True,test,ABC_62
mp-560699,2,0,0,,False,test,ABCD5_1
mp-1185769,400,0,400,1.0219027720029272e-16,True,test,ABC2_225
mp-23061,23,0,20,0.020631521731092173,False,test,ABC_59
mp-1188175,37,0,21,0.005301150642754161,False,test,A2B3_62
mp-1113545,400,0,396,9.801608378534425e-05,True,test,ABC2D6_225
mp-1189707,30,0,3,0.010647673968745257,False,test,AB2C5_63
mp-35714,22,0,22,0.0076950646485174105,False,test,AB5C8_82
mp-1214726,5,0,5,0.0424340913544559,False,test,ABC2D3_129
mp-1218384,2,0,1,0.0032932404763233226,False,test,AB2C2_187
mp-5443,110,0,57,0.0005279243703430801,False,test,ABC2_194
mp-1189286,80,0,63,0.02373468324047565,False,test,AB3_62
mp-1105374,12,0,10,0.04762014139064726,False,test,ABCDE6_4
mp-21863,16,0,15,0.0004823462157831547,False,test,A2B2C3_166
mp-1219996,37,0,34,0.0001410868563924902,False,test,ABC4_187
mp-1212981,53,0,3,0.002777176806030783,False,test,ABC4_65
mp-1225249,75,0,75,0.013384053309053005,False,test,ABC3_107
mp-1104024,64,0,5,0.01889117795651321,False,test,AB2C4_12
mp-7914,280,0,228,1.0342222730956488e-05,False,test,ABC2_166
mp-1227630,136,0,50,0.00020179269461153895,False,test,ABC2_123
mp-755570,130,0,104,0.0001502478393319746,False,test,AB2C2_164
mp-27636,89,0,89,0.0010190926528754873,False,test,AB2C6_225
mp-1226293,21,0,21,0.002359508698635149,False,test,ABC4D8_216
mp-1218137,20,0,20,0.005295124598925933,False,test,ABCD4_107
mp-1189484,26,0,23,0.018980707488512615,False,test,A3B5_63
mp-1214655,4,0,4,0.012879016231058952,False,test,A2B2C2D2E11_123
mp-1206489,53,0,38,0.00352494454508418,False,test,ABC3_194
mp-770405,11,0,6,0.030476623815076,False,test,ABC5_11
mp-1104685,5,0,4,0.0018702015349098785,False,test,A3B4C6_166
mp-866290,400,0,400,7.008745961788268e-17,True,test,ABC2_225
mp-30435,44,0,21,0.017993817769622764,False,test,AB2_74
mp-1185044,339,0,334,0.0,False,test,AB3_221
mp-8580,400,0,347,0.00017127956139038187,True,test,AB2C2_139
mp-557958,400,0,396,3.708716683756438e-05,True,test,ABC2D6_225
mp-1211557,2,0,0,,False,test,AB2C3D8_99
mp-27041,3,0,3,0.012552051689788814,False,test,ABCD4_43
mp-20191,4,0,4,0.0034885175639862904,False,test,A2B3_116
mp-1187958,400,0,400,5.766667427908898e-17,True,test,ABC2_225
mp-1111608,400,0,396,0.0006808144198081812,True,test,ABC2D6_225
mp-976272,236,0,229,0.0,False,test,AB3_139
mp-1178360,318,0,242,0.005379626156848969,False,test,ABC3_62
mp-561586,280,0,228,9.70927869753846e-05,False,test,ABC2_166
mp-31121,318,0,241,0.006973101705501984,False,test,ABC3_62
mp-30235,31,0,27,0.006029090692974253,False,test,A2B3C3_63
mp-1189806,22,0,0,,False,test,AB2C6_12
mp-919,145,0,145,0.0,False,test,AB_225
mp-1185749,400,0,400,0.0,True,test,ABC2_225
mp-1080089,305,0,305,0.0003914866154896876,False,test,ABC_189
mp-850212,0,0,0,,False,test,A3B5C12_10
mp-541772,64,0,0,,False,test,AB2C4_12
mp-1112096,400,0,396,0.0002618353978749866,True,test,ABC2D6_225
mp-1221617,1,0,1,0.0548356512887121,False,test,AB2C2D2_160
mp-20554,51,0,47,0.0022928656915743675,False,test,ABC2_122
mp-1226158,2,0,2,0.0069328747803054785,False,test,AB2C3D12_5
mp-1094589,5,0,3,0.01057513036398722,False,test,AB_5
mp-974690,76,0,52,0.007156360493414045,False,test,AB2C4_139
mp-1188755,107,0,28,0.0021851447918652574,False,test,ABC2_62
mp-571350,400,0,1,0.017313415871999714,True,test,AB2C2_139
mp-567818,400,0,348,0.00017418589927014044,True,test,AB2C2_139
mp-1215168,50,0,44,3.3276286104142494e-06,False,test,ABC_74
mp-1112628,400,0,396,2.6490833455006937e-06,True,test,ABC2D6_225
mp-752768,17,0,12,0.025165439810059566,False,test,ABC4_140
mp-1287184,44,0,1,9.706083623684739e-06,False,test,AB_166
mp-1094671,64,0,13,0.030665451122242844,False,test,AB2_63
mp-1186902,339,0,334,0.0,False,test,AB3_221
mp-1111936,400,0,396,7.152525032996573e-05,True,test,ABC2D6_225
mp-1570812,11,0,0,,False,test,ABC2D4E12_5
mp-23318,400,0,151,0.017704973263478495,True,test,ABC_62
mp-1217345,15,0,6,0.013261751945121797,False,test,AB3_123
mp-1217793,1,0,1,0.032828603020819545,False,test,ABC3D3E12_146
mp-1399,4,0,0,,False,test,AB_11
mp-756044,14,0,14,0.011377585084528985,False,test,AB3C4_31
mp-429,49,0,46,0.0,False,test,AB_123
mp-7559,37,0,24,0.00016350385165513529,False,test,ABC4_191
mp-1072248,29,0,17,0.000652508208341828,False,test,AB2_141
mp-1187211,400,0,400,7.80781044227654e-17,True,test,ABC2_225
mp-2296,9,0,9,0.01180635874588949,False,test,AB3_82
mp-1224481,68,0,67,0.006602113934501641,False,test,ABC_38
mp-865717,400,0,400,1.9920076889596727e-16,True,test,ABC2_225
mp-1215953,50,0,44,4.909693469638906e-05,False,test,ABC_74
mp-4083,177,0,117,0.02971182483552488,False,test,ABC_129
mp-642795,2,0,0,,False,test,ABCD2_14
mp-505142,69,0,67,0.0016537132768612434,False,test,AB2C2_129
mp-1221247,16,0,10,0.0044949212855348525,False,test,AB2C2D3E12_1
mp-1114567,400,0,396,6.357800029315322e-05,True,test,ABC2D6_225
mp-1114380,100,0,100,0.0007231997533370447,False,test,AB3C6_225
mp-1219145,4,0,2,0.03238690911815964,False,test,AB2C4_1
mp-1009834,82,0,48,0.002376526017447263,False,test,AB2_139
mp-1187641,400,0,400,1.4357221377933944e-16,True,test,ABC2_225
mp-1217341,6,0,6,0.007873637749037267,False,test,ABC6_187
mp-1238813,64,0,9,0.055125463064762945,False,test,AB2C4_12
mp-1105690,42,0,42,0.0016807609230566263,False,test,AB3C4D12_204
mp-16687,52,0,5,0.013585168602463518,False,test,AB2C5_140
mp-1184223,400,0,400,7.198646317382807e-17,True,test,ABC2_225
mp-1215182,280,0,229,0.000279901796608691,False,test,ABC2_166
mp-1179917,2,0,0,,False,test,A_154
mp-867344,400,0,400,7.667442710247279e-17,True,test,ABC2_225
mp-1185371,400,0,400,0.0,True,test,ABC2_225
mp-865321,400,0,400,7.248824848672188e-17,True,test,ABC2_225
mp-1220413,19,0,1,0.02758320997770009,False,test,ABC_164
mp-1186954,400,0,400,1.3538194230445365e-16,True,test,ABC2_225
mp-1214116,188,0,186,0.014829741152667773,False,test,ABC2D6_14
mp-1185980,400,0,400,6.939314767877223e-17,True,test,ABC2_225
mp-1220460,15,0,1,0.06328989351703955,False,test,AB4C8_12
mp-22349,400,0,376,3.78847401545326e-05,True,test,AB2C2_139
mp-1187003,400,0,400,6.72129747589353e-17,True,test,ABC2_225
mp-1183086,400,0,400,1.178785030718567e-16,True,test,ABC2_225
mp-1246874,30,0,19,0.033313757239845615,False,test,AB2C3_36
mp-1213174,24,0,22,0.017885737578136364,False,test,ABC2D8_12
mp-27608,2,0,2,0.046943228514955485,False,test,AB4C7_216
mp-1189858,4,0,4,0.007204214095404223,False,test,A3B4C10_139
mp-867815,400,0,350,8.490794780184973e-05,True,test,AB3_194
mp-23846,13,0,1,0.25937910105907663,False,test,ABC2_140
mp-4276,18,0,0,,False,test,AB2C3_44
mp-759749,42,0,0,,False,test,ABC2_12
mp-23192,2,0,2,0.011177624324654079,False,test,AB2_137
mp-1220484,68,0,67,0.00836122634005466,False,test,ABC_38
mp-4081,11,0,6,0.016989660855944017,False,test,AB3C4_215
mp-9319,400,0,396,0.0003549771683046758,True,test,ABC2D6_225
mp-567838,0,0,0,,False,test,ABC2D9_6
mp-20279,11,0,3,0.00018856314243401962,False,test,ABC2_187
mp-1206744,99,0,97,0.0,False,test,ABC_216
mp-865982,400,0,400,6.935141952621299e-17,True,test,ABC2_225
mp-1226325,21,0,21,0.005471591726905262,False,test,ABC4D8_216
mp-2658,168,0,166,0.0,False,test,AB_221
mp-1070137,75,0,75,0.009259353749365339,False,test,ABC3_107
mp-866104,400,0,400,1.3417474467701506e-16,True,test,ABC2_225
mp-1111594,400,0,396,0.0005510093358759305,True,test,ABC2D6_225
mp-1186744,20,0,20,0.019042281267365988,False,test,AB5_38
mp-27386,4,0,4,0.010967983963739804,False,test,AB5C11_12
mp-22250,18,0,18,0.009889659460517779,False,test,AB2C2D5_127
mp-1222950,0,0,0,,False,test,ABCD3_187
mp-12804,26,0,24,0.0017728279889871218,False,test,ABC_109
mp-1111207,400,0,396,2.6490833455420262e-05,True,test,ABC2D6_225
mp-559885,18,0,16,0.025686212477220572,False,test,ABC2D8_82
mp-755994,6,0,1,0.03480044901941282,False,test,ABC2D6_9
mp-30482,122,0,122,1.205406933116468e-16,False,test,AB3_225
mp-849060,12,0,0,,False,test,AB2_2
mp-763104,4,0,1,0.011012829057402772,False,test,AB2C4_26
mp-1516887,400,0,396,0.00012156643472741407,True,test,ABC2D6_225
mp-1104534,8,0,8,0.0058250567725491335,False,test,AB6_125
mp-1219144,280,0,229,0.00011293369501163072,False,test,ABC2_166
mp-604910,22,0,9,0.014752316538518835,False,test,AB_129
mp-1072114,18,0,8,0.002176297894582066,False,test,ABC_166
mp-11567,22,0,22,0.001999179288908113,False,test,AB12_139
mp-1078876,305,0,305,0.0008451687378071841,False,test,ABC_189
mp-1214934,8,0,2,0.059988482874452326,False,test,ABC6_2
mp-866285,400,0,400,1.4657695413569822e-16,True,test,ABC2_225
mp-1216785,31,0,31,0.001991298450437054,False,test,AB6C6_71
mp-1103472,0,0,0,,False,test,AB2C8_139
mp-1027576,24,0,3,0.0552463402903506,False,test,ABC2D2_156
mp-29153,20,0,3,0.007975474670638333,False,test,ABC2_11
mp-1188539,26,0,23,0.04342964099109842,False,test,A3B5_63
mp-21416,132,0,121,2.3761292735644116e-16,False,test,AB2_227
mp-570188,9,1,9,0.000494285556733185,False,test,AB3_193
mp-1105641,0,0,0,,False,test,ABC2_205
mp-12905,42,0,20,0.009181529360748156,False,test,AB3C3_176
mp-1519309,52,0,52,0.007720530676285545,False,test,ABCDE6_2
mp-1078766,400,0,353,0.0006950448820288499,True,test,AB3_194
mp-19093,400,0,396,0.00012185783389571749,True,test,ABC2D6_225
mp-864944,400,0,400,1.421118383495482e-16,True,test,ABC2_225
mp-12722,400,0,358,0.0019711278140410993,True,test,ABC_62
mp-1217293,19,0,1,0.05769620479764372,False,test,ABC_164
mp-1218366,1,0,1,0.02824389787865318,False,test,ABC2D6_121
mp-510098,62,0,62,1.1244116380505369e-16,False,test,AB5_191
mp-1104272,35,0,32,0.0016844912794545524,False,test,AB2C4_136
mp-1103518,37,0,25,0.0035475143936662427,False,test,AB6C8_148
mp-8982,42,0,10,0.023767479994493204,False,test,ABC_14
mp-4887,110,0,53,0.0016347000960327592,False,test,ABC2_194
mp-1223015,0,0,0,,False,test,ABC4D6_47
mp-1105814,11,0,7,0.009802091969933162,False,test,AB3C4_140
mp-1522319,52,0,52,0.004768393166683711,False,test,ABCDE6_2
mp-759163,25,0,1,0.12842367856293738,False,test,ABC2_15
mp-669,57,0,33,6.115407166492761e-17,False,test,AB2_191
mp-1190803,1,0,1,0.014894731822902987,False,test,AB4C15_166
mp-866180,400,0,400,7.620208161645146e-17,True,test,ABC2_225
mp-554899,0,0,0,,False,test,ABC4_189
mp-1209961,16,0,2,0.002677464977633347,False,test,ABC4_2
mp-1222424,5,0,4,0.030063741509989205,False,test,AB2C3_123
mp-1104431,37,0,25,0.0028372609300009476,False,test,AB6C8_148
mp-865143,1,0,0,,False,test,ABCD2_36
mp-1228487,0,0,0,,False,test,A2B2C5_25
mp-1102554,42,0,0,,False,test,ABC_14
mp-5461,3,0,1,0.026737965232084184,False,test,AB3C8_121
mp-1223663,13,0,10,0.05498025012507984,False,test,ABC2D4_10
mp-1215183,26,0,20,0.00043725808290260556,False,test,ABC6_123
mp-19913,21,0,12,0.011323169105311368,False,test,A2B3C4_15
mp-30284,1,0,0,,False,test,ABC3_162
mp-1226393,0,0,0,,False,test,AB6C13_156
mp-7364,400,0,328,1.2084035557501137e-05,True,test,AB2C2_139
mp-1023510,8,0,8,0.0056451798894278605,False,test,AB15_187
mp-22181,400,0,344,0.00013558947110643184,True,test,AB2C2_139
mp-1029834,107,0,2,0.0064775155612933925,False,test,ABC2_62
mp-862822,400,0,400,1.0028368933206392e-16,True,test,ABC2_225
mp-573677,1,0,1,0.007230917421957999,False,test,AB2C3D4_15
mp-1078160,64,0,32,0.007923995963666886,False,test,AB2C4_12
mp-1188318,0,0,0,,False,test,AB8_31
mp-756042,16,0,1,0.19466717588244362,False,test,ABC2_19
mp-1211491,54,0,9,0.006155147390311184,False,test,ABC2D6_15
mp-777483,2,0,0,,False,test,AB2C2_9
mp-755362,21,0,8,0.004724815543323687,False,test,AB2C2_14
mp-846,4,0,1,0.00854554855525267,False,test,A2B3_43
mp-1220105,6,0,0,,False,test,A2B3C4_156
mp-867172,400,0,400,9.766720910851681e-17,True,test,ABC2_225
mp-1225937,30,0,29,0.007824764353816726,False,test,ABCD6_74
mp-29896,3,0,1,0.004576819513235602,False,test,A2B2C3_65
mp-10445,57,0,57,0.005560853282600181,False,test,AB2C6_189
mp-1206435,400,0,396,0.00015099775069676304,True,test,ABC2D6_225
mp-1208660,11,0,8,0.00529088014036708,False,test,ABC3_57
mp-1206676,54,0,37,0.008608908143339635,False,test,ABC3_63
mp-988996,5,0,0,,False,test,ABC_31
mp-610517,31,0,0,,False,test,AB2_14
mp-1079449,69,0,67,0.0015776485147357036,False,test,AB2C2_129
mp-11639,51,0,2,0.01829855806150796,False,test,AB2C3_12
mp-13744,22,0,10,0.02241142536512465,False,test,AB3C3_12
mp-1223642,32,0,18,0.002164177293843206,False,test,ABC2_160
mp-759363,6,0,2,0.02553126685458479,False,test,AB3C5_31
mp-864961,400,0,400,8.05404237828141e-17,True,test,ABC2_225
mp-30604,83,0,70,0.0008474316989477626,False,test,AB_63
mp-641065,42,0,42,0.0013667132917438284,False,test,AB3C4D12_204
mp-295,145,0,145,0.0,False,test,AB_225
mp-13572,158,0,57,0.030111663687594194,False,test,ABC2_63
mp-10901,21,0,19,0.004077746726585383,False,test,A2B3_164
mp-542314,52,0,48,0.00491196648756212,False,test,ABCD_129
mp-1216758,21,0,21,0.008622834955141934,False,test,A2B3C3_47
mp-1218416,6,0,2,0.05903006793357735,False,test,AB2C2D4_139
mp-1187973,236,0,229,0.0,False,test,AB3_139
mp-1185334,400,0,400,1.2302973614350405e-16,True,test,ABC2_225
mp-756601,23,0,20,0.009910579107300725,False,test,AB3C4D8_166
mp-1106267,16,0,16,0.002786652553708473,False,test,AB6C12_166
mp-20016,318,0,240,0.005592118497468014,False,test,ABC3_62
mp-22512,13,0,13,0.021452169059542878,False,test,A2B2C5_46
mp-1106108,31,0,27,0.006874414854685051,False,test,A2B3C3_63
mp-1206512,158,0,57,0.003522511215068728,False,test,ABC2_63
mp-867227,122,0,122,1.7727085323869698e-16,False,test,AB3_225
mp-13929,400,0,396,0.00037352075172353765,True,test,ABC2D6_225
mp-555510,188,0,185,0.008975298140222443,False,test,ABC2D6_14
mp-10543,6,0,5,0.07876233923486553,False,test,AB3C4_13
mp-1217755,88,0,72,0.0,False,test,ABC_187
mp-1178172,25,0,6,0.0013490643333930574,False,test,AB2C2_194
mp-975044,156,0,99,0.03515982814380776,False,test,AB2C2_127
mp-1188840,318,0,241,0.00933337879964403,False,test,ABC3_62
mp-38442,22,0,22,0.02027801287927926,False,test,AB5C8_82
mp-16252,400,0,360,0.017806149449250498,True,test,ABC_62
mp-1185803,23,0,23,0.008595536457291537,False,test,AB5_189
mp-570957,4,0,0,,False,test,ABC3_9
mp-1028,9,0,5,0.020156104004568055,False,test,A3B4_12
mp-1080179,69,0,67,0.004206475697301468,False,test,AB2C2_129
mp-866119,400,0,400,1.5621603405833987e-16,True,test,ABC2_225
mp-1105540,50,0,0,,False,test,ABC2_141
mp-1029297,24,0,2,0.007877561971315086,False,test,AB2C3_63
mp-1228840,136,0,42,0.0008698495535136629,False,test,ABC2_123
mp-1101844,53,0,24,0.0014905191963573642,False,test,ABC4_63
mp-1068773,7,0,7,0.0009312262041037568,False,test,AB4_87
mp-756193,78,0,78,0.0025373842288602465,False,test,AB2C3D8_166
mp-2987,400,0,400,1.0305691869053797e-16,True,test,ABC2_225
mp-8900,18,0,18,0.008741017005909053,False,test,ABC2D4_70
mp-1227255,9,0,8,0.007149509224622737,False,test,ABC2D8_119
mp-1208838,88,0,74,0.0022865835080665893,False,test,ABC_186
mp-2748,145,0,145,0.0,False,test,AB_225
mp-15743,14,0,14,0.011260918643697722,False,test,AB2C4_55
mp-1221358,0,0,0,,False,test,ABC6D12_216
mp-1206831,1,0,1,0.004670723796881948,False,test,AB3C5_189
mp-672286,8,0,2,0.019017746956587075,False,test,A2B3_15
mp-1182070,2,0,0,,False,test,A_11
mp-1282757,4,0,0,,False,test,A2B3C4_1
mp-1183795,400,0,400,7.104685000472014e-17,True,test,ABC2_225
mp-1224194,6,0,0,,False,test,A2B3C4_156
mp-1228879,0,0,0,,False,test,A3B7C10_187
mp-1102233,127,0,74,0.0006786749253672529,False,test,AB2_194
mp-570370,0,0,0,,False,test,ABC3_7
mp-1184036,400,0,351,1.5739762103517446e-05,True,test,AB3_194
mp-767692,1,0,0,,False,test,AB2C6_9
mp-18450,30,0,30,0.0022983838474698805,False,test,AB6C6_191
mp-556076,3,0,1,0.07757451288132886,False,test,A2B2C5_1
mp-1009082,51,0,47,0.0017581665447680612,False,test,ABC2_122
mp-625136,3,0,1,0.016919138157202196,False,test,ABC_36
mp-989520,400,0,396,6.852091263899165e-16,True,test,ABC2D6_225
mp-1219685,280,0,229,0.0004183197230392295,False,test,ABC2_166
mp-755209,1,0,0,,False,test,ABC_65
mp-559554,51,0,0,,False,test,AB2C3_12
mp-669713,21,0,21,0.003030966975241431,False,test,A2B7_166
mp-9698,19,0,1,0.021238780814889616,False,test,AB3C6_11
mp-1247201,21,0,20,0.013727258673291075,False,test,ABC2_33
mvc-9561,11,0,6,0.03439199411369787,False,test,AB2C4_160
mp-1080785,305,0,305,0.0019198161587332281,False,test,ABC_189
mp-1105133,0,0,0,,False,test,A2B3C3D9_189
mp-1188848,4,0,4,0.007453793197699966,False,test,AB6C9_87
mp-574169,4,0,0,,False,test,ABC6_12
mp-697084,14,0,5,0.03201756699717317,False,test,ABCD_62
mp-1076974,38,0,23,0.0003295364645468597,False,test,AB2_140
mp-1188711,318,0,240,0.018535109014419432,False,test,ABC3_62
mp-1209072,400,0,61,0.020512067685729052,True,test,ABC_62
mp-1224056,0,0,0,,False,test,A2B3C7_8
mp-1206890,400,0,372,0.0002855691141789251,True,test,AB2C2_139
mp-865010,400,0,400,9.97788834392835e-17,True,test,ABC2_225
mp-28490,12,0,1,0.02679073740940873,False,test,AB3C3_11
mp-555843,3,0,2,0.26845387989063957,False,test,AB3C3_161
mp-569913,3,0,1,0.018742044232365907,False,test,AB3C5_74
mp-1206643,305,0,301,0.0021948564657686973,False,test,ABC_189
mp-972680,400,0,368,3.0417371682116044e-05,True,test,AB2C2_139
mp-775122,4,0,0,,False,test,ABC4D12_123
mp-1221006,21,0,21,0.015399453827098604,False,test,ABCD2_156
mp-1222894,35,0,32,0.007182404187487646,False,test,AB3C4D12_6
mp-1211316,54,0,29,0.024347284044456984,False,test,ABC2D6_15
mp-18830,2,0,2,0.007558976250420963,False,test,AB2C5_141
mp-862927,400,0,400,7.219518572339286e-17,True,test,ABC2_225
mp-776764,5,0,0,,False,test,AB2C5_1
mp-1189904,0,0,0,,False,test,ABC8D9_123
mp-961678,99,0,97,7.612621341613733e-17,False,test,ABC_216
mp-11621,99,0,97,1.141742290974929e-16,False,test,ABC_216
mp-1188605,93,0,93,0.0031139619049578397,False,test,A3B5_193
mp-976447,4,0,4,0.022695664649931398,False,test,ABC2D6E8_225
mp-866170,400,0,400,7.0170569420737e-17,True,test,ABC2_225
mp-11358,339,0,334,0.0,False,test,AB3_221
mp-1079246,305,0,301,0.0014167736966592727,False,test,ABC_189
mp-19158,26,0,15,0.020598694207985994,False,test,AB3C6_148
mp-1025523,158,0,61,0.005341958253727129,False,test,ABC2_63
mp-4824,177,0,140,0.00442145177682529,False,test,ABC_129
mp-753089,22,0,0,,False,test,AB2C6_12
mp-22888,33,0,30,0.01016727616044484,False,test,AB2_58
mp-569535,82,0,15,0.004128567988797377,False,test,AB2_139
mp-1018134,27,0,19,1.9991246811592115e-05,False,test,A_166
mp-862777,400,0,400,0.0,True,test,ABC2_225
mp-1216101,25,0,23,0.01852003493720988,False,test,AB4C7_8
mp-640118,33,0,0,,False,test,AB3_63
mp-27809,0,0,0,,False,test,AB2C2_105
mp-1186992,400,0,400,8.328943607474893e-17,True,test,ABC2_225
mvc-5966,22,0,8,0.046383466427329254,False,test,ABC2D6_1
mp-1222109,9,0,5,0.042350083117977645,False,test,ABC2D2_26
mp-1027391,22,0,4,0.0019517396032187944,False,test,ABCD3_156
mp-37449,22,0,22,0.0028493413466699185,False,test,AB5C8_82
mp-28968,42,0,0,,False,test,AB3C3_176
mp-1114336,400,0,396,5.298166691091335e-05,True,test,ABC2D6_225
mp-1226487,0,0,0,,False,test,A3B6C8_44
mp-1105780,0,0,0,,False,test,A2B3_159
mp-568574,19,0,3,0.013470353644807018,False,test,ABC_164
mp-2056,0,0,0,,False,test,A2B3_155
mp-756163,7,0,0,,False,test,A2B3C4_5
mp-13459,400,0,360,0.012619335418965875,True,test,ABC_62
mp-1979,339,0,334,0.0,False,test,AB3_221
mp-30282,4,0,2,0.00948309554000126,False,test,A2B5_11
mp-1280001,11,0,1,0.06664914784240793,False,test,AB2C4_15
mp-754318,48,0,40,0.01764825563377252,False,test,ABC3_148
mp-1213079,1,0,1,0.08011533265789528,False,test,ABCD4_156
mp-1103537,8,0,8,0.0030485089179845153,False,test,AB2C4_72
mp-755555,8,0,6,0.004058195933710145,False,test,AB5C12_12
mp-1220503,6,0,0,,False,test,AB3C8_8
mp-1018942,168,0,109,3.532338050163597e-17,False,test,ABC_194
mp-11773,16,0,16,0.00523266184557535,False,test,AB3C6_36
mp-28595,400,0,359,0.0028682082224369045,True,test,ABC_62
mp-867770,400,0,352,0.0003702313486448256,True,test,AB3_194
mp-36223,68,0,65,0.001039714783423902,False,test,AB2C4_122
mp-1183898,400,0,400,1.1181776784503084e-16,True,test,ABC2_225
mp-1206651,158,0,61,0.0025988383800483383,False,test,ABC2_63
mp-1018032,136,0,48,0.0,False,test,ABC2_123
mp-1018048,41,0,22,0.0010177580070756139,False,test,ABC2_38
mp-866375,400,0,400,7.018511806960591e-17,True,test,ABC2_225
mp-3018,400,0,373,7.83637654016938e-05,True,test,AB2C2_139
mp-29239,107,0,12,0.004725256370553393,False,test,ABC2_62
mp-36,26,0,26,0.0,False,test,A_225
mp-1094889,168,0,166,0.0,False,test,AB_221
mp-1185624,400,0,400,1.412873746846737e-16,True,test,ABC2_225
mp-1104307,22,0,3,0.010666851808067462,False,test,AB3C3_12
mp-1113858,400,0,396,1.5894500072920424e-05,True,test,ABC2D6_225
mp-28360,7,0,4,0.030737006743119907,False,test,AB3C6_163
mp-866014,400,0,400,1.0146434389291494e-16,True,test,ABC2_225
mp-10667,168,0,113,0.0,False,test,ABC_194
mp-1185768,400,0,400,3.847525859171218e-17,True,test,ABC2_225
mp-1217470,136,0,130,1.3270786098941194e-05,False,test,ABC4_216
mp-1025444,70,0,44,0.0026746626712910787,False,test,AB_62
mp-1219481,0,0,0,,False,test,A6B13_44
mp-1292002,130,0,8,0.00807695848332104,False,test,AB2C2_164
mp-7438,168,0,62,0.0,False,test,ABC_194
mp-754614,23,0,22,0.0195953576448957,False,test,ABC4_13
mp-1214135,188,0,186,0.00749161222304783,False,test,ABC2D6_14
mp-1518582,4,0,4,0.004632311745441585,False,test,ABCDE6_118
mp-75,16,0,16,0.0,False,test,A_229
mp-1186439,400,0,400,0.0,True,test,ABC2_225
mp-865500,10,0,8,0.02414567328455688,False,test,A2B2C5_123
mp-1030331,12,0,4,0.008238728227404181,False,test,AB3C8_156
mp-1217139,78,0,78,0.009665638774650879,False,test,AB2C3D8_166
mp-867283,400,0,400,6.575028536483354e-17,True,test,ABC2_225
mp-1205300,16,0,16,0.0038385812825568574,False,test,AB6C12_166
mp-21036,6,0,3,0.05384661660720574,False,test,ABC2_59
mp-1105546,42,0,42,0.0016945193492102534,False,test,AB3C4D12_204
mp-1219576,30,0,29,0.009900928419767765,False,test,ABCD6_74
mp-1095043,4,0,3,0.007070869035501256,False,test,AB3C4_71
mp-1206294,23,0,23,0.0012108358599798356,False,test,ABC2D2_139
mp-505005,177,0,127,0.006098966830421993,False,test,ABC_129
mp-20211,122,0,122,1.497618981051414e-16,False,test,AB3_225
mp-1025021,136,0,130,1.1233510223109904e-05,False,test,ABC4_216
mp-1219559,4,0,1,0.04831318915664424,False,test,ABC3D4_8
mp-1187874,400,0,400,1.889881574711452e-06,True,test,ABC2_225
mp-760323,0,0,0,,False,test,A5B9_82
mp-977364,400,0,400,1.0456909110620621e-16,True,test,ABC2_225
mp-554973,273,0,264,0.0,False,test,ABC3_221
mp-567713,1,0,1,0.028667360732880728,False,test,AB3C7_156
mp-1215569,37,0,34,0.00013933109034434653,False,test,ABC4_187
mp-1246711,400,0,16,0.01809545621716806,True,test,AB2C2_139
mp-1225881,37,0,34,0.00023575526922142766,False,test,ABC4_187
mp-865522,400,0,400,6.671417154823125e-17,True,test,ABC2_225
mp-973676,27,0,22,3.008693456118333e-05,False,test,AB_186
mp-1217291,280,0,229,8.352853596042581e-05,False,test,ABC2_166
mp-1228947,14,0,13,0.00473455436862455,False,test,AB4_166
mp-1095573,400,0,367,0.001734383457576545,True,test,ABC_62
mp-1183633,400,0,400,1.087577216569871e-16,True,test,ABC2_225
mp-1025564,3,0,2,0.006211240439067135,False,test,AB2C5_139
mp-559415,1,0,0,,False,test,A2B2C4D11_2
mp-1245965,42,0,20,0.006182090313448918,False,test,AB3C3_176
mp-549,145,0,145,0.0,False,test,AB_225
mp-755643,22,0,10,0.012855397142734676,False,test,AB3C3_12
mp-1227089,15,0,5,0.01467427595854451,False,test,ABCD4_63
mp-2251,1,0,0,,False,test,AB3_191
mp-571555,83,0,71,0.043003359570051906,False,test,AB_63
mp-1218360,1,0,0,,False,test,ABC2D3E10_107
mp-19182,33,0,33,0.01999784349685025,False,test,ABC2D6_87
mp-1112674,400,0,396,9.536700044021309e-05,True,test,ABC2D6_225
mp-1112006,400,0,396,7.68234170210685e-05,True,test,ABC2D6_225
mp-1229187,0,0,0,,False,test,A2B3C4D9_1
mp-556576,24,0,0,,False,test,AB_160
mp-636148,13,0,0,,False,test,AB3_14
mp-1078336,54,0,38,0.008033451955700684,False,test,ABC3_63
mp-1025294,55,0,24,0.0026035347520488392,False,test,ABC5_123
mp-754707,36,0,5,0.10027720082517619,False,test,ABC3_15
mp-777500,0,0,0,,False,test,A2B3C4_102
mp-1246553,400,0,0,,True,test,ABC_62
mp-862757,400,0,400,0.0,True,test,ABC2_225
mp-1221559,22,0,5,0.02551511312515929,False,test,ABC2_26
mp-866017,400,0,400,1.4668666713043036e-16,True,test,ABC2_225
mp-1188666,40,0,40,0.00030158275240898993,False,test,A3B3C4_220
mp-20727,18,0,17,0.002708566867637639,False,test,AB2C6_162
mp-20004,110,0,56,0.0003200049160618437,False,test,ABC2_194
mp-1103036,22,0,21,0.0021068778361058547,False,test,AB2C8_123
mp-1030160,36,0,3,0.0011943722675607793,False,test,AB2C3D6_156
mp-11245,168,0,166,0.0,False,test,AB_221
mp-973414,400,0,400,0.0,True,test,ABC2_225
mp-1113876,400,0,396,2.9139916800971928e-05,True,test,ABC2D6_225
mp-30380,8,0,1,0.01778191310566728,False,test,AB2_36
mp-12651,13,0,13,0.006322477995216776,False,test,AB_198
mp-1205358,2,0,0,,False,test,ABC_51
mp-752779,22,0,0,,False,test,AB2C6_12
mp-1218399,7,0,6,0.0054175740202919015,False,test,ABC4D8_65
mp-973538,400,0,400,1.034935573371335e-16,True,test,ABC2_225
mp-3613,280,0,228,2.9619439274477597e-05,False,test,ABC2_166
mp-675349,33,0,20,0.004595315589992034,False,test,ABC2_156
mp-1006352,18,0,18,0.0037122217167108473,False,test,A2B3C5_15
mp-1416,14,0,1,0.01794009952710687,False,test,AB4_139
mp-1215294,22,0,0,,False,test,ABC2D6_1
mp-754078,2,0,1,0.03607364013992744,False,test,AB2C2D8_5
mp-22730,9,0,8,0.019754024550604134,False,test,AB2C4_70
mp-865259,400,0,354,7.659432816870206e-06,True,test,AB3_194
mp-1188305,40,0,40,0.0014109170025978833,False,test,AB4C12_204
mp-1112618,400,0,396,2.384175011006863e-05,True,test,ABC2D6_225
mp-1207674,400,0,368,0.002788761723469786,True,test,ABC_62
mp-1063566,136,0,53,0.021468914185643263,False,test,ABC2_123
mp-1223858,37,0,34,0.00018950530066527327,False,test,ABC4_187
mp-1186779,64,0,49,0.0,False,test,AB_187
mp-5702,7,0,6,0.008445597390421028,False,test,AB3C4_121
mp-1227976,28,0,1,0.13128048484514027,False,test,AB2C3D6_12
mp-1079427,5,0,0,,False,test,AB2C2_11
mp-29428,12,0,1,0.049505661385904225,False,test,AB2C6_2
mp-1220495,29,0,28,0.0040613096744525935,False,test,AB2C3_25
mp-1206510,57,0,56,0.008836029946743163,False,test,AB2C6_189
mp-22253,3,0,0,,False,test,AB2C4_156
mp-3880,127,0,127,0.0006612183180840383,False,test,AB2C4_227
mp-1190248,8,0,8,0.0025893869092905356,False,test,A2B3C4_64
mp-13243,124,0,124,0.0019919055852573755,False,test,AB3C5_193
mp-568430,132,0,121,1.5939767390142615e-16,False,test,AB2_227
mp-1105564,0,0,0,,False,test,ABC8D8_75
mp-1222989,1,0,1,0.06321369422700694,False,test,AB3C4_162
mp-1113698,400,0,396,1.5894500073090912e-05,True,test,ABC2D6_225
mp-1205893,10,0,4,0.01224600191411383,False,test,AB4C5_12
mp-1226352,13,0,1,0.0008519201458838414,False,test,AB2C2_166
mp-1106136,107,0,28,0.0014992486297975497,False,test,ABC2_62
mp-1105609,80,0,64,0.0016611293281236787,False,test,AB3_62
mp-1216900,3,0,0,,False,test,AB2C3D8_8
mp-11201,57,0,57,0.003259660278405305,False,test,AB2C6_189
mp-861988,400,0,400,1.0124520285961299e-16,True,test,ABC2_225
mp-1238685,0,0,0,,False,test,ABCD3E4_186
mp-1219728,21,0,21,0.0034207786713099796,False,test,ABCD2_156
mp-1103031,13,0,13,0.005269457464739886,False,test,ABC4_124
mp-865384,400,0,400,1.0847633142320311e-16,True,test,ABC2_225
mp-1215566,5,0,5,0.006856979198130468,False,test,AB4C5_160
mp-28573,6,0,2,0.012864686785315205,False,test,ABC3_136
mp-1078757,305,0,305,0.003920979282483079,False,test,ABC_189
mp-541134,2,0,0,,False,test,ABC8_2
mp-1176488,20,0,16,0.005536609085549292,False,test,AB2C4_141
mp-1176706,2,0,1,0.20040538179674341,False,test,ABC3_51
mp-752919,4,0,0,,False,test,A2B3C4_1
mp-7083,83,0,2,0.01936418369745129,False,test,AB_63
mp-1018692,37,0,36,0.0008346611918677666,False,test,AB2_129
mp-1205610,13,0,8,0.018746587347395555,False,test,AB2C2_63
mp-1207894,156,0,145,0.004435588094647754,False,test,AB2C2_127
mp-1225346,4,0,4,0.0021124844714321923,False,test,ABC3D5_6
mp-1225448,44,0,33,0.0,False,test,AB_166
mp-1186478,400,0,400,6.884187022742125e-17,True,test,ABC2_225
mp-754287,7,0,0,,False,test,A4B5C7_1
mp-862694,400,0,400,1.0349743096319536e-16,True,test,ABC2_225
mp-1217453,5,0,4,0.076137568096433,False,test,AB2C3D4_38
mp-606102,3,0,0,,False,test,A2B3C3_12
mp-1184881,57,0,27,0.0,False,test,AB2_191
mp-1216678,25,0,14,0.0032085303053934434,False,test,ABC2_164
mp-1114513,400,0,396,2.6490833455344947e-05,True,test,ABC2D6_225
mp-7,1,0,1,0.08248189844313866,False,test,A_148
mp-1219075,23,0,5,0.011167863058333886,False,test,ABC3_160
mp-865601,400,0,400,1.37029311344629e-16,True,test,ABC2_225
mp-1218496,5,0,5,0.023603641288159904,False,test,ABC3D7_107
mp-1209722,124,0,124,0.0032812464544426955,False,test,AB3C5_193
mp-569885,89,0,89,0.00039631380945157334,False,test,AB2C6_225
mp-995194,7,0,5,0.025871994555250525,False,test,ABCDE4_4
mp-1183841,236,0,229,5.4524346371970607e-17,False,test,AB3_139
mp-1219717,136,0,130,5.1330038402590805e-06,False,test,ABC4_216
mp-2949,400,0,348,0.00014916502465104,True,test,AB2C2_139
mp-22997,400,0,367,0.044302943427142825,True,test,ABC_62
mp-561412,7,0,0,,False,test,ABC3_5
mp-1185428,400,0,400,8.181011068472584e-17,True,test,ABC2_225
mp-1189791,11,0,10,0.00044816848276168125,False,test,A2B3_70
mp-973232,339,0,334,0.0,False,test,AB3_221
mp-1112999,400,0,396,5.2981666912191434e-06,True,test,ABC2D6_225
mp-1222711,21,0,3,0.05050172462756042,False,test,ABC2D6_146
mp-1184236,122,0,122,1.2661015768163068e-16,False,test,AB3_225
mp-1188429,22,0,0,,False,test,AB2C6_12
mp-4893,110,0,57,0.00043082364029855787,False,test,ABC2_194
mp-756457,23,0,23,0.018132010719941364,False,test,ABC4_13
mp-1226265,21,0,21,0.007483263081343621,False,test,ABC4D8_216
mp-1223964,0,0,0,,False,test,A3B4C12_1
mp-1183638,400,0,400,6.895836554393743e-17,True,test,ABC2_225
mp-21296,0,0,0,,False,test,AB4_125
mp-542583,145,0,145,0.0,False,test,AB_225
mp-1105536,52,0,44,0.02787213708641906,False,test,AB2C5_140
mp-1182187,13,1,8,0.006171607242866701,False,test,ABC2D5_123
mp-1183461,400,0,400,1.787104172607993e-16,True,test,ABC2_225
mp-1225252,58,0,38,0.018448042385453903,False,test,ABC_12
mp-23467,52,0,44,0.025830965508150425,False,test,AB2C5_140
mp-1519537,15,0,0,,False,test,ABC2D6_11
mp-12987,39,0,37,0.005230709340480601,False,test,AB2C6_38
mp-30733,305,0,305,0.0005186604243608374,False,test,ABC_189
mp-1113296,400,0,396,8.477066705768843e-05,True,test,ABC2D6_225
mp-1104323,30,0,1,0.0462965192647462,False,test,ABC5_15
mp-1206430,136,0,130,5.201437967056092e-05,False,test,ABC4_216
mp-21156,339,0,334,0.0,False,test,AB3_221
mp-34292,0,0,0,,False,test,AB6C9_79
mp-8911,28,0,0,,False,test,ABC_63
mp-30845,339,0,334,0.0,False,test,AB3_221
mp-1030580,1,0,0,,False,test,ABCDE2_156
mp-979931,400,0,400,6.937928879101624e-17,True,test,ABC2_225
mp-1218514,8,0,1,0.014220282452455902,False,test,AB3C4D12_229
mp-620812,33,0,31,0.0014422721432394948,False,test,A2B3C5_72
mp-865161,400,0,400,8.892341917730166e-17,True,test,ABC2_225
mp-865935,400,0,400,2.1631200466158613e-16,True,test,ABC2_225
mp-21478,130,0,104,0.0017049477963471111,False,test,AB2C2_164
mp-13923,0,0,0,,False,test,ABC3_7
mp-1187792,2,0,0,,False,test,AB2_143
mp-1227127,68,0,67,0.010529761035896056,False,test,ABC_38
mp-7128,18,0,17,0.0060597736942748365,False,test,AB2C6_162
mp-7470,40,0,6,0.019628706983318082,False,test,ABC_139
mp-33363,50,0,45,0.0003929577849535049,False,test,ABC2_141
mp-27872,127,0,127,6.638410646179902e-05,False,test,AB2C4_227
mp-1091395,305,0,305,0.0008771215705166579,False,test,ABC_189
mp-757176,30,0,23,0.008236613069176418,False,test,ABC5_15
mp-1212416,400,0,365,0.013074130630448388,True,test,ABC_62
mp-1187193,400,0,400,9.789302358343645e-17,True,test,ABC2_225
mp-14793,110,0,5,0.00013890309024955445,False,test,ABC2_194
mp-23520,52,0,44,0.017826864225945305,False,test,AB2C5_140
mp-1226802,20,0,18,0.2803572404619732,False,test,AB3_187
mp-8950,88,0,74,0.005978536899188297,False,test,ABC_186
mp-1206453,156,0,146,0.0011820982159435733,False,test,AB2C2_127
mp-31029,8,0,2,0.0028110267551404947,False,test,A2B4C5_12
mp-13236,93,0,93,0.0007224688099168497,False,test,A3B5_193
mp-1094422,64,0,12,0.025483273152285404,False,test,AB2_63
mp-1227031,4,0,1,0.038361395269595595,False,test,ABC2D4_8
mp-1174238,13,0,2,0.042899279358099174,False,test,AB3C4D8_2
mp-504611,11,0,9,0.005609568788416855,False,test,ABC2D6_166
mp-753116,8,0,6,0.012827291947305553,False,test,AB5C12_12
mp-1206641,400,0,396,0.0007629360035203987,True,test,ABC2D6_225
mp-753028,5,0,1,0.011075328677471453,False,test,A3B4C8_12
mp-1185754,64,0,13,0.0226916194079862,False,test,AB2_63
mp-1103590,30,0,29,0.0006702123484401456,False,test,AB2_205
mp-685097,2,0,2,0.036999731503699965,False,test,AB2_29
mp-1223386,1,0,1,0.03688229440217098,False,test,ABC2D3E3_42
mp-639682,0,0,0,,False,test,AB2_119
mp-865743,400,0,400,1.33208050876096e-16,True,test,ABC2_225
mp-863723,156,0,143,0.0010482620913707934,False,test,AB2C2_127
mp-15653,158,0,61,0.001836433794671716,False,test,ABC2_63
mp-26,60,0,22,6.299519175966243e-17,False,test,A_194
mp-546035,4,0,0,,False,test,AB3C8_12
mp-3707,18,0,0,,False,test,AB2C5_15
mp-1183102,400,0,353,4.043212341520442e-05,True,test,AB3_194
mp-996973,42,0,4,0.24926683959045548,False,test,ABC2_12
mp-1186613,400,0,400,1.9179118128015277e-16,True,test,ABC2_225
mp-1205749,305,0,305,0.001124010164080024,False,test,ABC_189
mp-978547,400,0,400,6.542596148672335e-17,True,test,ABC2_225
mp-1080612,305,0,305,0.002249503713008474,False,test,ABC_189
mp-8202,9,0,9,0.015355031102917726,False,test,ABC2D5_127
mp-1227419,1,0,1,0.016608573515464447,False,test,AB3C9_12
mp-1185322,400,0,400,1.0516229967044318e-16,True,test,ABC2_225
mp-1205750,305,0,305,9.975264487244704e-05,False,test,ABC_189
mp-865195,400,0,400,1.7442813205140387e-16,True,test,ABC2_225
mp-1540016,14,0,12,0.007715631502613244,False,test,AB2C4_88
mp-1223363,2,0,0,,False,test,ABCD2_4
mp-1104145,25,0,3,0.00852819345913802,False,test,A2B2C3_12
mp-1101151,280,0,229,0.00047544587659694684,False,test,ABC2_166
mp-1206231,15,0,14,0.008273550846593718,False,test,ABC2D6_139
mp-35785,127,0,127,0.0002554707138048665,False,test,AB2C4_227
mp-867700,2,0,0,,False,test,AB2C3_167
mp-350,10,0,9,0.013520142121036945,False,test,A4B5_87
mp-1222885,280,0,228,0.00016705166221412903,False,test,ABC2_166
mp-9848,6,0,5,0.0034025688267509784,False,test,AB5_11
mp-755415,53,0,1,0.13569122836073558,False,test,ABC4_63
mp-11508,8,0,2,0.017185656408925457,False,test,AB4_15
mp-23312,20,0,0,,False,test,AB3_59
mp-9033,400,0,337,4.4994128687815026e-05,True,test,AB2C2_139
mp-555037,42,0,20,0.001145096059518806,False,test,AB2_166
mp-1025053,40,0,31,0.0386061760459635,False,test,ABC_139
mp-1216049,1,0,1,0.019753449713907974,False,test,ABC4_39
mp-1078483,17,0,11,0.010989455858879015,False,test,AB2C2_15
mp-2844,29,0,17,0.0005802804401870026,False,test,AB2_141
mp-1216563,4,0,4,0.014933135700528906,False,test,AB2C6_21
mp-1078248,25,0,7,0.006113666197246221,False,test,A2B2C3_12
mp-865781,400,0,400,6.201830691041493e-17,True,test,ABC2_225
mp-28175,36,0,0,,False,test,AB2C6_15
mp-1222340,18,0,17,0.005679256807738181,False,test,ABC2D8_82
mp-23024,177,0,147,0.00736575264433848,False,test,ABC_129
mp-1219337,19,0,19,0.013843695727571518,False,test,AB4C8_25
mp-1095487,127,0,74,0.0008066521458589199,False,test,AB2_194
mp-10446,57,0,57,0.0025620574343821847,False,test,AB2C6_189
mp-10074,2,0,2,0.010162159926713593,False,test,AB2_122
mp-638650,17,0,14,0.008593078006880582,False,test,AB7C12_148
mp-1219019,19,0,19,0.0014093650054407734,False,test,ABC3_119
mp-973893,400,0,400,7.734156844935668e-17,True,test,ABC2_225
mp-640922,305,0,305,0.0006560036945021429,False,test,ABC_189
mp-1052,132,0,121,1.7469922015194117e-16,False,test,AB2_227
mp-7385,2,0,2,0.030650569358470804,False,test,AB2C2D8_166
mp-1205601,156,0,146,0.0031659706420922302,False,test,AB2C2_127
mp-27179,5,0,4,0.020273395058550515,False,test,ABC3_186
mp-1071163,11,0,1,0.0023018402152560043,False,test,AB_189
mp-24375,1,0,1,0.15453168973973821,False,test,ABC4D4_88
mp-22609,130,0,104,0.002217109796732783,False,test,AB2C2_164
mp-32758,8,0,0,,False,test,AB2_64
mp-10965,65,0,50,0.004065809197628479,False,test,ABC2_129
mp-1221664,20,0,2,0.0028191441104578555,False,test,AB2C3_156
mp-1189031,33,0,33,0.012267614439716221,False,test,A3B7_186
mp-1023939,74,0,2,0.025822173317423334,False,test,AB2_164
mp-1185363,400,0,400,6.79388471441888e-17,True,test,ABC2_225
mp-1095587,400,0,360,0.004049943794108781,True,test,ABC_62
mp-545552,0,0,0,,False,test,AB_31
mp-1216077,2,0,0,,False,test,AB3C4_44
mp-1147751,12,0,3,0.0337274006429491,False,test,ABC2D2_123
mp-864876,400,0,400,9.704677575738655e-17,True,test,ABC2_225
mp-1174540,3,0,0,,False,test,A3B5C8_12
mp-763787,0,0,0,,False,test,A8B9_2
mp-1222966,318,0,4,0.09408989560439575,False,test,ABC3_62
mp-22120,273,0,264,0.0,False,test,ABC3_221
mp-1222402,136,0,48,0.0,False,test,ABC2_123
mp-961713,99,0,97,0.0,False,test,ABC_216
mp-570686,1,0,0,,False,test,AB_64
mp-568591,16,0,1,0.01581923614104502,False,test,AB3C5_2
mp-21505,305,0,303,0.0024738057164662313,False,test,ABC_189
mp-1207094,99,0,97,0.0,False,test,ABC_216
mp-1307607,188,0,186,0.010145449308551976,False,test,ABC2D6_14
mp-1104967,30,0,29,0.0029408445955430265,False,test,AB2C3D8_164
mp-11534,4,0,1,0.0773382100073808,False,test,A_62
mp-6674,188,0,186,0.004124093629948823,False,test,ABC2D6_14
mp-769702,15,0,1,0.04996773215422629,False,test,AB4C8_12
mp-930,145,0,145,0.0,False,test,AB_225
mp-30736,80,0,5,0.001344145444141823,False,test,AB3_62
mp-2634,64,0,12,0.0,False,test,AB_187
mp-1112760,400,0,396,1.8543583418893307e-05,True,test,ABC2D6_225
mp-1208296,168,0,37,0.0028529390483758477,False,test,ABC_194
mp-753132,0,0,0,,False,test,AB7C8_12
mp-867274,400,0,400,0.0,True,test,ABC2_225
mp-1101260,10,0,7,0.020274912109699585,False,test,ABC4D12_5
mp-1206822,273,0,264,0.0,False,test,ABC3_221
mp-1218751,6,0,2,0.013240470492500822,False,test,ABC2D2E8_123
mp-1080537,400,0,396,1.8543583418855153e-05,True,test,ABC2D6_225
mp-1102052,23,0,0,,False,test,ABC_59
mp-773184,11,0,11,0.013623050901616796,False,test,ABC2D4_74
mp-10699,273,0,264,0.0,False,test,ABC3_221
mp-2130,132,0,121,2.5811293832125817e-16,False,test,AB2_227
mp-1183288,273,0,264,0.0,False,test,ABC3_221
mp-1102132,400,0,358,0.013302392665046034,True,test,ABC_62
mp-201,93,0,93,0.0014060356999067674,False,test,A3B5_193
mp-557320,1,0,1,0.009679443946322489,False,test,AB2C4D10_139
mp-1113396,400,0,396,0.0005642547526037182,True,test,ABC2D6_225
mp-675748,13,0,11,0.010809170219071284,False,test,AB2C4_121
mp-510380,273,0,264,0.0,False,test,ABC3_221
mp-1206318,4,0,2,0.0028020143229875315,False,test,A3B7_65
mp-1025324,55,0,24,8.626230089582825e-05,False,test,ABC5_123
mp-10014,11,0,7,0.0037928737929982196,False,test,AB2_160
mp-1185810,13,0,13,0.008760869846799673,False,test,AB5_8
mp-1293197,45,0,9,0.052130261874454256,False,test,AB2C4_74
mp-1111578,400,0,396,9.006883374881067e-05,True,test,ABC2D6_225
mp-1176579,1,0,1,0.13095952081127316,False,test,ABC_39
mp-867335,158,0,9,0.026752152791832823,False,test,ABC2_63
mp-866061,400,0,400,6.390810339079376e-17,True,test,ABC2_225
mp-1216587,67,0,52,0.019225280025798794,False,test,ABC6_148
mp-15751,1,0,1,0.08853731520575425,False,test,A3B4C9_146
mp-21877,14,0,14,0.016756129930848063,False,test,AB2C4_55
mp-1208164,30,0,2,0.015224777386802358,False,test,AB2C5_63
mp-1104770,12,0,11,0.0032086603420459388,False,test,A3B3C8_71
mvc-15843,67,0,52,0.00246002226260807,False,test,ABC6_148
mp-754055,110,0,57,0.0006700892461650051,False,test,ABC2_194
mp-1186123,400,0,400,0.0,True,test,ABC2_225
mp-1111258,400,0,396,4.5034416873890526e-05,True,test,ABC2D6_225
mp-865999,400,0,400,9.896967254240706e-17,True,test,ABC2_225
mp-980034,122,0,122,1.7214212318655658e-16,False,test,AB3_225
mp-1111102,400,0,396,0.0007046561699180354,True,test,ABC2D6_225
mp-1223822,8,0,7,0.22580517032641664,False,test,ABC3D4_215
mp-23098,2,0,0,,False,test,ABCD5_11
mp-769800,8,0,8,0.0034305991678365184,False,test,AB4C5_87
mp-1208273,4,0,4,0.05073769713619777,False,test,A2B3_163
mp-30196,107,0,3,0.03520362253098421,False,test,ABC2_62
mp-1219649,9,0,1,0.13121195029022228,False,test,AB2C2D4_12
mp-762018,14,0,12,0.011537382992688555,False,test,ABCD4_82
mp-5090,64,0,32,0.01606694803261647,False,test,AB2C4_12
mp-1220350,3,0,3,0.008690099109731168,False,test,AB2C7_115
mp-1105243,35,0,35,0.019698910304149303,False,test,AB3C6_14
mp-33333,50,0,45,0.00068932226915409,False,test,ABC2_141
mp-1219338,23,0,3,0.01668576973677337,False,test,AB3C4D8_166
mp-777377,19,0,3,0.01926751832103383,False,test,AB3C5_12
mp-1205338,21,0,12,0.00693973474930335,False,test,A2B3C4_15
mp-762282,3,0,1,0.03160150720519322,False,test,A3B5C10_2
mp-1213908,6,0,6,0.007394243976058036,False,test,A3B5_43
mp-14588,11,0,4,0.008530223583274517,False,test,AB2C2_36
mp-1102523,30,0,17,0.037210071416271355,False,test,AB2C3_36
mp-1215908,136,0,130,3.115615162429307e-06,False,test,ABC4_216
mp-862814,400,0,400,1.096753922593434e-16,True,test,ABC2_225
mp-1221431,32,0,1,0.0407322340012485,False,test,ABC2_160
mp-974779,339,0,334,0.0,False,test,AB3_221
mp-1217024,27,0,27,0.0008798818102449998,False,test,ABC6_200
mp-29880,11,0,1,0.05107591089909098,False,test,AB2C4_15
mp-1095504,400,0,363,0.007216300131180522,True,test,ABC_62
mp-1183090,236,0,229,7.450889654131861e-17,False,test,AB3_139
mp-1111977,400,0,396,0.00029404825135664707,True,test,ABC2D6_225
mp-1224552,19,0,19,0.004208616459759247,False,test,AB4C8_25
mp-1072580,26,0,24,0.0011532757232667527,False,test,ABC_109
mp-1111648,400,0,396,0.00010861241716747587,True,test,ABC2D6_225
mp-1228269,5,0,1,0.10007134072308452,False,test,AB3C4D12_12
mp-1257214,5,0,5,0.008785669469859755,False,test,ABC2D5_46
mp-754474,177,0,105,0.0032193520247379742,False,test,ABC_129
mp-1076973,177,0,97,0.006350750187590824,False,test,ABC_129
mp-1221785,22,0,3,0.02778733133718306,False,test,ABC2D6_1
mp-16737,3,0,0,,False,test,AB2C2D5_15
mp-1102145,400,0,362,0.013130735011861653,True,test,ABC_62
mp-8500,36,0,1,0.034742580772144434,False,test,ABC2D6_12
mp-1217703,5,0,5,0.012367535109750027,False,test,AB2C3D3_189
mp-18820,14,0,14,0.003980974467781854,False,test,A2B3C7_139
mp-1208169,89,0,89,0.001215901551446532,False,test,AB2C6_225
mp-504864,3,0,2,0.011825108481694137,False,test,ABC2D8_2
mp-973631,400,0,400,7.237572633376302e-17,True,test,ABC2_225
mp-1184695,236,0,229,9.547513280779207e-17,False,test,AB3_139
mp-1185901,8,0,7,0.002667599076172837,False,test,AB2_155
mp-28554,280,0,228,0.0001936947966039183,False,test,ABC2_166
mp-971737,400,0,400,0.0,True,test,ABC2_225
mp-1224410,14,0,2,0.1388116389561583,False,test,AB4_139
mp-1091394,400,0,396,0.0005298166691114467,True,test,ABC2D6_225
mp-6231,400,0,396,0.0003576262516501446,True,test,ABC2D6_225
mp-1177331,3,0,3,0.01535844690772915,False,test,ABC4D6_5
mp-866160,400,0,400,7.618982466681447e-17,True,test,ABC2_225
mp-1207763,5,0,5,0.020273421412080394,False,test,A2B2C3_71
mp-11080,400,0,367,0.009999816977478268,True,test,ABC_62
mp-18232,8,0,8,0.0059165450704192915,False,test,A2B3C4_64
mp-5610,400,0,349,7.533628221299559e-06,True,test,AB2C2_139
mp-1221734,1,0,1,0.0030736208758121585,False,test,AB3C4_187
mp-23012,5,0,4,0.02986459928240672,False,test,A2B2C3_199
mp-1205992,15,0,15,0.0034533208481402687,False,test,ABC6_225
mp-1078879,158,0,61,0.009027718643328743,False,test,ABC2_63
mp-978744,400,0,348,0.00018132417609398573,True,test,AB3_194
mp-1218375,1,0,1,0.02147519581046393,False,test,A2B3C5_99
mp-1220696,3,0,1,0.057086453299580286,False,test,AB2C4_156
mp-865026,400,0,400,1.408204922677034e-16,True,test,ABC2_225
mp-1190342,93,0,93,0.0020104198626821057,False,test,A3B5_193
mp-10366,48,0,41,0.001375495501403125,False,test,AB2C3_194
mp-16482,400,0,400,1.422233098473166e-16,True,test,ABC2_225
mp-1218513,8,0,7,0.011495735102700308,False,test,AB3C4D12_229
mp-1216648,23,0,9,0.014386700043334165,False,test,ABC_156
mp-754021,30,0,5,0.005423575899117825,False,test,ABC5_15
mp-1186171,400,0,400,6.390946890213204e-17,True,test,ABC2_225
mp-866141,400,0,400,1.0462276077989987e-16,True,test,ABC2_225
mp-8466,13,0,11,0.0023968115709158988,False,test,ABC3_65
mp-1080546,69,0,67,0.002826301482702007,False,test,AB2C2_129
mp-1105841,80,0,64,0.0049011528982617954,False,test,AB3_62
mp-27208,53,0,2,0.014616993438297053,False,test,ABC3_194
mp-1103520,51,0,2,0.02363401489123344,False,test,AB2C3_12
mp-1227775,35,0,32,0.02279388984534426,False,test,AB3C4D12_6
mp-1025099,19,0,3,0.04063741935828386,False,test,ABC_164
mp-1218525,1,0,1,0.0029808909908071225,False,test,AB2C2D3E12_166
mp-1094951,20,0,20,0.0045975248356153655,False,test,AB5_38
mp-696752,2,0,2,0.04852372424899554,False,test,ABC2D4_122
mp-540574,1,0,0,,False,test,A2B3C8_8
mp-1025513,70,0,47,0.014867715673036278,False,test,AB_62
mp-1078760,305,0,305,0.0003897188283502153,False,test,ABC_189
mvc-14149,5,0,4,0.014562109820750107,False,test,AB2_87
mp-949029,3,0,3,2.108872963373525e-32,False,test,A_223
mp-1053,168,0,166,0.0,False,test,AB_221
mp-566257,6,0,2,0.017831151255206294,False,test,A3B4C8_166
mp-612861,1,0,0,,False,test,AB2C2_74
mp-13863,5,0,1,0.06125558051233685,False,test,ABC3_19
mp-127,16,0,16,0.0,False,test,A_229
mp-1111573,400,0,396,0.0008477066705782429,True,test,ABC2D6_225
mp-6205,7,0,7,0.0028057525973919206,False,test,AB2C4D8_65
mp-1205332,4,0,4,0.010309512896335495,False,test,AB3C6_167
mp-977424,400,0,400,1.1486857770289807e-16,True,test,ABC2_225
mp-1220152,26,0,24,0.0001632049520615447,False,test,ABC_109
mp-1223235,1,0,1,0.02376365791584573,False,test,A4B5C8_99
mp-1183663,400,0,353,0.000358031053243943,True,test,AB3_194
mp-756372,2,0,2,0.031883326214056006,False,test,AB2C2_60
mp-1183464,400,0,400,0.0,True,test,ABC2_225
mp-1206718,88,0,81,0.0,False,test,ABC_187
mp-30299,2,0,0,,False,test,ABC2_57
mp-1184156,339,0,334,0.0,False,test,AB3_221
mp-1183862,400,0,400,1.0274062664632968e-16,True,test,ABC2_225
mp-19979,400,0,344,0.0001759586867991664,True,test,AB2C2_139
mp-753123,17,0,0,,False,test,AB2C4_64
mp-1189011,17,0,17,0.004481977758978928,False,test,AB3C6_182
mp-15218,18,0,18,0.00444721965408124,False,test,ABC2D4_70
mp-8884,27,0,22,1.6252865814738003e-05,False,test,AB_186
mp-20841,400,0,396,0.0001358714847936548,True,test,ABC2D6_225
mp-755268,2,0,1,0.034334153196368546,False,test,A5B6C7_8
mp-1438,339,0,334,0.0,False,test,AB3_221
mp-996997,2,0,0,,False,test,ABC2_53
mp-29638,48,0,48,0.004029385028095908,False,test,ABC_198
mp-849083,0,0,0,,False,test,A2B3_143
mp-7073,53,0,38,0.004001457528931627,False,test,ABC3_194
mp-20999,273,0,264,0.0,False,test,ABC3_221
mp-1223251,21,0,21,0.004789025620198995,False,test,A2B3C3_47
mp-1084847,33,0,7,0.0013192729636014586,False,test,AB3_63
mp-1211080,188,0,185,0.006078065633485858,False,test,ABC2D6_14
mp-573947,26,0,25,0.007834315268773873,False,test,AB2C2_72
mp-753810,3,0,0,,False,test,ABC2D4_4
mp-760177,3,0,3,0.007346334584971534,False,test,AB3C5_65
mp-1112457,400,0,396,0.00019405311222815493,True,test,ABC2D6_225
mp-2536,38,0,36,0.0002494438912754699,False,test,AB2_140
mp-25542,6,0,1,0.026139685203628853,False,test,ABC2_8
mp-14285,31,0,5,0.013306243917723492,False,test,AB2_14
mp-1223927,136,0,50,0.0002695198518746133,False,test,ABC2_123
mp-1079228,11,0,5,0.004881833057366965,False,test,AB3C4_215
mp-1184058,400,0,353,0.0001901592023065606,True,test,AB3_194
mp-1222482,0,0,0,,False,test,ABC5D6_1
mp-1213847,10,0,8,0.005152962787763365,False,test,AB3C3_194
mp-7494,25,0,1,0.019198228043107255,False,test,A2B3C4_12
mp-5808,280,0,228,0.0006222775510274558,False,test,ABC2_166
mp-20249,400,0,367,0.006796062941626502,True,test,ABC_62
mp-675621,5,0,4,0.020831585481887734,False,test,AB3C5_15
mp-1224021,5,0,5,0.004094822535475338,False,test,AB2C3D3_189
mp-1066783,9,0,4,0.01928036095286134,False,test,AB_164
mp-1211093,16,0,16,0.003916746240701471,False,test,ABCD6_163
mp-1114690,100,0,100,0.000328486334849087,False,test,AB3C6_225
mp-1104456,25,0,3,0.012442026336669411,False,test,A2B2C3_12
mp-985471,400,0,400,1.3425848528545488e-16,True,test,ABC2_225
mp-20290,88,0,74,0.0016459377008062528,False,test,ABC_186
mp-31180,53,0,24,0.0013053858884555535,False,test,ABC4_63
mp-574021,60,0,38,0.0011379771565792523,False,test,AB2C2_71
mp-1220000,23,0,22,0.009814673184413708,False,test,AB2C4_38
mp-1225207,1,0,1,0.0304438921337546,False,test,A2B3C3_4
mp-1218324,7,0,7,7.1454239379310715e-06,False,test,ABCD2_123
mp-1207623,8,0,7,0.023387221002661794,False,test,A2B5C12_12
mp-571619,7,0,7,0.01817240308102675,False,test,ABC_190
mp-12947,110,0,9,0.006691762803726638,False,test,ABC2_194
mp-864889,400,0,354,0.00020905400625477797,True,test,AB3_194
mp-1095111,69,0,67,0.0015802690742984446,False,test,AB2C2_129
mp-1187803,400,0,400,1.8898815748137392e-06,True,test,ABC2_225
mp-504746,1,0,1,0.06964896143711934,False,test,A2B5_72
mp-1216014,1,0,0,,False,test,AB3C6_26
mp-754370,26,0,26,0.005677187457256525,False,test,AB3C5_140
mp-542178,11,0,11,0.04104173350682043,False,test,A2B2C15_166
mp-1099821,1,0,1,0.02572161107295644,False,test,AB2C2D3E12_25
mp-5724,4,0,0,,False,test,ABC4_4
mp-767222,1,0,0,,False,test,AB2C2D8_8
mp-862954,339,0,334,0.0,False,test,AB3_221
mp-571428,0,0,0,,False,test,AB2C3_181
mp-777608,19,0,1,0.09697740088628996,False,test,A5B6C7_1
mp-10270,273,0,264,0.0,False,test,ABC3_221
mp-22987,177,0,56,0.0030193891134477147,False,test,ABC_129
mp-4729,400,0,374,5.854016836560795e-05,True,test,AB2C2_139
mp-865497,400,0,400,1.9546627567974212e-16,True,test,ABC2_225
mp-1217394,17,0,14,0.006797363652572341,False,test,ABC4_164
mp-22788,400,0,374,1.1739492786416183e-05,True,test,AB2C2_139
mp-1186698,400,0,400,9.543229079499148e-17,True,test,ABC2_225
mp-11372,339,0,334,0.0,False,test,AB3_221
mp-571353,62,0,0,,False,test,AB5_191
mp-1103656,2,0,0,,False,test,A2B2C3_15
mp-1223882,37,0,34,7.540496694239667e-05,False,test,ABC4_187
mp-1104175,30,0,30,0.0005099251682743529,False,test,AB6C6_191
mp-773114,6,0,3,0.05863396130270847,False,test,A2B3C10_12
mp-543001,5,0,5,0.0027662909935266024,False,test,A4B5_193
mp-1246314,78,0,78,0.0042217865142252,False,test,AB2C3D8_166
mp-1225842,20,0,20,0.006340535956538239,False,test,ABC2D4_82
mp-999126,280,0,229,0.00013977564111508615,False,test,ABC2_166
mp-7050,63,0,62,0.008708710404013683,False,test,ABCD3_63
mp-567724,42,0,19,0.004402066525367419,False,test,AB2_166
mp-7878,400,0,365,0.0002712412748060954,True,test,AB2C2_139
mp-991652,11,0,6,0.012737346662472629,False,test,AB3C4_215
mp-30759,400,0,400,0.0,True,test,ABC2_225
mp-1184527,400,0,400,1.2552945823611556e-16,True,test,ABC2_225
mp-1078597,11,0,5,0.016406682297161735,False,test,AB3C4_215
mp-1101237,2,0,0,,False,test,A5B6C7_8
mp-3618,46,0,15,0.008654963774095198,False,test,AB2C2_12
mp-1065793,83,0,71,0.0013947412402786337,False,test,AB_63
mp-754360,6,0,6,0.021875073544308156,False,test,AB3C4_139
mp-1112490,400,0,396,6.887616698440026e-05,True,test,ABC2D6_225
mp-11749,8,0,7,0.005224782999992708,False,test,A2B2C5_64
mp-722516,8,0,0,,False,test,ABC2D5_2
mp-19270,34,0,34,0.028122526539441875,False,test,ABC3_161
mp-1206659,49,0,46,0.0,False,test,AB_123
mp-550898,7,0,1,0.01893524579861996,False,test,AB2C2D8_2
mp-989578,400,0,396,0.0002887500846655038,True,test,ABC2D6_225
mp-19996,400,0,396,4.768350022002016e-05,True,test,ABC2D6_225
mp-27661,1,0,0,,False,test,A2B2C5_65
mp-1219968,4,0,1,0.04359534949253194,False,test,ABC2D2_6
mp-982613,400,0,400,1.0007003959464812e-16,True,test,ABC2_225
mp-1208861,124,0,124,0.0008724825450905363,False,test,AB3C5_193
mp-865178,400,0,400,1.5570535624692504e-16,True,test,ABC2_225
mp-1222913,136,0,130,2.7541554678756264e-05,False,test,ABC4_216
mp-1188913,7,0,0,,False,test,AB3_2
mp-1018808,177,0,119,0.013572877458345843,False,test,ABC_129
mp-1285136,15,0,2,0.01689818781883849,False,test,AB2C4_2
mp-643706,26,0,26,0.00535660342341151,False,test,AB3C5_140
mp-1023507,8,0,8,0.004571931882407353,False,test,AB15_187
mp-1209066,46,0,0,,False,test,AB2C2_12
mp-1019253,37,0,35,0.00024132432649174126,False,test,AB2_129
mp-862424,400,0,400,1.4572018062897862e-16,True,test,ABC2_225
mp-1289702,1,0,1,0.03488143875898992,False,test,A3B4_74
mp-20389,51,0,51,1.5255763420512338e-16,False,test,ABC2_216
mp-1185959,42,0,0,,False,test,AB2_166
mp-756537,23,0,20,0.0047677291703208755,False,test,AB3C4D8_166
mp-11444,158,0,57,0.0018218164391646966,False,test,ABC2_63
mp-5372,25,0,3,0.023708017483835744,False,test,ABC2_15
mp-1397,102,0,80,0.00909475478503217,False,test,AB2_62
mp-23227,52,0,24,0.2628413674646724,False,test,AB_194
mp-1186538,122,0,122,9.441699009336509e-17,False,test,AB3_225
mp-1210722,3,0,3,0.01650161293154546,False,test,ABCD6_18
mp-570707,31,0,8,0.0018654854671706963,False,test,AB2_14
mp-4952,156,0,147,0.0022444152037595076,False,test,AB2C2_127
mp-9371,80,0,63,0.00488831657870125,False,test,AB3_62
mp-505597,35,0,32,0.0006157187978073242,False,test,AB2C4_136
mp-2123,4,0,0,,False,test,A2B3_139
mp-5213,51,0,47,0.0003568285414622981,False,test,ABC2_122
mp-567354,1,0,1,0.03693002795019464,False,test,AB3_162
mp-9063,11,0,9,0.011497525798174578,False,test,AB_189
mp-1218373,2,0,1,0.011825583844492301,False,test,AB2C2_187
mp-1182375,15,0,1,0.027691136302343183,False,test,AB4C8_12
mp-1094601,77,0,16,0.009084303008620327,False,test,AB2_12
mp-996987,2,0,2,0.07513991193184257,False,test,ABC2_58
mp-1208826,31,0,1,0.027994553475547117,False,test,A2B3C3_63
mp-1187514,400,0,352,0.00021968728167918715,True,test,AB3_194
mp-1183995,339,0,334,0.0,False,test,AB3_221
mp-28357,1,0,1,0.005770000341182032,False,test,AB3C6_162
mp-3342,24,0,5,0.011029940557776514,False,test,ABC3_12
mp-1187363,400,0,400,0.0,True,test,ABC2_225
mp-7800,40,0,6,0.010251760956684387,False,test,ABC2_14
mp-4692,400,0,347,1.9263452480237914e-05,True,test,AB2C2_139
mp-1080814,156,0,145,0.002982928799760633,False,test,AB2C2_127
mp-1103947,0,0,0,,False,test,A2B5_109
mp-1226789,6,0,6,0.02456590980376854,False,test,ABC4D8_160
mp-1229029,0,0,0,,False,test,AB3C9_123
mp-864922,400,0,400,0.0,True,test,ABC2_225
mp-1218008,48,0,41,0.0014789222837841005,False,test,AB2C3_194
mp-3398,10,0,10,0.006760983361101977,False,test,AB2C2_65
mp-1185518,400,0,400,1.7023391388659353e-16,True,test,ABC2_225
mp-1186407,400,0,400,6.743830635986662e-17,True,test,ABC2_225
mp-1008376,122,0,122,1.8064608545867817e-16,False,test,AB3_225
mp-1079584,156,0,142,0.0038977727503155075,False,test,AB2C2_127
mp-776457,0,0,0,,False,test,ABC4D11_1
mp-761716,12,0,0,,False,test,AB2C3_65
mp-1189510,124,0,124,0.006643097033660962,False,test,AB3C5_193
mp-1029775,7,0,3,0.045666370479304164,False,test,ABC2_64
mp-1103766,11,0,8,0.0023908171534457127,False,test,ABCD4_12
mp-11037,45,0,40,0.0019634119972527877,False,test,AB4C8_139
mp-21067,400,0,400,1.03284621015458e-16,True,test,ABC2_225
mp-1223551,2,0,0,,False,test,ABC4_8
mp-21242,88,0,3,0.0016857460252690162,False,test,ABC_187
mp-1111574,400,0,396,0.0005112730856925933,True,test,ABC2D6_225
mp-29091,0,0,0,,False,test,AB4C4_121
mp-607450,9,0,7,0.004164152764604816,False,test,AB3_136
mp-21272,99,0,97,2.1084333706764376e-16,False,test,ABC_216
mp-8426,55,0,55,1.856779261928965e-16,False,test,AB2_225
mp-1025181,25,0,7,0.005529873883270324,False,test,A2B2C3_12
mp-510569,63,0,62,0.006586669784104781,False,test,ABCD3_63
mp-642804,0,0,0,,False,test,AB2C2D2E3F8_12
mp-1009088,51,0,47,0.0015204909839329228,False,test,ABC2_122
mp-636316,127,0,6,0.0008650214416560263,False,test,AB2_194
mp-1224193,136,0,130,9.19728631015933e-06,False,test,ABC4_216
mp-1226574,8,0,8,0.0030481154414977517,False,test,AB4C5_123
mp-1080480,158,0,8,0.009845019461130904,False,test,ABC2_63
mp-9027,132,0,10,0.003728775142695512,False,test,AB2_227
mp-1187497,400,0,400,7.177490752762992e-17,True,test,ABC2_225
mp-1188051,400,0,351,7.840130366537866e-05,True,test,AB3_194
mp-14763,9,0,0,,False,test,AB3C3_63
mp-1245680,20,0,18,0.0051044013321538805,False,test,AB3_59
mp-29145,0,0,0,,False,test,AB3_198
mp-20196,2,0,2,0.0027377129196613395,False,test,AB4_124
mp-972520,400,0,400,7.346770171296657e-17,True,test,ABC2_225
mp-1206233,28,0,12,0.00034202049234475455,False,test,ABC_63
mp-866146,400,0,400,6.737863941270967e-17,True,test,ABC2_225
mp-754829,23,0,20,0.019937282467609882,False,test,AB4C4_2
mp-978833,400,0,400,9.90156836613878e-17,True,test,ABC2_225
mp-1519191,400,0,396,4.476950853673299e-06,True,test,ABC2D6_225
mp-3829,51,0,47,0.0013316550888033915,False,test,ABC2_122
mp-27852,5,0,5,0.047852787759052606,False,test,A2B2C3_199
mp-4299,305,0,303,0.0002105971823895831,False,test,ABC_189
mp-542846,8,0,1,0.07292317424582218,False,test,AB_15
mp-1013558,273,0,264,0.0,False,test,ABC3_221
mvc-5666,188,0,186,0.01339665483977124,False,test,ABC2D6_14
mp-413,37,0,35,0.0007135395838340277,False,test,AB2_129
mp-1221750,1,0,0,,False,test,AB2C3D3_38
mp-11176,6,0,6,0.0029882716726757842,False,test,A3B4C4_217
mp-19177,43,0,36,0.0007279555845888714,False,test,AB2_136
mp-560710,400,0,396,9.801608378551355e-05,True,test,ABC2D6_225
mp-976032,400,0,400,9.019528803185643e-17,True,test,ABC2_225
mp-867749,48,0,37,0.016819189081681313,False,test,ABC3_148
mp-1095292,102,0,0,,False,test,AB2_62
mp-849271,318,0,226,0.01062668949575193,False,test,ABC3_62
mp-1078544,156,0,144,0.0027221950577881893,False,test,AB2C2_127
mp-1641880,38,0,37,0.013174906633802604,False,test,ABCDE6_7
mp-755978,19,0,4,0.026326285441044022,False,test,AB3C5_12
mp-1210761,0,0,0,,False,test,ABC2_191
mp-1188613,2,0,0,,False,test,ABC3_13
mp-505663,3,0,0,,False,test,AB2C7_11
mp-1184649,400,0,400,1.559241139903648e-16,True,test,ABC2_225
mp-22941,168,0,114,3.665343476697596e-17,False,test,ABC_194
mp-1519016,130,0,130,8.236000121329413e-05,False,test,ABCDE6_216
mp-863732,400,0,400,1.3535905855047708e-16,True,test,ABC2_225
mp-694946,2,0,2,0.02405090829145782,False,test,ABCD3E3_15
mp-1187909,339,0,334,0.0,False,test,AB3_221
mp-754546,53,0,50,0.02335684834598203,False,test,ABCD4_74
mp-14172,0,0,0,,False,test,AB2_213
mp-1215682,9,0,6,0.01751667430382759,False,test,ABC3_40
mp-1114636,100,0,100,0.00011655966720455638,False,test,AB3C6_225
mp-1228948,2,0,0,,False,test,ABC2D8_5
mp-1215499,6,0,6,0.0005029725593316695,False,test,ABC12_225
mp-29403,6,0,6,0.08233736546101393,False,test,ABC4_82
mp-1237338,11,0,1,0.04832311922854155,False,test,AB3C6_2
mp-1184136,400,0,400,1.202420204390022e-16,True,test,ABC2_225
mp-30867,168,0,166,0.0,False,test,AB_221
mp-774520,48,0,39,0.007500612574334553,False,test,ABC3_148
mp-19737,177,0,155,0.003384276046514895,False,test,ABC_129
mp-1187281,339,0,334,0.0,False,test,AB3_221
mp-567727,25,0,10,0.002331142362594495,False,test,AB2C2_194
mp-568040,0,0,0,,False,test,AB2C9_65
mp-1077151,4,0,0,,False,test,ABC_71
mp-1209357,30,0,29,0.02721191014654062,False,test,AB2C3D8_164
mp-1188518,33,0,33,0.0033259414187354498,False,test,A2B3C5_72
mp-4412,4,0,4,0.004045980931399418,False,test,A3B4C4_38
mvc-12181,0,0,0,,False,test,AB4C8_8
mp-20677,400,0,354,8.034209777635664e-05,True,test,AB2C2_139
mp-1223215,53,0,42,0.004040957804037656,False,test,AB2C3_166
mp-1079255,16,0,9,0.0006917003817676508,False,test,AB2C2_70
mp-2187,52,0,29,8.089823873056561e-17,False,test,AB_194
mp-1206691,136,0,130,4.5895877281789016e-05,False,test,ABC4_216
mp-1104786,1,0,0,,False,test,AB2C6D6_148
mp-1177448,8,0,5,0.00959829218113179,False,test,AB3C4D12_3
mp-1206882,14,0,9,0.0038029798562565827,False,test,ABC3_99
mp-23039,57,0,57,0.004370654696516682,False,test,AB2C6_189
mp-1205903,305,0,305,0.00043162262027537446,False,test,ABC_189
mp-1087238,69,0,67,0.002847027829600748,False,test,AB2C2_129
mp-1112015,400,0,396,6.622708363888568e-05,True,test,ABC2D6_225
mp-1217577,1,0,1,0.016861234094807918,False,test,ABC5D6_44
mp-672,27,0,22,8.527237162244296e-05,False,test,AB_186
mp-1106237,53,0,4,0.0018993986735040724,False,test,AB3_166
mp-1519221,52,0,52,0.00850801701189283,False,test,ABCDE6_2
mp-1111601,400,0,396,0.0016689225077011352,True,test,ABC2D6_225
mp-770635,50,0,45,0.0010124484633179142,False,test,ABC2_141
mp-1225734,19,0,19,0.0054125829884873146,False,test,AB4C8_25
mp-1205918,39,0,37,0.0022723107358131613,False,test,AB2C6_38
mp-1183890,400,0,400,9.416568898040639e-17,True,test,ABC2_225
mp-14192,2,0,2,0.015218372289479642,False,test,AB2C6_150
mp-1519157,38,0,37,0.027384974485106274,False,test,ABCDE6_7
mp-1019280,168,0,113,0.0,False,test,ABC_194
mp-864791,400,0,400,1.1473570584939274e-16,True,test,ABC2_225
mp-1080650,52,0,48,0.006327800696691726,False,test,ABCD_129
mp-556506,30,0,22,0.01865965668662911,False,test,ABC5_15
mp-25426,9,0,4,0.015582865081743025,False,test,ABCD4_2
mp-1223099,22,0,5,0.010483478839150505,False,test,ABC2_26
mp-1228363,5,0,0,,False,test,AB2C2D6_12
mp-1183053,273,0,264,0.0,False,test,ABC3_221
mp-16245,168,0,114,7.816748863414368e-17,False,test,ABC_194
mp-1114632,100,0,100,1.3245416727639981e-05,False,test,AB3C6_225
mp-1186447,400,0,351,5.261940559801064e-05,True,test,AB3_194
mp-23507,52,0,44,0.0121613855844577,False,test,AB2C5_140
mp-976358,339,0,334,0.0,False,test,AB3_221
mp-1105618,0,0,0,,False,test,ABC2D2E3_167
mp-10021,10,0,0,,False,test,A_63
mp-1095431,400,0,356,0.006312851053086951,True,test,ABC_62
mp-31066,50,0,45,0.008190030264293957,False,test,ABC2_141
mp-756684,0,0,0,,False,test,A2B2C3D10_42
mp-30585,62,0,62,3.264587479546742e-17,False,test,AB5_191
mp-1189800,93,0,93,0.005992065339875838,False,test,A3B5_193
mp-1188465,26,0,26,0.006638365529115405,False,test,AB3C5_140
mp-849292,7,0,0,,False,test,A4B5C7_1
mp-623827,132,0,121,1.8440170777703993e-16,False,test,AB2_227
mp-1219164,188,0,185,0.012678409760001555,False,test,ABC2D6_14
mp-1080643,158,0,8,0.001726857937302869,False,test,ABC2_63
mp-759876,0,0,0,,False,test,AB5C5_5
mp-11609,5,0,0,,False,test,AB2C2_11
mp-1190095,107,0,28,0.0024344530152959182,False,test,ABC2_62
mp-1180547,49,0,24,0.04909545118432982,False,test,ABC4_15
mp-754919,0,0,0,,False,test,ABC3_7
mp-1206874,145,0,145,0.0,False,test,AB_225
mp-1246245,1,0,1,0.06429449092962557,False,test,A3B8C8_12
mp-1226488,11,0,11,0.002515716837024437,False,test,ABC4_166
mp-978266,400,0,400,1.2258456549418342e-16,True,test,ABC2_225
mp-1227306,3,0,0,,False,test,ABC_160
mp-760941,19,0,4,0.02988021210095008,False,test,AB3C5_12
mp-19764,339,0,334,0.0,False,test,AB3_221
mp-19148,16,0,14,0.021335304960614265,False,test,A2B2C3_14
mp-560923,0,0,0,,False,test,ABC4D4_85
mp-1206485,26,0,24,0.0006738805415424165,False,test,ABC_109
mp-1078777,43,0,3,0.012320997429838809,False,test,AB2C6_71
mp-760546,0,0,0,,False,test,AB2C2D6_1
mp-1218996,44,0,33,0.0,False,test,AB_166
mp-1221364,25,0,15,0.001393652447421434,False,test,ABC2_164
mp-8770,26,0,25,0.010993913685577365,False,test,AB2C2_72
mp-1094815,4,0,4,0.0368449467604217,False,test,AB2_38
mp-1080793,33,0,7,0.012377763723606737,False,test,AB3_63
mp-978921,17,0,16,0.002672912300577013,False,test,AB4C4_86
mp-1186006,400,0,400,1.5256000509424391e-16,True,test,ABC2_225
mp-1185124,236,0,228,0.0,False,test,AB3_139
mp-1189358,40,0,40,0.0006736862352635182,False,test,AB4C12_204
mp-862720,400,0,400,0.0,True,test,ABC2_225
mp-1185602,400,0,400,0.0,True,test,ABC2_225
mp-1222754,15,0,1,0.003256983849791971,False,test,ABC6_166
mp-26575,15,0,4,0.018153299031603315,False,test,AB2C3D8_12
mp-1080163,17,0,2,0.004943640616053196,False,test,AB3C4D4_156
mp-569331,0,0,0,,False,test,AB2C6_127
mp-996941,400,0,396,0.00020927758429895995,True,test,ABC2D6_225
mp-1102167,53,0,28,0.003934267655457721,False,test,AB3_166
mp-2644,52,0,25,1.1609178135305206e-16,False,test,AB_194
mp-865869,400,0,400,8.325591669468278e-17,True,test,ABC2_225
mp-30180,2,0,2,0.005089872880293351,False,test,AB4_8
mp-1186390,400,0,400,1.8898815746874165e-06,True,test,ABC2_225
mp-1106295,2,0,2,0.01961022849155531,False,test,A2B4C4D9_12
mp-443,44,0,27,0.009909483655460112,False,test,AB2_74
mp-27173,3,0,1,0.0028382701475341545,False,test,AB4_2
mp-1208338,3,0,1,0.01585973048552141,False,test,ABC4_180
mp-984104,400,0,400,1.1917754139754538e-16,True,test,ABC2_225
mp-30996,22,0,0,,False,test,ABC4_14
mp-1113303,400,0,396,8.741975040335234e-05,True,test,ABC2D6_225
mp-1173103,33,0,20,0.006144245062132336,False,test,ABC2_156
mp-1541458,3,0,2,0.016775424753123238,False,test,AB2C8_164
mp-31243,3,0,0,,False,test,AB2_7
mp-20905,30,0,29,0.0003464382670680458,False,test,AB2_205
mp-1188302,93,0,93,0.0003998459954170795,False,test,A3B5_193
mp-16502,102,0,72,0.004451699769407816,False,test,AB2_62
mp-20197,110,0,57,0.00044727855134176105,False,test,ABC2_194
mp-1103298,4,0,0,,False,test,ABCD3_4
mp-1104760,0,0,0,,False,test,AB2C2_147
mp-1222325,8,0,8,0.015059911260040996,False,test,ABCD3_36
mp-1205915,7,0,7,0.002883523861270855,False,test,AB3C6_139
mp-1114449,400,0,396,1.0596333382215277e-05,True,test,ABC2D6_225
mp-753227,4,0,3,0.004892919606010245,False,test,ABC2_186
mp-1216911,8,0,8,0.009690660914395372,False,test,ABCD3_36
mp-3736,400,0,400,1.0863282469860656e-16,True,test,ABC2_225
mp-1184202,400,0,400,1.7091227688554575e-16,True,test,ABC2_225
mp-27166,0,0,0,,False,test,A3B7_2
mp-1223654,44,0,33,0.0,False,test,AB_166
mp-977416,400,0,400,7.638074092226851e-17,True,test,ABC2_225
mp-1217900,1,0,1,0.008463469226109053,False,test,ABC_153
mp-1214793,42,0,12,0.005262942848529523,False,test,ABC_14
mp-1216629,58,0,38,0.0047066843046548,False,test,ABC_12
mp-23807,8,0,4,0.016096927964773085,False,test,ABC2_31
mp-21278,158,0,56,0.003888169044246606,False,test,ABC2_63
mp-21041,40,0,40,0.0015478003111313724,False,test,AB4C12_204
mp-1221485,20,0,1,0.02120533579781036,False,test,AB2C3_156
mp-1215540,6,0,6,0.016568634661814192,False,test,ABCD_24
mp-1102029,63,0,62,0.003769524623989152,False,test,ABCD3_63
mp-1080123,400,0,396,2.6490833455236862e-05,True,test,ABC2D6_225
mp-1112992,400,0,396,8.212158371227031e-05,True,test,ABC2D6_225
mp-975887,236,0,229,0.0,False,test,AB3_139
mp-1189077,107,0,28,0.005169195732721499,False,test,ABC2_62
mp-1219021,0,0,0,,False,test,AB2C7_42
mp-10927,1,0,1,0.017888367507121077,False,test,AB2C2D2_15
mp-1542014,38,0,27,0.006243454100177382,False,test,ABC2D6_148
mp-550306,0,0,0,,False,test,AB2C2D2E4_139
mp-20029,273,0,264,0.0,False,test,ABC3_221
mp-1185908,168,1,166,0.0,False,test,AB_221
mp-1106373,93,0,93,0.0020334231961753138,False,test,A3B5_193
mp-754652,7,0,0,,False,test,A4B5C7_1
mp-30671,127,0,25,1.2266677488388894e-16,False,test,AB2_194
mp-8146,11,0,11,0.0032084304231397446,False,test,ABC4_166
mp-1232208,68,0,66,0.0012919768344477698,False,test,AB2C4_122
mvc-5889,4,0,4,0.02857809351736037,False,test,ABC6_14
mp-8843,48,0,48,0.0128260915013149,False,test,ABC_198
mp-11382,62,0,62,1.593722819878151e-16,False,test,AB5_191
mp-1018053,52,0,17,3.483682365285828e-17,False,test,AB_194
mp-1080043,4,0,0,,False,test,A_62
mp-976356,400,0,354,0.00040212470185917615,True,test,AB3_194
mp-1078863,25,0,7,0.00521555227765996,False,test,A2B3C4_12
mp-865284,400,0,400,1.912866415252898e-16,True,test,ABC2_225
mp-1025340,13,0,2,0.009985690237286038,False,test,AB2C4_121
mp-1102268,400,0,360,0.005214091736630961,True,test,ABC_62
mp-22879,145,0,145,0.0,False,test,AB_225
mp-20650,53,0,38,0.0008365474459801189,False,test,ABC3_194
mp-1224284,5,0,5,0.030154297078045633,False,test,ABC2D4_160
mp-1103130,4,0,4,0.0012330893503423757,False,test,AB2C9_191
mp-865323,64,0,21,0.015397944520280153,False,test,AB2_63
mp-867207,400,0,400,1.0498854458179818e-16,True,test,ABC2_225
mp-545529,30,0,29,0.002236483660189621,False,test,ABC2D4_123
mp-1188494,188,0,185,0.005445119731476126,False,test,ABC2D6_14
mp-756920,15,0,3,0.010385504106533053,False,test,AB2C3D8_12
mp-1213701,2,0,2,0.02034572677582651,False,test,AB3C5_127
mp-1214123,40,0,40,0.0003028244606483106,False,test,AB4C12_204
mp-976982,64,0,21,0.04187327467462096,False,test,AB2_63
mp-1183416,400,0,400,1.1409723384097302e-16,True,test,ABC2_225
mp-505740,18,0,12,0.022474780889352685,False,test,AB2C4_11
mp-24971,13,0,8,0.005223144296164085,False,test,ABC2D5_123
mp-23438,273,1,264,3.080946236673793e-17,False,test,ABC3_221
mp-1215847,53,0,39,0.00038922714424374067,False,test,AB2C3_166
mp-756201,15,0,10,0.01083659696330925,False,test,ABCD4_63
mp-1205716,156,0,147,0.0012561828301566294,False,test,AB2C2_127
mp-764005,36,0,6,0.027339721629357577,False,test,AB3C4D8_12
mp-1009581,74,0,44,0.0002670583756468911,False,test,AB2_164
mp-567769,400,0,333,5.7545654566385597e-05,True,test,AB2C2_139
mp-1102373,400,0,360,0.004278483783172148,True,test,ABC_62
mp-1221590,5,0,4,0.008696637687276215,False,test,AB3C4_160
mp-999265,280,0,228,0.0003538275531348347,False,test,ABC2_166
mp-1205465,1,0,0,,False,test,A4B6C7_12
mp-1097860,43,1,38,0.0004062049432055056,False,test,AB2_136
mp-1030453,36,0,4,0.010111731407594353,False,test,AB2C3D6_156
mp-559766,11,0,0,,False,test,AB3C4_12
mp-1223888,14,0,12,0.02726057555099727,False,test,ABCD4_82
mp-1226292,0,0,0,,False,test,A3B3C4_146
mp-755095,10,0,1,0.07445145222587742,False,test,AB2C3_38
mp-559492,400,0,280,0.00015598406421429874,True,test,AB2C2_139
mp-1227647,0,0,0,,False,test,ABCDE3F7_8
mp-1518357,400,0,396,3.3193014319545616e-05,True,test,ABC2D6_225
mp-1212890,318,0,43,0.015235557931565152,False,test,ABC3_62
mp-604908,22,0,11,0.017050602224966,False,test,AB_129
mp-862722,400,0,400,8.360596783978379e-17,True,test,ABC2_225
mp-1002107,83,0,71,0.0002622800160229527,False,test,AB_63
mp-1111246,400,0,396,2.11926667642958e-05,True,test,ABC2D6_225
mp-691106,34,0,34,0.010464590726040042,False,test,ABC3_161
mp-12070,52,0,20,8.726211627422425e-17,False,test,AB_194
mp-21267,156,0,147,0.0017329405837806068,False,test,AB2C2_127
mp-1105663,40,0,40,0.0012756388471465694,False,test,A3B3C4_220
mp-10167,7,0,7,0.011815377681169782,False,test,AB3C4_217
mp-15147,18,0,18,0.014594150507601168,False,test,ABC2D4_70
mp-1207213,400,0,396,2.9139916801064384e-05,True,test,ABC2D6_225
mp-1216162,0,0,0,,False,test,AB2C5D5_2
mp-1184526,400,0,400,9.924002159714652e-17,True,test,ABC2_225
mp-1218969,8,0,4,0.0005302625778627355,False,test,ABC12_123
mp-510262,9,0,9,0.05995773564758412,False,test,AB3_193
mp-560490,4,0,0,,False,test,AB2C2D4_15
mp-20258,339,0,334,0.0,False,test,AB3_221
mp-1209874,4,0,4,0.00759795413150372,False,test,A3B5C6_71
mp-1183627,339,0,334,0.0,False,test,AB3_221
mvc-10006,11,0,6,0.014390776423230533,False,test,AB2C4_160
mp-865169,400,0,400,0.0,True,test,ABC2_225
mp-25976,36,0,8,0.05963108985608131,False,test,AB2C6_15
mp-1080624,305,0,305,0.0016930807576095988,False,test,ABC_189
mp-1079632,36,0,22,0.00945998573627437,False,test,ABC2D6_12
mp-1280895,130,0,130,0.002290463998110543,False,test,ABCDE6_216
mp-11020,110,0,21,0.0014168260440033224,False,test,ABC2_194
mp-1076711,273,0,264,0.0,False,test,ABC3_221
mp-2480,30,0,29,0.0015282136640763335,False,test,AB2_205
mp-977207,127,0,7,0.03969187124823225,False,test,AB2_194
mp-863701,64,0,21,0.00830654563078932,False,test,AB2_63
mp-1218964,1,0,0,,False,test,AB_119
mp-21496,7,0,6,0.020363993821590317,False,test,ABC4D8_65
mp-1104962,25,0,3,0.038454329869713616,False,test,A2B2C3_12
mp-11470,3,0,0,,False,test,AB2_123
mp-1226679,12,0,5,0.01952829633711931,False,test,AB3C8_156
mp-1187713,400,0,400,1.6865977406564694e-16,True,test,ABC2_225
mp-753858,7,0,0,,False,test,ABC2_4
mp-22566,280,0,228,0.0003220159530333814,False,test,ABC2_166
mp-28002,14,0,14,0.009700367805534972,False,test,A2B3C7_139
mp-2938,400,0,346,2.921980757973164e-05,True,test,AB2C2_139
mp-1225386,20,0,13,0.004675537371481096,False,test,AB2C3_156
mp-8869,21,0,8,0.0022668119881714844,False,test,AB2C2_14
mp-1214851,0,0,0,,False,test,A3B3C4_229
mp-20707,14,0,12,0.00854789787636802,False,test,AB2C4_88
mp-1186015,400,0,400,9.35941488409636e-17,True,test,ABC2_225
mp-1079406,69,0,67,0.002229921329324617,False,test,AB2C2_129
mp-1111153,100,0,100,0.00067551625311721,False,test,AB3C6_225
mp-1027051,17,0,3,0.0295867747448097,False,test,AB3C4D4_156
mp-1214646,0,0,0,,False,test,ABC2D6_58
mp-30726,400,0,354,9.895608285785731e-05,True,test,AB3_194
mp-1076424,4,0,0,,False,test,AB3C4D12_123
mp-1186255,400,0,400,0.0,True,test,ABC2_225
mp-5157,400,0,347,8.87861762559297e-05,True,test,AB2C2_139
mp-1288751,4,0,3,0.03165813865160936,False,test,ABCDE6_1
mp-1178505,44,0,40,0.0674565839571831,False,test,ABC4_88
mp-3332,280,0,228,0.0001267518723502948,False,test,ABC2_166
mp-1207192,168,0,112,7.567895021377431e-17,False,test,ABC_194
mp-699363,38,0,37,0.01353824510127675,False,test,ABCDE6_7
mp-10607,273,0,264,0.0,False,test,ABC3_221
mp-605437,107,0,11,0.010034424336629717,False,test,ABC2_62
mp-1260,62,0,62,1.5907169015973275e-16,False,test,AB5_191
mvc-13624,38,0,27,0.006972902368082026,False,test,ABC2D6_148
mp-4192,318,0,239,0.004774728152237213,False,test,ABC3_62
mp-39249,5,0,5,0.003135064375401209,False,test,ABCDE6_82
mp-1518099,52,0,52,0.006826939385436484,False,test,ABCDE6_2
mp-974341,400,0,353,4.07151809721162e-05,True,test,AB3_194
mp-11366,400,0,400,7.25160860178118e-17,True,test,ABC2_225
mp-9248,30,0,18,0.0340339727410233,False,test,AB2C3_36
mp-626276,22,0,2,0.03106450218142833,False,test,ABC2_26
mp-1224123,37,0,34,0.0008425001285041119,False,test,ABC4_187
mp-865873,400,0,400,6.84240322204057e-17,True,test,ABC2_225
mp-1205920,5,0,5,0.000900603506541889,False,test,AB2C3D3_189
mp-1225039,53,0,5,0.0014673064231853197,False,test,ABC4_65
mp-977547,400,0,400,1.3102535069206886e-16,True,test,ABC2_225
mp-1747,55,0,55,2.4936908774133357e-16,False,test,AB2_225
mp-1216821,5,0,5,0.006639121264363112,False,test,A3B4C12_2
mp-1187121,400,0,400,7.314447882957921e-17,True,test,ABC2_225
mp-1182786,2,0,0,,False,test,AB2C3D3_11
mp-1219440,1,0,1,0.012776058698264975,False,test,AB2C2D2E3_55
mp-984717,339,0,334,0.0,False,test,AB3_221
mp-20675,400,0,359,0.0023664767665525187,True,test,ABC_62
mp-20316,61,0,9,0.012589376686078704,False,test,ABC3_14
mp-1218865,21,0,14,0.013189675142573656,False,test,AB2C3_8
mp-865970,8,0,8,0.0026844719439503622,False,test,A2B3C13_191
mp-1215922,0,0,0,,False,test,ABCD3_187
mp-1014013,0,0,0,,False,test,A_53
mp-1225938,30,0,29,0.005010791968563313,False,test,ABCD6_74
mp-1025232,64,0,32,0.008766928041022947,False,test,AB2C4_12
mp-1104306,12,0,10,0.019828971646154027,False,test,A2B3C8_166
mp-980752,80,0,62,0.008041985819490248,False,test,AB3_62
mp-1174498,3,0,0,,False,test,A3B5C8_12
mp-10321,188,0,186,0.007580068490853835,False,test,ABC2D6_14
mp-1114687,100,0,100,0.00031524091812133606,False,test,AB3C6_225
mp-1209329,318,0,240,0.009819391451406376,False,test,ABC3_62
mp-1186780,400,0,352,0.0001186167516620707,True,test,AB3_194
mp-1220213,7,0,7,0.003168417627728421,False,test,ABC17_160
mp-1207718,53,0,3,0.005983123856107373,False,test,ABC4_65
mp-867248,339,0,334,0.0,False,test,AB3_221
mp-545436,38,0,27,0.010916479589294094,False,test,ABC2D6_148
mp-1101139,0,0,0,,False,test,AB2C6_6
mp-1186626,400,0,400,9.785555921737678e-17,True,test,ABC2_225
mp-1102146,63,0,62,0.003634213657814771,False,test,ABCD3_63
mp-19816,127,0,25,9.255553704554275e-17,False,test,AB2_194
mp-768412,11,0,11,0.01697267084418563,False,test,ABC2D4_74
mp-754515,177,0,138,0.011529456066266514,False,test,ABC_129
mp-1206060,305,0,305,0.0013404135501467855,False,test,ABC_189
mp-1643875,38,0,37,0.017128173945044286,False,test,ABCDE6_7
mp-972534,400,0,354,0.00026431627426687116,True,test,AB3_194
mp-753759,1,0,0,,False,test,AB4_65
mp-569867,15,0,1,0.017338941427552775,False,test,AB3_12
mp-569790,2,0,1,0.02352060358326165,False,test,ABC2D4_23
mp-721,168,0,166,0.0,False,test,AB_221
mp-569871,57,0,57,0.0020301244088505085,False,test,AB2C6_189
mp-568002,9,0,9,0.009780373336734361,False,test,AB3_193
mp-1187008,400,0,400,4.248403995942458e-16,True,test,ABC2_225
mp-1187053,339,0,334,0.0,False,test,AB3_221
mp-21115,70,0,40,0.004920541458699298,False,test,AB_62
mp-866037,400,0,400,7.240877362683334e-17,True,test,ABC2_225
mp-542475,24,0,7,0.0527627580791507,False,test,AB2C3_63
mp-505166,3,0,2,0.005511347173716805,False,test,ABC2D8_2
mp-1187630,400,0,400,7.100800595885127e-17,True,test,ABC2_225
mp-1188532,37,0,21,0.004292202602627861,False,test,A2B3_62
mp-1095255,0,0,0,,False,test,AB3C7_44
mp-1006885,280,0,228,0.0002506462037989873,False,test,ABC2_166
mp-862715,400,0,400,7.336512606922364e-17,True,test,ABC2_225
mp-1188271,20,0,20,0.007232940692460691,False,test,AB6C10_2
mp-1211377,11,0,11,0.0058686603193568955,False,test,ABC6_15
mp-19181,10,0,10,0.001963094311356954,False,test,ABC2D5_71
mp-1206133,400,0,396,7.417433367559604e-05,True,test,ABC2D6_225
mp-1219789,68,0,66,0.007711929600478968,False,test,AB2C4_122
mp-4158,76,0,7,0.0008048302006969511,False,test,AB2C4_139
mp-864765,6,0,6,0.0167765928034196,False,test,AB3C8_139
mp-1078058,64,0,31,0.009025531679362632,False,test,AB2C4_12
mp-567369,0,0,0,,False,test,A2B3C4_10
mp-1225197,1,0,1,0.004630677333987068,False,test,A2B3_187
mp-1205937,305,0,301,0.001733148435090745,False,test,ABC_189
mp-15742,17,0,11,0.009702877919478738,False,test,AB2C4_64
mp-22637,400,0,329,0.010627481163538307,True,test,ABC_62
mp-22304,22,0,21,0.005861154818208864,False,test,AB2C4_82
mp-1188611,42,0,42,0.0031158594036355147,False,test,AB3C4D12_204
mp-1039434,8,0,7,0.0015461713009049718,False,test,AB5_187
mp-69,60,0,22,5.870183794780351e-17,False,test,A_194
mp-1183527,400,0,400,1.248841928236662e-16,True,test,ABC2_225
mp-1218889,400,0,344,0.00019174349306259398,True,test,AB2C2_139
mp-1105730,188,0,186,0.05215059965125517,False,test,ABC2D6_14
mp-675146,68,0,65,0.0074463543777096115,False,test,AB2C4_122
mp-1228494,36,0,22,0.008832800590339154,False,test,ABC2D6_12
mp-1227251,29,0,28,4.92971986010191e-05,False,test,ABCD2_119
mp-1112482,400,0,396,5.033258356546903e-05,True,test,ABC2D6_225
mp-752824,0,0,0,,False,test,ABC3_29
mp-1220663,0,0,0,,False,test,AB3C8_6
mp-1228455,0,0,0,,False,test,AB2C2D2_6
mp-1225046,6,0,4,0.0016696692304049977,False,test,AB2C6_123
mp-1025198,55,0,31,0.000318929512494526,False,test,ABC5_123
mp-1228135,3,0,0,,False,test,AB2C5_123
mp-1224084,10,0,10,0.0012926617484363247,False,test,A2B5C5_47
mp-30381,51,0,51,1.0364670987110449e-16,False,test,ABC2_216
mp-1413,33,0,26,0.0014457168937744612,False,test,AB2_58
mp-867293,400,0,400,1.1982889247326947e-16,True,test,ABC2_225
mp-1174173,8,0,0,,False,test,AB3C4D8_10
mp-862910,122,0,122,2.4671170591272997e-16,False,test,AB3_225
mp-1102077,53,0,1,0.06105140965824492,False,test,ABC4_63
mp-755686,4,0,0,,False,test,AB2C6_63
mp-556592,10,0,6,0.04116409590606693,False,test,ABC2D6_4
mp-1206645,33,0,33,0.03314280587071149,False,test,ABC2D6_87
mp-976599,339,0,334,0.0,False,test,AB3_221
mp-1007857,14,0,4,0.0,False,test,A_139
mp-1078508,33,0,7,0.0016776578654106107,False,test,AB3_63
mp-1520386,400,0,396,0.00015981919823746752,True,test,ABC2D6_225
mp-21399,177,0,154,0.005376885007750932,False,test,ABC_129
mp-1104018,4,0,4,0.0073536219128924685,False,test,A2B5C6_166
mp-1216827,136,0,20,0.0,False,test,ABC2_123
mp-1205648,13,0,8,0.017117738675786018,False,test,AB2C2_63
mp-1228048,2,0,2,0.03025126234767742,False,test,ABC2D4E12_123
mp-1215478,53,0,47,2.440901068349413e-05,False,test,AB2C3_166
mp-1228416,21,0,11,0.02757771619353639,False,test,AB2C3_8
mp-1215693,9,0,8,0.007574218939828934,False,test,ABC2D8_119
mp-569175,3,0,1,0.03066924486237923,False,test,AB4_13
mp-1186473,400,0,400,6.990034574133443e-17,True,test,ABC2_225
mp-1068775,75,0,75,0.0002701963332974044,False,test,ABC3_107
mp-1102662,400,0,367,0.00815607507853313,True,test,ABC_62
mp-862929,400,0,400,7.11831831638559e-17,True,test,ABC2_225
mp-762289,4,0,4,0.02928456469705814,False,test,AB2C2D8_147
mp-7120,130,0,104,0.001790871683723167,False,test,AB2C2_164
mp-7449,7,0,5,0.025531683799022032,False,test,A2B3_36
mp-1211573,124,0,124,0.01003679146601233,False,test,AB3C5_193
mp-1228427,188,0,185,0.021801270686939676,False,test,ABC2D6_14
mp-1223860,44,0,33,0.0,False,test,AB_166
mp-416,37,0,37,0.0,False,test,AB3_223
mp-1226004,136,0,19,0.0043838398123587,False,test,ABC2_123
mp-864898,400,0,400,6.374958347426723e-17,True,test,ABC2_225
mp-1018103,82,0,35,0.00044114304700071735,False,test,AB2_139
mp-1189670,107,0,28,0.004649405328830668,False,test,ABC2_62
mp-1228758,11,0,11,0.0009403464406576986,False,test,ABC4_166
mp-8200,31,0,1,0.05654211434001848,False,test,AB2_14
mp-1185350,400,0,352,5.267018419788064e-05,True,test,AB3_194
mp-1185251,400,0,400,0.0,True,test,ABC2_225
mp-1080386,26,0,24,0.0014178352091950765,False,test,ABC_109
mp-1094174,236,0,155,0.0,False,test,AB3_139
mp-1078676,48,0,5,0.008190353677648695,False,test,ABC2D4_121
mp-758053,7,0,7,0.013092186279717704,False,test,ABC4_109
mp-9272,47,0,3,0.03687386789470664,False,test,AB2C3_164
mp-1217142,280,0,229,0.0001412665955735155,False,test,ABC2_166
mp-10893,400,0,400,1.7198331005541453e-16,True,test,ABC2_225
mp-755089,102,0,2,0.02100759200184757,False,test,AB2_62
mp-1114372,400,0,396,0.0012053329222284762,True,test,ABC2D6_225
mp-1222387,68,0,67,0.0032242065752755866,False,test,ABC_38
mp-1218279,280,0,229,0.0002111224344533003,False,test,ABC2_166
mp-1228114,3,0,2,0.007684075288671366,False,test,AB2C2D3E12_160
mp-20473,127,0,25,1.6085310957341626e-16,False,test,AB2_194
mp-1210673,0,0,0,,False,test,A6B6C7_174
mp-675077,45,0,32,0.019943267115841743,False,test,AB2C4_74
mp-29288,318,0,43,0.013676339170247064,False,test,ABC3_62
mp-20661,110,0,57,0.0012184694657568567,False,test,ABC2_194
mp-1184116,400,0,400,1.3835132780091477e-16,True,test,ABC2_225
mp-21217,318,0,237,0.016001148752209513,False,test,ABC3_62
mp-1113057,400,0,396,8.477066705745101e-05,True,test,ABC2D6_225
mp-28159,11,0,0,,False,test,AB3C6_2
mp-569674,400,0,367,0.00035157522074275244,True,test,AB2C2_139
mp-16842,42,0,15,0.002934082572037428,False,test,A3B5_140
mp-754960,18,0,7,0.023651736416635986,False,test,ABC_166
mp-1186940,400,0,400,6.867455674251846e-17,True,test,ABC2_225
mp-1227822,0,0,0,,False,test,AB2C2D2_36
mp-2369,70,0,41,0.009563750694512044,False,test,AB_62
mp-553964,1,0,0,,False,test,AB3_57
mp-1078797,158,0,8,0.005659686805148953,False,test,ABC2_63
mp-697181,2,0,0,,False,test,AB2C3D3_11
mp-1220742,7,0,7,0.0018446613642217023,False,test,AB3C12_47
mp-1008626,74,0,44,0.0022200810585115494,False,test,AB2_164
mp-1223332,4,0,1,0.07212869315147291,False,test,AB3C4D4_99
mp-16340,88,0,81,3.864536619692021e-17,False,test,ABC_187
mp-1209921,33,0,33,0.007166458974933367,False,test,A2B3C5_72
mp-24154,55,0,55,2.0474813883833764e-16,False,test,AB2_225
mp-1205535,100,0,100,0.0003417317515767317,False,test,AB3C6_225
mp-1113426,400,0,396,0.0006304818362423854,True,test,ABC2D6_225
mp-30477,23,0,2,0.01871722202865223,False,test,ABC_156
mp-2800,339,0,334,0.0,False,test,AB3_221
mp-1025344,64,0,32,0.011065229537759602,False,test,AB2C4_12
mp-1522474,400,0,396,3.114294649390965e-05,True,test,ABC2D6_225
mp-10318,18,0,18,0.0022854212911352155,False,test,A2B3C5_15
mp-1183748,236,0,229,5.604530732936886e-17,False,test,AB3_139
mp-1206472,89,0,89,0.0006173868188055368,False,test,AB2C6_225
mp-18732,48,0,39,0.01620078593547603,False,test,ABC3_148
mp-1228740,13,0,7,0.012151715165387253,False,test,AB2C4_66
mp-974492,400,0,353,7.977009925510604e-06,True,test,AB3_194
mp-552857,30,0,27,0.0026955914079737045,False,test,ABC2D4_123
mp-972601,400,0,400,6.444007990919275e-17,True,test,ABC2_225
mp-1217129,1,0,1,0.21044435877689704,False,test,AB3C8_10
mp-30388,400,0,400,6.705774240928229e-17,True,test,ABC2_225
mp-1183493,400,0,400,1.6325352233316841e-16,True,test,ABC2_225
mvc-10023,1,0,1,0.035759035304775186,False,test,AB2C6_31
mp-1068340,23,0,11,0.01808010240888497,False,test,ABC3_160
mp-1112165,400,0,396,0.00012450691724111428,True,test,ABC2D6_225
mp-972908,236,0,229,9.050607563081558e-17,False,test,AB3_139
mp-13380,400,0,368,0.0020775275855692424,True,test,ABC_62
mp-1209145,2,0,2,0.02021241775755596,False,test,ABCD4_31
mp-1208326,15,0,15,0.0026358150935333227,False,test,AB3C4D12_155
mp-7233,130,0,103,0.00336602270149874,False,test,AB2C2_164
mp-18870,16,0,11,0.01697576224039372,False,test,A2B3C8_12
mp-1181711,53,1,15,0.002946340235928995,False,test,ABC4_65
mp-1216222,19,0,18,0.002526020947784704,False,test,AB5C7_44
mp-1206471,8,0,8,0.003286405982970747,False,test,A2B2C7_44
mp-570561,156,0,141,0.0007075047081664851,False,test,AB2C2_127
mp-1087480,305,0,305,0.0006862954369041262,False,test,ABC_189
mp-1218349,109,0,45,1.120490017368822e-16,False,test,AB2C3_191
mp-865004,400,0,400,1.6290290719254594e-16,True,test,ABC2_225
mp-7726,76,0,52,0.0010845474837940102,False,test,AB2C4_139
mp-1186184,400,0,352,5.046250073230469e-06,True,test,AB3_194
mp-9692,8,0,0,,False,test,AB2C3_2
mp-1205914,305,0,305,0.00040125333251047994,False,test,ABC_189
mp-1206719,99,0,97,1.6152499662385467e-16,False,test,ABC_216
mp-567681,318,0,43,0.014595855695759661,False,test,ABC3_62
mp-1221710,3,0,3,0.0010452164871255934,False,test,AB2C2D2_216
mp-1210295,11,0,3,0.0025456212638627347,False,test,ABC2D6_26
mp-676555,2,0,0,,False,test,AB6C8_1
mp-8467,13,0,11,0.0018185041423061455,False,test,ABC3_65
mp-1105304,188,0,185,0.00809306754699328,False,test,ABC2D6_14
mp-1112569,400,0,396,0.00039206433514238186,True,test,ABC2D6_225
mp-1104514,3,0,2,0.011975713008904596,False,test,A3B4_63
mp-1205847,89,0,89,5.726114278453478e-16,False,test,AB2C6_225
mp-1227620,35,0,32,0.010372622142815242,False,test,AB3C4D12_6
mp-1206464,49,0,8,0.011575691752134075,False,test,A3B4C4_71
mp-1206905,156,0,145,0.0011502487154993778,False,test,AB2C2_127
mp-1184362,400,0,400,7.9484405679746e-17,True,test,ABC2_225
mp-1225325,20,0,13,0.0011124606208754821,False,test,AB2C3_156
mp-763983,10,0,1,0.0413119386690374,False,test,AB2C3_38
mp-1102318,6,0,1,0.0514223352391204,False,test,ABCD3_2
mp-1225602,1,0,1,0.031070543122287617,False,test,ABC4D4_139
mp-12418,400,0,362,0.0010522414038395705,True,test,ABC_62
mp-23155,26,0,26,0.0,False,test,A_225
mp-7206,44,0,44,0.020081765504328223,False,test,ABC4_88
mp-5938,12,0,1,0.03308267386398501,False,test,AB2C3_65
mp-1217840,31,0,31,0.0033839755642955842,False,test,AB6C6_71
mp-1206264,168,0,113,3.629452608635849e-17,False,test,ABC_194
mp-9783,12,0,10,0.008302262308792564,False,test,A2B3C8_166
mp-1218254,12,0,12,0.006187499822869166,False,test,AB2C3D8_38
mp-20025,22,0,21,0.005082871191122812,False,test,AB2C4_82
mp-1209793,40,0,40,0.0016428510234886015,False,test,AB4C12_204
mp-757242,0,0,0,,False,test,AB4C5_70
mp-636619,89,0,89,0.05442440048571059,False,test,AB2C6_225
mp-1208835,400,0,396,6.092891694771779e-05,True,test,ABC2D6_225
mp-1217151,48,0,41,0.0005075861361425333,False,test,AB2C3_194
mp-21207,11,0,7,0.006829009460740163,False,test,ABC2_51
mp-28611,2,0,0,,False,test,AB2C7_12
mp-975144,21,0,8,0.013420403311798201,False,test,AB3C4_123
mp-1104420,21,0,18,0.0017829938664522278,False,test,A2B5_15
mp-11517,339,0,334,0.0,False,test,AB3_221
mp-29174,4,0,0,,False,test,AB2_19
mp-1079861,158,0,61,0.010733542176783059,False,test,ABC2_63
mp-20708,16,0,15,0.0008333470363819381,False,test,A2B2C3_166
mp-756602,36,0,16,0.016952762746750904,False,test,AB3C4D8_12
mp-30799,305,0,305,0.0003926719362193682,False,test,ABC_189
mp-1018762,47,0,17,0.0035279905855567658,False,test,AB2C3_164
mp-1018793,37,0,35,0.0011082212897178256,False,test,AB2_129
mp-1224820,0,0,0,,False,test,ABCD_9
mp-1071478,136,0,130,8.158595610609954e-05,False,test,ABC4_216
mp-1027646,36,0,3,0.0018880393012201226,False,test,AB2C3D6_156
mp-6621,400,0,396,0.0001022236721692085,True,test,ABC2D6_225
mp-135,16,0,16,0.0,False,test,A_229
mp-861960,400,0,400,1.9909519210486896e-16,True,test,ABC2_225
mvc-605,4,0,4,0.033452724641440265,False,test,AB2C3D8_123
mvc-586,3,0,2,0.02699944694571916,False,test,ABC2D8_2
mp-27865,318,0,240,0.01583721658396292,False,test,ABC3_62
mp-21023,48,0,3,0.04232694499163494,False,test,AB2C3_194
mp-1114566,400,0,396,0.00016689225076955958,True,test,ABC2D6_225
mp-1080712,158,0,61,0.009468921446658249,False,test,ABC2_63
mp-560242,318,0,241,0.005671009107453353,False,test,ABC3_62
mp-1226081,5,0,0,,False,test,AB3C4D12_12
mp-1215988,58,0,39,0.0027038106651220066,False,test,ABC_12
mp-1099619,273,0,264,0.0,False,test,ABC3_221
mp-1102822,53,0,8,0.002605007222925726,False,test,ABC4_65
mp-862588,400,0,400,1.8183894536302844e-16,True,test,ABC2_225
mp-1521867,130,0,130,0.0002871341438247642,False,test,ABCDE6_216
mp-7500,23,0,20,0.028232295977446236,False,test,AB4C4_2
mp-1104717,11,0,0,,False,test,AB2C4_14
mp-15724,400,0,400,0.0,True,test,ABC2_225
mp-1228803,99,0,97,8.626009440587664e-17,False,test,ABC_216
mp-998568,14,0,12,0.0009607213183011263,False,test,ABC3_99
mp-754513,34,0,34,0.013368486959562073,False,test,ABC3_161
mp-21209,6,0,2,0.043107481290971944,False,test,A2B3C8_2
mp-1263325,4,0,4,0.009008448067920533,False,test,ABC5_71
mp-1105286,14,0,9,0.00741516264026732,False,test,A2B3_148
mp-1018674,168,0,115,8.623634198492383e-17,False,test,ABC_194
mp-1102603,400,0,355,0.004257217815290032,True,test,ABC_62
mp-570184,400,0,6,0.0028922556637669045,True,test,AB3_194
mp-1018059,27,0,22,0.0001925235949468233,False,test,AB_186
mp-21089,400,0,377,8.506706944296175e-05,True,test,AB2C2_139
mp-758567,5,0,1,0.03738337234446715,False,test,A2B2C3D8_1
mp-1214570,9,0,9,0.021097140150286044,False,test,AB2C3D7_47
mp-103,60,0,30,3.487683253723926e-17,False,test,A_194
mp-559025,12,0,1,0.006064713022592991,False,test,ABCD3_12
mp-505149,28,0,25,0.010649847294395417,False,test,AB5C8_12
mp-862944,400,0,400,7.099819652317274e-17,True,test,ABC2_225
mp-553919,0,0,0,,False,test,AB2C3D6E7_156
mp-1215689,21,0,15,0.0046962556882094485,False,test,AB2C3_8
mp-754716,13,0,13,0.006793213654189498,False,test,ABC2D4_119
mp-1205526,44,0,36,0.0035985471006415018,False,test,ABCD2_63
mp-1359,49,0,43,0.0,False,test,AB_123
mp-1206532,76,0,52,0.0019396279835941096,False,test,AB2C4_139
mp-1228703,7,0,1,0.028363618240384927,False,test,ABCD4_4
mp-630851,11,0,3,0.021025745018295884,False,test,AB3C4_63
mp-761104,1,0,0,,False,test,ABC2D5_1
mp-756134,177,0,153,0.0022117543678512996,False,test,ABC_129
mp-1226473,136,0,130,9.19728631022732e-06,False,test,ABC4_216
mp-1246563,78,0,78,0.006257530756575694,False,test,AB2C3D8_166
mp-754579,14,0,14,0.027555298197122345,False,test,AB2C4_55
mp-1018027,64,0,12,0.0,False,test,AB_187
mp-567604,17,0,6,0.02356748289633545,False,test,AB4_14
mp-1536,11,0,5,0.017819810625770302,False,test,AB_14
mp-1222813,8,0,7,0.0034952263361190984,False,test,AB2C3_189
mp-1205977,400,0,396,0.00011016996948788904,True,test,ABC2D6_225
mp-1188625,42,0,42,0.0034691993101882636,False,test,AB3C4D12_204
mp-977398,400,0,400,7.090573144006759e-17,True,test,ABC2_225
mp-1223393,1,0,1,0.037919870551424824,False,test,ABC2D3E3_42
mp-1213865,10,0,4,0.0024782330790448686,False,test,A3B11_71
mp-505803,177,0,121,0.023817169247418713,False,test,ABC_129
mp-1220322,21,0,17,0.0,False,test,AB_65
mp-1218010,15,0,5,0.005332242416000904,False,test,ABCD4_63
mp-27187,18,0,0,,False,test,AB2C5_15
mp-1018809,127,0,6,0.006661884126921427,False,test,AB2_194
mp-2642,168,0,166,0.0,False,test,AB_221
mp-1208896,400,0,355,0.008373785644537344,True,test,ABC_62
mp-1025288,55,0,31,0.0005139143765122443,False,test,ABC5_123
mp-1183048,400,0,400,0.0,True,test,ABC2_225
mp-1304693,11,0,1,0.08102607583176294,False,test,AB2C4_15
mp-1317991,13,0,0,,False,test,AB3C4D8_2
mp-998421,48,0,39,0.012231291740704843,False,test,ABC3_148
mp-1174185,36,0,0,,False,test,AB3C4D8_12
mp-30620,62,0,62,1.453975034797547e-16,False,test,AB5_191
mp-865270,400,0,400,1.2374727382137501e-16,True,test,ABC2_225
mp-19052,7,0,6,0.046679737633433326,False,test,AB3C4_121
mp-1113596,400,0,396,0.0001589450007333912,True,test,ABC2D6_225
mp-1094669,168,0,166,0.0,False,test,AB_221
mp-793,42,0,27,0.005285014845545259,False,test,A3B5_140
mp-19843,14,0,14,0.010074628905450446,False,test,ABC3_74
mp-699173,3,0,0,,False,test,ABCD7_2
mp-1103974,37,0,25,0.005228939727241552,False,test,AB6C8_148
mp-1217028,41,0,16,0.0030219974820646705,False,test,ABC2_38
mp-30599,4,0,3,0.03308996379109072,False,test,A2B3_139
mp-1184994,122,0,122,1.617378976771536e-16,False,test,AB3_225
mp-764949,0,0,0,,False,test,AB3_55
mp-868007,15,0,15,0.029861176546797166,False,test,AB3C3D8_166
mp-1114330,100,0,100,0.0004582914187814241,False,test,AB3C6_225
mp-1220749,3,0,3,0.01595252120922008,False,test,ABCD6_8
mp-1104698,14,0,9,0.01200323951933418,False,test,A2B3_148
mp-13815,400,0,396,0.00010331425047677588,True,test,ABC2D6_225
mp-1289129,13,1,13,0.0020081618213457692,False,test,ABC2D4_119
mp-1068797,400,0,347,0.0003127501882936966,True,test,AB2C2_139
mp-1018154,82,0,41,0.0008364362326485017,False,test,AB2_139
mp-644514,77,0,1,0.24053278221170893,False,test,AB2_12
mp-9697,19,0,1,0.024141964021371386,False,test,AB3C6_11
mp-1219923,2,0,0,,False,test,AB2C2D3_38
mp-27770,15,0,7,0.0021170380292530253,False,test,AB3_12
mp-37297,50,0,45,7.085080839886634e-05,False,test,ABC2_141
mp-996978,42,0,1,0.02358704902525195,False,test,ABC2_12
mp-774621,0,0,0,,False,test,AB4C5_41
mp-974883,122,0,122,1.5138035032889213e-16,False,test,AB3_225
mp-555718,15,0,13,0.01202037672276517,False,test,ABC6_166
mp-1025059,44,0,38,0.003698498648121424,False,test,AB2_74
mp-1226677,1,0,0,,False,test,AB4C7_12
mp-1206551,7,0,4,0.013803402008108777,False,test,A2B2C5_164
mp-1185445,400,0,400,1.0185658553221409e-16,True,test,ABC2_225
mp-1218467,11,0,8,0.02119087869263367,False,test,ABC2D6_26
mp-862589,400,0,353,7.043938924643552e-05,True,test,AB3_194
mp-1025359,64,0,31,0.012862719181339426,False,test,AB2C4_12
mp-24073,42,0,8,0.008751086374654996,False,test,AB3C3_176
mp-623043,305,0,305,0.001406909972011248,False,test,ABC_189
mp-15009,49,0,8,0.0072940399721731115,False,test,A3B4C4_71
mp-1205873,400,0,22,0.005063100612759556,True,test,AB3_194
mp-545659,400,0,396,2.119266676404364e-05,True,test,ABC2D6_225
mp-5326,400,0,365,1.2568112540790888e-05,True,test,AB2C2_139
mp-31120,318,0,241,0.0046967783132382404,False,test,ABC3_62
mp-1188668,5,0,3,0.030755323482035368,False,test,ABC2D5_15
mp-1520564,400,0,396,0.0009347555493132993,True,test,ABC2D6_225
mp-1215494,21,0,21,0.007857678236201758,False,test,ABCD2_156
mp-1147544,9,0,9,0.009477688679350291,False,test,AB2C3D7_47
mp-1080816,54,0,37,0.01556217422603226,False,test,ABC3_63
mp-552567,400,0,396,6.795697189856435e-05,True,test,ABC2D6_225
mp-9348,33,0,33,0.03289169329899559,False,test,ABC2D6_87
mp-1225983,4,0,2,0.02085764183301355,False,test,ABC4D12_123
mp-570886,5,0,3,0.021495425312362287,False,test,AB2_72
mp-1025067,77,0,11,0.013957694089008344,False,test,AB2_12
mp-1268195,21,0,20,0.02214869412348135,False,test,ABC2_33
mp-1147563,1,0,1,0.011210728880332262,False,test,AB3C4D8_123
mp-4664,400,0,400,1.6319644600601614e-16,True,test,ABC2_225
mp-1238817,16,0,2,0.04278447663147859,False,test,AB2C4_10
mp-555101,14,0,14,0.003806239707017042,False,test,A2B3C7_139
mp-756682,3,0,2,0.025146757157254358,False,test,AB2C2D5_5
mp-7434,177,0,127,0.00902362286413204,False,test,ABC_129
mp-1111242,400,0,396,6.0928916947965714e-05,True,test,ABC2D6_225
mp-1118,102,0,73,0.008656958269247223,False,test,AB2_62
mp-1080579,158,0,57,0.0031176264629471993,False,test,ABC2_63
mp-1068685,400,0,16,0.010222467927882749,True,test,AB2C2_139
mp-8963,76,0,52,0.0025508526528903105,False,test,AB2C4_139
mp-7457,3,0,1,0.07459463227535235,False,test,AB2_92
mp-1186427,60,0,22,0.0,False,test,A_194
mp-1212830,8,0,8,0.0027203483896401114,False,test,A2B2C7_44
mp-1205545,44,0,36,0.0006241998867819435,False,test,ABCD2_63
mp-1629,38,0,35,0.0006579879322381672,False,test,AB2_140
mp-1025351,76,0,52,0.0016571711414338473,False,test,AB2C4_139
mp-1206704,13,0,7,0.0008339830730010507,False,test,AB2_71
mp-1025382,17,0,15,0.01943427855193914,False,test,AB2C2D2_12
mp-775462,53,0,9,0.03501886574696293,False,test,ABCD4_74
mp-20652,0,0,0,,False,test,AB3_132
mp-10089,1,0,1,0.026429446012333976,False,test,A4B5_64
mp-8609,0,0,0,,False,test,AB6C6_166
mp-27758,30,0,0,,False,test,AB2C5_63
mp-1221626,22,0,5,0.02140006125734205,False,test,ABC2_26
mp-1225508,1,0,1,0.01148434388019736,False,test,A2B3_115
mp-867242,400,0,400,1.172841733134543e-16,True,test,ABC2_225
mp-1077802,168,0,30,5.258741451643801e-17,False,test,ABC_194
mp-1205595,400,0,396,0.00042120425194356497,True,test,ABC2D6_225
mp-4342,14,0,14,0.02973741128551627,False,test,ABC3_99
mp-1104930,5,0,3,0.05274642806179746,False,test,ABCD4_129
mp-1078836,83,0,0,,False,test,AB_63
mp-971979,400,0,400,0.0,True,test,ABC2_225
mp-1103605,400,0,366,0.0037135706825659133,True,test,ABC_62
mp-8361,1,0,1,0.018328262027096212,False,test,AB_55
mp-975655,158,0,61,0.0018741823521289506,False,test,ABC2_63
mp-979057,400,0,400,1.155526907351294e-16,True,test,ABC2_225
mp-1007923,236,0,229,0.0,False,test,AB3_139
mp-643749,33,0,2,0.024947844621711786,False,test,ABC3_11
mp-5919,177,0,149,0.004187193844492743,False,test,ABC_129
mp-773982,1,0,0,,False,test,A3B4C7_44
mp-558796,0,0,0,,False,test,AB6C9_12
mp-1003311,15,0,0,,False,test,AB2C4_2
mp-1519753,400,0,396,0.00013701059063207137,True,test,ABC2D6_225
mp-982872,27,0,0,,False,test,A_166
mp-23593,2,0,2,0.060405181253396924,False,test,A2B2C3D5_139
mp-1225608,2,0,1,0.015755373447788268,False,test,A2B3C7_12
mp-1070135,400,0,0,,True,test,AB2C2_139
mp-1212073,168,0,37,0.004808697903270434,False,test,ABC_194
mp-761415,13,0,9,0.046440714102867785,False,test,AB3C4_65
mp-1206990,273,0,264,0.0,False,test,ABC3_221
mp-760512,6,0,2,0.07484571783930039,False,test,ABCD3_2
mp-1184268,236,0,227,6.373831208044914e-17,False,test,AB3_139
mp-1222139,8,0,8,0.0060415091374676445,False,test,AB4C5_123
mp-1077244,168,0,114,8.825519205323358e-17,False,test,ABC_194
mp-1080017,400,0,396,0.0002013303342625804,True,test,ABC2D6_225
mp-5699,76,0,52,0.0023831932698646315,False,test,AB2C4_139
mp-568630,127,0,74,0.0005780170119255602,False,test,AB2_194
mp-867206,400,0,400,9.950926683774566e-17,True,test,ABC2_225
mp-1220339,15,0,15,0.0039060728711743367,False,test,AB2C4_115
mp-1184658,236,0,230,6.724687027653359e-17,False,test,AB3_139
mp-1208919,188,0,186,0.00820786501547075,False,test,ABC2D6_14
mp-31427,305,0,305,0.0004800290167472809,False,test,ABC_189
mp-1212101,400,0,360,0.0038487636426869734,True,test,ABC_62
mp-28683,60,0,0,,False,test,AB2C2_71
mp-1183812,400,0,400,0.0,True,test,ABC2_225
mp-35208,99,0,97,1.467495183334588e-16,False,test,ABC_216
mp-1516294,130,0,130,0.00030329355223271707,False,test,ABCDE6_216
mp-1184787,400,0,400,6.262251424173606e-17,True,test,ABC2_225
mp-863698,400,0,400,0.0,True,test,ABC2_225
mp-1094105,7,0,4,0.022726344984078595,False,test,AB3C4_9
mp-570452,400,0,347,3.883664583616441e-05,True,test,AB2C2_139
mp-626000,4,0,1,0.10485829538701466,False,test,ABC_4
mp-1184700,400,0,354,2.7827217895540734e-16,True,test,AB3_194
mp-972954,20,0,6,0.0018798975830446967,False,test,AB2_189
mp-756202,19,0,9,0.11901650580248935,False,test,AB2C6_14
mp-760292,16,0,2,0.030486442267525348,False,test,A2B3C4_2
mp-1190112,18,0,18,0.004658454003623052,False,test,A2B3C5_15
mp-4763,51,0,47,0.0003093049061426616,False,test,ABC2_122
mp-867235,400,0,400,1.672804027405582e-16,True,test,ABC2_225
mp-1184839,400,0,400,1.8898815749208504e-06,True,test,ABC2_225
mp-865520,400,0,400,7.492999929884091e-17,True,test,ABC2_225
mp-15659,0,0,0,,False,test,A2B3_72
mp-1216498,2,0,0,,False,test,A3B5_2
mp-1068782,75,0,75,0.002886793230957268,False,test,ABC3_107
mp-19357,29,0,12,0.003927355398721294,False,test,ABC3_167
mp-1114538,400,0,396,4.2385333528758467e-05,True,test,ABC2D6_225
mp-30251,110,0,24,0.00014698740665218578,False,test,ABC2_194
mp-18942,7,0,0,,False,test,AB2C7_15
mp-2213,49,0,38,0.0,False,test,AB_123
mp-754905,6,0,5,0.01996441386074377,False,test,AB3C5_10
mp-1173720,2,0,0,,False,test,AB2C7_1
mp-569610,74,0,44,0.0017604605814154528,False,test,AB2_164
mp-560029,11,0,2,0.021815397858158322,False,test,AB3C4_63
mp-861881,400,0,400,1.7691258677703408e-16,True,test,ABC2_225
mp-7904,17,0,2,0.017071660675307253,False,test,AB4_14
mp-1094292,23,0,23,0.0073699124726993885,False,test,AB5_189
mp-1104257,1,0,0,,False,test,AB2C6D6_148
mp-7113,280,0,35,0.0019348486028988958,False,test,ABC2_166
mp-864948,400,0,400,1.0758336964602336e-16,True,test,ABC2_225
mp-20944,14,0,14,0.009906367254245534,False,test,AB2C4_55
mp-1215529,53,0,8,0.00035917472836179837,False,test,AB3_166
mp-28497,76,0,52,0.004465922220745717,False,test,AB2C4_139
mp-1225473,58,0,39,0.009536413277599793,False,test,ABC_12
mp-614502,26,0,26,0.0,False,test,A_225
mp-2964,5,0,0,,False,test,ABC2_44
mp-11580,305,0,305,0.00012416670485711063,False,test,ABC_189
mp-1206736,400,0,396,0.00011391058385900413,True,test,ABC2D6_225
mp-1214794,42,0,12,0.01809518041197574,False,test,ABC_14
mp-8958,2,0,1,0.024671133343909756,False,test,AB2C5_74
mp-1007652,27,0,22,1.6213861957882778e-05,False,test,AB_186
mp-865193,400,0,353,4.659961040168682e-06,True,test,AB3_194
mp-2677,339,0,334,0.0,False,test,AB3_221
mp-765601,8,0,0,,False,test,AB3C4D11_1
mp-1186288,20,0,20,0.006433603939539035,False,test,AB5_38
mp-973056,400,0,400,0.0,True,test,ABC2_225
mp-801,37,0,37,0.0,False,test,AB3_223
mp-1105360,2,0,0,,False,test,ABC_51
mp-1187935,400,0,400,2.1538246411166518e-16,True,test,ABC2_225
mp-1078708,15,0,4,0.06888709921504609,False,test,AB3_12
mp-1841,5,0,3,0.02315217153923778,False,test,AB3_140
mp-1216565,1,0,1,0.05497195071511123,False,test,ABC4_160
mp-1223391,6,0,0,,False,test,ABCD4_8
mp-1222182,22,0,21,0.006931584420277936,False,test,AB2C4_82
mp-677489,3,0,3,0.011858309635459622,False,test,ABCDE5_74
mp-1219982,20,0,13,0.004216547457737883,False,test,AB2C3_156
mp-1205707,156,0,145,0.0018391856437421014,False,test,AB2C2_127
mp-755413,42,0,0,,False,test,AB2_166
mp-1215855,0,0,0,,False,test,ABC4D10_97
mp-1276338,10,0,9,0.012650901672001176,False,test,ABCDE5_99
mp-11412,44,0,23,0.019694794024275382,False,test,AB2_74
mp-864882,400,0,400,1.0571048779131575e-16,True,test,ABC2_225
mp-28319,31,0,0,,False,test,AB2_14
mp-19942,63,0,62,0.011183655966392099,False,test,ABCD3_63
mp-18977,400,0,396,3.1789000146722766e-05,True,test,ABC2D6_225
mp-1101092,22,0,21,0.0031545760553914866,False,test,AB2C8_123
mp-2443,168,0,166,0.0,False,test,AB_221
mp-1184891,400,0,400,1.1491763852865064e-16,True,test,ABC2_225
mp-1214401,5,0,3,0.05454913154828744,False,test,AB2C2D4E10_2
mp-1216993,18,0,14,0.010890229873434411,False,test,AB2C3D4_115
mp-19208,188,0,185,0.014816549772688677,False,test,ABC2D6_14
mp-5370,49,0,26,0.002823089616487953,False,test,ABC4_15
mp-1214600,7,0,7,0.003585057961638525,False,test,ABC2D2E7_47
mp-1207382,400,0,108,0.024648972260752414,True,test,ABC_62
mp-1213975,11,0,11,0.007752561586263663,False,test,AB4_127
mp-23730,318,0,240,0.011403312366023554,False,test,ABC3_62
mp-865659,400,0,400,7.167451112332446e-17,True,test,ABC2_225
mp-1219931,136,0,50,0.0009041012534556129,False,test,ABC2_123
mp-987,168,0,166,0.0,False,test,AB_221
mp-1018125,74,0,2,0.17854471937847655,False,test,AB2_164
mp-1186724,236,0,229,6.308829620052993e-17,False,test,AB3_139
mp-1025549,7,0,7,0.003907083229557492,False,test,AB3C4_217
mp-985806,55,0,55,2.2141106223220094e-16,False,test,AB2_225
mp-865566,400,0,400,1.0988950483449916e-16,True,test,ABC2_225
mp-1518601,130,0,130,0.00033190365236456833,False,test,ABCDE6_216
mp-1227285,122,0,122,1.7748866444787134e-16,False,test,AB3_225
mp-1181839,0,0,0,,False,test,AB3C4D9_146
mp-1223829,23,0,16,0.005012014408453187,False,test,AB3C4_25
mp-21897,53,0,24,0.010523114123728538,False,test,ABC4_63
mp-1447,145,0,145,0.0,False,test,AB_225
mp-630976,9,0,7,0.0007005928288364407,False,test,AB3_136
mp-1079075,158,0,55,0.001318524281614132,False,test,ABC2_63
mp-1227381,0,0,0,,False,test,ABCD2E2F9_1
mp-759410,2,0,0,,False,test,A4B5C7_5
mp-560071,400,0,396,0.00032848633484876245,True,test,ABC2D6_225
mp-7744,12,0,0,,False,test,ABCD3_12
mp-37680,50,0,45,0.0008015827744842003,False,test,ABC2_141
mp-1147639,14,0,5,0.00038254086637587914,False,test,AB6C8_225
mp-1025326,25,0,6,0.008640415805681752,False,test,A2B2C3_12
mp-1208259,17,0,17,0.014359055883377941,False,test,AB3C6_182
mp-37480,50,0,45,7.947204241028583e-05,False,test,ABC2_141
mp-8415,57,0,57,0.012670069041238963,False,test,AB2C6_189
mp-1068325,400,0,381,0.0012771841174109414,True,test,AB2C2_139
mp-1078431,3,0,1,0.01597884997170502,False,test,ABCD2_129
mp-754655,130,0,103,0.00399849940195939,False,test,AB2C2_164
mp-15472,1,0,1,0.04205060972603682,False,test,ABC2D4E10_121
mp-1212894,400,0,351,0.009785661932109228,True,test,ABC_62
mp-7291,77,0,10,0.012316091290282277,False,test,AB2_12
mp-756358,0,0,0,,False,test,AB2C2D3_1
mp-9201,2,0,2,0.033586605242507145,False,test,A2B4C7_166
mp-752426,6,0,5,0.027289313362976603,False,test,AB3C4_13
mp-1018157,32,0,32,0.0,False,test,AB_216
mp-1101169,26,0,15,0.021708881230432252,False,test,AB3C6_148
mp-1221813,21,0,21,0.001291493555406432,False,test,ABC4D8_216
mp-13191,11,0,10,0.024428026385294344,False,test,AB6C12_148
mp-865029,400,0,400,1.4464222792083956e-16,True,test,ABC2_225
mp-7118,23,0,20,0.012588048628948242,False,test,AB4C4_2
mp-1216218,38,0,30,0.001672732734033811,False,test,AB2C10_71
mp-1290617,7,0,0,,False,test,AB2C3_1
mp-19023,58,0,44,0.006782636514251514,False,test,ABC4_141
mp-625939,7,0,5,0.02150038876927689,False,test,AB2C2_5
mp-1214673,0,0,0,,False,test,AB2C2D2E9_139
mp-1219180,400,0,209,0.0011667425172285427,True,test,AB2C2_139
mp-1206183,44,0,36,0.002806280422570081,False,test,ABCD2_63
mp-1113875,400,0,396,6.357800029303e-05,True,test,ABC2D6_225
mp-977548,156,0,141,0.0008215986800488873,False,test,AB2C2_127
mp-1178405,24,0,6,0.007906751095111637,False,test,AB2C3_63
mp-553310,158,0,5,0.024434827389991875,False,test,ABC2_63
mp-1225375,38,0,8,0.0024675028968776853,False,test,AB2C10_71
mp-639789,1,0,1,0.04563759523522745,False,test,A2B3_213
mp-1216768,18,0,2,0.034699295392905685,False,test,AB2C3D4_115
mp-1281,49,0,45,0.0,False,test,AB_123
mp-861983,400,0,400,1.9021847770478665e-16,True,test,ABC2_225
mp-8182,7,0,6,0.0024919550496372775,False,test,AB3_204
mp-2591,1,0,1,0.07888173358934103,False,test,AB3_163
mp-1105968,1,0,0,,False,test,ABC6_36
mvc-11284,17,0,12,0.005573596776889552,False,test,AB4C8_166
mp-989642,400,0,396,0.0016344844242089439,True,test,ABC2D6_225
mp-1056985,49,0,43,0.0,False,test,AB_123
mp-1221642,136,0,52,0.00026851702068454947,False,test,ABC2_123
mp-1186205,400,0,400,7.544409990930756e-17,True,test,ABC2_225
mp-865624,400,0,400,7.490596830133813e-17,True,test,ABC2_225
mp-1187401,400,0,400,1.7036420886410467e-16,True,test,ABC2_225
mp-7127,400,0,396,0.00020662850095335143,True,test,ABC2D6_225
mp-862734,400,0,400,9.446474023941566e-17,True,test,ABC2_225
mp-1227952,8,0,7,0.01470293036698461,False,test,AB2C3_189
mp-28897,1,0,1,0.014479492336527178,False,test,ABC_43
mp-1112100,400,0,396,0.00010596333382216405,True,test,ABC2D6_225
mp-1206993,130,0,104,0.0016320580833389469,False,test,AB2C2_164
mp-1114702,400,0,396,0.00012980508393240457,True,test,ABC2D6_225
mp-1113376,400,0,396,0.00027285558459212326,True,test,ABC2D6_225
mp-1094922,339,0,334,0.0,False,test,AB3_221
mvc-6405,24,0,15,0.017703675691294503,False,test,AB2C4_63
mp-1079853,158,0,56,0.01749573879452787,False,test,ABC2_63
mp-1185766,400,0,400,1.5655170792115333e-16,True,test,ABC2_225
mp-777349,2,0,1,0.030635562434682538,False,test,ABC_2
mp-1218077,5,0,2,0.05825659087096232,False,test,AB2C4_164
mp-22922,145,0,145,0.0,False,test,AB_225
mp-19138,53,0,38,0.005980857008521786,False,test,ABC3_194
mp-568655,8,0,8,0.00602039437500298,False,test,A3B7_229
mp-1113699,400,0,396,0.00014569958400543296,True,test,ABC2D6_225
mp-28786,400,0,65,0.02343370256255043,True,test,AB2C2_139
mp-30019,51,0,2,0.005682296759098012,False,test,AB2C3_12
mp-1187013,400,0,400,0.0,True,test,ABC2_225
mp-1189811,40,0,40,0.0020562427267604507,False,test,AB4C12_204
mp-7257,0,0,0,,False,test,AB2C2D3E6_164
mp-558552,0,0,0,,False,test,AB6_2
mp-1206043,65,0,50,0.009363737005349912,False,test,ABC2_129
mp-850187,78,0,78,0.004585035376823999,False,test,AB2C3D8_166
mp-1227226,136,0,130,3.115615162047947e-06,False,test,ABC4_216
mp-752524,21,0,20,0.03208507604566103,False,test,ABC2D4_31
mp-8688,14,0,14,0.006968435490461696,False,test,AB4C8_216
mp-569320,0,0,0,,False,test,A3B5_190
mp-1215592,280,0,229,8.331886606530655e-05,False,test,ABC2_166
mp-1227433,0,0,0,,False,test,ABCD4E8_38
mp-1095517,48,0,48,0.01072174949502293,False,test,ABC_198
mp-36031,68,0,66,0.0024368077348905907,False,test,AB2C4_122
mp-1025191,55,0,31,1.3751797201891756e-05,False,test,ABC5_123
mp-1078182,7,0,7,0.007116019917663484,False,test,A2B2C2D3_139
mp-568516,122,0,122,7.074871006666049e-17,False,test,AB3_225
mp-5175,280,0,228,0.0006758149016331982,False,test,ABC2_166
mp-30578,10,0,10,0.0001835684012390588,False,test,AB5_216
mp-21287,400,0,367,0.0011363697253485912,True,test,AB2C2_139
mp-1103629,168,0,37,0.00374022129734655,False,test,ABC_194
mp-754020,9,0,0,,False,test,ABCD4_2
mp-1218226,2,0,2,0.011623739124855637,False,test,ABCDE5_8
mp-756507,4,0,4,0.01092801731887087,False,test,ABCDE5_2
mp-15887,188,0,185,0.0028954597478024527,False,test,ABC2D6_14
mp-1225157,109,0,45,4.109232521611275e-05,False,test,AB2C3_191
mp-1298536,47,0,20,0.016026786236859013,False,test,AB2C3_164
mp-1187176,400,0,352,1.2399809960766938e-05,True,test,AB3_194
mp-862802,63,0,62,0.003789168491715122,False,test,ABCD3_63
mp-1095258,12,0,10,0.011268905117876675,False,test,ABC4_36
mp-1056920,168,0,166,0.0,False,test,AB_221
mp-1224097,1,0,0,,False,test,A2B4C5_71
mp-23763,5,0,4,0.007402536139403976,False,test,AB2C6D8_225
mp-1221385,280,0,229,0.00016246300962475196,False,test,ABC2_166
mp-1078649,69,0,67,0.00411790234565838,False,test,AB2C2_129
mp-867870,400,0,352,0.001576077925477667,True,test,AB3_194
mp-1186944,400,0,400,1.1226614079795275e-16,True,test,ABC2_225
mp-19022,23,0,19,0.03419072320704984,False,test,AB4C4_2
mp-865897,400,0,400,2.546103209443964e-16,True,test,ABC2_225
mp-867318,400,0,354,0.00023576326261112444,True,test,AB3_194
mp-1078823,0,0,0,,False,test,AB2C2D4_21
mp-5419,400,0,400,0.0,True,test,ABC2_225
mp-1209960,16,0,2,0.0028605976301416384,False,test,ABC4_2
mp-1239420,30,0,5,0.011457502323811413,False,test,AB2C5_63
mp-756123,11,0,10,0.0034105127350860936,False,test,AB6C12_148
mp-865928,400,0,400,1.1092034466296358e-16,True,test,ABC2_225
mp-1209011,6,0,6,0.008366857162919909,False,test,A2B3C5_127
mp-1079181,67,0,52,0.0039926076555609905,False,test,ABC6_148
mp-1080729,44,0,36,0.003806180114594313,False,test,ABCD2_63
mp-4471,318,0,241,0.004449711741553421,False,test,ABC3_62
mp-1080818,46,0,15,0.00683684380196318,False,test,AB2C2_12
mp-1105905,109,0,8,0.000917013643762401,False,test,AB2C3_191
mp-8966,5,0,3,0.0253297689110303,False,test,A2B2C5_15
mp-1224702,136,0,14,0.009072544969494854,False,test,ABC2_123
mp-1225490,88,0,60,0.0,False,test,ABC_187
mp-513,33,0,3,0.0016830264860555795,False,test,AB3_63
mp-1221683,26,0,20,0.000320818019152662,False,test,ABC6_123
mp-1223590,1,0,0,,False,test,ABCD2E2F3G10_1
mp-675022,2,0,1,0.08439849353459854,False,test,ABC3_155
mp-22786,99,0,97,1.59960432653315e-16,False,test,ABC_216
mp-6635,400,0,396,2.3841750110021922e-05,True,test,ABC2D6_225
mp-980662,400,0,400,7.405851556997473e-17,True,test,ABC2_225
mp-1225179,0,0,0,,False,test,A2B3C12_155
mp-11338,31,0,27,0.02076316532675491,False,test,A2B3C3_63
mp-554072,20,0,0,,False,test,AB2C3_15
mp-977362,400,0,400,1.288670584429044e-16,True,test,ABC2_225
mp-1114697,400,0,396,0.0005351148358024631,True,test,ABC2D6_225
mp-864933,400,0,400,6.959940834268744e-17,True,test,ABC2_225
mp-1226254,22,0,5,0.015246646731528393,False,test,ABC2_26
mp-557233,17,0,0,,False,test,ABC4_140
mp-1221089,1,0,1,0.03780699716857304,False,test,ABCDE4F12_5
mp-863656,27,0,22,0.004865324739221519,False,test,AB_186
mp-1039383,400,0,353,6.452016175110764e-05,True,test,AB3_194
mp-849538,19,0,2,0.023049951255210685,False,test,A5B6C7_1
mp-30326,52,0,5,0.0026421991315070583,False,test,AB2C5_140
mp-1103985,14,0,9,0.006642961261671122,False,test,A2B3_148
mp-866668,89,0,89,0.0011997254775913651,False,test,AB2C6_225
mp-1239022,46,0,1,0.027564079710452886,False,test,AB2C2_12
mp-10733,21,0,17,0.00031790826459916934,False,test,A2B3_164
mp-7420,168,0,80,4.190422006059346e-17,False,test,ABC_194
mp-555327,53,0,21,0.01255019542842413,False,test,ABC4_63
mp-3040,109,0,80,8.788754869963257e-17,False,test,AB2C3_191
mp-1179918,15,0,15,0.002645627284163183,False,test,AB4C4_137
mp-984049,400,0,400,0.0,True,test,ABC2_225
mp-1186784,400,0,353,3.737239604181074e-05,True,test,AB3_194
mp-977559,156,0,143,0.0008922603982402697,False,test,AB2C2_127
mp-753738,1,0,0,,False,test,AB3C8_1
mp-567558,65,0,11,0.00946766967108795,False,test,ABC2_129
mp-977396,400,0,400,1.5766084348506144e-16,True,test,ABC2_225
mp-2159,145,0,145,0.0,False,test,AB_225
mp-1215441,136,0,130,1.1775918429185263e-06,False,test,ABC4_216
mp-23011,23,0,8,0.003919762416206971,False,test,ABC3_160
mp-31114,16,0,16,0.004493531997749941,False,test,AB3C6_36
mp-866193,400,0,400,0.0,True,test,ABC2_225
mp-569675,4,0,2,0.020781107853956808,False,test,AB2C2D8_12
mp-690760,3,0,3,2.093166304167875e-33,False,test,AB_131
mp-1226340,11,0,7,0.003686342526934205,False,test,ABC2_187
mp-756952,1,0,1,0.013075838297979338,False,test,AB4C8_3
mp-4515,3,0,2,0.03327319849311711,False,test,AB3C3_161
mp-780303,36,0,6,0.021000231922839875,False,test,AB3C4D8_12
mp-1078907,33,0,33,0.00862129056271806,False,test,ABC2D6_87
mp-1523183,400,0,4,3.3174345291254804e-16,True,test,ABC2D6_225
mp-864614,400,0,400,0.0,True,test,ABC2_225
mp-850135,4,0,4,0.017933174953848215,False,test,A2B2C3D8_2
mp-559377,5,0,2,0.2313658719060665,False,test,ABC3_19
mp-1106115,33,0,33,0.0029253740613777576,False,test,A3B7_186
mp-9999,60,0,38,0.0013296203134555993,False,test,AB2C2_71
mp-621348,400,0,400,1.651470254499988e-16,True,test,ABC2_225
mp-753574,17,0,2,0.1251992974559132,False,test,AB4_14
mp-1009756,55,0,55,6.931166138256647e-17,False,test,AB2_225
mp-2571,13,0,13,0.004047488575559715,False,test,A2B3_220
mp-1105808,17,0,14,0.009889145607852966,False,test,AB7C12_148
mp-1225839,11,0,0,,False,test,AB2C3_9
mp-6526,8,0,4,0.023686854808479155,False,test,ABCD5_15
mp-1222074,2,0,0,,False,test,A2B2C5_166
mp-1069815,21,0,17,0.0007647706041552121,False,test,A2B3_164
mp-1224942,23,0,17,0.014556609554249336,False,test,AB3C4_25
mp-1519203,52,0,52,0.03698532464080662,False,test,ABCDE6_2
mp-1483,13,0,13,0.007961411809471854,False,test,AB_198
mp-1078887,400,0,396,0.0001483486673508359,True,test,ABC2D6_225
mp-12975,156,0,146,0.00018716477231145597,False,test,AB2C2_127
mp-1111969,400,0,396,1.0596333382194355e-05,True,test,ABC2D6_225
mp-1185365,400,0,400,1.1673945492160668e-16,True,test,ABC2_225
mp-1094612,13,0,13,0.009270669252397326,False,test,AB5_8
mp-7048,35,0,1,0.010231347757715779,False,test,A2B3_12
mp-1102464,400,0,358,0.0032811550940635864,True,test,ABC_62
mp-11918,2,0,1,0.00921190758002021,False,test,AB2C2_140
mp-1080791,65,0,50,0.016981478387051396,False,test,ABC2_129
mp-1225840,177,0,106,0.0303037976518108,False,test,ABC_129
mp-1186238,400,0,400,8.943332748307802e-17,True,test,ABC2_225
mp-1111166,100,0,100,0.0023311933440904034,False,test,AB3C6_225
mp-634859,82,0,34,0.0069869507150184555,False,test,AB2_139
mp-755777,21,0,9,0.030113597638812887,False,test,AB2C2_14
mp-1104467,30,0,30,0.0014329383338918709,False,test,AB6C6_191
mp-761177,1,0,0,,False,test,ABC3_76
mp-1147669,0,0,0,,False,test,AB2C3D5_123
mp-505034,26,0,25,0.009481831639411648,False,test,AB2C2_72
mp-1312535,11,0,1,0.026624203485627804,False,test,ABCD4_12
mp-998761,273,0,264,0.0,False,test,ABC3_221
mp-1018755,168,0,115,6.68416729410658e-17,False,test,ABC_194
mp-8313,4,0,2,0.034485538693939825,False,test,AB2C2D4_2
mp-1224138,20,0,20,0.012174363888027291,False,test,ABC2D4_82
mp-753693,18,0,16,0.0071765689887462545,False,test,A2B2C7_12
mp-1206954,400,0,400,1.005360962859878e-16,True,test,ABC2_225
mp-984550,2,0,2,0.005119692082689218,False,test,ABC4_137
mp-1025504,158,0,57,0.005767370671409252,False,test,ABC2_63
mp-755640,7,0,1,0.08586055439889916,False,test,A4B5C7_1
mp-1226713,25,0,23,0.00509573607053339,False,test,AB4C7_8
mp-1215843,53,0,33,0.00034815745548141694,False,test,AB2C3_166
mp-1079680,3,0,0,,False,test,ABC2_113
mp-1213747,37,0,37,0.0,False,test,AB3_223
mp-989631,36,0,16,0.04241953180675998,False,test,ABC3_15
mp-1228728,3,0,2,0.01789524452036312,False,test,ABC4D8_5
mp-1220054,44,0,34,0.0,False,test,AB_166
mp-677242,24,0,1,0.10552390327830406,False,test,AB2C4_63
mp-1187827,400,0,350,0.00025066310594097033,True,test,AB3_194
mp-16534,11,0,11,0.006046049154995705,False,test,ABC2D5_140
mp-1226791,75,0,75,0.0058452868622727696,False,test,ABC3_107
mp-866295,400,0,400,6.2651763251693e-17,True,test,ABC2_225
mp-973910,400,0,400,1.7129774700263033e-16,True,test,ABC2_225
mp-1018019,52,0,25,8.176833213409961e-17,False,test,AB_194
mp-1101819,53,0,28,0.0014226250892769292,False,test,AB3_166
mp-27718,273,0,264,0.0,False,test,ABC3_221
mp-7576,13,0,13,0.005967826740112307,False,test,AB_198
mp-1218153,21,0,21,0.016300841651607906,False,test,ABCD2_156
mp-977403,236,0,229,3.337385839141718e-17,False,test,AB3_139
mp-1183354,400,0,352,3.0449145918226828e-05,True,test,AB3_194
mp-764935,15,0,0,,False,test,AB2C4_2
mp-1186759,400,0,400,7.447682801663054e-17,True,test,ABC2_225
mp-24084,145,0,145,0.0,False,test,AB_225
mp-1183227,64,0,49,0.0,False,test,AB_187
mp-1185346,400,0,400,6.86347634498758e-17,True,test,ABC2_225
mp-1114437,400,0,396,5.2981666910719154e-05,True,test,ABC2D6_225
mp-1270,37,0,21,0.003976804963975862,False,test,A2B3_62
mp-676398,64,0,0,,False,test,AB2C4_12
mp-1112435,400,0,396,7.947250037003973e-06,True,test,ABC2D6_225
mp-1229167,21,0,0,,False,test,AB2C2_14
mp-12600,127,0,25,7.580641751070075e-17,False,test,AB2_194
mp-1206538,30,0,25,0.07135822973507405,False,test,ABC2D4_123
mp-756675,15,0,12,0.03390864445218662,False,test,A2B3C5D10_2
mp-864661,400,0,400,7.230252601305069e-17,True,test,ABC2_225
mp-1184100,339,0,334,0.0,False,test,AB3_221
mp-555084,11,0,8,0.005780366134128469,False,test,ABCD4_12
mp-1541018,2,0,1,0.02346924110965819,False,test,ABCD4_15
mp-1224809,9,0,3,0.005648370726821741,False,test,A2B3_44
mp-20292,400,0,366,0.00019485546901565397,True,test,AB2C2_139
mp-1079999,25,0,5,0.006042803343831276,False,test,AB2C2_194
mp-1068661,273,0,264,0.0,False,test,ABC3_221
mp-11809,8,0,6,0.0055023863678162884,False,test,AB2_65
mp-1114378,100,0,100,0.00013775233396890233,False,test,AB3C6_225
mp-775175,53,0,50,0.009308218347674495,False,test,ABCD4_74
mp-999298,339,0,334,0.0,False,test,AB3_221
mp-1226529,6,0,0,,False,test,AB2C6_139
mp-13027,400,0,363,0.015764943057649698,True,test,ABC_62
mp-1207100,49,0,48,0.0,False,test,AB_123
mp-1222319,58,0,38,0.0030790236696764074,False,test,ABC_12
mp-1019547,1,0,1,0.1296257861918764,False,test,ABC2D2E8_147
mp-1216802,21,0,21,0.004964489635528483,False,test,AB6C8_147
mp-1187846,400,0,400,7.047788778409016e-17,True,test,ABC2_225
mp-675620,68,0,65,0.002203997189239516,False,test,AB2C4_122
mp-755693,1,0,0,,False,test,ABC4_160
mp-1222183,7,0,0,,False,test,A2B3C4_5
mp-1223443,280,0,228,0.0005478845246990726,False,test,ABC2_166
mp-1518146,130,0,130,0.00019086645504708602,False,test,ABCDE6_216
mp-570756,2,0,1,0.0188409033515633,False,test,A2B3C5_8
mp-27742,2,0,2,0.03782256587122538,False,test,AB2C2_60
mp-12444,52,0,48,0.0038310452091908274,False,test,ABCD_129
mp-753849,16,0,1,0.09490655901559872,False,test,ABC2_2
mp-1187858,400,0,400,1.515854658560957e-16,True,test,ABC2_225
mp-554168,400,0,396,0.0002781537512833339,True,test,ABC2D6_225
mp-569628,400,0,368,0.011566865134650961,True,test,ABC_62
mp-18940,33,0,33,0.0017367218051156867,False,test,ABC2D6_87
mp-1222091,2,0,0,,False,test,ABC2D4E12_139
mp-19118,10,0,10,0.005840746712621129,False,test,ABC2D5_71
mp-1212805,10,0,8,0.002830450529960898,False,test,AB3C3_194
mp-1208321,15,0,15,0.0019897762936045868,False,test,AB3C4D12_155
mp-739,52,0,2,0.0013350896148142753,False,test,AB_194
mp-1226646,19,0,17,0.013475781702518782,False,test,AB3C8_160
mp-9987,110,0,57,0.0003346668652477086,False,test,ABC2_194
mp-1227046,88,0,81,0.00019154371070417286,False,test,ABC_187
mp-1173979,3,0,1,0.04902496282212095,False,test,AB2C5D8_12
mp-865357,236,0,227,3.45109897745541e-17,False,test,AB3_139
mp-1102486,58,0,44,0.005194277108259749,False,test,ABC4_141
mp-1147650,11,0,10,0.11924284782249342,False,test,ABC3_140
mp-696347,0,0,0,,False,test,ABC3D5_9
mp-1186196,400,0,400,1.8421118820597378e-16,True,test,ABC2_225
mp-1027339,24,0,3,0.014332088557394871,False,test,ABC2D2_156
mp-1221932,136,0,53,0.002846512616289749,False,test,ABC2_123
mp-9791,2,0,1,0.02962604839881171,False,test,AB3C3_160
mp-756339,33,0,33,0.002697506627658308,False,test,AB2C6_136
mp-1228004,5,0,0,,False,test,A5B5C6_8
mp-20459,14,0,14,0.015889146486171696,False,test,ABC3_99
mp-1206568,89,0,89,1.6176073855010336e-05,False,test,AB2C6_225
mp-866062,400,0,400,7.719862782966774e-17,True,test,ABC2_225
mp-755414,15,0,9,4.166533331179676e-05,False,test,ABC2_227
mp-972522,400,0,400,1.6685107270248636e-16,True,test,ABC2_225
mp-1112934,400,0,396,4.238533352867414e-05,True,test,ABC2D6_225
mp-2592,82,0,35,0.00027836267173444415,False,test,AB2_139
mp-1187272,400,0,400,0.0,True,test,ABC2_225
mp-1209153,12,0,7,0.21065963449385935,False,test,ABC4_36
mp-1207436,1,0,1,0.027083027675128185,False,test,A9B11_87
mp-921,132,0,121,2.5928764239410484e-16,False,test,AB2_227
mp-1226307,2,0,0,,False,test,ABC4D8_12
mp-1220159,19,0,19,0.00037685515994608816,False,test,ABC3_119
mp-1214569,19,0,15,0.004473370214108596,False,test,AB2C3D9_164
mp-1222815,3,0,1,0.048437934376761846,False,test,ABC2D2_99
mp-979751,400,0,400,3.0861636882860635e-06,True,test,ABC2_225
mp-27259,53,0,38,0.0010317493207889045,False,test,ABC3_194
mp-989532,400,0,396,0.0001810248411554468,True,test,ABC2D6_225
mp-1225588,37,0,5,0.0006904404925034396,False,test,ABC4_123
mp-756269,7,0,1,0.026580289155841097,False,test,A2B3C4_5
mp-1039397,77,0,14,0.03779415358638185,False,test,AB2_12
mp-1228961,53,0,50,0.004702361803809845,False,test,ABCD4_74
mp-1161,145,0,145,0.0,False,test,AB_225
mp-1113557,400,0,396,0.0002490138344821254,True,test,ABC2D6_225
mp-1214842,0,0,0,,False,test,A3B4C8_2
mp-985608,21,0,0,,False,test,A2B5_15
mp-867151,400,0,400,9.332470850930555e-17,True,test,ABC2_225
mp-863679,400,0,400,0.0,True,test,ABC2_225
mp-569788,88,0,3,0.027735552230321456,False,test,ABC_187
mp-1206682,99,0,97,3.7567899628782675e-17,False,test,ABC_216
mp-603912,21,0,3,0.004285765389359474,False,test,AB2C2_136
mp-1105563,11,0,11,0.0017828605764356568,False,test,AB4_127
mp-11718,145,0,145,0.0,False,test,AB_225
mp-1176776,15,0,9,0.036559859176424514,False,test,ABC2_227
mp-867306,400,0,400,8.92709174059289e-17,True,test,ABC2_225
mp-24809,127,0,25,1.7123658705092046e-16,False,test,AB2_194
mp-1187722,400,0,400,9.328349065982796e-17,True,test,ABC2_225
mp-861984,400,0,400,0.0,True,test,ABC2_225
mp-10835,13,0,11,0.0031311361977613577,False,test,ABC2D4_63
mp-1079688,2,0,1,0.053097099427135856,False,test,AB4C4_12
mp-1185943,400,0,400,0.0,True,test,ABC2_225
mp-9978,37,0,35,0.0005901753982551877,False,test,AB2_129
mp-672259,400,0,400,7.37303754480668e-17,True,test,ABC2_225
mp-1247748,11,0,4,0.004208628872764908,False,test,AB3C8_166
mp-505515,69,0,67,0.0035753077737981456,False,test,AB2C2_129
mp-625447,42,0,8,0.002358057347583738,False,test,AB3C3_176
mp-1187443,400,0,400,1.6941121526402923e-16,True,test,ABC2_225
mp-10620,40,0,9,0.007046768086334885,False,test,ABC2_14
mp-554669,19,0,15,0.0034617859993637456,False,test,AB2C3D9_164
mp-27438,280,0,228,0.0002602755411704865,False,test,ABC2_166
mp-1111691,100,0,100,0.00022517208437215232,False,test,AB3C6_225
mp-759488,4,0,1,0.014843723458343597,False,test,AB3C7_65
mp-1205929,400,0,396,0.00010331425047661533,True,test,ABC2D6_225
mp-1078539,33,0,33,0.0010120338212425122,False,test,ABC2D6_87
mp-1030104,36,0,4,0.00946531568651442,False,test,AB2C3D6_156
mp-1105749,31,0,27,0.011160856083057996,False,test,A2B3C3_63
mp-1226959,48,0,35,0.00774263404266651,False,test,ABC2D4_121
mp-865847,400,0,400,1.509346741385435e-16,True,test,ABC2_225
mp-15781,280,0,228,0.0005242892689320904,False,test,ABC2_166
mp-1104610,21,0,18,0.007129126898432389,False,test,A2B5_15
mp-756077,28,0,0,,False,test,ABC3_1
mp-27205,0,0,0,,False,test,AB2_88
mp-1187668,236,0,230,0.0,False,test,AB3_139
mp-550950,318,0,241,0.00852230777573004,False,test,ABC3_62
mp-1221406,5,0,2,0.01670973868710136,False,test,ABC4_1
mp-677430,11,0,0,,False,test,ABC2D4E12_1
mp-23101,1,0,1,0.005821390642701497,False,test,AB2C2D9_139
mp-1216227,38,0,30,0.0006404326987365764,False,test,AB2C10_71
mp-19829,11,0,8,0.007755329831488428,False,test,ABC3_57
mp-1210441,35,0,35,0.015210459864616074,False,test,AB3C6_14
mp-7439,3,0,3,0.016846223625469205,False,test,A2B3C3_166
mp-11184,3,0,2,0.007435724884613972,False,test,A3B4C7_12
mp-865320,400,0,400,1.3331116079500658e-16,True,test,ABC2_225
mp-36864,20,0,7,0.01368636360689213,False,test,AB2C3_15
mp-1219783,4,0,2,0.05967631660370291,False,test,ABC4D12_123
mp-364,168,0,166,0.0,False,test,AB_221
mp-1245444,42,0,20,0.04990326366262389,False,test,AB3C3_176
mp-1224651,0,0,0,,False,test,A3B8C8_2
mp-4298,30,0,30,0.0011114252490162211,False,test,AB6C6_191
mp-769962,36,0,6,0.024764187751497233,False,test,AB3C4D8_12
mp-980198,400,0,400,7.410703070610592e-17,True,test,ABC2_225
mp-1222569,0,0,0,,False,test,AB3C10_8
mp-757056,67,0,52,0.023881083830363827,False,test,ABC6_148
mp-1078286,52,0,48,0.0013499981838123536,False,test,ABCD_129
mp-1217935,17,0,14,0.004391028857486435,False,test,ABC4_164
mp-753431,5,0,0,,False,test,AB2C2D3_5
mp-1228907,20,0,20,0.0037155897360502954,False,test,ABC2D4_82
mp-622268,0,0,0,,False,test,AB2C2D2E2_64
mp-756389,33,0,33,0.007565790600347289,False,test,AB2C6_136
mp-1219502,10,0,10,0.023008042841462042,False,test,ABCD2_107
mp-1215683,6,0,6,0.008255651869903978,False,test,A3B3C10_189
mp-1106404,17,0,16,0.004405323150361713,False,test,AB4C4_86
mp-754940,273,0,264,0.0,False,test,ABC3_221
mp-1226596,1,0,1,0.006935497419652385,False,test,AB3C8_115
mp-1185817,23,0,23,0.0004883693335357463,False,test,AB5_189
mp-1186542,400,0,353,3.942435495601527e-05,True,test,AB3_194
mp-926,145,0,145,0.0,False,test,AB_225
mp-1190156,8,0,4,0.004935885129366817,False,test,ABC2D5_2
mp-9842,54,0,9,0.02247809765464512,False,test,ABC2D6_15
mp-567419,2,0,1,0.014915938874385647,False,test,ABC6D12_148
mp-1223780,8,0,8,0.00648999690838637,False,test,AB4C5_87
mp-1224354,23,0,14,0.018282450950325532,False,test,AB3C4_25
mp-753664,0,0,0,,False,test,A2B4C13_1
mp-1186823,400,0,352,0.00011393148335734435,True,test,AB3_194
mp-1223176,26,0,20,1.1193825578833066e-05,False,test,ABC6_123
mp-20817,4,0,2,0.013174917156604586,False,test,ABC_29
mp-22444,13,0,13,0.00562704446080848,False,test,ABC4_124
mp-558514,8,0,8,0.0062555114783066695,False,test,ABCD7_63
mp-15671,33,0,11,0.009181831703244386,False,test,AB3_63
mp-1179530,305,0,305,0.00022612915524448682,False,test,ABC_189
mp-1187702,122,0,122,7.54851836795245e-17,False,test,AB3_225
mp-22051,400,0,356,0.010588016109666913,True,test,ABC_62
mp-1219734,44,0,33,0.0,False,test,AB_166
mp-1517357,400,0,396,4.8610679390944494e-05,True,test,ABC2D6_225
mp-972455,400,0,400,7.41355711104885e-17,True,test,ABC2_225
mp-1185816,23,0,23,0.0067881327822566255,False,test,AB5_189
mp-754955,400,0,354,0.008335722962917944,True,test,ABC_62
mp-22903,145,0,145,0.0,False,test,AB_225
mp-1106376,37,0,21,0.004683334394037195,False,test,A2B3_62
mp-22992,23,0,23,0.027384341283209584,False,test,ABC_59
mp-1104294,23,0,20,0.0023098674492684538,False,test,A3B4_148
mp-1226900,4,0,1,0.055880107839662095,False,test,A2B3C4_38
mp-753418,127,0,127,0.00033311691248319946,False,test,AB2C4_227
mp-4247,177,0,138,0.0020731454032512607,False,test,ABC_129
mp-755390,10,0,6,0.00460314845435406,False,test,ABC4_119
mp-1077108,168,0,110,0.0,False,test,ABC_194
mp-3236,130,0,104,0.000758321263764562,False,test,AB2C2_164
mp-1187815,400,0,354,0.0004919498505362572,True,test,AB3_194
mp-973539,400,0,354,5.882497666483997e-05,True,test,AB3_194
mp-21009,145,0,145,0.0,False,test,AB_225
mp-1105737,93,0,93,0.0008296753745571131,False,test,A3B5_193
mp-1102589,400,0,1,0.15809778166880384,True,test,ABC_62
mp-1187306,339,0,334,0.0,False,test,AB3_221
mp-1078755,236,0,3,0.05355313995034188,False,test,AB3_139
mp-675100,68,0,65,0.006251912109990096,False,test,AB2C4_122
mp-2370,62,0,62,8.862659769581127e-17,False,test,AB5_191
mp-2472,145,0,145,0.0,False,test,AB_225
mp-1187661,122,0,122,7.753870372828338e-17,False,test,AB3_225
mp-1215765,280,0,228,4.9106275538694416e-06,False,test,ABC2_166
mp-555052,6,0,6,0.05982486433725608,False,test,AB2C12_2
mp-1220358,27,0,27,0.0006079498334566902,False,test,ABC6_200
mp-4177,400,0,321,4.763191308980956e-06,True,test,AB2C2_139
mp-630923,26,0,23,0.01901852077191687,False,test,A3B5_63
mp-1226666,0,0,0,,False,test,ABC2D2_65
mp-2828,145,0,145,0.0,False,test,AB_225
mp-1286807,45,0,8,0.051894973051769024,False,test,AB2C4_74
mp-1105883,1,0,1,0.00407025570902005,False,test,AB4C15_166
mp-776740,21,0,18,0.007146546587931042,False,test,ABC2D6_146
mp-769228,7,0,6,0.08509430857748161,False,test,AB4C5_59
mp-1103153,177,0,114,0.0019149651922260058,False,test,ABC_129
mp-755471,318,0,241,0.003800464562281389,False,test,ABC3_62
mp-556645,10,0,1,0.028107841189862367,False,test,ABCDE5_129
mp-978809,107,0,3,0.008689883875265642,False,test,ABC2_62
mp-1106087,9,0,9,0.009452090593043343,False,test,A2B3_136
mp-754980,48,0,37,0.008582216576660523,False,test,ABC3_148
mp-861874,400,0,400,1.7525881683435148e-16,True,test,ABC2_225
mp-6000,5,0,3,0.012708921898972098,False,test,A2B2C3D10_139
mp-12920,26,0,24,0.001188781456364488,False,test,ABC_109
mp-1077791,77,0,11,0.014237915113118112,False,test,AB2_12
mp-1222847,35,0,32,0.028915972169397047,False,test,AB3C4D12_6
mp-674348,68,0,66,0.006182622102363742,False,test,AB2C4_122
mp-867330,400,0,400,8.269887052869066e-17,True,test,ABC2_225
mp-977053,400,0,353,0.00010825643199026027,True,test,AB3_194
mp-557655,280,0,228,0.00010084378328545056,False,test,ABC2_166
mp-7285,53,0,5,0.003479631313662186,False,test,AB3_166
mp-1217915,64,0,0,,False,test,AB2_63
mp-1112095,400,0,396,0.00014040141731451572,True,test,ABC2D6_225
mp-21078,400,0,352,0.00019372878277941477,True,test,AB3_194
mp-12049,82,0,15,0.0013511442874901017,False,test,AB2_139
mp-1029267,280,0,228,0.00010665587859238129,False,test,ABC2_166
mp-33932,28,0,0,,False,test,ABC3_1
mp-1208000,10,0,6,0.004848521070899151,False,test,AB2C4D12_2
mp-978953,400,0,400,0.0,True,test,ABC2_225
mp-1113028,400,0,396,0.00014305050066005398,True,test,ABC2D6_225
mp-505618,33,0,33,0.024650255923783997,False,test,ABC2D6_87
mp-23133,3,0,3,0.015527535887302078,False,test,A2B2C3D4_139
mp-861736,400,0,400,0.0,True,test,ABC2_225
mp-1187358,400,0,352,3.382720379666502e-05,True,test,AB3_194
mp-1008280,339,0,334,0.0,False,test,AB3_221
mp-1189506,124,0,124,0.004213673981085347,False,test,AB3C5_193
mp-1220941,1,0,1,0.02040915507798871,False,test,ABC6D6_174
mp-1104260,37,0,25,0.002771533533563198,False,test,AB6C8_148
mp-1228392,38,0,27,0.013329738975338155,False,test,ABC2D6_148
mp-676260,4,0,0,,False,test,A3B4C9_1
mp-759680,54,0,34,0.04185935211116675,False,test,ABC2D6_15
mp-862778,400,0,400,0.0,True,test,ABC2_225
mp-1205710,156,0,146,0.005280269314869602,False,test,AB2C2_127
mp-1225258,0,0,0,,False,test,A3B4_44
mp-862492,400,0,400,6.462009136083497e-17,True,test,ABC2_225
mp-1223500,2,0,0,,False,test,AB3C4D12_25
mp-23879,130,0,26,0.01902729426241574,False,test,AB2C2_164
mp-1225013,18,0,8,0.026929641254747862,False,test,AB3C4_6
mp-1207953,8,0,7,0.002343794080269191,False,test,A2B2C5_64
mp-1185931,400,0,354,0.001034321349623017,True,test,AB3_194
mp-1221442,14,0,13,0.0008704063727515526,False,test,AB4_166
mp-1216707,280,0,229,1.479226485289937e-05,False,test,ABC2_166
mp-1188620,17,0,17,0.005106452797314017,False,test,AB3C6_182
mp-569344,400,0,368,4.907947169839275e-05,True,test,AB2C2_139
mp-1519208,130,0,130,0.00036822258503233424,False,test,ABCDE6_216
mp-157,8,0,1,0.054104214862587985,False,test,A_64
mp-1184894,339,0,334,0.0,False,test,AB3_221
mp-1027492,19,0,7,0.009727057034148482,False,test,ABC_164
mp-675941,1,0,0,,False,test,AB2C7_8
mp-11844,43,0,19,0.004723533385106401,False,test,AB2C6_71
mp-22808,49,0,41,0.0034056467519886753,False,test,A3B4C4_71
mp-1222282,136,0,48,0.0,False,test,ABC2_123
mp-20443,6,0,6,0.014226687244225397,False,test,A2B2C5_55
mp-863714,400,0,400,0.0,True,test,ABC2_225
mp-1393,1,0,1,0.022740942475689162,False,test,AB4_68
mp-972327,400,0,400,6.018304651705395e-05,True,test,ABC2_225
mp-1103651,177,0,96,0.013168857593968871,False,test,ABC_129
mp-23022,33,0,12,0.05399567087806142,False,test,ABC3_11
mp-971634,110,0,57,0.0029006316782680965,False,test,ABC2_194
mp-755615,0,0,0,,False,test,A3B4C8_6
mp-1186589,400,0,400,9.028037814462785e-17,True,test,ABC2_225
mp-1690,74,0,40,0.0004305607362079728,False,test,AB2_164
mp-753945,39,0,0,,False,test,ABC3_2
mp-867812,400,0,400,9.104025366487652e-17,True,test,ABC2_225
mp-124,26,0,26,0.0,False,test,A_225
mp-7930,3,0,2,0.0026417407603919582,False,test,A2B3C4_189
mp-19373,36,0,5,0.07974238594203217,False,test,ABC3_15
mp-1187929,400,0,400,9.927836820559712e-17,True,test,ABC2_225
mp-31164,33,0,33,0.027205910629678733,False,test,A3B7_186
mp-1185147,236,0,229,0.0,False,test,AB3_139
mp-9628,318,0,240,0.004537547111938452,False,test,ABC3_62
mp-568625,49,0,8,0.014207496153686243,False,test,A3B4C4_71
mp-1189265,80,0,2,0.038587341978513844,False,test,AB3_62
mp-1232055,127,0,127,5.009229682648153e-06,False,test,AB2C4_227
mp-1185511,400,0,400,1.6593658593255151e-16,True,test,ABC2_225
mp-1207968,21,0,21,0.0043747806915889415,False,test,ABC7_4
mp-1097916,273,0,264,0.0,False,test,ABC3_221
mp-1186252,77,0,15,0.0294851645439334,False,test,AB2_12
mp-32994,3,0,2,0.023428974243509468,False,test,A3B4_139
mp-22678,82,0,15,0.0015975618950244863,False,test,AB2_139
mp-1101912,48,0,48,0.0029234181987987757,False,test,ABC_198
mp-1080098,400,0,354,0.0037845900669801727,True,test,AB3_194
mp-1220163,19,0,19,0.0003894674140675795,False,test,ABC3_119
mp-1228490,1,0,0,,False,test,AB2C2D3E12_166
mp-1220461,0,0,0,,False,test,AB2C5D5_2
mp-9882,18,0,18,0.0036164040968572134,False,test,A2B3C5_15
mp-560904,23,0,1,0.07101677027138541,False,test,ABC2D6_2
mp-1217418,4,0,2,0.027354200762029043,False,test,AB2C4_1
mp-754296,100,0,100,0.00031524091812123675,False,test,AB3C6_225
mp-1212812,1,0,1,0.005186164683511658,False,test,A4B5_55
mp-1178550,318,0,241,0.0045813085825559124,False,test,ABC3_62
mp-1225280,88,0,81,0.0,False,test,ABC_187
mp-1227450,3,0,0,,False,test,AB3C12_25
mp-1026911,24,0,1,0.0418617643068456,False,test,ABC2D2_156
mp-557030,5,0,0,,False,test,AB2C2D6_12
mp-16726,1,1,1,0.0003088341887886364,False,test,AB_74
mp-1184285,400,0,351,0.0001278995337988327,True,test,AB3_194
mp-561187,15,0,15,0.006831001169829117,False,test,AB3C4D12_155
mp-1111421,100,0,100,0.00021192666764438463,False,test,AB3C6_225
mp-14036,400,0,396,3.178900014662493e-05,True,test,ABC2D6_225
mp-24338,124,0,124,0.0033486558684228044,False,test,AB3C5_193
mp-754358,53,0,20,0.015385341194097573,False,test,ABC4_63
mp-15236,318,0,21,0.01557905329547381,False,test,ABC3_62
mp-1216122,0,0,0,,False,test,A3B4C12_1
mp-27361,6,0,1,0.05961949859529305,False,test,AB2C2_2
mp-1209465,0,0,0,,False,test,AB2C2D4_40
mp-865796,400,0,400,7.412862740587041e-17,True,test,ABC2_225
mp-943,6,0,6,0.0017169139303743726,False,test,A3B4_227
mp-1220509,6,0,1,0.007586319086301349,False,test,AB2C4_4
mp-770767,318,0,239,0.04433583192639939,False,test,ABC3_62
mp-16260,400,0,339,0.00023751460697392392,True,test,AB2C2_139
mp-1245640,1,0,1,0.028695012132341484,False,test,AB4C6_44
mp-1208576,400,0,364,0.009285891844755567,True,test,ABC_62
mp-1225626,3,0,3,0.0058004024506969586,False,test,AB2C4D6_35
mp-984720,400,0,400,0.0,True,test,ABC2_225
mp-917,77,0,0,,False,test,AB2_12
mp-556233,3,0,3,0.011008959994653041,False,test,ABC4D6_191
mp-1095201,65,0,50,0.0023407177148698577,False,test,ABC2_129
mp-1039467,77,0,16,0.037869003197472835,False,test,AB2_12
mp-976344,400,0,400,6.813400239054841e-17,True,test,ABC2_225
mp-959,400,0,352,0.004151703953446062,True,test,AB3_194
mp-1224898,6,0,0,,False,test,ABC2D6_9
mp-1221632,32,0,18,0.0012766274350858827,False,test,ABC2_160
mp-1113045,400,0,396,2.119266676434686e-05,True,test,ABC2D6_225
mp-865912,400,0,400,1.1384949761426414e-16,True,test,ABC2_225
mp-1212052,0,0,0,,False,test,A2B5C8_119
mp-3474,29,0,12,1.5056728053099287e-05,False,test,ABC3_167
mp-997043,42,0,2,0.024080798076276482,False,test,ABC2_12
mp-1213201,52,0,44,0.006435863231270788,False,test,AB2C5_140
mp-1220614,21,0,21,0.003752627498744127,False,test,AB6C8_147
mp-19770,25,0,24,0.007650115266680694,False,test,A2B3_167
mp-1187385,122,0,122,1.4125116383118748e-16,False,test,AB3_225
mp-1222615,51,0,51,0.0,False,test,ABC2_216
mp-1215192,53,0,50,0.008674800984229885,False,test,ABCD4_74
mp-862376,400,0,400,7.189452245159397e-17,True,test,ABC2_225
mp-1281376,280,1,32,0.0026779400366329234,False,test,ABC2_166
mp-867927,400,0,400,1.1209232701558582e-16,True,test,ABC2_225
mp-1186964,400,0,353,0.00011612509139317428,True,test,AB3_194
mp-1183147,400,0,400,0.0,True,test,ABC2_225
mp-1218419,11,0,8,0.014766136725083588,False,test,ABC2D6_26
mp-1103894,30,0,30,0.000764030553853577,False,test,AB6C6_191
mp-1224286,280,0,229,0.00013784996431387604,False,test,ABC2_166
mp-1183344,400,0,400,1.2232817903512908e-16,True,test,ABC2_225
mp-1218979,21,0,21,0.0058456265544030075,False,test,ABCD2_156
mp-7276,54,0,38,0.0051394409965082495,False,test,ABC3_63
mp-1184495,400,0,400,8.150417611466416e-17,True,test,ABC2_225
mp-1079944,65,0,50,0.0055980198507208185,False,test,ABC2_129
mp-779339,3,0,2,0.028064776697524888,False,test,AB3C5_38
mp-1208706,40,0,40,0.000890151117118848,False,test,AB4C12_204
mp-1104230,12,0,9,0.001923425230487553,False,test,A3B3C8_71
mp-765691,2,0,0,,False,test,A5B6C7_38
mp-6754,23,0,23,0.002118631845630875,False,test,ABC2D2_139
mp-1095152,156,0,142,0.0011333859578311028,False,test,AB2C2_127
mp-558382,24,0,1,0.02598585397857174,False,test,AB2C4_63
mp-1187880,400,0,354,6.354775709390513e-05,True,test,AB3_194
mp-1025919,12,0,3,0.02064979405402424,False,test,AB2C2D4_156
mp-1178350,177,0,130,0.0019771263848708427,False,test,ABC_129
mp-1205723,156,0,137,0.0016723201950478855,False,test,AB2C2_127
mp-1020122,10,0,2,0.07325279340571514,False,test,AB2C7_2
mp-1228331,21,0,15,0.021365226202652726,False,test,AB2C3_8
mp-1315251,24,0,8,0.0749188138476007,False,test,AB3C4D12_1
mp-1219665,37,0,24,0.00026147535402446507,False,test,ABC4_123
mp-558059,22,0,7,0.02578130287976794,False,test,ABC4_14
mp-1024,42,0,3,0.11480567374361648,False,test,AB2_166
mp-1184532,400,0,400,2.8638986015503225e-16,True,test,ABC2_225
mp-1223625,0,0,0,,False,test,AB3C8D8_2
mp-1104825,0,0,0,,False,test,A2B2C3_51
mp-1183847,400,0,352,6.85338833907504e-05,True,test,AB3_194
mp-1069147,75,0,75,0.002882329673167482,False,test,ABC3_107
mp-1071216,1,0,1,0.0008361821677865751,False,test,ABC2D2_71
mp-1217811,21,0,17,0.0,False,test,AB_65
mp-861894,400,0,400,9.921507948922802e-17,True,test,ABC2_225
mp-28571,4,0,1,0.05071220737860835,False,test,A2B5_11
mp-7918,177,0,101,0.007322730783098995,False,test,ABC_129
mp-556084,318,0,1,0.07992405604650603,False,test,ABC3_62
mp-2656,56,0,56,0.00027830797636180184,False,test,A3B4_220
mp-9592,130,0,103,0.012654225220425289,False,test,AB2C2_164
mp-21244,273,0,264,0.0,False,test,ABC3_221
mp-989194,177,0,1,0.17886030113394835,False,test,ABC_129
mp-7147,16,0,4,0.025284508307077957,False,test,ABC2D7_5
mp-865879,400,0,400,1.4583464539617376e-16,True,test,ABC2_225
mp-1220888,3,0,0,,False,test,AB2C6D6_12
mp-756371,11,0,6,0.022960566613307754,False,test,AB2C4_160
mp-680754,124,0,124,0.011912048461788219,False,test,AB3C5_193
mp-862875,400,0,400,1.05410396336191e-16,True,test,ABC2_225
mp-867502,400,0,400,0.0,True,test,ABC2_225
mp-1212214,42,0,27,0.002997364606900986,False,test,A3B5_140
mp-1224655,11,0,8,0.0139025751869746,False,test,ABC2D6_26
mp-1217422,64,0,49,0.0,False,test,AB_187
mp-2028,132,0,121,1.9840602447647552e-16,False,test,AB2_227
mp-1216390,0,0,0,,False,test,ABC_18
mp-676498,68,0,65,0.006372600901774589,False,test,AB2C4_122
mp-980392,400,0,400,6.907248945813645e-17,True,test,ABC2_225
mp-1223078,4,0,0,,False,test,AB4C7_1
mp-20449,305,0,305,0.0006434903361332057,False,test,ABC_189
mp-1111219,400,0,396,5.298166691116594e-05,True,test,ABC2D6_225
mp-31009,17,0,4,0.0025801247140564065,False,test,AB2C2_15
mp-864977,400,0,400,1.0218462645158708e-16,True,test,ABC2_225
mp-972351,27,0,19,0.007073195622067483,False,test,A_166
mp-1217958,37,0,10,0.0007216862067240692,False,test,ABC4_191
mp-1227383,8,0,8,0.02589991769456227,False,test,AB2C16_160
mp-1025399,70,0,39,0.004879500385283856,False,test,AB_62
mp-1222767,14,0,2,0.021522237118303183,False,test,ABC2D4_12
mp-761037,7,0,1,0.10464417029337185,False,test,AB2C6_4
mp-672253,3,0,3,0.050089404467447585,False,test,ABCD_51
mp-20712,83,0,63,0.0012738147502892529,False,test,AB_63
mp-1306409,5,0,3,0.22554753365160374,False,test,A2B2C3D8_1
mp-1228405,21,0,7,0.04038307339008695,False,test,AB2C3_8
mp-1518599,130,0,130,0.00010975152300618903,False,test,ABCDE6_216
mp-1217531,6,0,0,,False,test,AB3C8_8
mp-19213,1,0,1,0.007368720726353815,False,test,AB2C2D2_194
mp-1105622,26,0,26,0.007721226942633995,False,test,AB3C5_140
mp-8974,1,0,1,0.08716452989249815,False,test,A3B4C9_146
mp-1206245,400,0,396,0.00014834866735094807,True,test,ABC2D6_225
mp-1516922,52,0,52,0.049357685981917046,False,test,ABCDE6_2
mp-1027409,17,0,3,0.002211199554776629,False,test,AB3C4D4_156
mp-17207,1,0,1,0.0326457773428252,False,test,AB4C4_9
mp-1103088,53,0,5,0.0017075983914082986,False,test,AB3_166
mp-1221883,48,0,35,0.005002568215412654,False,test,ABC2D4_121
mp-1143,25,0,24,0.008075363275448482,False,test,A2B3_167
mp-450,57,0,30,4.3156447243368085e-17,False,test,AB2_191
mp-19012,318,0,241,0.01190417633596945,False,test,ABC3_62
mp-1039574,64,0,1,0.04194670131131752,False,test,AB_187
mp-867857,122,0,122,9.992056885690674e-17,False,test,AB3_225
mp-1184772,236,0,227,1.2692400246552727e-16,False,test,AB3_139
mp-989555,400,0,396,0.0002808028346290956,True,test,ABC2D6_225
mp-13064,21,0,17,0.00025090926793315625,False,test,A2B3_164
mp-756505,22,0,10,0.024426205228995967,False,test,AB3C3_12
mp-1228402,3,0,3,0.013399838023201893,False,test,ABC2D2E7_25
mp-649950,1,0,1,0.029230441994296877,False,test,AB2C3D3_12
mp-38605,22,0,4,0.015258019608809036,False,test,AB2C4_166
mp-756261,24,0,2,0.040149767877372476,False,test,AB3C5_1
mp-568469,23,0,20,0.016275397031166962,False,test,AB4C4_2
mp-542445,7,0,3,0.0613880365320218,False,test,AB2C7_15
mp-1223977,0,0,0,,False,test,A5B11_10
mp-1187269,400,0,400,1.0651741759502432e-16,True,test,ABC2_225
mp-1296745,38,0,27,0.0037892748536001966,False,test,ABC2D6_148
mp-12277,305,0,305,0.0008308382555378436,False,test,ABC_189
mp-5305,400,0,2,0.06560294049806749,True,test,ABC_62
mp-865783,400,0,400,1.0726529109860259e-16,True,test,ABC2_225
mp-1183691,64,0,12,4.450138937652156e-17,False,test,AB_187
mp-866292,400,0,400,6.063313626353573e-17,True,test,ABC2_225
mp-1218342,58,0,38,0.011826398583524352,False,test,ABC_12
mp-1217334,20,0,1,0.02061657931350108,False,test,AB2C3_156
mp-1206592,400,0,400,0.0,True,test,ABC2_225
mp-20022,400,0,359,0.007140989502301926,True,test,ABC_62
mp-27726,1,0,0,,False,test,AB2_41
mp-1177391,36,0,6,0.009395649546905476,False,test,AB3C4D8_12
mp-1187384,400,0,400,1.1902515945150621e-16,True,test,ABC2_225
mp-1228984,21,0,0,,False,test,ABC2D6_146
mp-1106395,80,0,64,0.006637327207193968,False,test,AB3_62
mp-1232,37,0,37,0.0,False,test,AB3_223
mp-1025393,158,0,61,0.00405606255505365,False,test,ABC2_63
mp-641923,89,0,89,0.0004205779202341426,False,test,AB2C6_225
mp-756596,78,0,78,0.00839761790968539,False,test,AB2C3D8_166
mp-1103227,400,0,362,0.00690209850018929,True,test,ABC_62
mp-1024940,136,0,130,1.1775918427269832e-06,False,test,ABC4_216
mp-12516,52,0,48,0.004166252651503705,False,test,ABCD_129
mp-1186977,122,0,122,1.6763969763927875e-16,False,test,AB3_225
mp-1187549,236,0,229,0.0,False,test,AB3_139
mp-1222832,12,0,11,0.02185670104773795,False,test,ABC4D4_123
mp-862696,400,0,352,0.0003774162606770577,True,test,AB3_194
mp-1018690,168,0,115,7.040469138931306e-17,False,test,ABC_194
mp-14726,23,0,20,0.010453447062496955,False,test,AB4C4_2
mp-1184672,400,0,354,6.41703789506976e-05,True,test,AB3_194
mp-2134,339,0,334,0.0,False,test,AB3_221
mp-985443,339,0,334,0.0,False,test,AB3_221
mp-1205865,15,0,14,0.006865516027730081,False,test,ABC2D6_139
mp-567458,400,0,343,0.00026243667620857037,True,test,AB2C2_139
mp-27793,77,0,0,,False,test,AB2_12
mp-1177706,6,0,2,0.009224079439609836,False,test,AB3C3D8_12
mp-1211293,19,0,16,0.0032875182669867414,False,test,AB3C6_11
mp-1226249,7,0,6,0.01758684645088112,False,test,ABC2_4
mp-861941,400,0,400,9.924168385586567e-17,True,test,ABC2_225
mp-1209635,124,0,124,0.0011518021669677824,False,test,AB3C5_193
mp-1095527,400,0,358,0.0074560295077626465,True,test,ABC_62
mp-1187777,1,0,0,,False,test,A_69
mp-1101822,400,0,354,0.007061335012996782,True,test,ABC_62
mp-561849,21,0,8,0.0046279252028058795,False,test,AB2C2_14
mp-1105625,33,0,32,0.0071522593229304664,False,test,A2B3C5_72
mp-1206289,109,0,54,8.927238212185284e-17,False,test,AB2C3_191
mp-1187870,400,0,400,6.577916008575673e-17,True,test,ABC2_225
mp-1218434,1,0,1,0.06119073250573478,False,test,AB3C3D4_107
mp-998152,27,0,24,0.0032090000666565215,False,test,ABC3_8
mp-754392,280,0,229,0.0007794845272666027,False,test,ABC2_166
mp-1212118,400,0,354,0.0036895487869383547,True,test,ABC_62
mp-2616,55,0,55,1.5242933801460896e-16,False,test,AB2_225
mp-28698,2,0,1,0.06948074034969323,False,test,AB4C4_87
mp-1226945,1,0,1,0.014826060683204828,False,test,ABC2D4E8_111
mp-779466,4,0,0,,False,test,AB4C7_1
mp-9740,9,0,9,0.0018349910896196542,False,test,ABC2D5_127
mp-1228054,3,0,2,0.020735104745444783,False,test,AB2C2D3E12_160
mp-865854,400,0,400,5.668462826552592e-17,True,test,ABC2_225
mp-9753,33,0,33,0.010534128533645618,False,test,AB2C6_136
mp-1186861,400,0,353,0.0001463434743126067,True,test,AB3_194
mp-756698,0,0,0,,False,test,AB4C8_8
mp-753661,42,0,15,0.12164202746893783,False,test,ABC_14
mp-8323,26,0,4,0.016696634562698882,False,test,AB2C2_62
mp-1227268,0,0,0,,False,test,A4B7_25
mp-1221440,6,0,0,,False,test,AB2C6_139
mp-23382,10,0,4,0.043421224787989564,False,test,AB4C5_12
mp-3166,400,0,335,0.000348491801110472,True,test,AB2C2_139
mp-571310,400,0,400,1.1723635644506301e-16,True,test,ABC2_225
mp-1210002,2,0,0,,False,test,ABC6_9
mp-552651,7,0,7,0.014822578830482797,False,test,A2B2C2D3_139
mp-1227088,0,0,0,,False,test,A3B5C6_8
mp-553875,130,0,103,0.0018802000877301888,False,test,AB2C2_164
mp-1105337,0,0,0,,False,test,AB3C3D3_2
mp-1207190,99,0,97,0.0,False,test,ABC_216
mp-556777,0,0,0,,False,test,AB2C3_193
mp-1227194,35,0,32,0.016199471295820073,False,test,AB3C4D12_6
mp-753677,3,0,2,0.13925524190702304,False,test,AB3C3_161
mp-866002,400,0,400,0.0,True,test,ABC2_225
mp-7916,177,0,77,0.0023863076658444163,False,test,ABC_129
mp-1020057,40,0,5,0.018611386360566827,False,test,ABC2_14
mp-18737,17,0,11,0.004590547888640868,False,test,AB2C4_64
mp-1224835,19,0,15,0.01377494586326485,False,test,AB2C3D9_164
mp-1105165,188,0,185,0.006567812039165926,False,test,ABC2D6_14
mp-5020,23,0,10,0.01909602029199313,False,test,ABC3_160
mp-15252,11,0,7,0.01543646769027077,False,test,AB2C3_9
mp-1080183,69,0,67,0.0013383254128458524,False,test,AB2C2_129
mp-9080,280,0,228,0.00043350891110871916,False,test,ABC2_166
mp-1475,22,0,22,0.0038099777755513826,False,test,AB12_139
mp-19953,65,0,50,0.010242056418490715,False,test,ABC2_129
mp-1106218,188,0,185,0.01509976340928979,False,test,ABC2D6_14
mp-1222167,0,0,0,,False,test,AB3C4_51
mp-2273,2,0,2,0.004728287920863714,False,test,AB3_25
mp-557118,1,0,0,,False,test,AB2_20
mp-1078672,46,0,1,0.027082689781402585,False,test,AB2C2_12
mp-31303,21,0,12,0.003813412235076006,False,test,A2B3C4_15
mp-1205506,44,0,36,0.0014082092561858487,False,test,ABCD2_63
mp-1183304,339,0,334,0.0,False,test,AB3_221
mp-1213161,7,0,6,0.00020858785218395953,False,test,AB2C4D6_191
mp-1105239,10,0,5,0.004349581192750132,False,test,ABC2D6_4
mp-1079166,4,0,4,0.005123651821551906,False,test,AB2C2_31
mp-1247753,400,0,400,1.8898815749347277e-06,True,test,ABC2_225
mp-753330,76,0,52,0.00460000651887971,False,test,AB2C4_139
mp-761128,0,0,0,,False,test,AB5C8_83
mp-640956,40,0,40,0.001880630227437201,False,test,AB4C12_204
mp-510494,42,0,15,0.004109699714823646,False,test,A3B5_140
mp-1185326,400,0,400,1.6257842431048376e-16,True,test,ABC2_225
mp-864808,400,0,400,7.916985998290954e-17,True,test,ABC2_225
mp-1217393,16,0,6,0.010362487146495828,False,test,A2B3C4_2
mp-1190462,8,0,8,0.0032677288286174595,False,test,A2B3C4_64
mp-20152,42,1,14,0.039151968052471904,False,test,AB3C3_176
mp-561097,127,0,127,4.26030002716026e-05,False,test,AB2C4_227
mp-1212634,400,0,270,0.002927988314350637,True,test,ABC_62
mp-21253,168,0,166,0.0,False,test,AB_221
mp-1018737,177,0,137,0.007050084778313527,False,test,ABC_129
mp-1214029,35,0,35,0.010873079312415396,False,test,AB3C6_14
mp-1186261,400,0,400,2.302929255666617e-16,True,test,ABC2_225
mp-37693,68,0,65,0.0032016693637492983,False,test,AB2C4_122
mp-561722,63,0,62,0.017720128671120144,False,test,ABCD3_63
mp-570196,5,0,5,0.006293456056311556,False,test,A4B5_193
mp-8429,2,0,1,0.0408172542060273,False,test,AB4C4_12
mp-1221704,136,0,23,0.0005098499460452259,False,test,ABC2_123
mp-862798,236,0,229,0.0,False,test,AB3_139
mp-30401,127,0,74,0.0030832522758214233,False,test,AB2_194
mp-568320,56,0,56,0.0002584288351929101,False,test,A3B4_220
mp-1206977,88,0,81,1.089942108944825e-32,False,test,ABC_187
mp-1188079,21,0,14,0.007915342224464198,False,test,AB2C2_136
mp-1114577,400,0,396,5.271675857451435e-06,True,test,ABC2D6_225
mp-674,339,0,334,0.0,False,test,AB3_221
mp-1219248,6,0,1,0.013061479553600503,False,test,AB2C4_4
mp-756365,318,0,241,0.011864822486733083,False,test,ABC3_62
mp-20184,400,0,353,0.05407396045928245,True,test,ABC_62
mp-568914,89,0,89,0.00015636871393315564,False,test,AB2C6_225
mp-19973,75,0,75,0.0047592806703618306,False,test,ABC3_107
mp-1105812,33,0,32,0.008981832043319527,False,test,A2B3C5_72
mp-10063,51,0,47,0.000336522193778298,False,test,ABC2_122
mp-546011,52,0,48,0.003821380756181952,False,test,ABCD_129
mp-610972,305,0,305,0.0007976744848410584,False,test,ABC_189
mp-28614,0,0,0,,False,test,ABC3_191
mp-1224810,10,0,2,0.008801845199619919,False,test,ABC4_10
mp-644225,31,0,23,0.049949605038604024,False,test,AB2C6_164
mp-1224947,26,0,20,0.00045646255368719465,False,test,ABC6_123
mp-1185784,400,0,353,9.350646456752235e-05,True,test,AB3_194
mp-1102541,9,0,5,0.0032637086367494125,False,test,AB2C3_74
mp-1078712,110,0,56,5.2259016067690766e-05,False,test,ABC2_194
mp-674355,45,0,32,0.00972066307969682,False,test,AB2C4_74
mp-755934,53,0,48,0.01879062021891052,False,test,ABCD4_74
mp-1104779,30,0,30,0.0021005608300611114,False,test,AB6C6_191
mp-35591,50,0,45,0.0005588123491341568,False,test,ABC2_141
mp-13520,158,0,10,0.00830776633197683,False,test,ABC2_63
mp-1078192,76,0,52,0.003608564864058088,False,test,AB2C4_139
mp-1220728,6,0,0,,False,test,ABC2D4_1
mp-1224460,8,0,7,0.0028203044303347527,False,test,AB2C3_189
mp-1025572,17,0,3,0.017313797021267025,False,test,AB2_187
mp-1188660,400,0,396,0.00014299035838500392,True,test,ABC2D6_225
mp-754403,29,0,4,0.003774391503032906,False,test,AB2_141
mp-1422,132,0,121,1.4067959818285755e-16,False,test,AB2_227
mp-1183209,64,0,49,0.0,False,test,AB_187
mp-1225880,5,0,4,0.01359929328322321,False,test,ABC3_186
mp-1221036,37,0,24,0.0004477183632827758,False,test,ABC4_123
mp-13155,82,0,30,0.0031674458634404963,False,test,AB2_139
mp-972224,400,0,366,0.0032635584249233775,True,test,ABC_62
mp-22646,102,0,77,0.020616621732152805,False,test,AB2_62
mp-1218938,280,0,229,5.355648088169724e-05,False,test,ABC2_166
mp-1183844,400,0,354,9.133190664323355e-06,True,test,AB3_194
mp-1216445,0,0,0,,False,test,A3B8C9_10
mp-643658,1,0,1,0.1301935409305109,False,test,ABC2D3E8_2
mp-1094760,400,0,354,2.5055350135505092e-05,True,test,AB3_194
mp-1078623,89,0,89,9.436043082178355e-05,False,test,AB2C6_225
mp-1025551,13,0,13,0.005331162349807122,False,test,AB_198
mp-7130,273,0,264,0.0,False,test,ABC3_221
mp-1216671,33,0,20,0.000949735248014769,False,test,ABC2_156
mp-867712,22,0,1,0.039388101170796955,False,test,ABC4_12
mp-1217929,1,0,1,0.0339377338260552,False,test,ABC6D8_115
mp-1113,38,0,36,7.532065716936244e-05,False,test,AB2_140
mp-26220,53,0,20,0.0077449040093788965,False,test,ABC4_63
mp-1222645,19,0,19,0.011799695738052464,False,test,AB4C8_25
mp-865079,400,0,400,7.989676100258888e-17,True,test,ABC2_225
mp-20913,177,0,98,0.006140307009721339,False,test,ABC_129
mp-755559,24,0,1,0.010258146002400013,False,test,ABC3_12
mp-1078355,305,0,304,0.0018991838928668035,False,test,ABC_189
mp-1205869,156,0,145,0.000669172378763829,False,test,AB2C2_127
mp-977353,400,0,400,1.6697881344773002e-16,True,test,ABC2_225
mp-1222280,99,0,97,1.007027410413347e-16,False,test,ABC_216
mp-644492,49,0,26,0.00425913196438483,False,test,ABC4_15
mp-1112166,400,0,396,0.0010384406714584508,True,test,ABC2D6_225
mp-1103307,400,0,358,0.010452530856377467,True,test,ABC_62
mp-1217017,26,0,3,0.002536772315884888,False,test,ABC6_123
mp-1104820,21,0,18,0.001144026658144183,False,test,A2B5_15
mp-1208204,52,0,5,0.008046372956392584,False,test,AB2C5_140
mp-1222310,42,0,18,0.0019590641912456013,False,test,AB2_166
mp-11124,63,0,62,0.0041926745751418035,False,test,ABCD3_63
mp-1219490,3,0,2,0.01994899163599749,False,test,AB2_69
mp-1224400,6,0,6,0.006691873312426253,False,test,ABCD_24
mp-1221697,15,0,5,0.001286392784781936,False,test,AB3_123
mp-754352,6,0,1,0.041392825577964094,False,test,AB2C3_72
mp-1215297,1,0,0,,False,test,ABC2D6_160
mp-1189327,33,0,33,0.006318832202398704,False,test,A2B3C5_72
mp-1103553,31,0,31,0.0027578148640783756,False,test,AB6C6_71
mp-4288,158,0,61,0.0019877746179658693,False,test,ABC2_63
mp-1205561,156,0,146,0.0013329634808001082,False,test,AB2C2_127
mp-558244,22,0,0,,False,test,AB2C6_12
mp-864659,400,0,400,1.5071667242050754e-16,True,test,ABC2_225
mp-1225885,20,0,20,0.008605982166688968,False,test,ABC2D4_82
mp-690733,11,0,0,,False,test,AB2C4_15
mp-1218926,48,0,48,0.005765370527743122,False,test,ABC_198
mp-20743,110,0,9,0.0005644574820924603,False,test,ABC2_194
mp-625397,42,0,8,0.003478690519469253,False,test,AB3C3_176
mp-974370,339,0,334,0.0,False,test,AB3_221
mp-1217040,136,0,53,0.0018616865166010419,False,test,ABC2_123
mp-753809,23,0,8,0.04794247438957847,False,test,ABC4_13
mp-1029288,30,0,17,0.022522941055436892,False,test,AB2C3_36
mp-626062,2,0,0,,False,test,A2B3C10_2
mp-1111233,400,0,396,7.682341702099073e-05,True,test,ABC2D6_225
mp-1216171,188,0,185,0.016973374600245634,False,test,ABC2D6_14
mp-1217733,0,0,0,,False,test,A2B3C14_160
mp-1217411,2,0,2,0.02665211021829253,False,test,A3B3C8_5
mp-973685,400,0,354,0.00013597382678123013,True,test,AB3_194
mp-1185390,400,0,400,2.332420626108528e-16,True,test,ABC2_225
mp-23044,44,0,44,0.004298454273008641,False,test,ABC4_88
mp-1186598,400,0,400,1.8305876769375211e-16,True,test,ABC2_225
mp-1449,56,0,56,0.0006182412903463397,False,test,A3B4_220
mp-5135,400,0,373,0.00047366626677405643,True,test,AB2C2_139
mp-866169,400,0,400,8.705877952862464e-17,True,test,ABC2_225
mp-23285,145,0,145,0.0,False,test,AB_225
mp-1206662,89,0,89,0.0006955711757719261,False,test,AB2C6_225
mp-570197,82,0,29,0.011069654291904957,False,test,AB2_139
mp-1101628,0,0,0,,False,test,ABC6_31
mp-1220083,0,0,0,,False,test,A2B2C9_119
mp-1220634,3,0,2,0.0014085673150687442,False,test,AB2_69
mp-862905,400,0,400,0.0,True,test,ABC2_225
mp-978256,400,0,400,1.110852628192898e-16,True,test,ABC2_225
mp-1216756,8,0,8,0.001441786994886094,False,test,A2B6C9_191
mp-867854,400,0,400,6.790745589908942e-17,True,test,ABC2_225
mp-10510,3,0,3,0.027076485240726707,False,test,ABCD2E3_176
mp-1018051,280,0,228,0.00013805971440286396,False,test,ABC2_166
mp-1174186,36,0,3,0.04152902942514989,False,test,AB3C4D8_12
mp-865337,400,0,400,1.212090102057606e-16,True,test,ABC2_225
mp-1215350,68,0,67,0.01113785686416003,False,test,ABC_38
mp-1078880,305,0,302,0.0024416376571784588,False,test,ABC_189
mp-1138,145,0,145,0.0,False,test,AB_225
mp-348,168,0,166,0.0,False,test,AB_221
mp-758441,1,0,0,,False,test,A4B5C10_2
mp-582618,17,0,0,,False,test,AB2C2D2_12
mp-1216397,22,0,5,0.027538274572625553,False,test,ABC2_26
mp-685969,2,0,0,,False,test,AB6C8_1
mp-1225671,13,0,13,0.006307532560123259,False,test,ABC11_44
mp-756342,44,0,44,0.028102799862469097,False,test,ABC4_88
mp-1183897,4,0,4,0.0022761229333077776,False,test,A_213
mp-9407,3,0,3,0.0034462365521059674,False,test,AB3C6_193
mp-10523,58,0,44,0.00036783783470412557,False,test,ABC4_141
mp-540998,1,0,1,0.039508754701861326,False,test,ABC7_1
mp-1220193,51,0,0,,False,test,ABC2_122
mp-759790,5,0,5,0.009711407278456078,False,test,A2B5_127
mp-1186670,339,0,334,0.0,False,test,AB3_221
mp-8375,400,0,331,0.00017855918582086925,True,test,AB2C2_139
mp-6521,5,0,0,,False,test,ABCD4_129
mp-24121,42,0,8,0.009206391541307141,False,test,AB3C3_176
mp-1222533,1,0,0,,False,test,AB3C4D10_1
mp-1209825,305,0,305,0.00029289705815168033,False,test,ABC_189
mp-1101445,49,0,23,0.05973247893116273,False,test,ABC4_15
mp-1221536,47,0,1,0.03727027492210762,False,test,AB2C3_164
mp-1172870,2,0,2,0.009175442199423544,False,test,A2B4C4D9_12
mp-1104693,0,0,0,,False,test,ABC2D3_127
mp-1189729,8,0,4,0.019339302280218077,False,test,ABC2D5_2
mp-28448,33,0,11,0.028752499572698625,False,test,AB3_63
mp-19815,76,0,52,0.004972752106792583,False,test,AB2C4_139
mp-1219493,13,0,7,0.0009423493271004012,False,test,AB3_65
mp-570822,273,0,264,0.0,False,test,ABC3_221
mp-27355,1,0,1,0.03500141919751734,False,test,AB2C2_137
mp-753390,35,0,35,0.015528501267724823,False,test,AB3C6_14
mp-12674,168,0,166,0.0,False,test,AB_221
mp-764086,6,0,2,0.04768133964675189,False,test,AB4C11_1
mp-1018121,82,0,48,0.0004017400022533101,False,test,AB2_139
mp-28230,16,0,0,,False,test,ABC2_2
mp-1207986,52,0,44,0.0011148545339036452,False,test,AB2C5_140
mp-1216687,11,0,11,0.0010811980738052907,False,test,ABC4_166
mp-6145,400,0,396,0.00010066516713091754,True,test,ABC2D6_225
mp-1072598,136,0,130,3.365935712808193e-05,False,test,ABC4_216
mp-26982,9,0,6,0.02472311863795292,False,test,AB2C7_4
mp-12105,82,0,12,0.0033059635371744758,False,test,AB2_139
mp-861621,10,0,8,0.013590918108154859,False,test,A2B2C5_123
mp-27182,15,0,7,0.019962594283844597,False,test,AB3_12
mp-1519128,130,0,130,0.0001875815916986818,False,test,ABCDE6_216
mp-1039124,49,0,48,0.0,False,test,AB_123
mp-1206971,46,0,15,0.003945218167319659,False,test,AB2C2_12
mp-1226753,10,0,10,0.012963631606996075,False,test,ABCD2_107
mp-1186244,236,0,228,0.0,False,test,AB3_139
mp-1177575,36,0,19,0.011104790100968718,False,test,AB3C4D8_12
mp-1184858,400,0,353,0.00015171428956509264,True,test,AB3_194
mp-1205803,400,0,396,4.768350021983849e-05,True,test,ABC2D6_225
mp-1101803,400,0,358,0.012138641398633814,True,test,ABC_62
mp-1226017,25,0,9,0.0008045456513349839,False,test,ABC2_164
mp-1105347,8,0,7,0.018398746679304915,False,test,A2B5C12_12
mp-1221333,25,0,11,0.003993544211596745,False,test,ABC2_164
mp-23361,3,0,3,0.020866900749268263,False,test,AB5C8_65
mp-1001833,32,0,32,0.0,False,test,AB_216
mp-11461,57,0,30,7.42186691068623e-17,False,test,AB2_191
mp-865165,400,0,400,7.037340988593794e-17,True,test,ABC2_225
mp-1205942,39,0,37,0.004409435957434564,False,test,AB2C6_38
mp-541226,67,0,15,0.017079281792518202,False,test,ABC6_148
mp-768600,127,0,127,0.0005760614134821218,False,test,AB2C4_227
mp-1078918,20,0,20,0.003738049631810051,False,test,ABC2D4_82
mp-867181,400,0,400,2.2589184539934725e-16,True,test,ABC2_225
mp-867928,400,0,400,1.424799657002049e-16,True,test,ABC2_225
mp-998397,34,0,34,0.014237500050487954,False,test,ABC3_161
mp-9297,14,0,12,0.011647379538831184,False,test,AB2C4_88
mp-1298582,21,0,18,0.012998853079286372,False,test,ABC2D6_146
mp-1007910,280,0,229,0.00019871322924705108,False,test,ABC2_166
mp-19390,339,0,5,0.0,False,test,AB3_221
mp-11449,127,0,74,0.0005088544107298643,False,test,AB2_194
mp-15753,49,0,41,0.019284433287829267,False,test,A3B4C4_71
mp-10184,99,0,97,1.0463349357567218e-16,False,test,ABC_216
mp-569227,3,0,2,0.007740864846717371,False,test,AB2C5_139
mp-1238789,52,0,44,0.009581361068249422,False,test,AB2C5_140
mp-1077796,136,0,130,2.149978719756078e-06,False,test,ABC4_216
mp-862725,400,0,400,1.0553191697068312e-16,True,test,ABC2_225
mp-1018638,273,0,264,0.0,False,test,ABC3_221
mp-554199,0,0,0,,False,test,ABCD6_182
mp-1184075,400,0,400,2.1483232624981482e-16,True,test,ABC2_225
mp-985287,400,0,352,1.5849345765779604e-06,True,test,AB3_194
mp-1225565,19,0,19,0.008083106076472536,False,test,AB4C8_25
mp-978548,236,0,229,3.610327769009501e-17,False,test,AB3_139
mp-1226605,29,0,19,0.0030589593535386896,False,test,ABCD2_119
mp-8934,26,0,26,0.01231473872705288,False,test,AB2C2_72
mp-675020,0,0,0,,False,test,AB4C5_79
mp-571021,3,0,0,,False,test,AB5C8_166
mp-1256,57,0,30,5.804393970389573e-17,False,test,AB2_191
mp-20783,318,0,241,0.0020939785221285997,False,test,ABC3_62
mp-579544,3,0,0,,False,test,A2B6C7_12
mp-1219557,29,0,19,0.000446226664424909,False,test,ABCD2_119
mp-1207841,124,0,124,0.00562551877307367,False,test,AB3C5_193
mp-1219428,0,0,0,,False,test,ABC2D2E4_127
mp-777888,8,0,0,,False,test,ABC3_146
mp-1101891,42,0,0,,False,test,ABC_14
mp-1516448,5,0,5,0.028116727368433958,False,test,ABC4D12_38
mp-1209080,11,0,11,0.0019193258525626513,False,test,ABC6_15
mp-1377,57,0,42,5.4511864798928976e-17,False,test,AB2_191
mp-1274483,20,0,0,,False,test,ABC2_11
mp-7352,400,0,363,0.016314905934312163,True,test,ABC_62
mp-1087511,65,0,50,0.005653085995067277,False,test,ABC2_129
mp-865148,400,0,400,7.483691187567253e-17,True,test,ABC2_225
mp-21119,400,0,353,0.01754096519715338,True,test,ABC_62
mp-757162,6,0,0,,False,test,AB3C4_13
mp-1206296,46,0,15,0.0063192265813838515,False,test,AB2C2_12
mp-752454,5,0,1,0.03194544163506043,False,test,ABC_6
mp-13660,76,0,52,0.006493940463832085,False,test,AB2C4_139
mp-1094576,20,0,6,0.00041378240973858634,False,test,AB2_189
mp-1105695,40,0,40,5.0575989534310675e-05,False,test,A3B3C4_220
mp-600561,64,0,49,0.0,False,test,AB_187
mp-982376,20,0,18,0.012869874583499889,False,test,AB3_59
mp-597,1,0,1,0.03380945836585754,False,test,AB_157
mp-11204,57,0,57,0.0025326714269824652,False,test,AB2C6_189
mp-1207009,400,0,396,7.417433367547409e-05,True,test,ABC2D6_225
mp-29345,33,0,0,,False,test,ABC3_11
mp-582572,20,0,14,0.013467794639318251,False,test,ABC2_71
mp-21880,3,0,3,0.04973813193041366,False,test,ABC2_92
mp-1206981,7,0,2,0.062119459311706905,False,test,AB2C8_12
mp-2500,24,0,1,0.024557069898474004,False,test,AB_12
mp-1224833,188,0,185,0.01069340938496481,False,test,ABC2D6_14
mp-9,26,0,26,0.0,False,test,A_225
mp-1217779,1,0,1,0.004256331451714157,False,test,ABC2D6_74
mp-1103932,6,0,4,0.003979845480925858,False,test,A2B5_63
mp-1112939,400,0,396,0.00014569958400566048,True,test,ABC2D6_225
mp-1209180,18,0,18,0.0043723766501472605,False,test,ABC2D8_164
mp-11200,158,0,57,0.011817354847124612,False,test,ABC2_63
mp-23264,20,0,0,,False,test,AB3_59
mp-1100961,18,0,0,,False,test,A2B3C5_15
mp-1183185,400,0,400,6.359894075420133e-17,True,test,ABC2_225
mp-567258,44,0,25,0.007072630182309175,False,test,AB2_74
mp-12497,63,0,62,0.007713081228950516,False,test,ABCD3_63
mp-1190111,25,0,0,,False,test,ABC2_15
mp-1520042,130,0,130,0.00029656488053506124,False,test,ABCDE6_216
mp-567408,400,0,343,2.3913127953426547e-05,True,test,AB2C2_139
mp-1025925,5,0,5,0.0011043465407694832,False,test,A2B3C4_187
mp-1222397,25,0,23,0.005268301117455247,False,test,AB4C7_8
mp-636403,53,0,28,0.0034609307929905,False,test,AB3_166
mp-864745,6,0,6,0.008661247963200266,False,test,AB3C8_139
mp-9089,280,0,228,0.0002121516123199088,False,test,ABC2_166
mp-862986,400,0,16,0.00030081374809567697,True,test,AB3_194
mp-1209056,18,0,18,0.0014104621464987516,False,test,AB2C2D5_127
mp-1102104,102,0,81,0.004133359967980646,False,test,AB2_62
mp-1076970,40,0,31,0.004746874764902129,False,test,ABC_139
mp-757205,4,0,4,0.013564940968126927,False,test,A2B5C13_160
mp-6309,3,0,3,0.011269798228977944,False,test,A2B3C4D4_139
mp-849086,33,0,27,0.01946298817628408,False,test,AB2_58
mp-242,12,0,12,0.002433395410288533,False,test,AB6_221
mp-973267,273,0,264,0.0,False,test,ABC3_221
mp-753219,6,0,4,0.03144879366351964,False,test,AB3C3D8_12
mp-972502,339,0,334,0.0,False,test,AB3_221
mp-34195,33,0,9,0.08397984429245693,False,test,ABC3_11
mp-41191,0,0,0,,False,test,AB2C2D3E10_42
mp-1183620,236,0,229,0.0,False,test,AB3_139
mp-1103008,400,0,361,0.009006095452733618,True,test,ABC_62
mp-20032,14,0,14,0.03832347371088354,False,test,ABC3_99
mp-1216919,4,0,1,0.010767182110626768,False,test,ABC_71
mp-989586,1,0,0,,False,test,ABC3_20
mp-1095568,400,0,367,0.011353498067168252,True,test,ABC_62
mp-29299,1,0,0,,False,test,ABC4_9
mp-569529,4,0,0,,False,test,A2B3_71
mp-1223986,2,0,2,0.022281901764235668,False,test,A2B3C6_5
mp-542704,2,0,1,0.027253503386293235,False,test,ABCD2_57
mp-568865,70,0,40,0.019050037513942762,False,test,AB_62
mp-1100346,12,0,2,0.0122496714486234,False,test,A2B3C8_166
mp-753491,16,0,13,0.043243001105221834,False,test,A2B2C3_14
mp-2391,339,0,334,0.0,False,test,AB3_221
mp-1187298,400,0,352,8.95421282410356e-05,True,test,AB3_194
mp-1104435,23,0,20,0.0021578556488309137,False,test,A3B4_148
mp-1258028,54,0,32,0.03471905531256534,False,test,ABC2D6_15
mp-1219965,10,0,10,0.007127862288878635,False,test,ABCD2_107
mp-9166,280,0,24,0.002691165619365038,False,test,ABC2_166
mp-1239271,3,0,1,0.004866030817374806,False,test,AB2C3D8_10
mp-694931,36,1,22,0.003460293512773322,False,test,ABC2D6_12
mp-1221804,2,0,0,,False,test,AB2C3_26
mp-663,83,0,69,0.0021115410377408198,False,test,AB_63
mp-1212446,14,0,9,0.007858759557760154,False,test,AB6C8_225
mp-1105330,0,0,0,,False,test,AB2C4D5E8_71
mp-1212992,188,0,186,0.0071926935605668785,False,test,ABC2D6_14
mp-11465,93,0,93,0.0012821045807352906,False,test,A3B5_193
mp-1030354,17,0,3,0.045823936577582026,False,test,AB3C4D4_156
mvc-12764,2,0,1,0.01616955216690494,False,test,A2B2C3D12_1
mp-1609,37,0,37,0.0,False,test,AB3_223
mp-753112,2,0,0,,False,test,AB3C6_9
mp-1184448,400,0,400,0.0,True,test,ABC2_225
mp-542791,18,0,8,0.012727890598894134,False,test,ABC_166
mp-675011,15,0,1,0.03139705322146839,False,test,ABC6_166
mp-1184522,400,0,400,1.0023041471135678e-16,True,test,ABC2_225
mp-14207,26,0,5,0.016553534087158882,False,test,AB2C2_62
mp-1222146,0,0,0,,False,test,ABC2D2E8_6
mp-1102030,127,0,74,0.0005537153107316154,False,test,AB2_194
mp-8152,130,0,106,0.002787570209761149,False,test,AB2C2_164
mp-1220782,7,0,7,0.001383196052135888,False,test,AB3C12_47
mp-755348,3,0,2,0.008120516118891514,False,test,AB2C2D5_15
mp-840,132,0,121,2.1182288163874445e-16,False,test,AB2_227
mp-1205706,400,0,396,0.00013995440048800316,True,test,ABC2D6_225
mp-5365,168,0,114,3.818821678817695e-17,False,test,ABC_194
mp-1096942,33,0,18,0.03251677468239469,False,test,ABC2_156
mp-865382,122,0,122,2.0312846870412033e-16,False,test,AB3_225
mp-3197,305,0,305,0.0008324884790344977,False,test,ABC_189
mp-7891,21,0,17,0.01676295560160365,False,test,A2B3_164
mp-1187154,339,0,334,0.0,False,test,AB3_221
mp-1080399,23,0,23,0.00011501503101869488,False,test,ABC2D2_139
mp-510076,1,0,1,0.010257924425078219,False,test,A2B5C7_71
mp-555821,3,0,1,0.07410136272757414,False,test,AB2C4D8_2
mp-1095660,53,0,24,0.01110100490928832,False,test,ABC4_63
mp-571306,1,0,1,0.006518339647432488,False,test,AB2C2D3_194
mp-21413,177,0,19,0.006567241372888958,False,test,ABC_129
mp-1229038,4,0,4,0.029572210435550136,False,test,ABC2D2E2_5
mp-1095552,11,0,11,0.002248379279197352,False,test,AB4C6_187
mp-759512,5,0,0,,False,test,AB3C4_2
mp-2673,49,0,48,0.0,False,test,AB_123
mp-31426,305,0,305,0.0005562261654835835,False,test,ABC_189
mp-1232144,68,0,66,0.001024662641242649,False,test,AB2C4_122
mp-27471,4,0,3,0.023100816770539604,False,test,ABC_71
mp-1030518,1,0,0,,False,test,ABCDE2_156
mp-30027,36,0,0,,False,test,ABC3_15
mp-1021466,0,0,0,,False,test,ABCD2E6_123
mp-560008,6,0,0,,False,test,ABC2_36
mp-865885,400,0,400,1.0586067737115626e-16,True,test,ABC2_225
mp-568053,20,0,20,0.00031756167285792574,False,test,AB4C12_229
mp-1227217,2,0,1,0.046082910141507685,False,test,ABCD2_14
mp-1221421,21,0,21,0.002996466850691659,False,test,AB6C8_147
mp-1096952,2,0,2,0.02322244886866299,False,test,AB2C5_55
mp-978528,400,0,400,7.181526290567986e-17,True,test,ABC2_225
mp-1228646,400,0,319,4.681050877431495e-06,True,test,AB2C2_139
mp-1216156,10,0,10,0.0013563726785214831,False,test,A2B5C5_47
mp-980426,400,0,400,0.0,True,test,ABC2_225
mp-1018139,99,0,97,0.0,False,test,ABC_216
mp-19318,127,0,127,0.011721597456944175,False,test,AB2C4_227
mp-19934,305,0,305,0.0016180747295442101,False,test,ABC_189
mp-570595,44,0,35,0.002031171930428222,False,test,ABCD2_63
mp-1187962,400,0,400,6.977272182696701e-17,True,test,ABC2_225
mp-4008,51,0,47,0.002067815987083184,False,test,ABC2_122
mp-1185419,400,0,400,1.3276693689739028e-16,True,test,ABC2_225
mp-1101796,44,0,44,0.003205942703342183,False,test,ABC4_88
mp-1094582,127,0,7,0.02456656369858224,False,test,AB2_194
mp-16764,110,0,57,0.0007640904046686006,False,test,ABC2_194
mp-1114489,100,0,100,0.0021960900934668913,False,test,AB3C6_225
mp-1224291,41,0,15,0.00612517317116429,False,test,ABC2_38
mp-22881,42,0,18,0.0018614228761434054,False,test,AB2_166
mp-775295,78,0,78,0.004926094993495537,False,test,AB2C3D8_166
mp-30245,0,0,0,,False,test,A3B4C5_164
mp-1080757,156,0,147,0.0016959965307552904,False,test,AB2C2_127
mp-30100,5,0,0,,False,test,A2B2C5_15
mp-1226134,4,0,2,0.01082950052981195,False,test,ABC4D12_123
mp-1221753,21,0,21,0.0007917278221653439,False,test,ABC4D8_216
mp-1186343,400,0,400,0.0,True,test,ABC2_225
mp-753496,53,0,50,0.010066147880904814,False,test,ABCD4_74
mp-1208994,12,0,12,0.011075711854729511,False,test,ABC2D8_150
mp-1188656,80,0,64,0.0048002701738456,False,test,AB3_62
mp-1219367,3,0,2,0.006221927632146962,False,test,ABC5D6_187
mvc-15694,67,0,52,0.01220495860225954,False,test,ABC6_148
mp-20706,168,0,108,4.7873572967185e-17,False,test,ABC_194
mp-1104297,9,0,9,0.004684103890274705,False,test,A2B3C9_71
mp-1111502,100,0,100,0.00031789000146697355,False,test,AB3C6_225
mp-608321,0,0,0,,False,test,A3B4_9
mp-8194,21,0,0,,False,test,AB2C2_14
mp-1104173,6,0,4,0.018609993619189344,False,test,ABC2D2E8_123
mp-7560,29,0,18,0.005928136314804811,False,test,ABC3_167
mp-1080073,52,1,25,0.0007580146740253144,False,test,AB_194
mp-1079860,305,0,305,0.0017814036713188555,False,test,ABC_189
mp-21249,177,0,160,0.002363864230657192,False,test,ABC_129
mp-1106245,124,0,124,0.0012038654219368892,False,test,AB3C5_193
mp-1183873,400,0,400,1.529813424828484e-16,True,test,ABC2_225
mp-675677,68,0,65,0.0034835509083613494,False,test,AB2C4_122
mp-102,26,0,26,0.0,False,test,A_225
mp-3553,168,0,95,6.869921366048494e-17,False,test,ABC_194
mp-1095454,44,0,44,0.006759545807613612,False,test,ABC4_88
mp-1183162,339,0,334,0.0,False,test,AB3_221
mp-505066,318,0,241,0.012403418295151796,False,test,ABC3_62
mp-1225262,136,0,20,0.0,False,test,ABC2_123
mp-747,132,0,121,1.6652535122177889e-16,False,test,AB2_227
mp-31328,400,0,400,0.0,True,test,ABC2_225
mp-1223493,19,0,4,0.0018555910764839823,False,test,AB2C3D9_164
mp-16343,99,0,97,7.44041642867505e-17,False,test,ABC_216
mp-1184872,400,0,400,0.0,True,test,ABC2_225
mp-1219430,53,0,47,0.0002742591951906788,False,test,AB2C3_166
mp-1102534,42,0,12,0.005063822114354773,False,test,ABC_14
mp-19456,127,0,127,0.009242459439633786,False,test,AB2C4_227
mp-755493,10,0,6,0.004874321502670466,False,test,ABC4_119
mp-4022,46,0,15,0.019762643603714828,False,test,AB2C2_12
mp-1232372,168,0,36,1.1316364635189771e-16,False,test,ABC_194
mp-975880,400,0,400,1.8362232673828413e-16,True,test,ABC2_225
mp-1220086,48,0,41,0.0028392582821334567,False,test,AB2C3_194
mp-998949,26,0,16,0.0006794309448395325,False,test,AB_51
mp-1077032,44,0,34,0.00776113047711914,False,test,AB2_74
mp-568137,14,0,14,0.01292007446187143,False,test,A2B3C7_139
mp-7186,109,0,70,9.264034439235758e-17,False,test,AB2C3_191
mp-1079266,400,0,354,0.005035685068087548,True,test,AB3_194
mp-12701,8,0,6,0.007723695317221669,False,test,AB2_65
mp-18896,0,0,0,,False,test,A6B13_12
mp-999177,83,0,70,0.00450289967935008,False,test,AB_63
mp-1277718,6,0,1,0.04698877358642359,False,test,AB4C11_1
mp-15733,8,0,4,0.025190925485438352,False,test,ABCD5_15
mp-989645,33,0,2,0.2762117674425626,False,test,ABC3_11
mp-1094987,26,0,16,0.011061699518277244,False,test,AB_51
mp-1522463,130,0,130,0.005191964939791758,False,test,ABCDE6_216
mp-1103625,0,0,0,,False,test,A2B5_137
mp-1224476,16,0,6,0.009728380589924191,False,test,A2B3C4_2
mp-770830,318,0,241,0.03269414682606905,False,test,ABC3_62
mp-2199,122,0,122,1.5950627122002172e-16,False,test,AB3_225
mp-10999,400,0,360,0.011540383476319773,True,test,ABC_62
mp-675283,15,0,1,0.011787944951918686,False,test,ABC6_166
mp-11799,83,0,71,0.003590617581308095,False,test,AB_63
mp-1012640,0,0,0,,False,test,ABCD_6
mp-22394,273,0,264,0.0,False,test,ABC3_221
mp-9521,3,0,3,0.016012731573411952,False,test,A7B12_174
mp-20353,83,0,70,0.004920757306077572,False,test,AB_63
mp-1205948,7,0,6,0.01667290452460347,False,test,AB3C6_139
mp-610430,13,0,0,,False,test,AB3_14
mp-1101193,17,0,0,,False,test,AB4_14
mp-1079720,11,0,0,,False,test,AB_14
mp-22152,177,0,148,0.008256073884096006,False,test,ABC_129
mp-2847,11,0,11,0.0012222445829053771,False,test,AB4_127
mp-12052,56,0,56,0.00038565533867260493,False,test,A3B4_220
mp-675374,13,0,11,0.006954728557975345,False,test,AB2C4_66
mp-1215698,19,0,17,0.005085724672457773,False,test,AB3C8_160
mp-756939,8,0,5,0.05222411069557157,False,test,AB3C4D12_3
mp-1183463,400,0,400,6.406133576244089e-17,True,test,ABC2_225
mp-573037,188,0,185,0.005262686982072666,False,test,ABC2D6_14
mp-971744,122,0,122,7.42966955067577e-17,False,test,AB3_225
mp-979258,400,0,400,6.532652314393036e-17,True,test,ABC2_225
mp-865979,400,0,400,6.190956121445582e-17,True,test,ABC2_225
mp-551830,273,1,264,9.506861132829267e-17,False,test,ABC3_221
mp-1216075,2,0,2,0.012350978282686923,False,test,AB2C2D3_107
mp-10752,26,0,26,0.0,False,test,A_225
mp-1183192,400,0,400,9.531830478779317e-17,True,test,ABC2_225
mp-23095,3,0,0,,False,test,A2B2C3D4_139
mp-1101504,4,0,0,,False,test,ABC2D8_1
mp-1539400,36,0,22,0.022917008131658655,False,test,ABC2D6_12
mp-1220826,5,0,2,0.011361051908515104,False,test,ABC4_1
mp-754196,18,0,16,0.0026424132252478114,False,test,AB2C6_162
mp-1184013,236,0,227,0.0,False,test,AB3_139
mp-1113881,400,0,396,2.6490833455496393e-05,True,test,ABC2D6_225
mp-1078858,236,0,0,,False,test,AB3_139
mp-1187197,122,0,122,1.5862494045877806e-16,False,test,AB3_225
mp-19449,15,0,10,0.016861260029950916,False,test,ABCD4_63
mp-1186809,400,0,354,0.00022648365003829802,True,test,AB3_194
mp-776433,1,0,0,,False,test,AB4C5D7_1
mp-1105395,188,0,186,0.008926462084094566,False,test,ABC2D6_14
mp-1222400,21,0,15,0.002362691601940506,False,test,AB2C3_8
mp-1206425,3,0,3,0.0,False,test,AB4_221
mp-27236,0,0,0,,False,test,A2B2C11_5
mp-22108,177,0,140,0.001186020451057947,False,test,ABC_129
mp-555235,0,0,0,,False,test,AB2_9
mp-1216739,18,0,8,0.015996420162466333,False,test,AB3C4_6
mp-1179677,1,0,0,,False,test,A2B4C5_1
mp-4513,22,0,21,0.0023029316412877584,False,test,AB2C8_123
mp-864945,400,0,400,8.391771375853017e-17,True,test,ABC2_225
mp-642821,2,0,2,0.02096319979154039,False,test,AB3C5_127
mp-1186576,400,0,400,7.238464143276532e-17,True,test,ABC2_225
mp-1128,70,0,20,0.017201596644083654,False,test,AB_62
mp-38417,68,0,65,0.0026538078252399734,False,test,AB2C4_122
mp-981214,62,0,62,3.043986802038886e-17,False,test,AB5_191
mp-1219661,0,0,0,,False,test,AB4C4_79
mp-1086668,158,0,61,0.005065705115658852,False,test,ABC2_63
mp-1751,145,0,145,0.0,False,test,AB_225
mp-1185850,400,0,400,1.2472776006109138e-16,True,test,ABC2_225
mp-1077900,168,0,114,0.0,False,test,ABC_194
mp-1223962,25,0,23,0.002217037609490538,False,test,AB4C7_8
mp-1217270,4,0,4,0.015172576244961213,False,test,AB2C6_21
mp-1104585,11,0,11,6.085780794056331e-05,False,test,AB12_225
mp-764379,0,0,0,,False,test,A2B2C3_9
mp-23054,48,0,39,0.012124802629680985,False,test,ABC3_148
mp-1187301,236,0,229,6.726330950298407e-17,False,test,AB3_139
mp-756350,2,0,0,,False,test,ABC4_8
mp-1219013,109,0,49,1.5493336683769752e-16,False,test,AB2C3_191
mp-2572,127,0,74,0.0028278420833752244,False,test,AB2_194
mp-1225173,88,0,77,0.0,False,test,ABC_187
mp-1103938,30,0,30,0.004372443573442335,False,test,AB6C6_191
mp-1216078,29,0,28,0.005608557433864356,False,test,AB2C3_25
mp-1352,145,0,145,0.0,False,test,AB_225
mp-1229,31,0,3,0.022470886020039486,False,test,AB2_14
mp-28711,6,0,0,,False,test,AB2C2_2
mp-1104792,22,0,22,0.0009409935523800954,False,test,AB12_139
mp-1222338,53,0,50,0.009995561640496793,False,test,ABCD4_74
mp-973636,400,0,400,9.950990694883228e-17,True,test,ABC2_225
mp-1103643,102,0,0,,False,test,AB2_62
mp-505421,127,0,127,8.641828623723645e-05,False,test,AB2C4_227
mp-740,33,0,7,0.0031561691583563626,False,test,AB3_63
mp-756592,36,0,20,0.0019324064433170543,False,test,AB3C4D8_12
mp-1220210,37,0,34,0.0012421000375957081,False,test,ABC4_187
mp-1095499,49,0,1,0.058273115761722415,False,test,ABC4_15
mp-982511,158,0,55,0.0024617026590877424,False,test,ABC2_63
mp-1112892,400,0,396,5.298166691123798e-06,True,test,ABC2D6_225
mp-10486,18,0,14,0.0123145782942699,False,test,A2B2C7_12
mp-996966,7,0,3,0.0014577676411004165,False,test,ABC2_47
mp-1112413,400,0,396,3.793027336254562e-16,True,test,ABC2D6_225
mp-1025140,40,0,31,0.011819730365700444,False,test,ABC_139
mp-1184303,400,0,400,1.4677946665091249e-16,True,test,ABC2_225
mp-862945,400,0,400,1.3662426882338352e-16,True,test,ABC2_225
mp-1176792,280,0,33,0.0010515385104329002,False,test,ABC2_166
mp-1219170,1,0,1,0.006794364432820232,False,test,A2B3C4_119
mp-36248,1,0,1,0.018263544342747556,False,test,ABC4_215
mp-559695,400,0,396,2.3841750109770035e-05,True,test,ABC2D6_225
mp-753465,0,0,0,,False,test,ABC5D5_123
mp-758096,4,0,2,0.05000942230542364,False,test,ABC3_113
mp-972831,2,0,0,,False,test,ABCD2_4
mp-866097,54,0,0,,False,test,ABC2D6_15
mp-1217006,400,0,56,0.12225329502169863,True,test,ABC_62
mp-981212,57,0,26,9.020857216552322e-17,False,test,AB2_191
mp-1069357,46,0,4,0.004779217519654713,False,test,AB2C2_12
mp-1205372,17,0,6,0.015334909800875846,False,test,AB4_14
mp-1185984,400,0,400,1.3523528893366892e-16,True,test,ABC2_225
mp-2131,2,0,1,0.01347294156220989,False,test,AB6_70
mp-865893,400,0,400,1.5449845707638258e-16,True,test,ABC2_225
mp-4107,30,0,30,0.002361978516107033,False,test,AB6C6_191
mp-1211714,35,0,35,0.006341300820076423,False,test,AB3C6_14
mp-1111297,100,0,100,0.000868899337342674,False,test,AB3C6_225
mp-23047,57,0,57,0.0031532822918740456,False,test,AB2C6_189
mp-1038972,44,0,35,0.0,False,test,AB_166
mp-1223950,58,0,39,0.001910823676771431,False,test,ABC_12
mp-1183425,400,0,353,3.57389099255208e-16,True,test,AB3_194
mp-776200,58,0,44,0.0035263480064942716,False,test,ABC4_141
mvc-15840,67,0,52,0.0017819187374034427,False,test,ABC6_148
mp-1025426,33,0,11,0.013211750742436815,False,test,AB3_63
mp-862953,400,0,400,1.1156969402857756e-16,True,test,ABC2_225
mp-1205834,6,0,2,0.004912205642673307,False,test,AB2C2D4_139
mp-8267,4,0,2,0.017373403755547693,False,test,ABC3_71
mp-1189376,8,0,4,0.006291552854548402,False,test,ABC2D5_2
mp-556459,3,0,1,0.15173869682194588,False,test,ABC5_9
mp-1224041,0,0,0,,False,test,A2B3C9_38
mp-573855,33,0,33,0.014109376085397406,False,test,A3B7_186
mp-997183,42,0,3,0.0013603772452234712,False,test,ABC2_12
mp-6259,9,0,0,,False,test,AB2C2D7_139
mvc-14349,17,0,12,0.06168378290825146,False,test,ABC4_140
mp-1222370,280,0,229,1.4474900849905733e-05,False,test,ABC2_166
mp-30031,74,0,42,0.00012051486866949605,False,test,AB2_164
mp-761161,16,0,0,,False,test,AB3C5_2
mp-571212,42,0,27,0.008945293685007601,False,test,A3B5_140
mp-863648,400,0,354,0.0001289485933831678,True,test,AB3_194
mp-865789,400,0,400,7.81904685787157e-17,True,test,ABC2_225
mp-1217259,29,0,28,0.00010174614968615712,False,test,ABCD2_119
mp-1207993,3,0,2,0.005178361382336684,False,test,A3B5_12
mp-10931,177,0,150,0.0008913425254275068,False,test,ABC_129
mp-760483,51,0,17,0.011795980110973325,False,test,AB2C3_12
mp-5124,400,0,400,1.2104767684988954e-16,True,test,ABC2_225
mp-1215195,280,0,229,0.000313190691601681,False,test,ABC2_166
mp-1539101,1,0,0,,False,test,ABC4_46
mp-1018803,177,0,105,0.038357592018040225,False,test,ABC_129
mp-20471,20,0,20,9.238157755857019e-05,False,test,A4B6C7_229
mp-638253,9,0,1,0.08534894907139105,False,test,AB4_12
mvc-7276,64,0,1,0.11805665626337485,False,test,AB2C4_12
mp-867699,0,0,0,,False,test,AB4C4_121
mp-11301,57,0,30,7.801812603442958e-17,False,test,AB2_191
mp-569607,400,0,343,0.00010545573550495523,True,test,AB2C2_139
mp-1105522,80,0,1,0.04321613061186229,False,test,AB3_62
mp-551203,26,0,26,0.006863958412258243,False,test,AB2C2_72
mp-9391,2,0,0,,False,test,AB2C3_11
mp-1030161,22,0,4,0.002397920688546836,False,test,ABCD3_156
mp-556983,14,0,14,0.00240211980273378,False,test,ABC3_74
mp-672299,305,0,305,6.754181064166127e-05,False,test,ABC_189
mp-1208602,2,0,1,0.02803911851501271,False,test,ABC6_67
mp-1114426,400,0,396,5.2981666910179545e-06,True,test,ABC2D6_225
mp-1227385,16,0,10,0.0018670662628762472,False,test,AB2C4_10
mp-174,42,0,24,0.03351679608148321,False,test,A3B5_140
mp-571457,10,0,2,0.013414252602278512,False,test,AB2C4_140
mp-37183,68,0,65,0.0033656179376128025,False,test,AB2C4_122
mp-1208810,188,0,185,0.016455129727094835,False,test,ABC2D6_14
mp-1520765,400,0,396,0.00017269374329660202,True,test,ABC2D6_225
mvc-16769,45,0,6,0.012164082650117208,False,test,AB2C4_74
mp-753258,2,0,0,,False,test,AB3C4_1
mp-1215994,5,0,5,0.004092402232999832,False,test,ABC8D8_115
mp-1207582,318,0,240,0.006869170108948238,False,test,ABC3_62
mp-1072199,109,0,65,1.3366424326212507e-16,False,test,AB2C3_191
mp-5541,177,0,140,0.003520774532410784,False,test,ABC_129
mp-3998,12,0,10,0.027257174111966914,False,test,ABC4_36
mp-21198,88,0,75,0.0004839476768484942,False,test,ABC_186
mp-27539,1,0,0,,False,test,AB2C5_87
mp-1210837,21,0,21,0.004136912153717319,False,test,ABC7_4
mp-16533,11,0,11,0.002745074034160313,False,test,ABC2D5_140
mp-1188693,124,0,124,0.0010803216008190082,False,test,AB3C5_193
mp-1227257,42,0,0,,False,test,AB2_166
mp-1207064,33,0,33,0.002294489658190536,False,test,ABC2D6_87
mp-1205743,400,0,396,7.947250037064699e-06,True,test,ABC2D6_225
mp-672238,65,0,50,0.001391667324149969,False,test,ABC2_129
mp-2225,127,0,74,0.0005423269698631806,False,test,AB2_194
mp-696512,12,0,0,,False,test,ABC2D4_2
mp-28329,80,0,2,0.02306757494568686,False,test,AB3_62
mp-1112608,400,0,396,9.27179170942128e-05,True,test,ABC2D6_225
mp-20991,11,0,11,0.002245925153906601,False,test,ABC3_140
mp-559701,33,0,33,0.009673694706953832,False,test,AB2C6_136
mp-5690,318,0,241,0.004681866095658964,False,test,ABC3_62
mp-1105095,31,0,0,,False,test,AB2_14
mp-9416,14,0,12,0.005833418773529777,False,test,AB2C4_88
mp-1207780,80,0,64,0.007578427287547131,False,test,AB3_62
mp-1114084,400,0,396,5.033258356552969e-05,True,test,ABC2D6_225
mp-1217356,12,0,7,0.0023377265590937826,False,test,AB2C3_65
mp-690552,38,0,37,0.02450144661021473,False,test,ABCDE6_7
mp-1523339,52,0,52,0.009009683018454036,False,test,ABCDE6_2
mp-865173,400,0,400,1.4433121917197856e-16,True,test,ABC2_225
mp-1222246,10,0,4,0.021312182517365354,False,test,AB2C3_38
mp-1216205,10,0,9,0.08472604989256334,False,test,AB3C4D12_2
mp-13964,177,0,110,0.012671021700199398,False,test,ABC_129
mp-758967,5,0,0,,False,test,ABC_31
mp-756130,1,0,0,,False,test,ABC3_163
mp-1225665,31,0,31,0.002834567424358618,False,test,AB6C6_71
mp-1102657,102,0,80,0.001993206931241947,False,test,AB2_62
mp-20735,339,0,334,0.0,False,test,AB3_221
mp-863720,339,0,334,0.0,False,test,AB3_221
mp-1113523,400,0,396,2.1192666764298684e-05,True,test,ABC2D6_225
mp-1219577,1,0,1,0.1673071761227037,False,test,AB2C6_46
mp-865255,400,0,400,1.0013878268861236e-16,True,test,ABC2_225
mp-1114568,400,0,396,9.801608378542766e-05,True,test,ABC2D6_225
mp-1187388,400,0,400,1.581126659445967e-16,True,test,ABC2_225
mp-1206810,60,0,38,0.0014155490025692357,False,test,AB2C2_71
mp-1220178,1,0,1,0.02067396188513851,False,test,ABC4_160
mp-1210667,21,0,20,0.013666525596098393,False,test,ABC2D4_31
mp-9323,37,0,21,0.005145972252452276,False,test,A2B3_62
mp-23008,177,0,160,0.005071808613796984,False,test,ABC_129
mp-550469,6,0,3,0.06166501835439924,False,test,ABC2D6_99
mp-1218250,38,0,37,0.013695518010375317,False,test,ABCDE6_7
mp-1216363,4,0,4,0.015887604550500936,False,test,AB2C2D3_35
mp-1078358,34,0,34,0.027883781077234646,False,test,ABC3_161
mp-1216781,0,0,0,,False,test,ABC5_17
mp-1105819,318,0,241,0.026759332088097734,False,test,ABC3_62
mp-999193,83,0,68,0.00152723364463196,False,test,AB_63
mp-1227648,31,0,31,0.004552775463417915,False,test,AB6C6_71
mp-1018084,32,0,6,0.022346082432746446,False,test,ABC2_160
mp-1227403,1,0,1,0.0439713736495008,False,test,AB3C6_160
mp-1215863,16,0,10,0.0036763452544266856,False,test,AB2C4_10
mp-867843,63,0,62,0.01292364933970325,False,test,ABCD3_63
mp-23803,8,0,4,0.007395740503592931,False,test,ABC2_31
mp-12631,273,0,264,0.0,False,test,ABC3_221
mp-2701,52,0,18,1.5285066479761208e-16,False,test,AB_194
mp-1220371,2,0,2,0.031079519422117743,False,test,ABCD_164
mp-1228050,0,0,0,,False,test,AB2C2D3E12_115
mp-20728,23,0,23,0.00019099610926417586,False,test,ABC2D2_139
mp-1217317,37,0,34,0.00021681828005529116,False,test,ABC4_187
mp-1222096,10,0,7,0.004234902239308447,False,test,ABC2D4_166
mp-8007,34,0,34,0.054342628013946646,False,test,ABC3_161
mp-541155,8,0,0,,False,test,AB4_15
mp-1068048,75,0,75,0.005187736162912237,False,test,ABC3_107
mp-1217773,5,0,0,,False,test,AB4C10_139
mp-1205718,44,0,36,0.001209830829444325,False,test,ABCD2_63
mp-1208832,33,0,0,,False,test,ABC3_11
mp-1584,132,0,121,2.1248012363179445e-16,False,test,AB2_227
mp-754082,1,0,1,0.05154857054690744,False,test,AB2C6D11_1
mp-1079803,16,0,12,0.002533708107165787,False,test,AB2C2_70
mp-1104719,45,0,40,0.0007161582040653558,False,test,AB4C8_139
mp-20372,60,0,22,7.074370697106975e-17,False,test,A_194
mp-22504,18,0,12,0.00847683930039014,False,test,AB2C4_11
mp-1209774,1,0,1,0.046382096278964176,False,test,ABCD4_13
mp-766325,2,0,0,,False,test,ABC4_8
mp-506,168,0,166,0.0,False,test,AB_221
mp-1111126,400,0,396,2.9007462633658544e-05,True,test,ABC2D6_225
mp-1222023,68,0,67,0.007963240747300879,False,test,ABC_38
mp-1223557,1,0,1,0.04140016810462954,False,test,ABC2D8_8
mp-976075,236,0,228,0.0,False,test,AB3_139
mp-4841,40,0,8,0.010274928790762632,False,test,ABC2_14
mp-1246974,53,0,50,0.005940193844406406,False,test,ABCD4_74
mp-1071690,10,0,10,0.0017693955210194708,False,test,AB5_216
mp-1208839,9,0,5,0.0371989476875813,False,test,AB2C6_64
mp-13245,40,0,40,0.0009652943197462678,False,test,AB4C12_204
mp-31077,19,0,9,0.030214009027786697,False,test,AB2C6_14
mp-2676,132,0,121,2.0954661979194125e-16,False,test,AB2_227
mp-10335,33,0,33,0.0303574034102708,False,test,ABC2D6_87
mp-1106250,93,0,93,0.0015112690213640778,False,test,A3B5_193
mp-866041,400,0,400,8.403381381048233e-17,True,test,ABC2_225
mp-768613,30,0,30,0.0015659530047727604,False,test,AB6C6_191
mp-1186258,400,0,400,7.752969732605404e-17,True,test,ABC2_225
mp-570948,2,0,0,,False,test,ABCD2_14
mp-558911,13,0,12,0.07878843461580336,False,test,A2B3C4_72
mp-1235877,0,0,0,,False,test,AB8_12
mp-21424,400,0,356,0.0019390139274094952,True,test,ABC_62
mp-1028769,20,0,2,0.009814853000467489,False,test,AB2C3_156
mp-756870,36,0,20,0.011867622194013824,False,test,AB3C4D8_12
mp-1223283,6,0,2,0.009943583614215271,False,test,AB5C8_5
mp-12769,29,0,17,0.0009905862231820142,False,test,AB2_141
mp-1025069,8,0,6,0.0068423737309825814,False,test,AB2_65
mp-25284,54,0,0,,False,test,ABC2D6_15
mp-1080703,305,0,305,0.0011023486406432656,False,test,ABC_189
mp-1219678,58,0,34,0.009959264614533966,False,test,ABC_12
mp-12778,168,0,166,0.0,False,test,AB_221
mp-862985,400,0,354,4.63255378026472e-05,True,test,AB3_194
mp-1227459,14,0,13,0.0028356929903981323,False,test,AB4_166
mp-257,168,0,166,0.0,False,test,AB_221
mp-1213460,16,0,16,0.0011936681104232165,False,test,AB6C12_204
mp-1095125,158,0,61,0.0031953523805486055,False,test,ABC2_63
mp-11754,57,0,57,0.000492600346667373,False,test,AB2C6_189
mp-1025100,1,0,1,0.014873840870958535,False,test,AB5_71
mp-1095158,305,0,294,0.0013380269688019926,False,test,ABC_189
mp-753675,53,0,15,0.0017786279923531568,False,test,ABC4_65
mp-867852,400,0,400,7.195824966299964e-17,True,test,ABC2_225
mp-7377,5,0,5,0.012293475593391712,False,test,A2B2C3_71
mp-1188811,20,0,20,1.732154579221202e-05,False,test,A4B6C7_229
mp-1104605,21,0,18,0.0012596092787740352,False,test,A2B5_15
mp-8450,4,0,2,0.03228541277160939,False,test,AB2C2D4_2
mp-14307,127,0,127,0.00021038764666293154,False,test,AB2C4_227
mp-30760,122,0,122,1.0366254271532486e-16,False,test,AB3_225
mp-7461,3,0,1,0.04705731792373058,False,test,AB2C4_13
mp-20766,168,0,113,1.2452865676561785e-16,False,test,ABC_194
mp-1215619,21,0,21,0.0052506449791492864,False,test,ABC4D8_216
mp-1025241,55,0,31,0.0006266206225057067,False,test,ABC5_123
mp-1228998,2,0,0,,False,test,AB2C3D12_5
mp-1214894,1,0,1,0.02856828552586146,False,test,A4B11_2
mp-861487,400,0,352,0.00023031771830785835,True,test,AB3_194
mp-1222768,3,0,2,0.058228012476822175,False,test,ABC2D2_99
mp-1222903,109,0,82,1.4092715768110092e-16,False,test,AB2C3_191
mp-759458,18,0,8,0.028640823902097875,False,test,AB2C5_15
mp-13202,88,0,75,0.0010268552883509869,False,test,ABC_186
mp-1105294,0,0,0,,False,test,A5B6C6_229
mp-1112503,400,0,396,3.443808349203497e-05,True,test,ABC2D6_225
mp-1222821,11,0,0,,False,test,AB3C6_12
mp-867243,400,0,400,1.3207299663411082e-16,True,test,ABC2_225
mp-989531,400,0,396,0.0006119382528238407,True,test,ABC2D6_225
mp-1205541,400,0,396,6.357800029316788e-05,True,test,ABC2D6_225
mp-685941,2,0,0,,False,test,AB3C4_8
mp-753537,2,0,0,,False,test,ABCD4_40
mp-1185466,400,0,400,8.565824961654103e-17,True,test,ABC2_225
mp-33112,5,0,0,,False,test,A2B5_59
mp-6088,52,0,48,0.005108722877996792,False,test,ABCD_129
mp-1104295,37,0,25,0.0032688460479260136,False,test,AB6C8_148
mp-1186433,400,0,400,8.582566685200987e-17,True,test,ABC2_225
mp-1103853,37,0,25,0.003992089790787689,False,test,AB6C8_148
mp-1216682,21,0,21,0.025007756371592766,False,test,ABC4D8_216
mp-753861,33,0,33,0.007625633235783477,False,test,AB2C6_136
mp-28592,14,0,14,0.03743118252857118,False,test,A2B3C7_139
mp-1221519,5,0,1,0.0020942339011405494,False,test,ABC2_25
mp-1224904,2,0,0,,False,test,AB2C3D12_5
mp-1217866,38,0,30,0.002856508957525813,False,test,AB2C10_71
mp-1213167,26,0,10,0.0029712227469859587,False,test,AB2C2_62
mp-5692,318,0,241,0.0055793313123972815,False,test,ABC3_62
mp-1184390,400,0,400,7.342775861326053e-17,True,test,ABC2_225
mvc-4369,15,0,10,0.039711855189113986,False,test,ABC2D6_11
mvc-4415,5,0,0,,False,test,A2B5_59
mp-1216574,23,0,22,0.0038649339650498288,False,test,AB2C4_38
mp-11082,305,0,305,0.0006285853639477058,False,test,ABC_189
mp-614481,145,0,145,0.0,False,test,AB_225
mp-1290585,3,0,0,,False,test,ABCD2_2
mp-1184554,60,0,30,0.0,False,test,A_194
mp-2108,93,0,93,0.0016071146515799456,False,test,A3B5_193
mp-1018055,26,0,16,0.03315245506334934,False,test,AB_51
mp-1218459,12,0,12,0.01389520893945052,False,test,AB2C3D8_38
mp-867788,400,0,400,1.2815001989684955e-16,True,test,ABC2_225
mp-11753,8,0,8,0.007104015375223367,False,test,A2B2C7_44
mp-755692,5,0,4,0.0647814696423675,False,test,ABC5_85
mp-12355,188,0,185,0.003179003444519155,False,test,ABC2D6_14
mp-1212695,0,0,0,,False,test,A2B5C8_119
mp-1220172,109,0,82,1.5553786410317022e-16,False,test,AB2C3_191
mp-2918,110,0,24,0.0007874141902638659,False,test,ABC2_194
mp-1217383,0,0,0,,False,test,A2B5C8_8
mp-1227011,0,0,0,,False,test,A2B3C10_160
mp-4210,76,0,7,0.0006302986546727556,False,test,AB2C4_139
mp-616573,0,0,0,,False,test,A2B5C13_107
mp-542132,65,0,50,0.009322412126821673,False,test,ABC2_129
mp-1228310,400,0,396,1.3245416727453133e-05,True,test,ABC2D6_225
mp-1071765,177,0,109,0.02059882424461623,False,test,ABC_129
mp-541384,10,0,10,0.005957630148569805,False,test,AB3_167
mp-1217802,19,0,19,0.019844924057065543,False,test,AB4C8_25
mp-4238,305,0,305,0.0003937517988544465,False,test,ABC_189
mp-1173887,8,0,0,,False,test,AB2C3_2
mp-2121,339,0,334,0.0,False,test,AB3_221
mp-1205970,156,0,144,0.0008437422042355644,False,test,AB2C2_127
mp-1174822,4,0,0,,False,test,AB3C6D10_1
mp-998749,27,0,24,0.0012259880439068438,False,test,ABC3_8
mp-1106174,33,0,33,0.008352379338847206,False,test,A3B7_186
mp-1903,14,0,11,0.002434172468570577,False,test,AB4_139
mp-1185119,236,0,228,5.22589566515358e-17,False,test,AB3_139
mp-570179,82,0,34,0.0006924993512772525,False,test,AB2_139
mp-1094573,9,0,0,,False,test,AB_38
mp-1101341,53,0,15,0.0054689698167521075,False,test,ABC4_65
mp-1217381,2,0,2,0.051577721867552564,False,test,AB6C10_162
mp-13286,8,0,1,0.2938620474152078,False,test,AB2_186
mp-1222684,1,0,0,,False,test,A2B2C3_160
mp-778554,23,0,1,0.10245984943070212,False,test,AB2C4_38
mp-8742,158,0,61,0.001666132337066418,False,test,ABC2_63
mp-1207159,7,0,7,0.004892816233254714,False,test,AB3C6_139
mp-867840,400,0,400,0.0,True,test,ABC2_225
mp-607467,61,0,14,0.028978861390175192,False,test,ABC3_14
mp-752549,42,0,1,0.11573923333129012,False,test,ABC2_12
mp-1238815,2,0,0,,False,test,AB4_8
mp-777497,6,0,0,,False,test,ABC2D2_12
mvc-13928,30,0,23,0.01888688342949262,False,test,ABC5_15
mp-2136,1,0,0,,False,test,A2B3_56
mp-3576,400,0,400,1.0269992419643886e-16,True,test,ABC2_225
mp-1295221,1,0,0,,False,test,ABCD5_9
mp-3740,400,0,400,8.688397384273319e-17,True,test,ABC2_225
mp-1187098,400,0,400,9.600041605103627e-17,True,test,ABC2_225
mp-22355,188,0,185,0.0030428278810559826,False,test,ABC2D6_14
mp-673633,8,0,3,0.014402707096609766,False,test,A2B3_9
mp-997041,158,0,6,0.010673713501995342,False,test,ABC2_63
mp-976143,400,0,400,1.8166223251904172e-16,True,test,ABC2_225
mp-1223826,8,0,8,0.006300634171526887,False,test,AB4C15_123
mp-30383,82,0,30,0.0016367799654110956,False,test,AB2_139
mp-1077349,40,0,31,0.034551328635082104,False,test,ABC_139
mp-676324,2,0,2,0.003801556389049899,False,test,AB5C11_8
mp-1078085,4,0,4,0.0014164931813223055,False,test,AB2C4_123
mp-1221599,10,0,7,0.0015711693951309892,False,test,ABC2D4_166
mp-1104938,30,0,29,0.005572813889784922,False,test,AB2C3D8_164
mp-754816,318,0,240,0.01758150864315568,False,test,ABC3_62
mp-1177445,23,0,20,0.005371838053484037,False,test,AB3C4D8_166
mp-865762,5,0,0,,False,test,AB2C2D6_12
mp-8001,280,0,228,0.001278511015257672,False,test,ABC2_166
mp-9351,88,0,74,0.003652454898135431,False,test,ABC_186
mp-38280,50,0,45,0.0002811631017067195,False,test,ABC2_141
mp-865269,8,0,8,0.012818207466564277,False,test,ABCD3_36
mp-1025410,4,0,4,0.0030456547782422285,False,test,AB2C2D3_139
mp-973,21,0,20,0.005541723233923012,False,test,A2B3_164
mp-1001034,127,0,127,0.00026674442026313605,False,test,AB2C4_227
mp-752457,16,0,5,0.05582284608888672,False,test,AB3C5_2
mp-864634,122,0,122,1.5840508959360659e-16,False,test,AB3_225
mp-546,132,0,121,2.1469250809517444e-16,False,test,AB2_227
mp-1112229,400,0,396,1.854358341877296e-05,True,test,ABC2D6_225
mp-774945,1,0,0,,False,test,AB3C8_1
mp-1029506,7,0,3,0.04474562542770132,False,test,ABC2_64
mp-865047,18,0,18,0.002310070124865774,False,test,AB2C2D5_127
mp-2324,57,0,30,3.530915488237158e-17,False,test,AB2_191
mp-865631,42,0,4,0.010487597394063542,False,test,ABC2_12
mp-24292,89,0,89,0.0005176343633650687,False,test,AB2C6_225
mp-1572,64,0,1,0.055124697971086836,False,test,AB_187
mp-1186302,400,0,354,0.0006134538614694116,True,test,AB3_194
mp-754539,2,0,1,0.03289656703891066,False,test,ABCD5_11
mp-13240,136,0,130,2.1499787197029244e-06,False,test,ABC4_216
mp-9934,177,0,139,0.008693515110836304,False,test,ABC_129
mp-10621,16,0,0,,False,test,ABC2_2
mp-866224,400,0,400,1.2971629733599376e-16,True,test,ABC2_225
mp-1111926,400,0,396,2.1192666764252334e-05,True,test,ABC2D6_225
mp-11104,305,0,305,0.00046956765257018897,False,test,ABC_189
mp-758174,0,0,0,,False,test,A5B6C8_5
mp-1184118,26,0,26,0.007877697480371522,False,test,AB3C5_140
mp-7949,31,0,23,0.007996702592816556,False,test,AB2C6_164
mp-1216375,37,0,10,0.0030083941899761053,False,test,ABC4_191
mp-1215856,16,0,10,0.001451716533306032,False,test,AB2C4_10
mvc-14217,3,0,2,0.02818238913111456,False,test,AB5_15
mvc-1666,1,0,1,0.038569740304385994,False,test,AB2C6_31
mp-1217639,25,0,23,0.006699290821180624,False,test,AB4C7_8
mp-752918,0,0,0,,False,test,AB6C12_1
mp-1007786,4,0,0,,False,test,AB_11
mp-30728,168,0,166,0.0,False,test,AB_221
mp-19380,53,0,18,0.007998470622563685,False,test,ABC4_63
mp-1105776,13,0,12,0.006629865132245265,False,test,A2B3C4_72
mp-30342,400,0,400,0.0,True,test,ABC2_225
mp-752635,11,0,0,,False,test,AB3C6_12
mp-5916,400,0,345,3.436809487327797e-05,True,test,AB2C2_139
mp-1100,82,0,12,0.0011535730324632335,False,test,AB2_139
mp-865992,400,0,400,7.636998751144845e-17,True,test,ABC2_225
mp-1216992,1,0,0,,False,test,A2B4C11_1
mp-1078257,46,0,0,,False,test,AB2C2_12
mp-1209653,124,0,124,0.001129743636833689,False,test,AB3C5_193
mp-685991,1,0,1,0.09876735266620777,False,test,AB3C5_9
mp-1183392,400,0,400,1.4367311186046192e-16,True,test,ABC2_225
mp-865432,400,0,400,9.889348421270001e-17,True,test,ABC2_225
mp-755254,0,0,0,,False,test,AB2C2D2_25
mp-1111127,400,0,396,0.00011920875055000661,True,test,ABC2D6_225
mp-554061,11,0,2,0.027474508186921508,False,test,ABCD2_12
mp-1220711,0,0,0,,False,test,AB3C10_6
mp-567290,27,0,22,0.018398123283399237,False,test,AB_186
mp-1208192,2,0,0,,False,test,A2B3C12_139
mp-1173040,6,0,6,0.012161716288019868,False,test,AB3C4_139
mp-1224202,3,0,3,0.02550597698101771,False,test,ABC2D3_1
mp-1189246,15,0,15,0.0009021430748428976,False,test,AB4C4_137
mp-31187,400,0,400,8.220014975455013e-17,True,test,ABC2_225
mp-768307,33,0,12,0.03219793267668474,False,test,ABC3_11
mp-1184410,26,0,16,0.0532524433697283,False,test,AB_51
mp-1225044,42,0,18,0.0013245003345583406,False,test,AB2_166
mp-1247530,400,0,16,0.016480176548564558,True,test,AB2C2_139
mp-570001,4,0,3,0.012735527894704973,False,test,AB6_63
mp-755734,36,0,19,0.024309995288850993,False,test,AB3C4D8_12
mp-676643,50,0,45,0.0023134936582790747,False,test,ABC2_141
mp-1104368,8,0,7,0.0033227395260246196,False,test,A2B2C3_63
mp-1188009,400,0,400,7.573233363854214e-17,True,test,ABC2_225
mp-1187690,400,0,349,0.0002199464604245129,True,test,AB3_194
mp-1216417,3,0,2,0.015613945627320575,False,test,ABCD2_129
mp-1104806,10,0,8,0.0035375074918698153,False,test,AB3C3_194
mp-1239275,11,0,4,0.010539485343143272,False,test,ABCD4_10
mp-696673,0,0,0,,False,test,A7B8_12
mp-1219097,41,0,19,0.02094394096447931,False,test,ABC2_38
mp-1184576,400,0,400,9.832680489174848e-17,True,test,ABC2_225
mp-1018687,37,0,35,0.0007446580543649994,False,test,AB2_129
mp-30876,37,0,37,0.0,False,test,AB3_223
mp-1113332,400,0,396,5.827983360218765e-05,True,test,ABC2D6_225
mp-556194,3,0,1,0.026690086577075136,False,test,ABCD2_129
mp-1183547,400,0,400,1.5581388908873885e-16,True,test,ABC2_225
mp-22434,400,0,364,0.005972382766426993,True,test,ABC_62
mp-13634,5,0,5,0.036853514151184305,False,test,AB2C3D12_166
mp-33631,45,0,32,0.010431678039225454,False,test,AB2C4_74
mp-1222054,0,0,0,,False,test,A2B3C3_187
mp-2611,29,0,17,0.00037064318389556407,False,test,AB2_141
mp-1094849,168,0,166,0.0,False,test,AB_221
mp-600125,400,0,400,7.12800687784955e-17,True,test,ABC2_225
mp-1219584,23,0,4,0.03497984771089485,False,test,ABC3_160
mp-864960,400,0,400,1.0383933876116556e-16,True,test,ABC2_225
mp-757987,1,0,0,,False,test,AB3C3D8_2
mp-758590,1,0,1,0.08014574061398735,False,test,AB4C12_1
mp-6943,4,0,4,0.005913717106227614,False,test,AB3C4D10_8
mp-1114340,400,0,396,0.0001695413341153274,True,test,ABC2D6_225
mp-1114432,400,0,396,8.212158371226298e-05,True,test,ABC2D6_225
mp-400,132,0,121,1.0480877486665686e-16,False,test,AB2_227
mp-555,1,0,0,,False,test,AB8_139
mp-762266,1,0,0,,False,test,A2B2C7_8
mp-30528,318,0,238,0.005179211935405124,False,test,ABC3_62
mp-22227,400,0,366,0.007073585362985283,True,test,ABC_62
mp-1221562,1,0,1,0.03361944924466474,False,test,ABC4D8_81
mp-1114678,400,0,396,0.0001545740132132379,True,test,ABC2D6_225
mp-1218102,1,0,1,0.025913381892392888,False,test,ABC2D6_121
mp-1212863,52,0,44,0.0012591240355654862,False,test,AB2C5_140
mp-417,168,0,166,0.0,False,test,AB_221
mp-1014160,9,0,0,,False,test,AB_164
mp-1206906,158,0,54,0.07221212929406916,False,test,ABC2_63
mp-1212743,400,0,361,0.011731261983230013,True,test,ABC_62
mp-10779,280,0,228,3.73119682423429e-05,False,test,ABC2_166
mp-561461,400,0,396,0.00018278675084325288,True,test,ABC2D6_225
mp-30478,102,0,80,0.002910962707298789,False,test,AB2_62
mp-19840,273,0,264,0.0,False,test,ABC3_221
mp-8096,67,0,52,0.010370181834561969,False,test,ABC6_148
mp-1114508,400,0,396,2.3841750109712304e-05,True,test,ABC2D6_225
mp-1208982,0,0,0,,False,test,AB2C2_92
mp-1186525,400,0,353,0.00027113448444036675,True,test,AB3_194
mp-571405,168,0,166,0.0,False,test,AB_221
mp-752975,1,0,0,,False,test,ABC_26
mp-1473,8,0,5,0.004912674213117563,False,test,A6B7_166
mp-1226550,4,0,3,0.0,False,test,ABCD_123
mp-10991,65,0,50,0.0015130840321281478,False,test,ABC2_129
mp-1096946,4,0,4,0.1526178828194352,False,test,ABC2D4_36
mp-1226030,48,0,48,0.00582818573320988,False,test,ABC_198
mp-1208122,188,0,186,0.006814941407775092,False,test,ABC2D6_14
mp-1105800,0,0,0,,False,test,ABC2_55
mp-19725,30,0,30,0.001098177025204454,False,test,AB6C6_191
mp-9479,22,0,1,0.09599351919286778,False,test,AB2C4_166
mp-1111035,400,0,396,0.00022609926354293629,True,test,ABC2D6_225
mp-12553,400,0,352,0.0008827965613499157,True,test,AB3_194
mp-1104100,10,0,3,0.0004953844750627629,False,test,A3B11_71
mp-1114419,400,0,396,0.0001996256075521316,True,test,ABC2D6_225
mp-361,2,0,2,1.3201995205444614e-16,False,test,AB2_224
mp-31213,4,0,4,0.01364544800047308,False,test,A3B4C10_139
mp-1212105,15,0,15,0.0020098687963360606,False,test,AB3C4D12_155
mp-1222617,53,0,33,0.0001220731991518014,False,test,AB2C3_166
mp-30753,62,0,62,1.237149990653036e-16,False,test,AB5_191
mp-1215438,136,0,50,5.7496460248769834e-05,False,test,ABC2_123
mp-1226486,8,0,4,0.0031139874043645166,False,test,ABC12_123
mp-4555,18,0,17,0.004102040246184337,False,test,AB2C6_162
mp-30626,80,0,5,0.010798347249416631,False,test,AB3_62
mp-865229,400,0,400,1.3987933588031891e-16,True,test,ABC2_225
mp-1024963,23,0,23,0.0001641164981803036,False,test,ABC2D2_139
mp-571584,18,0,18,1.1001149848591477e-16,False,test,ABCD_216
mp-1223857,7,0,0,,False,test,AB3C4_121
mp-1185409,400,0,400,1.0506372923609123e-16,True,test,ABC2_225
mp-9157,22,0,10,0.02210388171834345,False,test,AB3C3_12
mp-1215479,53,0,45,0.0001308207995879561,False,test,AB2C3_166
mp-6449,21,0,20,0.006708899425711402,False,test,ABC2D4_31
mp-977442,400,0,400,0.0,True,test,ABC2_225
mp-865238,400,0,400,1.5215475467599848e-16,True,test,ABC2_225
mp-1205715,1,0,0,,False,test,AB4C5_65
mp-1188392,21,0,20,0.0213758315188184,False,test,ABC2_33
mp-1220151,2,0,2,0.037164557032252285,False,test,AB6C8_1
mp-755147,28,0,16,0.014061820818906652,False,test,AB2C3D6_12
mp-1212702,2,0,1,0.11215960569753473,False,test,AB2C2D2E10_12
mp-1179520,3,0,2,0.025101461417715118,False,test,A3B5_12
mp-7738,168,0,113,3.684306173905909e-17,False,test,ABC_194
mp-1222858,53,0,12,8.166729417458145e-05,False,test,ABC4_65
mp-797,339,0,334,0.0,False,test,AB3_221
mp-1180580,42,0,0,,False,test,ABC2_12
mp-556767,80,0,0,,False,test,AB3_62
mp-1227881,19,0,19,0.0004418722011303848,False,test,ABC3_119
mp-1185961,400,0,400,0.0,True,test,ABC2_225
mp-2018,122,0,122,1.9411389206018416e-16,False,test,AB3_225
mp-1188608,40,0,40,0.002283412268240282,False,test,A3B3C4_220
mp-29242,273,0,264,0.0,False,test,ABC3_221
mp-1077351,168,0,109,0.0,False,test,ABC_194
mp-1211229,10,0,8,0.0035789164625442435,False,test,AB3C3_194
mp-30663,2,0,2,0.02979215665230132,False,test,A3B5_65
mp-1187090,400,0,400,1.4278313820290988e-16,True,test,ABC2_225
mp-1228999,21,0,21,0.015576731745839746,False,test,ABC4D8_216
mp-7303,33,0,6,0.0017748624454625626,False,test,AB3_63
mp-1217587,37,0,34,0.00027837137538959123,False,test,ABC4_187
mp-1217895,21,0,17,0.0,False,test,AB_65
mp-1184055,400,0,400,1.0229646798008896e-16,True,test,ABC2_225
mp-1113383,400,0,396,0.0002966973347022351,True,test,ABC2D6_225
mp-1213290,124,0,124,0.0013211133841605873,False,test,AB3C5_193
mp-1094469,64,0,6,0.030691361888996675,False,test,AB2_63
mp-1224813,0,0,0,,False,test,ABC3_187
mp-1214922,8,0,2,0.05501086789515423,False,test,ABC6_2
mp-1215418,2,0,1,0.04047885842283951,False,test,ABC3D4_1
mp-1209269,18,0,18,0.003210904748997297,False,test,ABC2D8_164
mp-1221444,10,0,0,,False,test,ABC2D6_4
mp-974322,400,0,353,4.171422479811172e-05,True,test,AB3_194
mp-7505,13,0,8,0.025261987494912506,False,test,AB2C2_63
mp-1102891,29,0,5,0.02882224650889103,False,test,AB2_141
mp-8301,130,0,105,0.0017095269156525575,False,test,AB2C2_164
mp-1080771,0,0,0,,False,test,AB7_200
mp-1182326,0,0,0,,False,test,AB2C5D10_1
mp-569299,2,0,0,,False,test,AB2C2_59
mp-1185091,23,0,23,0.007169026111154739,False,test,AB5_189
mp-2201,145,0,145,0.0,False,test,AB_225
mp-1222214,16,0,6,0.004423312800394342,False,test,A2B3C4_2
mp-998306,12,0,4,0.008773939334551124,False,test,ABC3_38
mp-1539136,0,0,0,,False,test,AB2C8_97
mp-1027303,22,0,3,0.06795706102116353,False,test,ABCD3_156
mp-10883,400,0,400,0.0,True,test,ABC2_225
mp-552185,34,0,13,0.20673152869854056,False,test,ABC3_161
mp-1216935,38,0,30,0.0016820045852213973,False,test,AB2C10_71
mp-1224506,3,0,3,0.0035846893269150105,False,test,AB3C12_123
mp-1188934,42,0,27,0.003407254088979269,False,test,A3B5_140
mp-867958,400,0,400,1.5269628239521588e-16,True,test,ABC2_225
mp-1176528,4,0,2,0.058034413765668355,False,test,ABC6_163
mp-1187674,400,0,354,4.371332181891438e-05,True,test,AB3_194
mp-8627,39,0,3,0.00864460078575664,False,test,ABC3_2
mp-7661,33,0,33,0.006635377008627923,False,test,AB2C6_136
mp-9499,7,0,7,0.001488141875052901,False,test,AB2C2D2_164
mp-756603,17,0,17,0.011448448148446245,False,test,ABC2D4_7
mp-1104255,0,0,0,,False,test,A2B13_2
mp-1104269,45,0,40,0.000828672095904334,False,test,AB4C8_139
mp-2512,5,0,0,,False,test,AB5_12
mp-1183969,339,0,334,0.0,False,test,AB3_221
mp-1104686,0,0,0,,False,test,A4B5C6_157
mp-781050,11,0,10,0.018202056344276272,False,test,ABC2D4E12_1
mp-1205851,44,0,36,0.002945189071409445,False,test,ABCD2_63
mp-1189596,30,0,3,0.010401964459897417,False,test,AB2C5_63
mp-767649,7,0,0,,False,test,AB2C6_4
mp-1205603,44,0,36,0.0016801762859318303,False,test,ABCD2_63
mp-755312,15,0,4,0.05270310097982482,False,test,A2B3C5D10_2
mp-1225017,0,0,0,,False,test,ABC6D8_216
mp-1105388,3,0,3,0.006643534070786597,False,test,ABC2D4_140
mp-1187942,400,0,400,1.0195396779107728e-16,True,test,ABC2_225
mp-757857,3,0,3,0.023109133472076444,False,test,AB3C5_65
mp-7226,37,0,37,0.0,False,test,AB3_223
mp-865843,400,0,400,1.0367682414519601e-16,True,test,ABC2_225
mp-560874,0,0,0,,False,test,AB2C2D2E6_166
mp-1218560,2,0,1,0.023489766852751875,False,test,AB3C4_47
mp-1205560,13,0,8,0.00904075314930832,False,test,AB2C2_63
mp-1205608,44,0,36,0.005979389239093851,False,test,ABCD2_63
mp-865793,400,0,400,7.523339341805085e-17,True,test,ABC2_225
mp-1039492,127,0,5,0.05444827257780783,False,test,AB2_194
mp-1185046,400,0,400,0.0,True,test,ABC2_225
mp-557387,3,0,1,0.04515943922506374,False,test,ABC2D6_44
mp-1255447,54,0,32,0.015100686095428714,False,test,ABC2D6_15
mp-1077918,76,0,52,0.0028267253040606174,False,test,AB2C4_139
mp-19400,400,0,396,2.6753641701388183e-05,True,test,ABC2D6_225
mp-1147719,158,0,1,0.009855656318708094,False,test,ABC2_63
mp-1228899,30,0,29,0.008736871922024686,False,test,ABCD6_74
mp-865253,400,0,400,9.181459375625207e-17,True,test,ABC2_225
mp-1215948,109,0,45,1.5281210102921694e-16,False,test,AB2C3_191
mp-4561,109,0,51,9.921300251687344e-17,False,test,AB2C3_191
mp-33406,68,0,65,0.007520409617693848,False,test,AB2C4_122
mp-764648,110,0,57,0.015429994054952463,False,test,ABC2_194
mp-1220540,188,0,185,0.008861210450242924,False,test,ABC2D6_14
mp-19928,6,0,4,0.0022766500898564125,False,test,AB2C3_115
mp-1215301,0,0,0,,False,test,ABC2D2_8
mp-1186735,236,0,229,0.0,False,test,AB3_139
mp-1183744,400,0,400,7.237426949079535e-17,True,test,ABC2_225
mp-7387,17,0,12,0.015621973604648766,False,test,ABC4_140
mp-28716,11,0,2,0.02900367588543505,False,test,AB2C4_14
mp-24409,5,0,2,0.028318031090784776,False,test,ABC4_129
mp-1078721,236,0,3,0.005009777768618768,False,test,AB3_139
mp-924129,99,0,97,8.181376308645969e-17,False,test,ABC_216
mp-1187953,339,0,334,0.0,False,test,AB3_221
mp-1215559,16,0,11,0.05450719582209861,False,test,ABC2D7_5
mp-753184,45,0,32,0.018429401421656295,False,test,AB2C4_74
mp-556093,67,0,52,0.007403260472218007,False,test,ABC6_148
mp-24722,145,0,145,0.0,False,test,AB_225
mp-1080312,102,0,80,0.01596968587673272,False,test,AB2_62
mp-976411,60,0,22,3.460363495376947e-17,False,test,A_194
mp-1078188,29,0,18,0.011169197393365724,False,test,ABC3_167
mp-1216609,29,0,28,0.0015761537897248004,False,test,AB2C3_25
mp-1105785,40,0,0,,False,test,ABC2_14
mp-772510,5,0,5,0.006849035202913944,False,test,AB4C10_87
mp-1101159,2,0,1,0.005717894177177904,False,test,AB2C2_9
mp-1217327,109,0,52,2.4912681687111195e-16,False,test,AB2C3_191
mp-1147521,15,0,6,0.011986078683907836,False,test,ABC2_227
mp-1094883,49,0,48,0.0,False,test,AB_123
mp-1223195,4,0,1,0.011911121229624818,False,test,AB2C5_5
mp-1188126,11,0,11,0.008336279906747283,False,test,A2B2C15_166
mp-867233,400,0,400,1.5148909511912523e-16,True,test,ABC2_225
mp-1185517,1,0,0,,False,test,AB2C8_2
mp-12061,400,0,374,0.0003890145832898074,True,test,AB2C2_139
mp-862775,400,0,400,1.5461845697944577e-16,True,test,ABC2_225
mp-1294,132,0,121,1.7239412882853995e-16,False,test,AB2_227
mp-1210109,8,0,0,,False,test,AB2_64
mp-38951,45,0,33,0.006576445900149697,False,test,AB2C4_74
mp-1216833,3,0,1,0.011477180123285856,False,test,ABCD6_2
mp-1519441,130,0,130,2.8133265129323908e-05,False,test,ABCDE6_216
mp-1187372,64,0,49,0.0,False,test,AB_187
mp-1225130,20,0,19,0.0056627522992136,False,test,AB3C3_148
mp-1103777,6,0,4,0.016739075924160157,False,test,AB4C8_87
mp-862260,400,0,353,2.5787335940993575e-06,True,test,AB3_194
mp-13039,7,0,7,0.0012619076093535856,False,test,AB2C2D2_164
mp-1189973,42,0,42,0.004270139352385096,False,test,AB3C4D12_204
mp-1219133,68,0,67,0.0326667197137067,False,test,ABC_38
mp-757199,11,0,10,0.0342518621059523,False,test,ABC2D4E12_1
mp-19269,318,0,240,0.0036981212631719217,False,test,ABC3_62
mp-1183391,339,0,334,0.0,False,test,AB3_221
mp-1215443,13,0,3,0.003327172993424274,False,test,ABCD_160
mp-1187168,339,0,334,0.0,False,test,AB3_221
mp-1114109,400,0,396,9.171126542298076e-05,True,test,ABC2D6_225
mp-1104892,11,0,11,7.607225992595445e-06,False,test,AB12_225
mp-1039088,13,0,13,0.008951501909532996,False,test,AB5_8
mp-1226742,13,0,3,0.002007553703298789,False,test,ABCD_160
mp-567341,11,0,2,0.002455522779998982,False,test,ABC2_9
mp-2008,33,0,19,0.008581582514350367,False,test,AB2_58
mp-1183007,6,0,3,0.10966933884721299,False,test,AB3_15
mp-1112909,400,0,396,2.119266676427628e-05,True,test,ABC2D6_225
mp-861607,10,0,8,0.0016863348452228549,False,test,ABCDE5_129
mp-568280,400,0,380,0.000312418933923865,True,test,AB2C2_139
mp-580192,20,0,14,0.0019136409299091856,False,test,ABC2_71
mp-9273,3,0,3,0.0188875343221188,False,test,A2B3C3_166
mp-1185886,20,0,2,0.010600423006330658,False,test,AB2_15
mp-1102259,22,0,21,0.0009828384588358332,False,test,AB2C8_123
mp-570270,2,0,1,0.040681751857180176,False,test,ABC3_13
mp-1079088,67,0,52,0.01600220697956117,False,test,ABC6_148
mp-557664,400,0,396,0.00013245416727770344,True,test,ABC2D6_225
mp-1112980,100,0,100,0.00023841750109986835,False,test,AB3C6_225
mp-1519277,400,0,396,5.711423693013671e-05,True,test,ABC2D6_225
mp-1101397,20,0,6,0.01195374439063704,False,test,ABC2_11
mp-1103229,49,0,41,0.002913955619153606,False,test,A3B4C4_71
mp-1217794,0,0,0,,False,test,AB3C10_99
mp-21313,273,0,264,2.014231740785881e-05,False,test,ABC3_221
mp-755114,3,0,3,0.027859046452593923,False,test,AB6C11_5
mp-1218448,3,0,0,,False,test,AB2C3D8_6
mp-1181423,107,0,12,0.00240721385574321,False,test,ABC2_62
mp-27281,51,0,0,,False,test,AB2C3_12
mp-30713,25,0,25,0.002168060310960583,False,test,A2B17_166
mp-1079069,7,0,7,0.004982844484385456,False,test,A2B2C2D3_139
mp-1225754,58,0,39,0.0033659313099801583,False,test,ABC_12
mp-1079337,20,0,18,0.005463116765115013,False,test,AB3_59
mp-19039,44,0,44,0.003626351070249012,False,test,ABC4_88
mp-977576,400,0,400,7.942380355722394e-17,True,test,ABC2_225
mp-568077,127,0,74,0.0008174091066766716,False,test,AB2_194
mp-685137,46,0,5,0.020957129165768886,False,test,AB2C2_12
mp-1223469,4,0,1,0.02758721202023426,False,test,ABC3D4_8
mp-1077228,136,0,130,5.20143796704696e-05,False,test,ABC4_216
mp-1217130,5,0,1,0.0169375556125859,False,test,ABC2_25
mp-1224845,6,0,6,0.010856234588682664,False,test,ABCD_24
mp-1219072,136,0,130,1.2237893415751681e-05,False,test,ABC4_216
mp-1104699,28,0,25,0.009724827617455568,False,test,AB5C8_12
mp-1105605,17,0,14,0.005813546309778634,False,test,AB7C12_148
mp-7841,13,0,10,0.005488695587362824,False,test,AB2C4_66
mp-9630,32,0,5,0.0056071238140099,False,test,ABC2_160
mp-2286,55,0,55,1.5375478298163936e-16,False,test,AB2_225
mp-20732,26,0,24,0.0008744642495880783,False,test,ABC_109
mp-973878,1,0,1,0.0020325293892437283,False,test,AB3C5_189
mp-1113201,400,0,396,5.0332583565428394e-05,True,test,ABC2D6_225
mp-1025238,76,0,10,0.00038911467299498854,False,test,AB2C4_139
mp-1189018,1,0,1,0.006212658616712147,False,test,A2B5C13_12
mp-13549,400,0,350,0.015475018964818786,True,test,ABC_62
mp-1189290,19,0,16,0.0017276773341319829,False,test,AB3C6_11
mp-1190398,0,0,0,,False,test,ABCD_215
mp-1206844,273,0,264,0.0,False,test,ABC3_221
mp-1021328,1,0,1,0.15891986313182965,False,test,AB4_217
mp-1185439,400,0,400,6.642639919900199e-17,True,test,ABC2_225
mp-30156,400,0,6,0.10308388082284853,True,test,ABC_62
mp-1104137,30,0,30,0.001889705472105752,False,test,AB6C6_191
mp-11551,102,0,81,0.007870763041461623,False,test,AB2_62
mp-759542,0,0,0,,False,test,A3B4C9_3
mp-570837,400,0,150,1.2286198208192556e-05,True,test,AB2C2_139
mp-1018768,47,0,17,0.0012162784820852859,False,test,AB2C3_164
mp-1103510,127,0,127,6.011075618935949e-05,False,test,AB2C4_227
mp-1208105,400,0,16,0.13916606246627403,True,test,ABC_62
mp-1219233,29,0,28,0.007027875517935258,False,test,AB2C3_25
mp-2092,339,0,334,0.0,False,test,AB3_221
mp-4366,130,0,5,0.0010767585817327222,False,test,AB2C2_164
mp-1215274,49,0,45,0.0,False,test,AB_123
mp-1182169,4,0,0,,False,test,AB6_15
mp-569157,1,0,1,0.03237674896076506,False,test,AB3_162
mp-1224327,53,0,42,0.00020622468706823856,False,test,AB2C3_166
mp-977392,400,0,400,0.0,True,test,ABC2_225
mp-644739,8,0,8,0.010714641154833405,False,test,AB6_125
mp-505551,8,0,2,0.05403850921950445,False,test,ABC2D5_2
mp-22937,76,0,52,0.010232489269144565,False,test,AB2C4_139
mp-21202,339,0,334,0.0,False,test,AB3_221
mp-975537,400,0,400,1.5724830827989212e-16,True,test,ABC2_225
mp-392,56,0,56,0.00020475515403775178,False,test,A3B4_220
mp-753482,13,0,10,0.007855851588986768,False,test,ABC2D4_10
mp-1223345,4,0,0,,False,test,ABC2D6_8
mp-1213756,0,0,0,,False,test,A7B8_12
mp-973261,127,0,127,0.0001552861201559402,False,test,AB2C4_227
mp-1226009,25,0,12,0.0016478246046862394,False,test,ABC2_164
mp-24165,2,0,1,0.047615282801382434,False,test,AB2C2D5_4
mvc-15933,16,0,9,0.04776080671676758,False,test,A2B3C8_12
mp-1095204,156,0,146,0.0009459029177763898,False,test,AB2C2_127
mp-1190021,12,0,0,,False,test,AB2_2
mp-862982,25,0,24,0.004067848830271083,False,test,A2B3_167
mp-1217269,2,0,0,,False,test,AB2_5
mp-10623,99,0,97,7.059644283519286e-17,False,test,ABC_216
mp-16234,51,0,11,0.02040201613075923,False,test,AB2C3_12
mp-558111,89,0,89,0.0006281708680421035,False,test,AB2C6_225
mp-865249,400,0,400,1.5489729925557514e-16,True,test,ABC2_225
mp-1210681,43,0,19,0.005558509019823855,False,test,AB2C6_71
mp-23144,0,0,0,,False,test,AB2C3D4_2
mp-1205582,400,0,396,7.927615258472454e-05,True,test,ABC2D6_225
mp-553243,30,0,29,0.00431962638214292,False,test,ABC2D4_123
mp-11411,83,0,70,0.0007901667894259169,False,test,AB_63
mp-10383,400,0,228,0.007393291910711235,True,test,ABC_62
mp-1183601,400,0,400,1.2665246560187912e-16,True,test,ABC2_225
mp-1185927,236,0,230,0.0,False,test,AB3_139
mp-1188812,188,0,185,0.011741204158560519,False,test,ABC2D6_14
mp-28405,2,0,1,0.05587604002169062,False,test,AB2C2_43
mp-761153,0,0,0,,False,test,A6B11_8
mp-9835,33,0,30,0.00841538451714895,False,test,AB2_58
mp-865671,400,0,400,7.097940856869011e-17,True,test,ABC2_225
mp-979428,1,0,1,0.015251348427697214,False,test,AB4C15_166
mp-1114423,400,0,396,0.00023576841775456987,True,test,ABC2D6_225
mp-2796,168,0,166,0.0,False,test,AB_221
mp-1215305,68,0,67,0.011898257776972985,False,test,ABC_38
mp-1079705,400,0,396,0.00021457575099007207,True,test,ABC2D6_225
mp-1186635,236,0,228,2.742205207330584e-17,False,test,AB3_139
mp-151,26,0,26,0.0,False,test,A_225
mp-1211745,11,0,11,0.013690432994342217,False,test,ABC2D2E8_164
mp-754285,7,0,6,0.03483971625055573,False,test,AB4C5_59
mp-756829,9,0,6,0.010497045843674207,False,test,AB3C4D8_1
mp-1223497,18,0,14,0.0014713673868974432,False,test,AB2C3D4_115
mp-559166,188,0,185,0.01410445870516382,False,test,ABC2D6_14
mp-866087,400,0,400,1.8188273823573042e-16,True,test,ABC2_225
mp-1095145,305,0,301,0.0008131771487206889,False,test,ABC_189
mp-570890,400,0,351,0.009966703057430106,True,test,ABC_62
mp-1226015,168,0,46,3.988607835233843e-17,False,test,ABC_194
mp-557805,11,0,2,0.030226519107606344,False,test,ABCD2_12
mp-861637,400,0,400,1.036914843858414e-16,True,test,ABC2_225
mp-30302,18,0,7,0.04816070718793425,False,test,ABC_166
mp-867887,400,0,400,0.0,True,test,ABC2_225
mp-19065,11,0,10,0.014524590107113107,False,test,AB6C12_148
mp-1222650,51,0,51,1.137059476760598e-16,False,test,ABC2_216
mp-1210977,22,0,0,,False,test,ABC2D6_1
mp-19817,273,0,264,0.0,False,test,ABC3_221
mp-1220738,48,0,41,0.0001797212736694778,False,test,AB2C3_194
mp-3078,51,0,50,0.0034823656644184012,False,test,ABC2_122
mp-546142,10,0,7,0.0797739320332486,False,test,AB2C4_65
mp-755657,48,0,39,0.022692847255270862,False,test,ABC3_148
mp-1274182,21,0,18,0.011378461670180345,False,test,ABC2D6_146
mp-1187646,400,0,400,7.030847330204901e-17,True,test,ABC2_225
mp-1228699,6,0,6,0.019142853112721833,False,test,ABC4D8_160
mp-1225578,136,0,48,0.0,False,test,ABC2_123
mp-567982,8,0,4,0.005232822939687644,False,test,AB2_70
mp-569037,6,0,0,,False,test,A2B3_194
mp-1184808,3,0,3,0.0,False,test,A_223
mvc-8200,30,0,17,0.03527215442590605,False,test,AB2C5_63
mp-1028558,20,0,2,0.05668534244418484,False,test,AB2C3_156
mp-1220187,0,0,0,,False,test,A4B7_25
mp-11495,168,0,166,0.0,False,test,AB_221
mp-1208415,8,0,7,0.012590994641119508,False,test,A2B2C5_64
mp-28557,17,0,0,,False,test,AB2C4_64
mp-1071051,136,0,130,0.0006282118620176362,False,test,ABC4_216
mp-1184217,400,0,400,1.4213151090126597e-16,True,test,ABC2_225
mp-1215601,48,0,41,0.0019436072123400721,False,test,AB2C3_194
mp-1025320,17,0,16,0.0028530744942128075,False,test,AB2C2D2_12
mp-1174097,5,0,0,,False,test,ABC3D5_2
mp-1224196,1,0,0,,False,test,A2B3C4D9_6
mp-1027274,22,0,3,0.04203825270893612,False,test,ABCD3_156
mp-1187318,400,0,353,5.208152300210446e-05,True,test,AB3_194
mp-979437,400,0,400,0.0,True,test,ABC2_225
mp-1032,38,0,36,0.0012125189235103685,False,test,AB2_140
mp-35417,6,0,6,0.03100613211640717,False,test,AB3C4_139
mp-1187807,400,0,341,0.00020584591743086312,True,test,AB3_194
mp-1227860,42,0,1,0.2145758452972192,False,test,ABC_14
mp-19108,188,0,186,0.007000935264003149,False,test,ABC2D6_14
mp-1215964,19,0,18,0.002577779223659549,False,test,AB5C7_44
mp-12951,88,0,2,0.006348444352372088,False,test,ABC_187
mp-1218961,4,0,0,,False,test,ABC2_1
mp-7443,64,0,32,0.003407104050569477,False,test,AB2C4_12
mp-19417,48,0,39,0.012606215174809813,False,test,ABC3_148
mp-28231,30,0,17,0.0409692212918212,False,test,AB2C5_63
mp-625420,107,0,0,,False,test,ABC2_62
mp-30840,4,0,0,,False,test,A2B3_63
mp-10716,273,0,264,0.0,False,test,ABC3_221
mp-850932,4,0,1,0.09994895000417109,False,test,A2B3C4_1
mp-1103690,9,0,3,0.008702172295809593,False,test,ABCD4_2
mp-2624,32,0,32,0.0,False,test,AB_216
mp-1279343,39,0,6,0.02731521223958486,False,test,ABC3_2
mp-674531,1,0,1,0.053779434578125306,False,test,AB3C5_9
mp-1225185,37,0,34,0.0010537299338046454,False,test,ABC4_187
mp-865324,400,0,16,0.0003219595506002189,True,test,AB3_194
mp-1206417,400,0,348,2.539336567879798e-05,True,test,AB2C2_139
mp-1212387,21,0,21,0.003969791772511432,False,test,ABC7_4
mp-505804,6,0,4,0.006514458791787878,False,test,AB2C3_115
mp-1211715,23,0,20,0.012335026256515577,False,test,AB4C4_2
mp-632502,156,0,144,0.001745160280574744,False,test,AB2C2_127
mp-1225518,3,0,2,0.017801407972958636,False,test,AB2C2_44
mp-1185990,236,0,229,0.0,False,test,AB3_139
mp-702,168,0,166,0.0,False,test,AB_221
mp-1222871,53,0,10,0.0021122100519782036,False,test,ABC4_65
mp-1224853,6,0,6,0.01224099843099456,False,test,ABCD_24
mp-1272680,77,0,3,0.06360658635120149,False,test,AB2_12
mp-7008,6,0,6,0.01476019346423113,False,test,ABC2D6_163
mp-24076,42,0,8,0.002563817214525981,False,test,AB3C3_176
mp-1214755,4,0,0,,False,test,AB6_15
mp-1186791,400,0,400,8.898893652792759e-17,True,test,ABC2_225
mp-1184831,400,0,400,0.0,True,test,ABC2_225
mp-1025502,8,0,5,0.027470728483668393,False,test,ABC6_2
mp-336,132,0,121,2.5078608835051284e-16,False,test,AB2_227
mp-22960,168,0,114,3.6894436416585504e-17,False,test,ABC_194
mp-11255,168,0,166,0.0,False,test,AB_221
mp-32854,0,0,0,,False,test,A8B11_1
mp-961682,99,0,97,1.111984920321529e-16,False,test,ABC_216
mp-2351,339,0,334,0.0,False,test,AB3_221
mp-1189225,17,0,17,0.004884517208014932,False,test,AB3C6_182
mp-864995,400,0,352,8.452455172915964e-05,True,test,AB3_194
mp-2924,400,0,347,7.345098589170207e-06,True,test,AB2C2_139
mp-545735,400,0,396,4.2385333528611774e-05,True,test,ABC2D6_225
mp-1217670,136,0,50,2.1472308003966008e-05,False,test,ABC2_123
mp-1188004,400,0,400,0.0,True,test,ABC2_225
mp-756424,318,0,241,0.009274265340113278,False,test,ABC3_62
mp-1208844,42,0,14,0.001927065965919121,False,test,ABC_14
mp-1223910,50,0,43,0.00019534116767537055,False,test,ABC_74
mp-865157,400,0,400,0.0,True,test,ABC2_225
mp-674478,29,0,16,0.010518099572112829,False,test,ABC3_167
mp-998613,34,0,34,0.036677043886291415,False,test,ABC3_161
mp-1094619,77,0,8,0.018475298757500373,False,test,AB2_12
mp-5327,8,0,8,0.00671565719888606,False,test,AB4C5_87
mp-755975,78,0,78,0.0014595603470284506,False,test,AB2C3D8_166
mp-1018087,83,0,67,0.0018200049093162023,False,test,AB_63
mp-1211505,0,0,0,,False,test,ABC4_162
mp-1176513,0,0,0,,False,test,AB3C3_113
mp-864807,400,0,400,1.8013324375723133e-16,True,test,ABC2_225
mp-1094524,9,0,0,,False,test,AB_38
mp-1213649,63,0,62,0.004183356114806725,False,test,ABCD3_63
mp-865149,400,0,400,6.894880297078776e-17,True,test,ABC2_225
mp-1173423,3,0,3,0.009982820924585809,False,test,A2B3C9_119
mp-756879,78,0,78,0.003381747120514696,False,test,AB2C3D8_166
mp-1222366,8,0,8,0.005682552311944084,False,test,ABCD6_102
mp-1208148,4,0,2,0.017598766329813057,False,test,ABC6_163
mp-29674,3,0,0,,False,test,A2B2C3_65
mp-568596,400,0,400,1.048424101720242e-16,True,test,ABC2_225
mp-1018099,280,0,228,0.0002652255378547416,False,test,ABC2_166
mp-1183039,400,0,400,8.214593166191405e-17,True,test,ABC2_225
mp-13495,83,0,46,0.006423718101565718,False,test,AB_63
mp-1173513,50,0,45,0.0010832570777455587,False,test,ABC2_141
mp-867255,400,0,400,1.4741872224902338e-16,True,test,ABC2_225
mp-1080382,136,0,130,1.1775918429072314e-06,False,test,ABC4_216
mp-22756,30,0,8,0.020215156165819783,False,test,AB2C3_36
mp-1237102,12,0,11,0.05222132847370982,False,test,ABCDE6_4
mp-1094514,236,0,229,8.382187984930742e-17,False,test,AB3_139
mp-9898,168,0,94,0.0,False,test,ABC_194
mp-1215624,6,0,6,0.00527925875216328,False,test,AB4C5_119
mp-33104,29,0,4,0.010880908661524538,False,test,AB2_141
mp-1188561,124,0,124,0.0005965525902161476,False,test,AB3C5_193
mp-27549,158,0,9,0.011081068160312277,False,test,ABC2_63
mp-7478,280,0,228,0.0017117694411609122,False,test,ABC2_166
mp-1187660,400,0,400,1.5233554822458456e-16,True,test,ABC2_225
mp-5868,14,0,14,0.008818179750481709,False,test,A2B3C7_139
mp-1213155,3,0,3,0.0021998284411650247,False,test,A2B5C7_65
mp-9382,280,0,228,0.00031519914513226363,False,test,ABC2_166
mp-867767,400,0,400,1.485826052463445e-16,True,test,ABC2_225
mp-1106349,13,0,13,6.452976882439833e-17,False,test,AB3C4_223
mp-19156,53,0,38,0.0053127712034796775,False,test,ABC3_194
mp-1104242,42,0,13,0.013372209626423093,False,test,AB3C3_176
mp-1079886,1,0,1,0.00024165003541566833,False,test,AB2C2_131
mp-764163,5,0,0,,False,test,AB3C4_38
mp-755541,22,0,10,0.008701413478325112,False,test,AB3C3_12
mp-1541714,6,0,4,0.027256857997881728,False,test,A2B3C9_164
mp-1184312,122,0,122,2.005445271635032e-16,False,test,AB3_225
mp-1245623,30,0,19,0.03174016141516802,False,test,AB2C3_36
mp-675623,2,0,2,0.013504772655856107,False,test,ABC4_137
mp-567431,1,0,1,0.016706263030750113,False,test,AB4_88
mp-17336,40,0,6,0.019789530834411245,False,test,ABC2_14
mvc-5908,22,0,8,0.10135347005995,False,test,ABC2D6_1
mp-20426,37,0,32,0.06539894249954693,False,test,AB2_129
mp-1275109,2,0,1,0.032315676901430515,False,test,A2B2C3D12_1
mp-1226346,25,0,1,0.06316484247547874,False,test,A2B2C3_12
mp-27193,23,0,12,0.012014784421812807,False,test,ABC3_160
mp-865921,400,0,400,1.056974781209216e-16,True,test,ABC2_225
mp-1095046,69,0,67,0.0014292338897620262,False,test,AB2C2_129
mp-2089,15,0,7,0.04726917574374832,False,test,AB3_11
mp-24051,18,0,8,0.00959167503944781,False,test,ABC_166
mp-1103874,2,0,1,0.008288186783151694,False,test,ABC4D8_12
mp-677378,0,0,0,,False,test,ABCD2E4_9
mp-752949,18,0,6,0.026028859376500988,False,test,ABC_166
mp-20752,5,0,5,0.00835413976961727,False,test,AB4C6_121
mp-11578,339,0,334,0.0,False,test,AB3_221
mp-1247,31,0,5,0.016847957338575532,False,test,AB2_14
mp-10245,49,0,41,0.007740411802671963,False,test,A3B4C4_71
mp-14093,18,0,8,0.0013204016175057422,False,test,ABC_166
mp-1178932,27,0,0,,False,test,A_166
mp-983598,400,0,400,1.1685112354440785e-16,True,test,ABC2_225
mp-1226754,1,0,0,,False,test,ABC_24
mp-568827,22,0,22,0.004222559752169942,False,test,AB12_139
mp-1218030,8,0,8,0.007163910380419485,False,test,ABCD4_36
mp-1218038,0,0,0,,False,test,A3B6C7_189
mp-23279,132,0,121,1.3794073543504406e-16,False,test,AB2_227
mp-1185332,236,0,229,3.365429063814539e-17,False,test,AB3_139
mp-1023941,5,0,2,0.007841100901164282,False,test,ABC4_156
mp-761675,13,0,13,0.004971457860661239,False,test,AB2C3D8_160
mp-1105278,5,0,1,0.11605476737636962,False,test,ABC3_19
mp-23395,25,0,0,,False,test,ABC2_15
mp-8418,400,0,367,0.01191790436786701,True,test,ABC_62
mp-978288,44,0,0,,False,test,AB_166
mp-1184821,400,0,400,1.1596197282828205e-16,True,test,ABC2_225
mp-13641,48,0,39,0.02141923934170977,False,test,ABC3_148
mp-1226835,48,0,41,0.008494955422433795,False,test,AB2C3_194
mp-1102314,400,0,359,0.011665889892499524,True,test,ABC_62
mp-865774,400,0,400,7.240372236143075e-17,True,test,ABC2_225
mp-1187473,400,0,400,9.753797642346235e-17,True,test,ABC2_225
mp-1224372,48,0,41,0.0009948572111776206,False,test,AB2C3_194
mp-754959,53,0,20,0.01695817096036361,False,test,ABC4_63
mp-1218188,8,0,4,0.0016603233316197289,False,test,ABC12_123
mp-1205604,53,0,38,0.0006729705673277111,False,test,ABC3_194
mvc-5997,14,0,14,0.1282079749073188,False,test,AB2C4_88
mp-1019599,58,0,44,0.004752132043222346,False,test,ABC4_141
mp-1228924,2,0,2,0.012123067076029241,False,test,ABC3D3_146
mp-753176,29,0,19,0.006486637286758787,False,test,ABC3_167
mp-755229,4,0,1,0.19709183447519418,False,test,A3B4C9_1
mp-567588,305,0,305,0.0001301516465340312,False,test,ABC_189
mp-777422,8,0,4,0.004330510925320809,False,test,ABC2_31
mp-1078362,17,0,11,0.010243895765357294,False,test,AB2C2_15
mp-1189573,93,0,93,0.002027058237211366,False,test,A3B5_193
mp-1216443,27,0,27,0.000580237020535521,False,test,ABC6_200
mp-238,49,0,45,0.0,False,test,AB_123
mp-625445,6,0,1,0.17984346247519986,False,test,AB2C4_9
mp-561553,5,0,4,0.025064851809398794,False,test,AB3C4D12_166
mp-555069,2,0,2,0.0836080456010941,False,test,AB2C5_55
mp-1227238,10,0,8,0.0223327992603346,False,test,ABCD2_107
mp-1079501,156,0,144,0.001241450545605339,False,test,AB2C2_127
mp-1025588,5,0,5,0.001274303452636269,False,test,A2B3C4_187
mp-1208243,124,0,124,0.002021793239542946,False,test,AB3C5_193
mp-22018,30,0,30,0.0022999908832375365,False,test,AB6C6_191
mp-1023934,17,0,4,0.005688929339898475,False,test,AB2_187
mp-3718,177,0,147,0.007412015172288471,False,test,ABC_129
mp-571505,4,0,1,0.017299425208617318,False,test,A2B3_139
mp-866166,400,0,400,6.704691041987706e-17,True,test,ABC2_225
mp-1111234,400,0,396,5.298166691100843e-05,True,test,ABC2D6_225
mp-24128,1,0,1,0.04154433249760956,False,test,ABC4D4_88
mp-30644,3,0,3,0.006366812353039327,False,test,A2B3C3_193
mp-757993,1,0,0,,False,test,AB2C4D7_8
mp-7388,17,0,12,0.008924401822664333,False,test,ABC4_140
mp-1218034,48,0,41,0.005191664700448331,False,test,AB2C3_194
mp-1095445,1,0,1,0.1411157454938251,False,test,ABC2D8_147
mp-11081,88,0,75,0.0032083156058208026,False,test,ABC_186
mp-1226456,5,0,0,,False,test,A2B3_2
mp-1212045,40,0,40,0.0035983290183221038,False,test,AB4C12_204
mp-1102243,102,0,1,0.17275379246324182,False,test,AB2_62
mp-1208267,124,0,124,0.004392467999192891,False,test,AB3C5_193
mp-1223000,8,0,8,0.011609946179795327,False,test,ABC10_47
mp-1217978,20,0,20,0.009557850366673861,False,test,ABCD4_107
mp-1208285,93,0,93,0.003030023745105497,False,test,A3B5_193
mp-1228360,30,0,1,0.06525566810907578,False,test,ABC2D4_123
mp-1106252,42,0,27,0.009471335119602355,False,test,A3B5_140
mp-2940,58,0,44,0.003456914688519266,False,test,ABC4_141
mp-27396,42,0,21,0.003413677273851605,False,test,AB2_166
mp-1105837,33,0,33,0.006657239576709794,False,test,A3B7_186
mp-1219156,3,0,3,0.010710737750401291,False,test,A4B5C7_121
mp-1220330,29,0,28,0.0038367867384158016,False,test,AB2C3_25
mp-1103952,2,0,0,,False,test,AB4_44
mp-1226274,0,0,0,,False,test,ABC2D2E3_42
mp-1095578,1,0,1,0.017313624111200687,False,test,AB5_140
mp-1184229,400,0,400,9.702700986256739e-17,True,test,ABC2_225
mp-27710,1,0,1,0.01697427523503253,False,test,AB4_71
mp-16261,400,0,364,0.00016121159917913548,True,test,AB2C2_139
mp-1112008,400,0,396,3.1789000146505194e-05,True,test,ABC2D6_225
mp-1215793,53,0,50,0.006353239462710402,False,test,ABCD4_74
mp-1247555,2,0,1,0.03895815471619884,False,test,A2B8C9_12
mp-1215242,41,0,0,,False,test,ABC2_38
mp-30021,3,0,2,0.013344468079903632,False,test,A4B5_12
mp-1216638,37,0,34,0.0007429256043337945,False,test,ABC4_187
mp-1210381,11,0,8,0.017006514865785347,False,test,AB3C4_140
mp-16307,400,0,396,2.1192666764150138e-05,True,test,ABC2D6_225
mp-1226880,18,0,14,0.01560850269675229,False,test,AB2C3D4_115
mp-37879,50,0,45,0.0002802697397261108,False,test,ABC2_141
mp-29726,109,0,90,1.1227933551839264e-16,False,test,AB2C3_191
mp-1104426,1,0,1,0.005800090261930784,False,test,AB3C10_47
mp-1184017,400,0,352,0.00023993554658806657,True,test,AB3_194
mp-1215536,48,0,41,0.0007241037438407697,False,test,AB2C3_194
mp-755378,42,0,4,0.01565520446458257,False,test,ABC2_12
mp-1078372,110,0,5,0.0015585243608657296,False,test,ABC2_194
mp-28153,2,0,2,0.06317185687590568,False,test,AB2C12_115
mp-504910,1,0,0,,False,test,AB2C6_9
mp-1226370,4,0,1,0.04583121013194568,False,test,ABC2D3_8
mp-1185894,400,0,400,1.6706352586500075e-16,True,test,ABC2_225
mp-864654,400,0,400,8.593417315210779e-17,True,test,ABC2_225
mp-20697,400,0,361,0.014828093989666474,True,test,ABC_62
mp-643279,89,0,89,0.0018764245671993804,False,test,AB2C6_225
mp-634977,6,0,4,0.025892428354002992,False,test,A2B3C9_164
mp-924128,99,0,97,8.265130279208557e-17,False,test,ABC_216
mp-1247459,1,0,1,0.04197605148911729,False,test,A3B8C8_12
mp-540584,60,0,9,0.03997870905456953,False,test,AB2C2_71
mp-580748,5,0,0,,False,test,AB3C4_2
mp-753212,0,0,0,,False,test,ABC6_156
mp-1101163,280,0,228,0.0009339805455913311,False,test,ABC2_166
mp-1225558,109,0,45,1.1300978205006934e-16,False,test,AB2C3_191
mp-1258954,8,0,4,0.01062671179009761,False,test,ABCD5_15
mp-1103614,22,0,21,0.0031161785952866575,False,test,AB2C8_123
mp-1012435,27,0,1,0.06305736860164064,False,test,AB_186
mp-12895,53,0,24,0.00837535043948438,False,test,ABC4_63
mp-1111916,400,0,396,0.00019073400087985301,True,test,ABC2D6_225
mp-1095529,5,0,2,0.010283508856500966,False,test,ABC2D2_11
mp-1215568,5,0,4,0.014099895389823265,False,test,AB2C5_38
mp-23778,2,0,0,,False,test,ABC2D4_113
mp-863725,400,0,400,1.0347161342113184e-16,True,test,ABC2_225
mp-864907,400,0,400,6.951268583284661e-17,True,test,ABC2_225
mp-1105734,21,0,21,0.004673152822900338,False,test,A2B7_166
mp-27562,4,0,1,0.018544920853928237,False,test,A2B3C4_71
mp-1221865,10,0,7,0.004465533365851147,False,test,ABC2D4_166
mp-4156,20,0,7,0.006877837337719879,False,test,AB2C3_15
mp-7880,400,0,347,0.00014196750233351862,True,test,AB2C2_139
mp-867215,4,0,3,0.00671993962331116,False,test,AB3C4_71
mp-1103808,0,0,0,,False,test,A4B9_139
mp-8931,26,0,26,0.013449506199120663,False,test,AB2C2_72
mp-23533,89,0,89,3.774417232863927e-05,False,test,AB2C6_225
mp-1217546,8,0,7,0.006085330606066919,False,test,AB2C3_189
mp-1247026,78,0,78,0.002821759214262224,False,test,AB2C3D8_166
mp-1147673,0,0,0,,False,test,A3B4_225
mp-1206536,400,0,396,0.0002671335645658259,True,test,ABC2D6_225
mp-23291,102,0,80,0.01843011103027328,False,test,AB2_62
mp-4690,3,0,1,0.04991458507934436,False,test,AB3C8_121
mp-1227416,0,0,0,,False,test,A2B3C9_21
mp-178,83,0,70,0.0021739078486696832,False,test,AB_63
mp-23720,30,0,2,0.04385433511317697,False,test,ABC5_15
mvc-13829,15,0,10,0.005238319806842728,False,test,ABC2D6_11
mp-1226314,1,0,1,0.007367528982926895,False,test,AB2C3D10_2
mp-1217892,21,0,17,0.0,False,test,AB_65
mp-1078205,400,0,396,0.00016954133411553994,True,test,ABC2D6_225
mp-1025728,5,0,5,0.008191750317436857,False,test,A2B3C4_187
mp-9546,13,0,13,0.017144095223284184,False,test,A2B3_220
mp-21445,2,0,2,0.0824680208032409,False,test,A2B2C3D5_139
mp-13063,21,0,17,0.000586335440676508,False,test,A2B3_164
mp-558674,400,0,396,0.0001509977506967548,True,test,ABC2D6_225
mp-581786,20,0,18,0.012337473525134429,False,test,AB3_59
mp-754969,177,0,81,0.0026738344450767974,False,test,ABC_129
mp-8635,26,0,26,0.0,False,test,A_225
mp-1101476,14,0,12,0.0066939742065431,False,test,AB2C4_88
mp-695850,77,0,3,0.032664671164109524,False,test,AB2_12
mp-2196,7,0,0,,False,test,AB2_11
mp-15985,3,0,2,0.0020675419239154346,False,test,A2B3C4_189
mp-26399,15,0,4,0.016321719595497844,False,test,AB2C3D8_12
mp-865609,400,0,400,1.1681278075722338e-16,True,test,ABC2_225
mp-5141,9,0,8,0.017336061978366367,False,test,AB2C4_70
mp-18331,318,0,241,0.003163636853387728,False,test,ABC3_62
mp-27974,33,0,11,0.005033431214555079,False,test,AB3_63
mvc-14215,3,0,2,0.006505050643749146,False,test,AB5_15
mp-567978,56,0,56,0.0009720900031490638,False,test,A3B4_220
mp-753421,11,0,10,0.008186063433140135,False,test,AB6C12_148
mp-1057015,24,0,2,0.03853052996574777,False,test,AB_160
mp-1641513,24,0,8,0.08723638144689295,False,test,AB3C4D12_1
mp-989609,54,0,0,,False,test,ABC3_63
mp-556958,4,0,2,0.06562358556406434,False,test,A2B3C4_58
mp-1208448,20,0,20,0.01703670259478601,False,test,AB4C12_229
mp-21255,13,0,13,0.0034469612704525155,False,test,AB_198
mp-1297861,0,0,0,,False,test,ABCDE5_35
mp-1187963,23,0,23,0.00021449051742465777,False,test,AB5_189
mp-570379,400,0,396,1.589450007330315e-05,True,test,ABC2D6_225
mp-554023,0,0,0,,False,test,ABC2D3_167
mp-1207161,400,0,396,3.1789000146780886e-05,True,test,ABC2D6_225
mp-1207854,168,0,37,0.0029004367485725665,False,test,ABC_194
mp-865223,400,0,400,0.0,True,test,ABC2_225
mp-1215983,8,0,8,0.0034174395139157255,False,test,ABC10_47
mp-1095610,400,0,366,0.006154261996178488,True,test,ABC_62
mp-1207023,60,0,37,0.006569695779607198,False,test,AB2C2_71
mp-1205512,400,0,396,0.0013218925894332655,True,test,ABC2D6_225
mp-16721,7,0,5,0.004851069075864795,False,test,AB_57
mp-30870,22,0,22,0.005243302140365294,False,test,AB12_139
mp-16380,37,0,21,0.004099255465069244,False,test,A2B3_62
mp-1103666,44,0,44,0.006077024625686557,False,test,ABC4_88
mp-567519,33,0,11,0.0045114447196683465,False,test,AB3_63
mp-1205392,11,0,0,,False,test,ABC2_9
mp-10266,273,0,264,0.0,False,test,ABC3_221
mp-866209,400,0,400,0.0,True,test,ABC2_225
mp-11278,38,0,35,0.0014439348506610093,False,test,AB2_140
mp-510359,158,0,1,0.004343880555801825,False,test,ABC2_63
mp-1217096,136,0,52,0.0,False,test,ABC2_123
mp-1184836,400,0,400,9.981953537938016e-17,True,test,ABC2_225
mp-981314,400,0,400,6.836050596517063e-17,True,test,ABC2_225
mp-1221669,7,0,6,0.012541911614686976,False,test,ABC2_4
mp-13984,67,0,52,0.004967798810505753,False,test,ABC6_148
mp-1228672,0,0,0,,False,test,A2B3C5_44
mp-754015,14,0,1,0.0376799702439086,False,test,ABC2D4_12
mp-867250,400,0,400,0.0,True,test,ABC2_225
mp-1114550,400,0,396,7.947250036625534e-06,True,test,ABC2D6_225
mp-1184226,122,0,122,1.4857940532837637e-16,False,test,AB3_225
mp-755804,11,0,10,0.013926115981275593,False,test,AB6C12_148
mp-1218051,2,0,1,0.023129762270840678,False,test,AB4C8_164
mp-7927,10,0,1,0.009887949083982947,False,test,A4B5_87
mp-3406,400,0,367,2.0026855238454218e-05,True,test,AB2C2_139
mp-862362,400,0,400,7.33241025161062e-17,True,test,ABC2_225
mp-1188931,107,0,12,0.0102101420311129,False,test,ABC2_62
mp-754815,15,0,7,0.025138451166717386,False,test,AB3_12
mp-1205868,400,0,396,3.178900014648711e-05,True,test,ABC2D6_225
mp-1225514,12,0,9,0.0004644164458861849,False,test,AB2C3_65
mp-1025302,55,0,24,0.0012019742894928893,False,test,ABC5_123
mp-28846,40,0,1,0.02727546534719018,False,test,ABC2_14
mp-1206558,13,0,8,0.009378044300203704,False,test,AB2C2_63
mp-1120796,21,0,18,0.05515793577659917,False,test,ABC2D6_146
mp-549671,11,0,2,0.016561486261679855,False,test,ABCD2_12
mp-1779,145,0,145,0.0,False,test,AB_225
mp-1080013,305,0,301,0.0010619046826394745,False,test,ABC_189
mp-1106400,33,0,33,0.0019482029676769765,False,test,A2B3C5_72
mp-1183173,400,0,400,8.630392663915427e-17,True,test,ABC2_225
mp-504838,4,0,2,0.015286239036814088,False,test,ABC3_71
mp-568808,56,0,56,0.0011967242983554316,False,test,A3B4_220
mp-1219932,21,0,21,0.002213219990091684,False,test,A2B3C3_47
mp-1273059,21,0,18,0.015009810610541699,False,test,ABC2D6_146
mp-571263,4,0,4,0.003988462433382188,False,test,AB2C9_191
mp-19111,2,0,1,0.04232176234168283,False,test,AB2C5_59
mp-1239239,53,0,50,0.010695603452713559,False,test,ABCD4_74
mp-574199,400,0,347,3.432255020244152e-05,True,test,AB2C2_139
mp-567177,16,0,11,0.007865896825051528,False,test,ABC2D4_40
mp-1186461,400,0,400,6.549380649184378e-17,True,test,ABC2_225
mp-1226224,21,0,21,0.011281242338957522,False,test,ABC4D8_216
mp-1222337,136,0,48,0.0,False,test,ABC2_123
mp-1177857,7,0,5,0.05391739797849007,False,test,AB2C2D2_139
mp-1189981,124,0,124,0.0021418724837402726,False,test,AB3C5_193
mp-1223249,21,0,21,0.005699712164354304,False,test,A2B3C3_47
mp-1222963,0,0,0,,False,test,AB6C6D6_166
mp-1106159,33,0,33,0.006831855569621226,False,test,A2B3C5_72
mp-23774,11,0,9,0.021431697221199076,False,test,ABC2D6_166
mp-1224336,280,0,229,0.0001383132957948818,False,test,ABC2_166
mp-1013555,273,0,264,0.0,False,test,ABC3_221
mp-1105942,42,0,27,0.005440095899954481,False,test,A3B5_140
mp-15556,2,0,2,0.02551675183645564,False,test,A2B3_69
mp-1246416,6,0,4,0.012445445908408459,False,test,ABCD4_8
mp-1184161,400,0,400,7.930295341245125e-17,True,test,ABC2_225
mp-10533,107,0,8,0.005037564643629439,False,test,ABC2_62
mp-1227742,21,0,7,0.0009617760553982177,False,test,ABC2D6_123
mp-1290054,2,0,0,,False,test,ABC2D4_5
mp-865842,400,0,400,7.180005308075121e-17,True,test,ABC2_225
mp-1186624,400,0,400,1.556363727348504e-16,True,test,ABC2_225
mp-12545,22,0,22,0.0033006226797720785,False,test,A2B3_127
mp-504548,9,0,2,0.013912599996717673,False,test,AB2C2D4_12
mp-555014,3,0,3,0.012642963869775968,False,test,AB2C5_123
mp-1077378,177,0,18,0.020642324863736947,False,test,ABC_129
mp-1205635,15,0,14,0.007838694663928482,False,test,ABC2D6_139
mp-1113453,400,0,396,2.3841750109861684e-05,True,test,ABC2D6_225
mp-1224170,136,0,48,0.0,False,test,ABC2_123
mp-569044,7,0,4,0.054472227890008613,False,test,A2B2C5_164
mp-1176491,48,0,38,0.015874384874588244,False,test,ABC3_148
mp-765747,23,0,20,0.004924881687639934,False,test,AB3C4D8_166
mp-1112521,400,0,396,0.000254312001173057,True,test,ABC2D6_225
mp-27819,1,0,1,0.10258634427489881,False,test,AB3_162
mp-1112678,400,0,396,7.68234170207846e-05,True,test,ABC2D6_225
mp-1218355,0,0,0,,False,test,ABCDE5_5
mp-777894,2,0,1,0.009722437973717094,False,test,ABC3_52
mp-1540145,14,0,12,0.007022945346977401,False,test,AB2C4_88
mp-982974,400,0,400,1.6439605881057926e-16,True,test,ABC2_225
mp-1217050,21,0,21,0.0011150037413889809,False,test,A2B3C3_47
mp-569442,49,0,1,0.01820175328721882,False,test,ABC4_15
mp-11252,82,0,45,0.0027988448302368233,False,test,AB2_139
mp-777522,5,0,1,0.260838527173059,False,test,ABC3_36
mp-1224464,3,0,0,,False,test,AB3C5_38
mp-2631,1,0,0,,False,test,A4B5_194
mp-19363,49,0,2,0.014467382847476534,False,test,ABC4_15
mp-1078574,110,0,9,0.0008238513624970505,False,test,ABC2_194
mp-1019361,177,0,130,0.004079044097717951,False,test,ABC_129
mp-1210604,30,0,29,0.008495333375696858,False,test,AB2C3D8_164
mp-1103507,35,0,32,0.00027075569043267817,False,test,AB2C4_136
mp-1206544,158,0,57,0.004230259264060852,False,test,ABC2_63
mp-8653,177,0,121,0.0035431210542538317,False,test,ABC_129
mp-1104316,0,0,0,,False,test,ABC5_148
mp-1114711,400,0,396,0.0004794840855456978,True,test,ABC2D6_225
mp-1224371,0,0,0,,False,test,ABC_5
mp-1221007,7,0,7,0.010088442113377283,False,test,AB3C12_47
mp-1205759,400,0,396,0.00021192666764440217,True,test,ABC2D6_225
mp-975518,400,0,400,1.002404677859451e-16,True,test,ABC2_225
mp-1078964,400,0,22,3.49706134061523e-05,True,test,AB3_194
mp-570747,1,0,0,,False,test,A_136
mp-753599,3,0,0,,False,test,ABC6_4
mp-1072865,64,0,16,0.0008034655431177893,False,test,AB2_63
mp-755130,1,0,0,,False,test,AB4C5D7_1
mp-5353,109,0,81,8.550405547558328e-17,False,test,AB2C3_191
mp-1087476,0,0,0,,False,test,A2B3C5_139
mp-34330,11,0,6,0.018712955361245148,False,test,AB2C4_160
mp-1183834,339,0,334,0.0,False,test,AB3_221
mp-3668,51,0,50,0.0028279906456513794,False,test,ABC2_122
mp-31052,7,0,7,0.0012466566968405693,False,test,ABC2_180
mp-1184081,400,0,400,0.0,True,test,ABC2_225
mp-1187711,400,0,400,6.867291599947807e-17,True,test,ABC2_225
mp-8675,13,0,13,0.004041641003354857,False,test,AB_198
mp-622693,20,0,15,0.011347489608018662,False,test,AB2C4_141
mp-1220156,75,0,75,0.006999875457270598,False,test,ABC3_107
mp-1078856,305,0,305,0.0004033574579090876,False,test,ABC_189
mp-27630,15,0,7,0.007859725456950064,False,test,AB3_12
mp-1517195,0,0,0,,False,test,ABCDE6_90
mp-1217570,109,0,47,1.1498064881529441e-16,False,test,AB2C3_191
mp-1205649,400,0,396,3.973625018323113e-05,True,test,ABC2D6_225
mp-754739,2,0,1,0.0016056291422080202,False,test,AB3C4_190
mp-1001784,280,0,228,2.5373898965091592e-05,False,test,ABC2_166
mp-1079605,1,0,1,0.0059861929535860265,False,test,AB2C6_65
mp-752903,9,0,1,0.21916510703341763,False,test,ABC4_74
mp-541883,8,0,8,0.0005437897168814076,False,test,A2B3C13_191
mp-28024,107,0,28,0.004357292499661426,False,test,ABC2_62
mp-984605,24,0,7,0.002266242992628087,False,test,AB2C3_63
mp-1222833,53,0,5,0.0005865541183308111,False,test,ABC4_65
mp-1038976,8,0,7,0.004762418420560607,False,test,AB5_187
mp-977176,273,0,264,0.0,False,test,ABC3_221
mp-574,38,0,35,0.0013387823799249333,False,test,AB2_140
mp-31118,318,0,241,0.008840927740357846,False,test,ABC3_62
mp-1208323,124,0,124,0.0018414132724164777,False,test,AB3C5_193
mp-561954,318,0,240,0.011991853191447405,False,test,ABC3_62
mp-12264,44,0,44,0.020198086218852267,False,test,ABC4_88
mp-1518454,52,0,52,0.009240207047640303,False,test,ABCDE6_2
mp-715584,2,0,0,,False,test,AB3_7
mp-753624,1,0,1,0.14570300484870286,False,test,ABCD4_148
mp-1222285,136,0,48,0.0,False,test,ABC2_123
mp-30919,26,0,2,0.005555834319460186,False,test,ABC6_123
mp-13071,110,0,55,0.0006331149694331772,False,test,ABC2_194
mp-1189572,5,0,0,,False,test,A2B3_2
mp-4798,10,0,8,0.0037727334924530062,False,test,AB3C3_194
mp-1227498,1,0,1,0.0087523696904366,False,test,ABCD3E7_25
mp-872,83,0,62,0.008237645223534283,False,test,AB_63
mp-1223875,2,0,2,0.011694628783634477,False,test,AB2C3D4_21
mp-1188823,124,0,124,0.0008541161739737601,False,test,AB3C5_193
mp-4647,2,0,2,0.03452534380219573,False,test,A3B6C8_12
mp-1113021,400,0,396,0.00011655966720457495,True,test,ABC2D6_225
mp-618,0,0,0,,False,test,A2B7_14
mp-1183794,400,0,400,0.0,True,test,ABC2_225
mp-1207975,80,0,64,0.003847885448465159,False,test,AB3_62
mp-1112447,400,0,396,0.00027815375128348004,True,test,ABC2D6_225
mp-562230,2,0,2,0.03580367844169965,False,test,A3B6C8_12
mp-1541477,67,0,52,0.019537715186497044,False,test,ABC6_148
mp-23498,2,0,1,0.044557770795360954,False,test,ABC3_13
mp-1225566,15,0,6,0.0023074269288176873,False,test,AB3_123
mp-1857,168,0,166,0.0,False,test,AB_221
mp-1885,168,0,166,0.0,False,test,AB_221
mp-4013,400,0,339,0.000514069762640406,True,test,AB2C2_139
mp-1104070,8,0,8,0.0029169586839555735,False,test,AB6_125
mp-1226816,9,0,9,8.48239907749792e-05,False,test,AB2C3_187
mp-1189274,80,0,64,0.004285719687305172,False,test,AB3_62
mp-1209090,5,0,5,0.0031293322229633655,False,test,ABCD6_11
mp-1207079,273,0,264,0.0,False,test,ABC3_221
mp-1102733,23,0,0,,False,test,ABC_59
mp-568370,49,0,8,0.011176393669520843,False,test,A3B4C4_71
mp-1112963,100,0,100,0.006188258695222422,False,test,AB3C6_225
mp-1219090,41,0,19,0.020982372816174755,False,test,ABC2_38
mp-1078933,34,0,34,0.023114854226694417,False,test,ABC3_161
mp-29234,42,0,0,,False,test,ABC_14
mp-13694,280,0,35,0.0003748163356003917,False,test,ABC2_166
mp-1207424,21,0,14,0.028351041143705537,False,test,AB2C2_136
mp-989615,36,0,9,0.008048252945368888,False,test,ABC3_15
mp-1215757,10,0,4,0.011158125569137017,False,test,AB2C3_38
mp-1458,37,0,37,0.0,False,test,AB3_223
mp-15954,31,0,5,0.008658791448198888,False,test,AB2_14
mp-1226489,5,0,5,0.008126469182968162,False,test,AB4C10_139
mp-1105683,0,0,0,,False,test,ABC2D2E4_63
mp-989538,400,0,396,0.0002066285009536657,True,test,ABC2D6_225
mp-1219204,21,0,14,0.009036705334644008,False,test,AB2C3_8
mp-1232279,127,0,127,6.888829180593859e-05,False,test,AB2C4_227
mp-1308550,11,0,1,0.034971093666643145,False,test,ABCD4_12
mp-1105535,3,0,2,0.020532676184846183,False,test,AB2C7_11
mp-1184072,400,0,400,7.037230263937171e-17,True,test,ABC2_225
mp-6200,36,0,22,0.005418761578667476,False,test,ABC2D6_12
mp-28491,9,0,0,,False,test,AB2C4_70
mp-28364,2,0,2,0.04343748099990217,False,test,AB2C2_60
mp-1078197,5,0,2,0.030953881496890625,False,test,ABC3_36
mp-1215476,32,0,18,0.002389485267373095,False,test,ABC2_160
mp-559663,16,0,16,0.005856896574967622,False,test,ABCD6_163
mp-28755,58,0,2,0.009029947653906101,False,test,ABC_12
mp-1095548,400,0,365,0.012414887394672374,True,test,ABC_62
mp-1245971,7,0,3,0.10810660328974338,False,test,ABC2_64
mp-1105799,31,0,27,0.007776309835209101,False,test,A2B3C3_63
mp-29496,12,0,2,0.039081803948917936,False,test,AB2C6_2
mp-17449,9,0,9,0.05359879453545657,False,test,AB3_82
mp-1227180,11,0,8,0.02127594011926605,False,test,ABC2D6_26
mp-15901,9,0,0,,False,test,AB2C2D7_139
mp-18788,53,0,21,0.00778980106921943,False,test,ABC4_63
mp-1185798,64,0,17,0.00809983817499953,False,test,AB2_63
mp-1222101,2,0,0,,False,test,AB3C4D12_148
mp-1215460,136,0,53,0.000957476134427623,False,test,ABC2_123
mp-5942,40,0,1,0.20254747389957226,False,test,ABC2_14
mp-1147662,0,0,0,,False,test,ABC2D5_121
mp-20953,318,0,241,0.004646775625982273,False,test,ABC3_62
mp-1106195,9,0,9,0.019607120800684823,False,test,AB3_82
mp-19292,18,0,17,0.0030383783243303135,False,test,AB2C6_162
mp-1189565,80,0,64,0.003993014090590844,False,test,AB3_62
mp-19918,83,0,70,0.002219018023628646,False,test,AB_63
mp-995216,7,0,6,0.02617666439549235,False,test,ABCDE4_4
mp-11203,57,0,57,0.0044521677411441946,False,test,AB2C6_189
mp-1114381,100,0,100,0.00030199550139356685,False,test,AB3C6_225
mp-763429,36,0,3,0.009117915186328394,False,test,ABC2D6_12
mp-8490,4,0,0,,False,test,AB_141
mp-867350,400,0,400,1.7478594804925404e-16,True,test,ABC2_225
mp-949,49,0,40,0.0,False,test,AB_123
mp-551918,34,0,34,0.033705208351593026,False,test,ABC3_161
mp-978568,2,0,0,,False,test,AB2C3_26
mp-7498,10,0,9,0.01778759567926659,False,test,A4B5_87
mp-1211274,54,0,9,0.0009755694687225251,False,test,ABC2D6_15
mp-2732,55,0,55,1.178614327100681e-16,False,test,AB2_225
mp-30630,127,0,6,0.0006332411121364507,False,test,AB2_194
mp-1208293,33,0,33,0.0128646465573372,False,test,AB2C6_136
mp-1220356,27,0,27,3.4641016151350345e-06,False,test,ABC6_200
mp-1105170,0,0,0,,False,test,AB2_176
mp-9797,15,0,1,0.019893109401256555,False,test,AB2C4_2
mp-972084,22,0,22,0.003530684984292157,False,test,AB12_139
mp-15641,400,0,366,0.004459500240497666,True,test,ABC_62
mp-12558,99,0,97,7.870050131856254e-17,False,test,ABC_216
mp-1095357,4,0,4,0.0015771635255472085,False,test,AB2C9_191
mp-5268,400,0,359,8.27568157168214e-06,True,test,AB2C2_139
mp-1316859,11,0,1,0.03322887848681701,False,test,ABCD4_12
mp-8294,4,0,2,0.04846814482650263,False,test,AB2C2D4_2
mp-983235,400,0,354,2.0445267992548924e-05,True,test,AB3_194
mp-864997,400,0,400,7.169959848782458e-17,True,test,ABC2_225
mp-21464,400,0,367,0.012767127477240636,True,test,ABC_62
mp-1215387,20,0,14,0.003326040850975767,False,test,AB3C4_166
mp-29959,4,0,0,,False,test,ABC3_9
mp-29850,35,0,35,0.0365291559696513,False,test,AB3C6_14
mp-752606,48,0,35,0.04176787868121443,False,test,ABC2D4_121
mp-1217196,0,0,0,,False,test,AB5C10_164
mp-1800,13,0,13,0.0022926572890412393,False,test,A2B3_220
mp-1222741,52,0,0,,False,test,AB_194
mp-7288,25,0,6,0.0041170383293174795,False,test,AB2C2_194
mp-1186658,339,0,334,0.0,False,test,AB3_221
mp-672966,1,0,0,,False,test,ABC4D12_1
mp-1215189,17,0,1,0.03336642547490549,False,test,ABC4_164
mp-1206689,13,0,8,0.018706555429570667,False,test,AB2C2_63
mp-2815,127,0,7,0.007698080748466953,False,test,AB2_194
mp-1225251,58,0,39,0.004810226543069096,False,test,ABC_12
mp-1206922,273,0,264,0.0,False,test,ABC3_221
mp-35759,45,0,32,0.004079699002783474,False,test,AB2C4_74
mp-1112893,400,0,396,5.534097283028699e-16,True,test,ABC2D6_225
mp-867112,400,0,400,1.4030649380487407e-16,True,test,ABC2_225
mp-773505,18,0,8,0.02952500603837862,False,test,AB2C5_15
mp-1079560,156,0,147,0.004948333678377116,False,test,AB2C2_127
mp-1104739,31,0,31,0.003727513066317958,False,test,AB6C6_71
mp-1214008,4,0,4,0.0053030134544277885,False,test,AB3C4D10_8
mp-1039019,64,0,49,0.0,False,test,AB_187
mp-1218327,10,0,4,0.0014810996594378117,False,test,ABC4_119
mp-1222735,14,0,0,,False,test,ABC2D4_12
mp-1205930,1,0,1,0.03268644540268465,False,test,A4B5_164
mvc-8156,54,0,27,0.0906280099036767,False,test,ABC2D6_15
mp-9473,400,0,381,0.000574121487988709,True,test,AB2C2_139
mp-1105941,7,0,7,0.009087511847127888,False,test,ABC3D4_140
mp-1103744,63,0,62,0.0041110162098649625,False,test,ABCD3_63
mp-1189839,93,0,93,0.0007287832733639733,False,test,A3B5_193
mp-9312,41,0,22,0.0007381823779384136,False,test,ABC2_38
mp-1103885,8,0,5,0.016162272245028742,False,test,A6B7_166
mvc-4983,188,0,186,0.022693695708337246,False,test,ABC2D6_14
mp-12491,63,0,62,0.004168157263263926,False,test,ABCD3_63
mp-21460,158,0,56,0.011347041140255375,False,test,ABC2_63
mp-754617,14,0,14,0.030080696108856934,False,test,AB3C4_31
mp-1185391,400,0,400,6.931565974741921e-17,True,test,ABC2_225
mp-12691,156,0,145,0.000791438142518404,False,test,AB2C2_127
mp-1078912,400,0,396,0.0029509611298390677,True,test,ABC2D6_225
mp-4822,400,0,347,0.00017201151783668067,True,test,AB2C2_139
mp-1220026,7,0,7,0.005808840618132272,False,test,ABC17_160
mp-1206640,76,0,52,0.007094957635481452,False,test,AB2C4_139
mp-1213004,12,0,5,0.03530591350807708,False,test,AB3C3_11
mp-1028487,20,0,2,0.024458913064091037,False,test,AB2C3_156
mp-541667,6,0,1,0.032323973278015644,False,test,AB2C2_2
mp-1216106,4,0,4,0.0028941092384316925,False,test,ABC3D5_6
mp-1077534,10,0,10,0.00030390844699018584,False,test,AB5_216
mp-505343,15,0,15,0.011383911689202589,False,test,AB4C4_137
mp-1076936,40,0,31,0.014416252978926347,False,test,ABC_139
mp-35264,22,0,22,0.003470264645273319,False,test,AB5C8_82
mp-976828,20,0,20,0.004843725553828916,False,test,AB3_187
mp-1027801,24,0,4,0.03248330571352955,False,test,ABC2D2_156
mp-1078949,52,0,48,0.0055194099871776255,False,test,ABCD_129
mp-23049,318,0,240,0.01190996054339326,False,test,ABC3_62
mp-7639,158,0,10,0.004957510781637456,False,test,ABC2_63
mp-1520652,52,0,52,0.015468441181976383,False,test,ABCDE6_2
mp-1104680,20,0,13,0.007294191163194424,False,test,AB2C4_141
mp-1004373,107,0,4,0.22179063497396015,False,test,ABC2_62
mp-560878,89,0,89,0.00042327393254345484,False,test,AB2C6_225
mp-6972,280,0,37,0.0009790867101940293,False,test,ABC2_166
mp-676799,2,0,0,,False,test,AB6C8_1
mp-1186558,43,0,25,0.002520299114299893,False,test,AB2_136
mp-1223648,280,0,229,0.00012234658862819324,False,test,ABC2_166
mp-1114578,400,0,396,8.741975040313637e-05,True,test,ABC2D6_225
mp-31080,28,0,12,0.001262487513355994,False,test,ABC_63
mp-4322,400,0,380,0.0004707477449841166,True,test,AB2C2_139
mp-1178393,400,0,63,0.020347894588597506,True,test,ABC_62
mp-10860,23,0,23,0.00011398097223307221,False,test,ABC2D2_139
mp-11628,5,0,5,0.0029941190444464643,False,test,AB2C4D6_166
mp-1106277,15,0,15,0.0028068693788041556,False,test,AB3C4D12_155
mp-760778,18,0,7,0.0755514239859955,False,test,AB2C5_15
mp-1070394,75,0,75,0.0018237799286424927,False,test,ABC3_107
mp-1222912,8,0,4,0.0010053351281797058,False,test,ABC12_123
mp-1079127,0,0,0,,False,test,A2B3_132
mp-30692,305,0,302,0.0011189541103151489,False,test,ABC_189
mp-570418,74,0,44,0.0005482093979867996,False,test,AB2_164
mp-1184089,400,0,400,0.0,True,test,ABC2_225
mp-5831,33,0,33,0.0015713471696682446,False,test,AB2C6_136
mp-755591,33,0,33,0.001128960345561392,False,test,AB2C6_136
mp-29266,5,0,4,0.017371023585467625,False,test,AB_71
mp-9367,280,0,228,0.0005684671737233394,False,test,ABC2_166
mp-974558,26,0,26,0.0,False,test,A_225
mp-1223984,15,0,1,0.012828199576073769,False,test,AB3_123
mp-1187457,236,0,230,0.0,False,test,AB3_139
mp-16508,9,0,9,0.0027075896320859208,False,test,A2B3_136
mp-23186,2,0,0,,False,test,A7B12_148
mp-760206,36,0,6,0.0477713058709833,False,test,AB3C4D8_12
mp-3194,25,0,4,0.0010448785155017335,False,test,A2B2C3_12
mp-621667,22,0,22,0.009776201122672945,False,test,A2B3_127
mp-989515,14,0,14,0.01727625923051125,False,test,ABC3_99
mp-1019256,168,0,114,9.595314073010583e-17,False,test,ABC_194
mp-1027352,17,0,2,0.028848859058407565,False,test,AB3C4D4_156
mp-1221548,136,0,50,0.0019396185739081451,False,test,ABC2_123
mp-1225481,88,0,81,2.1857008566847587e-05,False,test,ABC_187
mp-865159,400,0,400,1.263005431331583e-16,True,test,ABC2_225
mp-1222713,280,0,228,0.0003537298815447268,False,test,ABC2_166
mp-979972,305,0,305,0.0025236005540827376,False,test,ABC_189
mp-19070,14,0,14,0.0032757406906403913,False,test,A2B3C7_139
mp-1186968,400,0,353,0.00016725595566935702,True,test,AB3_194
mp-1189893,33,0,33,0.007043027569900735,False,test,A2B3C5_72
mp-1215656,6,0,6,0.0038431932436901553,False,test,ABC4D8_160
mp-20236,339,0,334,0.0,False,test,AB3_221
mp-755003,48,0,36,0.03389063500887258,False,test,ABC3_148
mp-1206392,158,0,61,0.00513746598658494,False,test,ABC2_63
mp-978988,400,0,400,2.0216050155163627e-16,True,test,ABC2_225
mp-1103450,400,0,359,0.008748474360676578,True,test,ABC_62
mp-1189196,80,0,0,,False,test,AB3_62
mp-11725,43,0,1,0.2156418769993022,False,test,AB2_136
mp-1210778,8,0,7,0.005497904994674669,False,test,A2B2C3_63
mp-569114,2,0,1,0.01932107837773837,False,test,ABC2D4_23
mp-1205366,318,0,241,0.006492079103023248,False,test,ABC3_62
mp-1105078,0,0,0,,False,test,A3B4_127
mp-1278131,24,0,6,0.016694536980265143,False,test,AB2C3_63
mp-3679,48,0,48,0.010380512637880333,False,test,ABC_198
mp-542881,49,0,41,0.002175153918721501,False,test,A3B4C4_71
mp-558211,11,0,9,0.013658168644459897,False,test,ABC2D6_166
mp-10804,1,0,1,0.005442870303688998,False,test,ABCDE4_12
mp-1208317,107,0,7,0.009789654419662118,False,test,ABC2_62
mp-30298,2,0,0,,False,test,ABC2_57
mp-12735,127,0,74,0.0019109576364295749,False,test,AB2_194
mp-669354,3,0,3,0.005464709684897511,False,test,ABCD2E7_123
mp-1079310,305,0,305,0.00033027572504526953,False,test,ABC_189
mp-558212,10,0,8,0.003557171214871924,False,test,ABCDE5_129
mp-1216817,58,0,35,0.023120447268873787,False,test,ABC_12
mp-1112125,400,0,396,0.00026477588038820404,True,test,ABC2D6_225
mp-28229,10,0,4,0.03322011657105851,False,test,A3B4_166
mp-22036,400,0,363,0.009795710648683117,True,test,ABC_62
mp-1207054,158,0,0,,False,test,ABC2_63
mp-673682,68,0,65,0.0018233545955688914,False,test,AB2C4_122
mp-989570,400,0,396,5.827983360212326e-05,True,test,ABC2D6_225
mp-1225289,60,0,14,0.003478599693395992,False,test,AB2C2_71
mp-1079778,33,0,33,0.008424792729783371,False,test,ABC2D6_87
mp-1180504,1,0,0,,False,test,ABCD2_51
mp-1218542,1,0,1,0.002866027548977137,False,test,AB3C4D12_47
mp-1183197,400,0,400,2.646694841487911e-16,True,test,ABC2_225
mp-979431,400,0,400,1.1306895383754504e-16,True,test,ABC2_225
mp-30466,99,0,97,7.140754942624595e-17,False,test,ABC_216
mp-4275,400,0,345,0.0002610472167543144,True,test,AB2C2_139
mp-23199,102,0,80,0.009930386756324235,False,test,AB2_62
mp-997051,280,0,36,0.0007819530445176745,False,test,ABC2_166
mp-1079050,33,0,12,0.027727042233074192,False,test,ABC3_11
mp-1105681,3,0,3,0.016339430118927786,False,test,A2B3_60
mp-1185264,236,0,228,0.0,False,test,AB3_139
mp-1518310,130,0,130,0.0005881759752142988,False,test,ABCDE6_216
mp-777454,3,0,2,0.009334709076125,False,test,AB5C12_5
mp-570872,53,0,28,0.00259382499316382,False,test,AB3_166
mp-1219294,0,0,0,,False,test,AB2C2D5_65
mp-1215332,7,0,0,,False,test,AB2C4D6_191
mp-1215840,2,0,2,0.008475913085636574,False,test,AB3C3_9
mp-1187849,236,0,229,0.0,False,test,AB3_139
mp-10336,63,0,62,0.0011863801804794967,False,test,ABCD3_63
mp-1649,339,0,334,0.0,False,test,AB3_221
mp-866007,400,0,400,0.0,True,test,ABC2_225
mp-1185255,400,0,351,1.6888395293478497e-05,True,test,AB3_194
mp-861504,318,0,8,0.014023334112540226,False,test,ABC3_62
mp-674333,18,0,0,,False,test,AB3C4_6
mp-567655,17,0,0,,False,test,AB2C2D2_12
mp-16486,45,0,40,0.0034247124447680482,False,test,AB4C8_139
mp-1087483,52,0,48,0.009526290792121616,False,test,ABCD_129
mp-669573,30,0,27,0.009105771586798678,False,test,ABC2D4_123
mp-21298,29,0,17,0.0006195663236655404,False,test,AB2_141
mp-1028642,36,0,6,0.010904508378007634,False,test,AB2C3D6_156
mp-1226714,25,0,23,0.004428457672416875,False,test,AB4C7_8
mp-28742,0,0,0,,False,test,A3B4C5_12
mp-13473,400,0,373,0.00010122760052096528,True,test,AB2C2_139
mp-1229023,7,0,7,0.0025245679223484477,False,test,AB3C12_47
mp-571642,11,0,10,0.004414073192853564,False,test,AB2_60
mp-909,9,0,2,0.062266534743022656,False,test,A2B3_14
mp-861725,400,0,400,2.3004538512839855e-16,True,test,ABC2_225
mp-9693,8,0,0,,False,test,AB2C3_2
mp-1215188,280,0,229,2.4053746129857854e-05,False,test,ABC2_166
mp-1018113,82,0,35,0.0003354628196672971,False,test,AB2_139
mp-985584,7,0,7,0.001654183737000533,False,test,AB3C4_217
mp-1220494,38,0,8,0.009549620093688819,False,test,AB2C10_71
mp-755674,8,0,5,0.024432898582272784,False,test,AB3C4D12_3
mp-160,27,0,0,,False,test,A_166
mp-1208331,400,0,360,0.006529814499117065,True,test,ABC_62
mp-9815,16,0,11,0.050067236836950156,False,test,ABC2D4_40
mp-1095419,400,0,366,0.003799851602189561,True,test,ABC_62
mp-1517057,130,0,130,0.00044883419123759646,False,test,ABCDE6_216
mp-626500,3,0,0,,False,test,AB3C3_1
mp-974065,400,0,400,0.0,True,test,ABC2_225
mp-601401,2,0,0,,False,test,ABCD_57
mp-11460,168,0,166,0.0,False,test,AB_221
mp-1220157,29,0,22,0.00426758007821312,False,test,ABCD2_119
mp-30070,1,0,0,,False,test,A2B3C3_194
mp-614981,5,0,4,0.005043139917555233,False,test,AB2C3D6_123
mp-1186494,236,0,228,1.8437564042804525e-06,False,test,AB3_139
mp-29481,89,0,89,2.6960123088822554e-06,False,test,AB2C6_225
mp-862697,156,0,143,0.0005433308443779506,False,test,AB2C2_127
mp-1220556,61,0,0,,False,test,ABC3_14
mp-865801,400,0,400,1.614936100523798e-16,True,test,ABC2_225
mp-17830,5,0,5,0.01523194651607846,False,test,AB3C4_59
mp-1295199,2,0,2,0.04809113763132178,False,test,A2B3C5D10_1
mp-1522023,0,0,0,,False,test,ABCDE6_90
mp-559373,0,0,0,,False,test,AB4C9_5
mp-865336,400,0,400,0.0,True,test,ABC2_225
mp-772395,2,0,1,0.059125781705990206,False,test,ABC2D2_4
mp-1105821,11,0,10,0.0010385479774052701,False,test,A2B3_70
mp-493,38,0,36,0.0019920183507582422,False,test,AB2_140
mp-1112448,400,0,396,4.2385333528926945e-05,True,test,ABC2D6_225
mp-1227347,2,0,0,,False,test,ABC4_20
mp-1183399,122,0,122,1.1462728424563748e-16,False,test,AB3_225
mp-1189224,42,0,42,0.0015679425324295058,False,test,AB3C4D12_204
mp-3466,29,0,12,0.002023075740762087,False,test,ABC3_167
mp-1180688,8,0,8,0.007887753921596,False,test,ABC3D4_215
mp-1104330,37,0,25,0.0032055385160992887,False,test,AB6C8_148
mp-21137,14,0,14,0.02329859958982204,False,test,AB2C4_55
mp-505822,400,0,361,0.015424462916820736,True,test,ABC_62
mp-865896,400,0,400,1.5315983165155176e-16,True,test,ABC2_225
mp-357,339,0,334,0.0,False,test,AB3_221
mp-557552,9,0,1,0.18232347268874607,False,test,AB2C6_64
mp-714,0,0,0,,False,test,AB4_63
mp-1105266,188,0,185,0.005488107103242559,False,test,ABC2D6_14
mp-10281,27,0,2,0.0008875693535788246,False,test,AB_186
mp-1186961,400,0,400,1.0606979827751618e-16,True,test,ABC2_225
mp-1222288,20,0,20,0.0003947699246220871,False,test,AB3_187
mp-156,26,0,26,0.0,False,test,A_225
mp-779593,7,0,6,0.029818330966784993,False,test,AB4C5_59
mp-1220521,23,0,22,0.006078503942040328,False,test,AB2C4_38
mp-1225109,11,0,8,0.0084934735246638,False,test,ABC2D6_26
mp-1219911,136,0,130,1.0220882153947252e-05,False,test,ABC4_216
mp-558446,3,0,3,0.030308922123371863,False,test,ABCD_51
mp-1227733,11,0,11,0.0017602318220997864,False,test,ABC4_166
mp-1184137,400,0,400,9.817369619994787e-17,True,test,ABC2_225
mp-574438,132,0,121,1.8993914069192303e-16,False,test,AB2_227
mp-1211098,16,0,16,0.003006825048299983,False,test,ABCD6_163
mp-1227938,21,0,1,0.0,False,test,AB_65
mp-1186593,64,0,40,6.537002620051963e-17,False,test,AB_187
mp-772597,7,0,2,0.07531375153090529,False,test,ABC2D4_15
mp-753156,1,0,1,0.0265930558107814,False,test,A2B2C7_115
mp-1025922,3,0,2,0.0016610246824631933,False,test,AB2C6_156
mp-1077191,64,0,12,0.15683863620981806,False,test,AB2_63
mp-35841,51,0,51,1.7010742261192224e-16,False,test,ABC2_216
mp-1219169,15,0,15,0.00625868182282715,False,test,AB2C4_115
mp-1228817,2,0,1,0.005050626084311369,False,test,ABC_107
mp-1094054,400,0,396,0.00041562243237338903,True,test,ABC2D6_225
mp-11892,188,0,186,0.0027241280884374615,False,test,ABC2D6_14
mp-1183067,400,0,400,0.0,True,test,ABC2_225
mp-862311,400,0,400,7.071583132440797e-17,True,test,ABC2_225
mp-1221686,188,0,185,0.015019235913352596,False,test,ABC2D6_14
mp-1095690,102,0,77,0.009465601881309528,False,test,AB2_62
mp-29163,11,0,7,0.20338258950035976,False,test,AB2C3_9
mp-643265,0,0,0,,False,test,AB7_2
mp-23517,318,0,43,0.025939129917306143,False,test,ABC3_62
mp-1222083,2,0,0,,False,test,ABC4D8_12
mp-19729,168,0,113,0.0,False,test,ABC_194
mp-22177,305,0,305,0.0009278652876006213,False,test,ABC_189
mp-1190207,17,0,16,0.012479703286430131,False,test,ABC_46
mp-3934,14,0,14,0.019058546592462464,False,test,AB3C4_31
mp-1218752,2,0,2,0.04757213975448623,False,test,AB2C2D7_107
mp-22194,23,0,21,0.04111168178494817,False,test,ABC4_13
mp-580154,305,0,305,0.0017388066830861559,False,test,ABC_189
mp-19756,23,0,23,0.00024997653705635946,False,test,ABC2D2_139
mp-865914,400,0,400,1.3888119772342785e-16,True,test,ABC2_225
mp-1217064,41,0,0,,False,test,ABC2_38
mp-1639387,42,0,42,0.002908686834059786,False,test,AB3C4D12_204
mp-569752,83,0,71,0.020169652604997926,False,test,AB_63
mp-568719,400,0,400,0.0,True,test,ABC2_225
mp-1102955,9,0,5,0.002719393715216591,False,test,AB2C3_74
mp-1102792,11,0,11,0.002986253983652976,False,test,AB4C6_187
mp-1221787,12,0,5,0.003242590266433834,False,test,AB3C8_156
mp-4875,23,0,16,0.005858704445290731,False,test,ABC4_13
mp-1080055,400,0,22,0.0015338338950170582,True,test,AB3_194
mp-1215715,6,0,6,0.009639769286000414,False,test,A3B3C10_189
mp-752477,0,0,0,,False,test,ABC3D6_166
mp-1229019,280,0,229,3.838688231711439e-05,False,test,ABC2_166
mp-1030418,6,0,0,,False,test,AB2C2D3E4_156
mp-1103730,6,0,1,0.020052421093960077,False,test,AB2C4D6_5
mp-1207666,3,0,3,0.017789135468380964,False,test,A2B3C3_108
mp-1215906,37,0,5,0.0003009227240773111,False,test,ABC4_123
mp-569974,400,0,347,0.00011461260890695367,True,test,AB2C2_139
mp-756690,110,0,24,0.001347913262717904,False,test,ABC2_194
mp-1105083,23,0,20,0.012540510647920944,False,test,A3B4_148
mp-1223997,5,0,0,,False,test,AB3C4D12_166
mp-865095,4,0,4,0.02588750542191867,False,test,ABC2D6E8_225
mp-20055,49,0,41,0.0,False,test,AB_123
mp-759986,24,0,2,0.03523009442310387,False,test,AB3C5_1
mp-758679,1,0,0,,False,test,AB4C5D9_1
mp-7099,109,0,61,9.04246674069732e-17,False,test,AB2C3_191
mp-1106,102,0,80,0.0013174031327498556,False,test,AB2_62
mp-752927,110,0,57,0.0023855131177810776,False,test,ABC2_194
mp-1017529,339,0,334,0.0,False,test,AB3_221
mp-557020,4,0,4,0.027737835633506312,False,test,A2B2C2D3E5_139
mp-1215466,32,0,18,0.0047764423971059485,False,test,ABC2_160
mp-16517,158,0,57,0.0028331836930348135,False,test,ABC2_63
mp-1071468,40,0,31,0.003072170683541081,False,test,ABC_139
mp-1080022,9,0,0,,False,test,AB_8
mp-1220387,9,0,9,0.0026390398699924606,False,test,ABC3_127
mvc-8330,5,0,5,0.01019160191038117,False,test,A3B4C12_204
mp-1094570,20,0,5,0.003969330280047277,False,test,AB2_15
mp-1207799,400,0,363,0.005895884721875132,True,test,ABC_62
mp-974376,236,0,229,3.431405136018169e-17,False,test,AB3_139
mp-6704,9,0,9,0.0024873696657611907,False,test,ABC2D5_127
mp-22035,24,0,7,0.027909632942900994,False,test,AB2C3_63
mp-1105764,42,0,27,0.001557912329353272,False,test,A3B5_140
mp-1229179,9,0,1,0.08914396073543941,False,test,AB3C4D8_1
mp-1094674,77,0,11,0.011649872402559628,False,test,AB2_12
mp-5558,44,0,44,0.021270607730910978,False,test,ABC4_88
mp-1084823,36,0,22,0.01574874234015245,False,test,ABC2D6_12
mp-1246556,40,0,3,0.07087559909221548,False,test,ABC2_14
mp-1216374,3,0,2,0.03184184375219705,False,test,ABCD2_129
mp-754899,4,0,0,,False,test,A3B4C9_1
mp-1176629,22,0,9,0.05659768573533977,False,test,ABC4_12
mp-1220876,136,0,48,0.0,False,test,ABC2_123
mp-1094454,77,0,14,0.01785489466522641,False,test,AB2_12
mp-30421,14,0,9,0.009641562357501566,False,test,A2B3_148
mp-1209313,3,0,3,0.002352924300980821,False,test,A2B5_65
mp-30836,236,0,229,7.232075255255014e-17,False,test,AB3_139
mp-1206350,60,0,7,0.0030057477159037334,False,test,AB2C2_71
mp-601253,7,0,7,0.00255765053389376,False,test,ABC_190
mp-1184604,400,0,400,1.259883490335236e-16,True,test,ABC2_225
mp-5165,400,0,332,0.00019462147906015317,True,test,AB2C2_139
mp-1224396,58,0,3,0.004348316786422735,False,test,ABC_12
mp-1112627,400,0,396,0.0001880849175343834,True,test,ABC2D6_225
mp-1919,127,0,74,0.0021025859861856008,False,test,AB2_194
mp-867880,400,0,400,0.0,True,test,ABC2_225
mp-1224799,2,0,0,,False,test,AB2C3_26
mp-1018725,177,0,119,0.0040436710769683306,False,test,ABC_129
mp-1228519,0,0,0,,False,test,AB2C3D7_99
mp-570355,8,0,2,0.0570750781692333,False,test,AB4_15
mp-1104734,0,0,0,,False,test,AB6_128
mp-1220948,5,0,2,0.015498316905662597,False,test,ABC4_1
mp-558895,400,0,396,4.2385333528618665e-05,True,test,ABC2D6_225
mp-1235708,0,0,0,,False,test,AB8_1
mp-754537,280,0,229,0.0006694040451398196,False,test,ABC2_166
mp-1226425,5,0,5,0.01705445353304656,False,test,AB2C3D3_189
mp-753257,22,0,3,0.044092706578636204,False,test,ABC4_14
mp-776,168,0,166,0.0,False,test,AB_221
mp-754327,76,0,7,0.00045826378304201636,False,test,AB2C4_139
mp-35311,67,0,52,0.006228343673675556,False,test,ABC6_148
mp-1103235,30,0,29,0.0007608690912242003,False,test,AB2_205
mp-768150,3,0,2,0.014764641297543112,False,test,AB2C3D4_63
mp-510133,35,0,32,0.008318605042779849,False,test,AB2C4_136
mp-1187316,236,0,229,5.074286184737578e-17,False,test,AB3_139
mp-1186235,400,0,400,6.515874378768411e-17,True,test,ABC2_225
mp-23079,16,0,0,,False,test,ABC2_2
mp-684,20,0,4,0.03542550546291417,False,test,AB2_15
mp-142,8,0,0,,False,test,A_64
mp-867267,400,0,400,1.2695754122772937e-16,True,test,ABC2_225
mp-1106125,11,0,0,,False,test,ABCD2_12
mp-1029155,1,0,0,,False,test,ABCDE2_156
mp-862898,400,0,400,7.302185245727739e-17,True,test,ABC2_225
mp-1079121,11,0,2,0.003668087477962813,False,test,ABC2_9
mp-28878,4,0,0,,False,test,AB6_15
mp-865955,400,0,400,0.0,True,test,ABC2_225
mp-1539317,3,0,0,,False,test,A2B5_65
mp-1222224,0,0,0,,False,test,ABC2D4E12_25
mp-570093,44,0,36,0.003946908098458898,False,test,AB2_74
mp-571418,318,0,240,0.005582418494364954,False,test,ABC3_62
mp-551835,26,0,26,0.012415591894456644,False,test,AB2C2_72
mp-1221151,6,0,0,,False,test,AB2C4D6_5
mp-755581,280,0,229,0.0005393467724067195,False,test,ABC2_166
mp-1106004,42,0,42,0.002062826116976981,False,test,AB3C4D12_204
mp-1079583,400,0,396,8.74197504032737e-05,True,test,ABC2D6_225
mp-2163,168,0,166,0.0,False,test,AB_221
mp-1232392,68,0,66,0.001516197766018506,False,test,AB2C4_122
mp-1078702,7,0,2,0.02066177077225704,False,test,AB3_2
mp-753685,7,0,1,0.014433024073096764,False,test,ABC2D2_164
mp-758463,11,0,1,0.06587161479516178,False,test,ABCD4_10
mp-1188498,93,0,93,0.002117336219900129,False,test,A3B5_193
mp-862900,400,0,400,1.4758870058655579e-16,True,test,ABC2_225
mp-1218245,9,0,9,0.010486121661310747,False,test,AB2C2D7_139
mp-861935,400,0,400,0.0,True,test,ABC2_225
mp-1222357,0,0,0,,False,test,ABC3D5_160
mp-977570,400,0,400,9.909000676913516e-17,True,test,ABC2_225
mp-22956,4,0,4,0.004540140837480817,False,test,AB2C4_123
mp-867515,110,0,57,0.0013076361268622712,False,test,ABC2_194
mp-611316,36,0,1,0.2549088827384493,False,test,ABC2D6_12
mp-754402,13,0,9,0.00501455934019085,False,test,ABC2D4_10
mp-1019586,6,0,0,,False,test,ABC2D6_5
mp-510219,38,0,35,7.872894446125663e-05,False,test,AB2_140
mp-1219939,9,0,8,0.005476569747058285,False,test,ABC4_97
mp-1078602,236,0,3,0.0015332975190551945,False,test,AB3_139
mp-1216606,29,0,28,0.00572699797889464,False,test,AB2C3_25
mp-1103862,19,0,15,0.007279462663164397,False,test,AB2C3D9_164
mp-1183143,339,0,334,0.0,False,test,AB3_221
mp-980001,339,0,334,0.0,False,test,AB3_221
mp-1114482,400,0,396,0.0009563190877461671,True,test,ABC2D6_225
mp-1209732,13,0,1,0.007407827782367018,False,test,AB2C2_63
mp-770870,318,0,241,0.006191015867392172,False,test,ABC3_62
mp-567833,83,0,65,0.007445911438372312,False,test,AB_63
mp-998414,273,0,264,0.0,False,test,ABC3_221
mp-18875,23,0,16,0.0113258563347472,False,test,ABC4_13
mp-1068283,10,0,10,0.002131312782934705,False,test,AB2C2_65
mp-1207196,89,0,89,0.00022376902166286743,False,test,AB2C6_225
mp-1785,145,0,145,0.0,False,test,AB_225
mp-1188268,5,0,3,0.04778034356520081,False,test,A2B3C4_63
mp-24096,55,0,55,1.4033028995438474e-16,False,test,AB2_225
mp-20680,56,0,56,0.0014770201888341177,False,test,A3B4_220
mp-1216822,47,0,20,0.0031057975679101807,False,test,AB2C3_164
mp-1187548,400,0,353,9.717563898250305e-05,True,test,AB3_194
mp-1206285,2,0,2,0.0012261953535796255,False,test,A2B3_176
mp-1279034,6,0,1,0.12706509361137647,False,test,ABC2D6_5
mp-2295,132,0,121,1.427772492565392e-16,False,test,AB2_227
mp-765706,14,0,1,0.032258611636900025,False,test,ABC2D4_12
mp-1218370,2,0,0,,False,test,ABC3_155
mp-1222263,37,0,24,0.0036785371376047153,False,test,ABC4_123
mp-1105466,21,0,14,0.0007522609850480636,False,test,AB2C2_136
mp-1113310,400,0,396,0.00024371566779110083,True,test,ABC2D6_225
mp-1185318,400,0,400,1.2439844464342148e-16,True,test,ABC2_225
mp-1206598,110,0,52,0.001955544697936706,False,test,ABC2_194
mp-1229014,6,0,0,,False,test,A2B3C4_156
mp-1206327,400,0,16,0.020148529605246778,True,test,AB2C2_139
mp-1189436,30,0,3,0.006808041718658851,False,test,AB2C5_63
mp-1120,37,0,37,0.0,False,test,AB3_223
mp-1221249,16,0,10,0.004971133976420808,False,test,AB2C2D3E12_1
mp-569860,400,0,346,0.00035831458638871177,True,test,AB2C2_139
mp-1189700,1,0,0,,False,test,A4B6C7_12
mp-867279,400,0,400,1.7992356821865448e-16,True,test,ABC2_225
mp-989621,2,0,0,,False,test,ABC3_51
mp-1079891,26,0,26,0.01974600923187767,False,test,AB2C2_72
mp-632319,168,0,166,0.0,False,test,AB_221
mp-1226163,68,0,65,0.004019207006848848,False,test,AB2C4_122
mp-8411,158,0,7,0.013368033763857807,False,test,ABC2_63
mp-1220977,18,0,17,0.006971186202117432,False,test,ABC2D8_82
mp-1223945,14,0,13,0.0038442364581670633,False,test,AB4_166
mp-1183101,400,0,400,1.2411175118445233e-16,True,test,ABC2_225
mp-861506,400,0,400,1.2396176810738456e-16,True,test,ABC2_225
mp-1207757,26,0,23,0.013574870965732759,False,test,A3B5_63
mp-1101789,24,0,3,0.01124337327275899,False,test,AB2C3_63
mp-1112167,400,0,396,0.00043974783536237274,True,test,ABC2D6_225
mp-1218139,20,0,20,0.008073086947852933,False,test,ABCD4_107
mp-756420,18,0,3,0.0651882959171304,False,test,AB2C5_15
mp-1211365,188,0,185,0.012499855418678837,False,test,ABC2D6_14
mp-34309,68,0,65,0.0031178643297210522,False,test,AB2C4_122
mp-13097,177,0,140,0.0010815741756311458,False,test,ABC_129
mp-1189325,0,0,0,,False,test,ABCD5E11_1
mp-1101985,127,0,74,7.786123834389881e-05,False,test,AB2_194
mp-1227985,28,0,0,,False,test,AB2C3D6_12
mp-13579,400,0,359,0.006648722034711294,True,test,ABC_62
mp-23378,168,0,114,4.5321071775647407e-17,False,test,ABC_194
mp-1222762,136,0,130,3.115615162606358e-06,False,test,ABC4_216
mp-973217,400,0,2,0.0951934741019767,True,test,ABC_62
mp-865863,400,0,400,0.0,True,test,ABC2_225
mp-1077599,28,0,12,0.009397932415630212,False,test,ABC_63
mp-974527,400,0,400,0.0,True,test,ABC2_225
mp-7027,29,0,18,0.008031671763957193,False,test,ABC3_167
mp-22205,27,0,22,7.793023487107545e-05,False,test,AB_186
mp-1185976,400,0,400,1.107068224471762e-16,True,test,ABC2_225
mp-1944,7,0,6,0.0009059708204353022,False,test,AB3_204
mp-977454,400,0,400,0.0,True,test,ABC2_225
mp-21469,400,0,400,1.09675512935812e-16,True,test,ABC2_225
mp-2597,145,0,145,0.0,False,test,AB_225
mp-2530,55,0,55,7.140398104615793e-17,False,test,AB2_225
mp-1224430,48,0,41,0.012671171430702816,False,test,AB2C3_194
mp-753260,280,0,37,0.00049671436880446,False,test,ABC2_166
mp-1186656,339,0,334,0.0,False,test,AB3_221
mp-556807,53,0,4,0.05263616014024181,False,test,ABC4_63
mp-1217082,2,0,2,0.01663266373996365,False,test,A3B3C4_38
mp-977225,400,0,353,2.531369836696957e-06,True,test,AB3_194
mp-27552,54,0,37,0.008688544208945093,False,test,ABC3_63
mp-22264,2,0,2,0.02566193650493165,False,test,AB2C3D10_123
mp-1103463,400,0,355,0.007976475533092896,True,test,ABC_62
mp-1094309,400,0,352,8.78688313122445e-05,True,test,AB3_194
mp-1184670,400,0,352,2.5986672284896113e-05,True,test,AB3_194
mp-1227966,0,0,0,,False,test,ABCDE5_69
mp-1039,27,0,22,0.0002557269728688789,False,test,AB_186
mp-12832,19,0,15,0.010981006387053521,False,test,AB2C3D9_164
mp-237,145,0,145,0.0,False,test,AB_225
mp-8640,26,0,26,0.0,False,test,A_225
mp-1176665,36,0,3,0.0307360404406534,False,test,ABC2D6_12
mp-28779,30,0,23,0.023970796810164383,False,test,ABC5_15
mp-2095,37,0,1,0.014965672481357472,False,test,A2B3_62
mp-8978,15,0,6,3.414009412365141e-16,False,test,ABC2_227
mp-1205579,44,0,36,0.0017182972637680852,False,test,ABCD2_63
mp-12557,168,0,112,3.5810031630266594e-17,False,test,ABC_194
mp-504862,42,0,42,0.003880886193317819,False,test,AB3C4D12_204
mp-1088,14,0,11,0.000518729534069702,False,test,AB4_139
mp-20851,13,0,8,0.013492666770095835,False,test,ABC2D5_123
mp-640051,156,0,147,0.0009082175883081114,False,test,AB2C2_127
mp-2384,145,0,145,0.0,False,test,AB_225
mp-625318,3,0,0,,False,test,AB3C3_1
mp-34688,20,0,1,0.03347730585074551,False,test,AB2_15
mp-755562,11,0,0,,False,test,ABC2_9
mp-505302,5,0,5,0.01126303813855689,False,test,A4B5_193
mp-31413,88,0,75,0.0013866511269595807,False,test,ABC_186
mp-1206862,400,0,349,2.5169479706292245e-06,True,test,AB2C2_139
mp-1225814,3,0,3,0.050114527872521276,False,test,AB2C3D8_44
mp-4280,280,0,36,0.0006233249148903108,False,test,ABC2_166
mp-1216657,280,0,229,4.455254163698117e-05,False,test,ABC2_166
mp-1206267,57,0,57,0.001897409064773609,False,test,AB2C6_189
mp-1188248,18,0,18,0.006566261346813313,False,test,AB2C2D5_127
mp-1101818,63,0,62,0.008714601498248391,False,test,ABCD3_63
mp-4813,400,0,400,1.246237607520819e-16,True,test,ABC2_225
mp-1208418,52,0,44,0.0013178405768213685,False,test,AB2C5_140
mp-1227390,19,0,19,7.703650641246788e-05,False,test,ABC3_119
mp-754016,2,0,0,,False,test,ABC_148
mp-1102959,23,0,0,,False,test,ABC_59
mp-662563,24,0,7,0.015415887916115275,False,test,AB2C3_63
mp-13,16,0,16,0.0,False,test,A_229
mp-1222731,280,0,229,0.0009046259708536751,False,test,ABC2_166
mp-644143,65,0,50,0.006434282570580164,False,test,ABC2_129
mp-8446,158,0,9,0.011924618145273918,False,test,ABC2_63
mp-7189,13,0,13,0.006257250194774095,False,test,AB_198
mp-1216329,3,0,3,0.006389739531108664,False,test,AB4_69
mp-458,25,0,24,0.00885215957695786,False,test,A2B3_167
mp-983565,51,0,50,0.0004961022289197761,False,test,ABC2_122
mp-541899,53,0,38,0.0009999373321894602,False,test,ABC3_194
mp-22925,32,0,32,0.0,False,test,AB_216
mp-1025200,76,0,52,0.002355648964689209,False,test,AB2C4_139
mp-1187588,400,0,400,1.5515227476873384e-16,True,test,ABC2_225
mp-23021,89,0,89,3.235214771020772e-05,False,test,AB2C6_225
mp-977455,273,0,264,0.0,False,test,ABC3_221
mp-984698,14,0,9,0.01673501405498492,False,test,A2B3_148
mp-862816,339,0,334,0.0,False,test,AB3_221
mvc-15779,7,0,1,0.03823754277862484,False,test,AB5_2
mp-1102356,0,0,0,,False,test,A3B8_38
mp-1113379,400,0,396,1.3245416727497104e-05,True,test,ABC2D6_225
mp-867177,400,0,400,1.4807074569326942e-16,True,test,ABC2_225
mp-1220367,37,0,0,,False,test,ABC4_187
mp-1206851,33,0,20,0.0030377522487372317,False,test,ABC2_156
mp-19944,273,0,264,0.0,False,test,ABC3_221
mp-1286686,60,1,12,0.0021124932687767396,False,test,AB2C2_71
mp-22266,12,0,12,1.4168241107906251e-05,False,test,AB6_221
mp-1177849,78,0,78,0.0030345558994502734,False,test,AB2C3D8_166
mp-20181,13,0,13,0.002964021817152898,False,test,A2B3_220
mp-754654,48,0,37,0.014688460316711912,False,test,ABC3_148
mp-1174036,10,0,0,,False,test,A2B3C5_12
mp-2637,145,0,145,0.0,False,test,AB_225
mp-1079764,69,0,67,0.0028412094788096867,False,test,AB2C2_129
mp-1227763,0,0,0,,False,test,ABC2D2E2F10_8
mp-1185127,400,0,354,0.0002233204150505294,True,test,AB3_194
mp-555682,19,0,2,0.027754720939657824,False,test,AB2C6_14
mp-972653,400,0,400,7.173626403662466e-17,True,test,ABC2_225
mp-1078081,10,0,0,,False,test,AB2C4_65
mp-22546,400,0,363,0.01198475053795308,True,test,ABC_62
mp-1217357,2,0,2,0.006965133573084308,False,test,A3B8_148
mp-1181094,13,0,11,0.0024746443902675433,False,test,ABC2_140
mp-542613,1,0,1,0.04881229836102368,False,test,AB2_43
mp-558728,0,0,0,,False,test,A2B3C5_42
mp-1106138,107,0,27,0.006976535544515184,False,test,ABC2_62
mp-1223978,50,0,44,8.315884219311135e-06,False,test,ABC_74
mp-1518556,400,0,396,1.3192435060650427e-05,True,test,ABC2D6_225
mp-17396,8,0,5,0.009258000325598379,False,test,AB3C5_63
mp-1068827,75,0,75,0.0010794913360686097,False,test,ABC3_107
mp-9278,21,0,12,0.005398687201641915,False,test,A2B3C4_14
mp-15325,15,0,4,0.010779719446579445,False,test,AB3_12
mp-1018814,177,0,101,0.0006997545381149593,False,test,ABC_129
mp-1179796,13,0,12,0.06490734464944453,False,test,A2B3C4_72
mp-1221905,33,0,12,0.012232618565774792,False,test,ABC2_156
mp-27617,22,0,7,0.01525181074755385,False,test,AB2C4_166
mp-31168,51,0,51,2.0535028061113767e-16,False,test,ABC2_216
mp-1112917,400,0,396,0.00027815375128346573,True,test,ABC2D6_225
mp-989617,9,0,0,,False,test,ABC3_40
mp-752753,25,0,1,0.23105478848755054,False,test,ABC2_15
mp-568544,273,0,264,0.0,False,test,ABC3_221
mp-1218836,4,0,4,0.00993504609353673,False,test,AB2C2D2E9_42
mp-972895,400,0,352,9.075812335216338e-06,True,test,AB3_194
mp-22563,19,0,16,0.0038735210839507795,False,test,AB3C6_11
mp-1240,145,0,145,0.0,False,test,AB_225
mp-1018802,177,0,105,0.0027281889460437645,False,test,ABC_129
mp-753680,0,0,0,,False,test,ABC2D2E3F8_1
mp-1218033,6,0,0,,False,test,AB3C8_8
mp-9731,28,0,4,0.011533418665957388,False,test,ABC_63
mp-1221056,28,0,25,0.0038008727492569953,False,test,ABC2D6_31
mp-1227834,188,0,185,0.010226867928457733,False,test,ABC2D6_14
mp-1079706,1,0,0,,False,test,A2B3C5_166
mp-29520,22,0,0,,False,test,ABC4_14
mp-20260,400,0,358,0.00017065421938430592,True,test,AB2C2_139
mp-1224915,2,0,0,,False,test,AB3C4_26
mp-27882,89,0,89,0.001463934683892429,False,test,AB2C6_225
mp-1173945,10,0,0,,False,test,A2B3C5_12
mp-1080180,5,0,3,0.008215368891119144,False,test,AB2C2_11
mp-1206315,305,0,304,0.00047067708231779003,False,test,ABC_189
mp-24034,35,0,35,0.08482555626825622,False,test,AB3C6_14
mp-1104735,0,0,0,,False,test,AB2C10_8
mp-1226649,53,0,21,0.0031061949108289154,False,test,ABC4_65
mp-17230,52,0,5,0.027730869791462026,False,test,AB2C5_140
mp-1190061,42,0,27,0.00901447039213189,False,test,A3B5_140
mp-752601,11,0,2,0.03129212737056719,False,test,AB3C4_12
mp-29750,53,0,38,8.560426079475741e-05,False,test,ABC3_194
mp-1224384,20,0,14,0.004188801106948065,False,test,AB3C4_166
mp-28534,54,0,38,0.01740330437670947,False,test,ABC3_63
mp-755517,4,0,0,,False,test,A5B6C7_5
mp-14289,3,0,3,0.041442811962628626,False,test,A3B4_43
mp-998778,318,0,43,0.020527025591692144,False,test,ABC3_62
mp-16456,11,0,11,0.0053309462954264746,False,test,ABC2D5_140
mp-1183345,236,0,229,0.0,False,test,AB3_139
mp-12427,33,0,33,0.015476786372611216,False,test,ABC2D6_87
mp-1224257,136,0,48,0.0,False,test,ABC2_123
mp-759689,12,0,5,0.02116988189451959,False,test,AB6C11_38
mp-1222838,8,0,8,0.006912130313965705,False,test,ABC10_47
mp-980663,77,0,5,0.03999754593635756,False,test,AB2_12
mp-1101403,22,0,10,0.009723986179727251,False,test,AB3C3_12
mp-1094675,26,0,16,0.005739732956766824,False,test,AB_51
mp-1284552,36,0,0,,False,test,ABC2D6_12
mp-1245857,3,0,0,,False,test,A2B6C7_12
mp-5706,61,0,9,0.03676060313003305,False,test,ABC3_14
mp-977204,400,0,400,8.450597881885585e-17,True,test,ABC2_225
mp-12863,400,0,381,2.9120703275692103e-05,True,test,AB2C2_139
mp-11375,168,0,166,0.0,False,test,AB_221
mp-1220404,3,0,1,0.004718643663894668,False,test,ABC4_6
mp-24658,55,0,55,7.243534955142626e-17,False,test,AB2_225
mp-862836,400,0,400,0.0,True,test,ABC2_225
mp-1114502,100,0,100,0.0001907340008800202,False,test,AB3C6_225
mp-30914,0,0,0,,False,test,ABC4_189
mp-760293,18,0,8,0.019921934694514816,False,test,AB2C5_15
mp-23465,89,0,89,0.0006281708680419845,False,test,AB2C6_225
mp-1025001,136,0,130,1.0220882153551515e-05,False,test,ABC4_216
mp-867145,400,0,400,1.654792727934259e-16,True,test,ABC2_225
mp-753591,4,0,4,0.04880859136237823,False,test,A3B3C8_166
mp-3274,177,0,141,0.003173847747333644,False,test,ABC_129
mp-571296,400,0,330,7.53693434512026e-05,True,test,AB2C2_139
mp-1187709,400,0,400,0.0,True,test,ABC2_225
mp-2525,168,0,166,0.0,False,test,AB_221
mp-1252,57,0,40,6.784422385587607e-17,False,test,AB2_191
mp-864930,400,0,400,1.0883313027002155e-16,True,test,ABC2_225
mp-1219893,188,0,185,0.006901955911150504,False,test,ABC2D6_14
mp-1224239,11,0,1,0.05276447492109312,False,test,AB2C4_15
mp-1227124,21,0,0,,False,test,ABC2D6_146
mp-1179866,16,0,1,0.04413361668127109,False,test,AB3C5_2
mp-1216551,50,0,44,8.555454885142508e-05,False,test,ABC_74
mp-505397,22,0,0,,False,test,AB2C6_12
mp-1224200,19,0,19,0.01695177533590256,False,test,AB4C8_25
mp-1185377,400,0,400,1.4318442010244183e-16,True,test,ABC2_225
mp-1080800,69,0,67,0.005788780230136005,False,test,AB2C2_129
mp-865791,400,0,400,1.047954006228579e-16,True,test,ABC2_225
mp-1224274,280,0,229,0.00020550292231372709,False,test,ABC2_166
mp-754530,1,0,1,0.02333961187463995,False,test,A3B4C5_44
mp-976129,400,0,400,0.0,True,test,ABC2_225
mp-8880,27,0,22,0.00044728647215795284,False,test,AB_186
mp-1205529,0,0,0,,False,test,A2B4C5_25
mp-1228655,6,0,3,0.02320285448887139,False,test,AB2C4_71
mp-33526,50,0,45,8.217512884445944e-05,False,test,ABC2_141
mp-1071675,26,0,24,0.0010279634795098836,False,test,ABC_109
mp-1217529,75,0,75,0.0019411352678313897,False,test,ABC3_107
mp-4681,2,0,1,0.07067240862669781,False,test,ABC3_26
mp-27841,23,0,19,0.023782517863249336,False,test,ABC_59
mp-1223002,1,0,1,0.010812744971408245,False,test,AB4C10_69
mp-568172,35,0,14,0.024362624153043643,False,test,A2B3_12
mp-867317,400,0,354,4.2911930689265e-05,True,test,AB3_194
mp-1095185,89,0,89,0.001795544197923522,False,test,AB2C6_225
mp-1205677,33,0,33,0.01583888904371713,False,test,ABC2D6_87
mp-1221572,136,0,50,0.0010524256067000915,False,test,ABC2_123
mp-38931,68,0,65,0.004191397925731387,False,test,AB2C4_122
mp-1102,145,0,145,0.0,False,test,AB_225
mp-1078100,55,0,24,0.00046509286735951674,False,test,ABC5_123
mp-1209222,5,0,5,0.0069351203825154225,False,test,ABCD6_11
mp-1210698,12,0,6,0.015029247862455769,False,test,ABCD3_12
mp-1174011,5,0,1,0.043740221336039546,False,test,AB2C5D8_5
mp-1104215,0,0,0,,False,test,AB2C10_65
mp-1223048,15,0,15,0.016759327029231528,False,test,AB2C4_115
mp-756422,2,0,2,0.06382999919677759,False,test,AB2C4D7_5
mp-1245832,58,0,1,0.1324973032707676,False,test,ABC_12
mp-20798,48,0,39,0.016769456694459086,False,test,ABC3_148
mp-10564,82,0,10,0.004313063824125355,False,test,AB2_139
mp-1025229,55,0,31,0.00013103801834989573,False,test,ABC5_123
mp-865142,400,0,400,1.0129131724838668e-16,True,test,ABC2_225
mp-5069,400,0,373,5.3107557400003546e-05,True,test,AB2C2_139
mp-864910,400,0,400,0.0,True,test,ABC2_225
mp-567768,88,0,74,0.01858132160844988,False,test,ABC_186
mp-862300,400,0,400,1.3953193483633505e-16,True,test,ABC2_225
mp-1187859,400,0,400,1.3406629805718816e-16,True,test,ABC2_225
mp-573324,11,0,11,0.06373330095880707,False,test,ABC2D2E8_164
mp-1120718,11,0,5,0.0001910601999371693,False,test,AB3C4_215
mp-1225324,2,0,2,0.0006367829891153736,False,test,ABC5_119
mp-867979,400,0,400,0.0,True,test,ABC2_225
mp-2680,12,0,12,0.0003117013043747409,False,test,AB6_221
mp-1188182,2,0,2,0.012735460412139141,False,test,AB8C8_225
mp-1217294,9,0,9,0.0037598382187135192,False,test,AB2C3_187
mp-1185242,400,0,400,1.238923625205102e-16,True,test,ABC2_225
mp-1018735,12,0,3,0.0007424451161379726,False,test,ABC2D2_123
mp-571283,62,0,62,1.4245272282811755e-16,False,test,AB5_191
mp-1223373,188,0,185,0.019600445610941156,False,test,ABC2D6_14
mp-10694,339,0,5,0.0,False,test,AB3_221
mp-2012,168,0,166,0.0,False,test,AB_221
mp-863727,400,0,400,1.1572906054833868e-16,True,test,ABC2_225
mp-1025388,15,0,0,,False,test,AB3_12
mp-31288,124,0,124,0.0034410855591185973,False,test,AB3C5_193
mp-19766,305,0,305,0.0009548566229400897,False,test,ABC_189
mp-982370,60,0,22,3.4270393272563116e-17,False,test,A_194
mp-17751,93,0,93,0.00011750664671326245,False,test,A3B5_193
mp-1079483,67,0,52,0.012075028185051814,False,test,ABC6_148
mp-1186604,400,0,400,9.545194966881056e-17,True,test,ABC2_225
mp-558380,21,0,0,,False,test,A2B5_15
mp-1205800,39,0,37,0.003347772390207797,False,test,AB2C6_38
mp-676274,4,0,4,0.04269493408849916,False,test,AB6C9_87
mp-1183728,25,0,24,0.0018993793038982393,False,test,A2B3_167
mp-8558,273,0,264,0.0,False,test,ABC3_221
mp-24517,76,0,52,0.004959167521893422,False,test,AB2C4_139
mp-1079321,5,0,5,0.005284399001353253,False,test,ABC2_109
mp-23966,5,0,3,0.014166637703535946,False,test,ABC2D5_15
mp-1079173,11,0,7,0.006101473154410149,False,test,ABC2_51
mp-1077840,22,0,4,0.026358942774059587,False,test,AB2C4_166
mp-34460,53,0,0,,False,test,AB2C3_166
mp-1178789,3,0,1,0.011250722279470887,False,test,AB2C6_5
mp-864612,400,0,400,8.677926576202437e-17,True,test,ABC2_225
mp-9741,28,0,6,0.051362986512470024,False,test,AB2C3D6_12
mp-1216654,15,0,15,0.02456016336104891,False,test,AB2C4_115
mp-1213762,9,0,9,0.024314571733237204,False,test,AB3_82
mp-1186317,400,0,400,0.0,True,test,ABC2_225
mp-1227117,35,0,32,0.019823611265904165,False,test,AB3C4D12_6
mp-3312,15,0,2,0.026637210457748646,False,test,AB2C4_2
mp-29863,61,0,0,,False,test,ABC3_14
mp-1186539,400,0,353,0.002118668361221031,True,test,AB3_194
mp-574599,28,0,4,0.011859326223921619,False,test,ABC_63
mp-5239,177,0,124,0.0038597692903025644,False,test,ABC_129
mp-19871,132,0,121,2.3884545010249177e-16,False,test,AB2_227
mp-1186435,400,0,400,1.882774676076052e-16,True,test,ABC2_225
mp-20263,168,0,166,0.0,False,test,AB_221
mp-1516440,400,0,396,9.90492262902097e-05,True,test,ABC2D6_225
mp-1209962,4,0,4,0.02266577595189653,False,test,ABC2D6E8_225
mp-1189309,17,0,16,0.009244686533930764,False,test,AB4C4_86
mp-567377,13,0,0,,False,test,AB2C2_63
mp-13000,33,0,33,0.010437348330933521,False,test,ABC2D6_87
mp-1102481,24,0,3,0.01742561705856667,False,test,AB2C3_63
mvc-7666,10,0,9,0.01225536087812554,False,test,ABCDE5_99
mp-1224094,30,0,0,,False,test,AB2C5_63
mp-1079819,305,0,305,0.0011199771052042573,False,test,ABC_189
mp-1185809,13,0,13,0.012179180480483916,False,test,AB5_8
mp-1017553,273,0,264,0.0,False,test,ABC3_221
mp-779353,5,0,3,0.020162677636923584,False,test,AB3C5D11_1
mp-22267,30,0,30,0.000337542375200071,False,test,AB6C6_191
mp-27649,0,0,0,,False,test,AB2C7_141
mp-865031,18,0,18,0.003305994398748901,False,test,AB2C2D5_127
mp-1190258,80,0,63,0.0048123631828414955,False,test,AB3_62
mp-10624,99,0,97,0.0,False,test,ABC_216
mp-765702,19,0,1,0.10276460649623412,False,test,A5B6C7_1
mp-1095072,69,0,67,0.0011454311730606298,False,test,AB2C2_129
mp-1183677,400,0,400,1.7188465643695145e-16,True,test,ABC2_225
mp-996968,20,0,0,,False,test,ABC2_11
mp-1029246,12,0,3,0.005564245177798844,False,test,AB3C8_156
mp-40286,2,0,0,,False,test,ABC2D4E12_123
mp-1209941,124,0,124,0.0010786246415061867,False,test,AB3C5_193
mp-6178,400,0,396,0.00030729366808440723,True,test,ABC2D6_225
mp-1218006,0,0,0,,False,test,ABCD2E3_8
mp-23487,28,0,0,,False,test,ABC3_1
mp-30748,4,0,4,0.007232202241010215,False,test,AB3_121
mp-28769,16,0,0,,False,test,AB2C4_8
mp-1072712,127,0,1,0.005979727657195804,False,test,AB2_194
mp-1219672,21,0,21,0.0045477471189848415,False,test,AB6C8_147
mp-861946,400,0,400,1.3970876126238917e-16,True,test,ABC2_225
mp-1186470,400,0,400,0.0,True,test,ABC2_225
mp-1222082,6,0,6,0.022176780894579095,False,test,ABC6_187
mp-28339,1,0,0,,False,test,ABC_26
mp-569178,280,0,228,0.00022278566456822462,False,test,ABC2_166
mp-1247040,1,0,1,0.042643178863644535,False,test,A3B8C8_12
mp-776438,9,0,0,,False,test,AB2C6_128
mp-1078439,0,0,0,,False,test,AB2C7_139
mp-580136,10,0,10,4.487227585808901e-05,False,test,AB5_216
mp-979026,400,0,354,0.00020294935266873014,True,test,AB3_194
mp-1428,4,0,0,,False,test,A3B5_15
mp-1212102,20,0,14,0.004611133378967951,False,test,ABC2_71
mp-1087501,158,0,61,0.005884498480475935,False,test,ABC2_63
mp-15889,36,0,22,0.0027880013974763934,False,test,ABC2D6_12
mp-1185839,21,0,21,0.0006910195000340766,False,test,AB5_155
mp-1223418,68,0,65,0.0021583868541671116,False,test,AB2C4_122
mp-8642,26,0,26,0.0,False,test,A_225
mp-865385,122,0,122,2.2037419675153075e-16,False,test,AB3_225
mp-1698,83,0,62,0.005139105341530107,False,test,AB_63
mp-1207052,400,0,396,0.003953893169762846,True,test,ABC2D6_225
mp-1094736,5,0,2,0.010578202990862129,False,test,AB_59
mp-1187925,339,0,334,0.0,False,test,AB3_221
mp-989537,400,0,396,0.0005483602525301844,True,test,ABC2D6_225
mp-977562,400,0,400,0.0,True,test,ABC2_225
mp-1094714,20,0,20,0.008900058257425623,False,test,AB5_38
mp-1184028,236,0,230,3.817105372842629e-17,False,test,AB3_139
mp-1217989,9,0,8,0.005073686533511712,False,test,ABC4_97
mp-1111174,100,0,100,0.00028610100132025606,False,test,AB3C6_225
mp-1217837,2,0,2,0.07138273639367328,False,test,AB4C10_8
mp-1094598,400,0,353,0.00010208090967916839,True,test,AB3_194
mp-1173960,9,0,1,0.04143586279972888,False,test,A2B3C5_2
mp-754183,13,0,10,0.008508308795173667,False,test,ABC2D4_10
mp-1186419,400,0,400,3.734984642761368e-16,True,test,ABC2_225
mp-1183459,400,0,400,1.0505701563114544e-16,True,test,ABC2_225
mp-561294,9,0,0,,False,test,AB2C2D7_139
mp-1002083,4,0,3,0.0,False,test,ABCD_123
mp-13282,19,0,16,0.009248286628254209,False,test,AB3C6_11
mp-18883,318,0,241,0.009130439504759173,False,test,ABC3_62
mp-13511,3,0,3,0.005426916103259104,False,test,AB2C4D4_12
mp-1211124,14,0,9,0.007635921385044735,False,test,AB6C8_225
mp-864992,400,0,400,8.946890344298245e-17,True,test,ABC2_225
mp-770433,0,0,0,,False,test,A9B11_156
mp-1272386,46,0,2,0.011791565375961089,False,test,AB2C2_12
mp-1911,339,0,334,0.0,False,test,AB3_221
mp-989782,60,0,30,0.0,False,test,A_194
mp-1080625,33,0,33,0.008251642183295662,False,test,ABC2D6_87
mp-1216966,37,0,10,0.0005884558024258758,False,test,ABC4_191
mp-1217437,48,0,48,0.009320770611284905,False,test,ABC_198
mp-865917,400,0,400,6.650483281299354e-17,True,test,ABC2_225
mp-13032,32,0,32,0.0,False,test,AB_216
mp-1224099,21,0,15,0.005434509576452179,False,test,AB2C3_8
mp-755074,177,0,4,0.0013634256611750508,False,test,ABC_129
mp-1079752,48,0,5,0.05320026798789181,False,test,ABC3_148
mp-31215,8,0,2,0.058734889108701914,False,test,ABC6_2
mp-1225091,38,0,30,0.0022086784902692023,False,test,AB2C10_71
mp-1247757,50,0,45,0.006136641866691437,False,test,ABC2_141
mp-1101222,4,0,0,,False,test,A3B4C9_1
mp-1223870,48,0,41,0.003204748182813789,False,test,AB2C3_194
mp-1095289,400,0,360,0.0037058129202659188,True,test,ABC_62
mp-1205396,17,0,3,0.016262986859867566,False,test,AB7C12_148
mp-995,132,0,121,1.9647285529857665e-16,False,test,AB2_227
mp-18946,29,0,20,0.0012380188084524886,False,test,ABC3_167
mp-1184453,339,0,334,0.0,False,test,AB3_221
mp-630866,1,0,1,0.014347618632776933,False,test,AB3C4D8_123
mp-989618,400,0,396,2.1192666764189928e-05,True,test,ABC2D6_225
mp-20587,145,0,145,0.0,False,test,AB_225
mp-2077,168,0,166,0.0,False,test,AB_221
mp-3325,400,0,344,4.0724395390243385e-05,True,test,AB2C2_139
mp-20085,53,0,38,0.00010326420728539209,False,test,ABC3_194
mp-1225328,22,0,4,0.008299984465310077,False,test,ABC2_26
mp-28766,20,0,0,,False,test,AB2C3_15
mp-1206441,1,0,1,0.01902875165485421,False,test,A5B6_65
mp-640899,2,0,1,0.03328371264110341,False,test,A2B2C5_166
mp-982980,35,0,35,0.025355979546138455,False,test,AB3C6_14
mp-1186328,400,0,400,9.654845770410993e-17,True,test,ABC2_225
mp-559473,10,0,10,0.006495298194617539,False,test,AB3_167
mp-675779,4,0,0,,False,test,A2B3C4_1
mp-675028,0,0,0,,False,test,AB2C6_160
mp-510341,5,0,5,0.03450933070172579,False,test,AB3C4_59
mp-22246,273,0,264,2.0876571624872207e-05,False,test,ABC3_221
mp-1223047,1,0,1,0.015676267451086044,False,test,AB2C6_163
mp-753388,5,0,0,,False,test,A2B2C5_15
mp-864969,400,0,400,1.6762554639551154e-16,True,test,ABC2_225
mp-642831,2,0,2,0.0659983327937989,False,test,ABC2D4_122
mp-1189619,5,0,0,,False,test,AB_59
mp-1225278,64,0,49,0.0,False,test,AB_187
mp-1538990,67,0,52,0.01356205823850213,False,test,ABC6_148
mp-28712,3,0,0,,False,test,A2B6C7_12
mp-29630,0,0,0,,False,test,A2B7_65
mp-1188242,26,0,23,0.004788979727156767,False,test,A3B5_63
mp-1217621,20,0,20,0.0037973023150380007,False,test,AB3_187
mp-5295,44,0,44,0.00994055196894941,False,test,ABC4_88
mp-984555,110,0,57,0.0016712572552300526,False,test,ABC2_194
mp-989635,24,0,4,0.018470128629036017,False,test,ABC3_12
mp-765698,12,0,2,0.03447833895058207,False,test,AB6C11_38
mp-30600,10,0,10,0.00017031170115739297,False,test,AB5_216
mp-1223499,0,0,0,,False,test,ABC2D4_107
mp-1210627,236,0,229,0.0,False,test,AB3_139
mp-1102168,280,0,0,,False,test,ABC2_166
mp-20880,88,0,75,0.0011777848475720022,False,test,ABC_186
mp-1190062,33,0,33,0.0032104995037917417,False,test,A2B3C5_72
mp-1189902,26,0,23,0.006648789924625892,False,test,A3B5_63
mp-755259,7,0,1,0.03460635187584319,False,test,A2B3C4_8
mp-1206798,400,0,400,6.677933739704997e-17,True,test,ABC2_225
mp-504900,69,0,67,0.002093898088698461,False,test,AB2C2_129
mp-505019,65,0,50,0.01688813890403131,False,test,ABC2_129
mp-1273081,38,0,27,0.020593186672973454,False,test,ABC2D6_148
mp-1226506,31,0,7,0.004725206889389694,False,test,AB2C6_164
mp-18864,64,0,4,0.004023017755330894,False,test,AB2C4_12
mp-1025552,158,0,57,0.00352500843096187,False,test,ABC2_63
mp-510377,273,0,264,0.0,False,test,ABC3_221
mp-6465,54,0,35,0.03163276711356806,False,test,ABC2D6_15
mp-1101177,18,0,14,0.006778360885529345,False,test,A2B2C7_12
mp-5602,127,0,127,0.00024513260709092073,False,test,AB2C4_227
mp-1077785,28,0,12,0.0009353104793189486,False,test,ABC_63
mp-1223671,0,0,0,,False,test,ABC2_108
mp-1252222,45,0,5,0.034592546548553406,False,test,AB2C4_74
mp-1225503,26,0,24,0.0013650022824997308,False,test,ABC_109
mp-675525,0,0,0,,False,test,ABC2_130
mp-1219007,280,0,229,0.00011813887094503465,False,test,ABC2_166
mp-1209761,40,0,40,0.001067715334615977,False,test,A3B3C4_220
mp-568830,400,0,400,6.839121560494492e-17,True,test,ABC2_225
mp-1080595,46,0,15,0.014307541027907458,False,test,AB2C2_12
mp-1105102,9,0,7,0.005885172548336912,False,test,AB3C3_63
mp-1305214,22,0,1,0.030097538601180043,False,test,ABC2D6_1
mp-1112951,100,0,100,0.00011126150051322917,False,test,AB3C6_225
mp-1225061,29,0,28,0.0037436440099248482,False,test,AB2C3_25
mp-1025598,12,0,2,0.044490130238370514,False,test,AB2C2D4_156
mp-22950,53,0,38,0.00776122375985509,False,test,ABC3_194
mp-1185329,400,0,400,0.0,True,test,ABC2_225
mp-1111251,400,0,396,7.417433367522509e-05,True,test,ABC2D6_225
mp-1078595,0,0,0,,False,test,AB4_129
mp-30909,400,0,348,0.0001508495666821016,True,test,AB2C2_139
mp-542455,1,0,0,,False,test,A2B3C5_5
mp-1104498,30,0,30,0.0014113779167454835,False,test,AB6C6_191
mp-1185459,400,0,400,1.847377314463383e-16,True,test,ABC2_225
mp-1181527,188,0,186,0.011376580360618244,False,test,ABC2D6_14
mp-1105877,1,0,1,0.01761716563288481,False,test,A2B3C4D9_157
mp-387,145,0,145,0.0,False,test,AB_225
mp-951,132,0,121,1.6184826609110675e-16,False,test,AB2_227
mp-1224791,136,0,20,0.0,False,test,ABC2_123
mp-9961,110,0,52,0.00044670492337470853,False,test,ABC2_194
mp-757410,8,0,0,,False,test,AB4_15
mp-754519,3,0,3,0.02751216115942295,False,test,ABC3D12_1
mp-1213208,52,0,44,0.00144855774093322,False,test,AB2C5_140
mp-1078470,34,0,34,0.022659874600183136,False,test,ABC3_161
mp-1217302,18,0,12,0.007558185082262847,False,test,AB2C3_44
mp-1112469,400,0,396,2.384175010994407e-05,True,test,ABC2D6_225
mp-22390,318,0,239,0.010184186317526022,False,test,ABC3_62
mp-27385,44,0,44,0.011670734783068858,False,test,ABC4_88
mp-1228915,30,0,29,0.0038332903882565056,False,test,ABCD6_74
mp-1113440,400,0,396,0.00016689225076964317,True,test,ABC2D6_225
mp-31076,9,0,9,0.012839946514345703,False,test,AB2C6_128
mp-13283,19,0,16,0.003211858734582142,False,test,AB3C6_11
mp-862913,400,0,400,7.138937330673935e-17,True,test,ABC2_225
mp-1212428,400,0,362,0.0060284501499609225,True,test,ABC_62
mp-9349,400,0,396,0.00024636475113687785,True,test,ABC2D6_225
mp-864747,400,0,400,9.295715698711384e-17,True,test,ABC2_225
mp-27367,0,0,0,,False,test,ABC2_29
mp-1112545,13,0,13,0.0005775001693312713,False,test,ABC3_225
mp-865288,400,0,400,6.798493578492608e-17,True,test,ABC2_225
mp-12039,25,0,6,0.012221611773451883,False,test,A2B2C3_12
mp-1273331,145,1,145,4.138402180399915e-06,False,test,AB_225
mp-1205437,22,0,0,,False,test,AB2C6_12
mp-769856,23,0,20,0.007053370354436439,False,test,AB3C4D8_166
mp-1184758,400,0,400,0.0,True,test,ABC2_225
mp-8014,15,0,13,0.005579340316742351,False,test,ABC6_166
mp-1225629,31,0,31,0.003631016355423725,False,test,AB6C6_71
mp-27982,177,0,115,0.009748251591334089,False,test,ABC_129
mp-1103421,102,0,81,0.002327505639271288,False,test,AB2_62
mp-1914,57,0,30,0.0,False,test,AB2_191
mp-11723,41,0,22,0.0004969063424594389,False,test,ABC2_38
mp-1184060,339,0,334,0.0,False,test,AB3_221
mp-981381,400,0,400,6.563963845934697e-17,True,test,ABC2_225
mp-1187644,400,0,354,0.0023970591386299213,True,test,AB3_194
mp-1094591,12,0,12,0.003739109537598717,False,test,AB3_44
mp-1228647,35,0,0,,False,test,A2B3_12
mp-1225426,23,0,22,0.008357523680573749,False,test,AB2C4_38
mp-1215457,88,0,23,8.323727109459216e-05,False,test,ABC_187
mp-865965,400,0,400,8.892097329555027e-17,True,test,ABC2_225
mp-766046,1,0,1,0.01436493075232844,False,test,AB3C9_183
mp-2085,132,0,121,1.6581193943196796e-16,False,test,AB2_227
mp-1102618,400,0,366,0.012129371987761173,True,test,ABC_62
mp-1188785,1,0,1,0.016169326501955197,False,test,A9B11_87
mp-1228133,19,0,15,0.008389506708223074,False,test,AB2C3D9_164
mp-22695,400,0,355,0.004267643873057742,True,test,ABC_62
mp-30835,13,0,7,0.0025111913036800376,False,test,AB2_71
mp-27186,54,0,0,,False,test,ABC3_63
mp-1094485,13,0,13,0.0056482479568518325,False,test,AB5_8
mp-978985,43,0,38,0.0016154878890038394,False,test,AB2_136
mp-1220491,0,0,0,,False,test,A2B3C6D6_12
mp-1225120,20,0,19,0.006026649973827147,False,test,AB3C3_148
mp-573763,102,0,80,0.010490954565300182,False,test,AB2_62
mp-763338,19,0,3,0.01797505457582733,False,test,AB3C5_12
mp-770532,4,0,1,0.040747197282193386,False,test,AB2C5_2
mp-1518838,400,0,4,3.6892283205685366e-16,True,test,ABC2D6_225
mp-1189173,40,0,40,0.0012569069991707348,False,test,A3B3C4_220
mp-24726,82,0,5,6.198198541216515e-17,False,test,AB2_139
mp-10942,10,0,8,0.0034975148155196294,False,test,ABCDE5_129
mp-1217556,136,0,48,0.0,False,test,ABC2_123
mp-866205,400,0,400,9.777570999253472e-17,True,test,ABC2_225
mp-1079871,400,0,396,0.00042650241863465796,True,test,ABC2D6_225
mp-1220670,12,0,5,0.005952322337250074,False,test,AB3C8_156
mp-625475,3,0,0,,False,test,AB2C4_5
mp-1205359,33,0,33,0.038178260979859574,False,test,ABC2D6_87
mp-1218903,1,0,0,,False,test,AB4C8_5
mp-865315,400,0,400,1.0674233836338868e-16,True,test,ABC2_225
mp-1105823,12,0,11,0.043253158561260004,False,test,ABCDE6_4
mp-977590,400,0,400,0.0,True,test,ABC2_225
mp-14334,9,0,9,0.012214529998244827,False,test,ABC2D5_127
mp-1112401,400,0,396,0.001075527838296266,True,test,ABC2D6_225
mp-1079265,305,0,305,0.006062906864600419,False,test,ABC_189
mp-1232170,127,0,127,0.0002429519430228133,False,test,AB2C4_227
mp-2497,168,0,166,0.0,False,test,AB_221
mp-973191,339,0,334,0.0,False,test,AB3_221
mp-1222765,109,0,53,1.1009058017690404e-16,False,test,AB2C3_191
mp-1223451,37,0,24,0.00031813421496251965,False,test,ABC4_123
mp-684744,0,0,0,,False,test,AB2_18
mp-1189044,9,0,9,0.015404710987692236,False,test,AB3_82
mp-24204,177,0,70,0.014215713556508235,False,test,ABC_129
mp-12449,188,0,185,0.008707262610126587,False,test,ABC2D6_14
mp-696951,0,0,0,,False,test,A2B3C4D8_12
mp-1218479,1,0,0,,False,test,AB3C4D12_47
mp-1228443,7,0,2,0.00613004198163598,False,test,A2B3C4_5
mp-1183074,400,0,400,7.1408866018109e-17,True,test,ABC2_225
mp-1218753,2,0,2,0.05344149673592502,False,test,AB2C2D7_107
mp-759380,11,0,11,0.003763844830746697,False,test,ABC2D4_74
mp-1102875,102,0,72,0.007568077997002712,False,test,AB2_62
mp-1186406,400,0,400,8.011755114140925e-17,True,test,ABC2_225
mp-20291,339,0,334,0.0,False,test,AB3_221
mp-1205650,400,0,396,0.00039471341848795684,True,test,ABC2D6_225
mp-1221500,32,0,18,0.0020521285885380662,False,test,ABC2_160
mp-760,33,0,27,0.0034901385135308076,False,test,AB2_58
mp-22419,305,0,305,0.00010769595417087369,False,test,ABC_189
mp-1189895,124,0,124,0.0006909772845030737,False,test,AB3C5_193
mp-867276,400,0,400,1.0418330817686766e-16,True,test,ABC2_225
mp-1065577,52,0,2,0.0,False,test,AB_194
mp-1186489,339,0,334,0.0,False,test,AB3_221
mp-755443,7,0,2,0.014257905688341507,False,test,ABC2D4_15
mp-1211224,109,0,45,1.1511330816081195e-16,False,test,AB2C3_191
mp-2666,38,0,35,0.003212063613242923,False,test,AB2_140
mp-1183757,400,0,400,1.4355105937949347e-16,True,test,ABC2_225
mp-1103979,21,0,18,0.0034720696380547487,False,test,A2B5_15
mp-1111954,400,0,396,1.3245416727546374e-05,True,test,ABC2D6_225
mp-1216759,2,0,2,0.17649580215849447,False,test,ABC4_26
mp-850894,78,0,78,0.009341475724185118,False,test,AB2C3D8_166
mp-4196,158,0,8,0.0027478137722939757,False,test,ABC2_63
mp-1228888,23,0,23,0.0016112434742432949,False,test,ABC2_115
mp-1184014,236,0,229,7.472723231270426e-17,False,test,AB3_139
mp-1217928,0,0,0,,False,test,ABC6D8_216
mp-5137,110,0,57,0.001609521458848357,False,test,ABC2_194
mp-863,132,0,121,2.1332625711765013e-16,False,test,AB2_227
mp-21050,132,0,121,1.8428511145478528e-16,False,test,AB2_227
mp-976190,3,0,2,0.016002267208012413,False,test,AB3C5_74
mp-1185430,400,0,400,1.3737220929729054e-16,True,test,ABC2_225
mp-1215271,50,0,44,0.000353151227466065,False,test,ABC_74
mp-1112979,100,0,100,0.00011920875055004222,False,test,AB3C6_225
mp-1114686,13,0,13,0.0010490370048406561,False,test,ABC3_225
mp-1184372,400,0,400,9.169810003449553e-17,True,test,ABC2_225
mp-1222150,0,0,0,,False,test,AB4C10_191
mp-1087497,10,0,9,0.02233227473224111,False,test,A4B5_87
mp-13967,3,0,3,0.02486489529340755,False,test,A4B4C5_87
mp-1219763,1,0,0,,False,test,AB2C2_74
mp-1184621,400,0,400,6.656031526174844e-17,True,test,ABC2_225
mp-20492,400,0,360,0.013415938584564304,True,test,ABC_62
mp-28599,76,0,52,0.009334204158653152,False,test,AB2C4_139
mp-10615,88,0,78,0.0,False,test,ABC_187
mp-16454,11,0,11,0.005858952984132088,False,test,ABC2D5_140
mp-1205611,400,0,396,2.649083345720277e-06,True,test,ABC2D6_225
mp-1215639,21,0,15,0.01662648313699689,False,test,AB2C3_8
mp-1205602,400,0,396,2.6490833455259382e-06,True,test,ABC2D6_225
mp-1190104,13,0,6,0.0026640373836617987,False,test,ABC_44
mp-985585,273,0,264,0.0,False,test,ABC3_221
mp-554015,1,0,0,,False,test,ABC2D8_166
mp-4336,168,0,113,7.470861247027507e-17,False,test,ABC_194
mp-21179,23,0,14,0.009487130273094937,False,test,ABC4_13
mp-9363,280,0,228,0.00025223926150799773,False,test,ABC2_166
mp-1222031,1,0,1,0.0134242057892235,False,test,AB4C11_166
mp-1189522,6,0,0,,False,test,A2B3C5_127
mp-19844,40,0,40,0.00244355077802046,False,test,AB4C12_204
mp-779546,22,0,10,0.008716003208538907,False,test,AB3C3_12
mp-754944,22,0,9,0.0375917524515612,False,test,ABC4_12
mp-1226591,7,0,7,0.02518663077273261,False,test,ABC17_160
mp-34477,50,0,45,0.0004093919522109532,False,test,ABC2_141
mp-1213645,9,0,9,0.018688587885320122,False,test,ABC3_127
mp-644292,31,0,23,0.05381687897592505,False,test,AB2C6_164
mp-1205494,156,0,143,0.0015704680816711531,False,test,AB2C2_127
mp-1206794,168,0,166,0.0,False,test,AB_221
mp-570554,400,0,344,3.3882485367945724e-05,True,test,AB2C2_139
mp-1227340,23,0,5,0.014457329694167149,False,test,ABC3_160
mp-5396,400,0,400,8.048345594195174e-17,True,test,ABC2_225
mp-34579,3,0,2,0.017329824995909137,False,test,AB3C7_8
mp-673245,0,0,0,,False,test,AB_7
mp-1208534,188,0,186,0.0037222412143441425,False,test,ABC2D6_14
mp-1077944,55,0,24,0.0009308739674409312,False,test,ABC5_123
mp-27708,24,0,0,,False,test,AB_12
mp-1019550,21,0,20,0.010666582077510782,False,test,ABC2_33
mp-1111616,400,0,396,4.5034416874448565e-05,True,test,ABC2D6_225
mp-1218995,280,0,229,2.441356973850535e-05,False,test,ABC2_166
mp-1079644,156,0,147,0.0003906235199501544,False,test,AB2C2_127
mp-1111612,400,0,396,0.0010384406714587233,True,test,ABC2D6_225
mp-976115,400,0,352,2.491366878897435e-05,True,test,AB3_194
mp-1184290,400,0,400,7.105151361840553e-17,True,test,ABC2_225
mp-753539,2,0,2,0.14496139544744951,False,test,ABC_33
mp-865078,64,0,21,0.0085230748849453,False,test,AB2_63
mp-756725,19,0,9,0.1023400198312603,False,test,AB2C6_14
mp-1112561,400,0,396,4.2385333528843536e-05,True,test,ABC2D6_225
mvc-8179,30,0,17,0.01661539289258437,False,test,AB2C5_63
mp-5538,400,0,400,9.525353431021789e-17,True,test,ABC2_225
mp-110,16,0,16,0.0,False,test,A_229
mp-27319,48,0,41,0.0003724920895670135,False,test,AB2C3_194
mp-1080079,69,0,67,0.004061819914988386,False,test,AB2C2_129
mp-865591,400,0,400,0.0,True,test,ABC2_225
mp-13073,13,0,11,0.003103244705080601,False,test,ABC3_65
mp-1184030,400,0,400,0.0,True,test,ABC2_225
mp-1019108,177,0,137,0.005454161578705222,False,test,ABC_129
mp-1222279,136,0,48,0.0,False,test,ABC2_123
mp-1105166,8,0,7,0.009219508082275568,False,test,A2B5C12_12
mp-1205645,4,0,2,0.02948359543991634,False,test,A3B7_65
mp-867364,400,0,400,1.3787965592419295e-16,True,test,ABC2_225
mp-1174192,13,0,0,,False,test,AB3C4D8_2
mp-1025282,64,0,30,0.028229610676073852,False,test,AB2C4_12
mp-1206535,400,0,396,7.109018057944637e-05,True,test,ABC2D6_225
mvc-15980,14,0,0,,False,test,AB4_139
mp-1105237,188,0,185,0.005793367240863671,False,test,ABC2D6_14
mp-39739,28,0,25,0.005469247363422155,False,test,ABC2D6_31
mp-3944,400,0,400,1.6127751364053925e-16,True,test,ABC2_225
mp-541558,20,0,20,0.00012125082054557478,False,test,A4B6C7_229
mp-570051,48,0,5,0.01765101631388179,False,test,ABC2D4_121
mp-14643,11,0,10,0.001772422577066663,False,test,A2B3_70
mp-1095634,42,0,12,0.01930361506364861,False,test,ABC_14
mp-12564,99,0,97,1.0603317897449611e-16,False,test,ABC_216
mp-568161,400,0,348,0.0007951279999705373,True,test,AB2C2_139
mp-1077911,55,0,31,0.00043172900000457864,False,test,ABC5_123
mp-1225836,0,0,0,,False,test,AB3C4D4E4_107
mp-1080258,42,0,2,0.15615113774503225,False,test,AB2_166
mp-1176743,3,0,2,0.16037828750140634,False,test,ABCDE5_11
mp-1298504,13,1,11,0.012045705727235274,False,test,AB3C4_65
mp-1185,339,0,334,0.0,False,test,AB3_221
mp-676002,2,0,0,,False,test,AB2C7_1
mp-774822,78,0,78,0.003952251239214225,False,test,AB2C3D8_166
mp-1212880,31,0,27,0.0019206178263947186,False,test,A2B3C3_63
mp-1188395,2,0,0,,False,test,AB2C3D3_11
mp-1099904,13,0,13,0.0486715169490908,False,test,A2B2C5_46
mp-9690,400,0,368,2.066121532446146e-05,True,test,AB2C2_139
mp-977013,0,0,0,,False,test,ABCD3E6_6
mp-31406,13,0,7,0.059110607357092816,False,test,AB2C2_166
mp-1225355,58,0,38,0.015723556383886512,False,test,ABC_12
mp-1216857,2,0,2,0.004743968190453606,False,test,A3B4C12_123
mp-1208990,18,0,18,0.0018348722796970784,False,test,AB2C2D5_127
mp-1029255,36,0,3,0.016759615871728528,False,test,AB2C3D6_156
mp-1025550,110,0,57,0.00019577132232415344,False,test,ABC2_194
mp-1112506,400,0,396,0.0004503441687447028,True,test,ABC2D6_225
mp-1062620,55,0,55,2.060922755449873e-16,False,test,AB2_225
mp-1214491,400,0,367,0.00853261796578382,True,test,ABC_62
mp-1219331,1,0,1,0.01899347827037369,False,test,AB4C5D5_160
mp-1057286,145,0,145,0.0,False,test,AB_225
mp-9440,400,0,362,0.020626301426247204,True,test,ABC_62
mp-1228342,4,0,4,0.02588150645774558,False,test,ABC2D3_107
mp-1186970,339,0,334,0.0,False,test,AB3_221
mp-602,127,0,9,0.0033109164816074164,False,test,AB2_194
mp-1227444,10,0,10,0.020893483829587833,False,test,ABCD2_107
mp-1102842,49,0,41,0.0036470812318789786,False,test,A3B4C4_71
mp-11281,127,0,74,0.000569913668349197,False,test,AB2_194
mp-1206095,136,0,130,6.22120778739732e-05,False,test,ABC4_216
mp-1105001,23,0,20,0.00042812640717137336,False,test,A3B4_148
mp-1221971,18,0,2,0.005366847891652848,False,test,AB3C4_6
mp-633158,0,0,0,,False,test,ABCD6E6_146
mp-1187116,400,0,352,8.727074564728847e-05,True,test,AB3_194
mp-756996,1,0,0,,False,test,AB2C7_74
mp-774332,16,0,13,0.021820980020987722,False,test,A2B2C3_14
mp-861961,400,0,400,1.3380745565291765e-16,True,test,ABC2_225
mp-8128,50,0,45,0.0019533655037896015,False,test,ABC2_141
mp-11743,37,0,1,0.02123869860492193,False,test,ABC4_187
mp-1228866,32,0,18,0.0010963385126079726,False,test,ABC2_160
mp-1738,145,0,145,0.0,False,test,AB_225
mp-1024975,23,0,23,0.0002331514213876808,False,test,ABC2D2_139
mp-1246909,25,0,4,0.013283352362721088,False,test,A2B3C4_12
mp-1101329,400,0,367,0.0008286709019506224,True,test,AB2C2_139
mp-2119,82,0,12,0.00128966703608921,False,test,AB2_139
mp-1113799,400,0,396,0.00017748858415216547,True,test,ABC2D6_225
mp-966740,1,0,1,0.02397298027695624,False,test,A2B5C11_38
mp-1185860,21,0,21,0.007340037953180851,False,test,AB5_155
mp-1185010,400,0,400,1.0678807057992761e-16,True,test,ABC2_225
mp-866071,400,0,400,1.1053499331652635e-16,True,test,ABC2_225
mp-21138,5,0,0,,False,test,AB2C5_12
mp-867162,400,0,400,1.3890417576689104e-16,True,test,ABC2_225
mp-9556,168,0,100,6.177927696852831e-17,False,test,ABC_194
mp-1147549,8,0,7,0.009191717801686374,False,test,AB3C4D12_229
mp-9776,305,0,301,0.0002560198512151952,False,test,ABC_189
mp-557519,67,0,52,0.008107010244062535,False,test,ABC6_148
mp-1274544,25,0,0,,False,test,ABC2_15
mp-1105727,20,0,20,0.005538701011804036,False,test,AB6C10_2
mp-7378,400,0,360,0.018239560247908758,True,test,ABC_62
mp-1206410,2,0,2,0.02113009981220974,False,test,ABCD2_67
mp-710,145,0,145,0.0,False,test,AB_225
mp-1210658,124,0,124,0.001771053683846847,False,test,AB3C5_193
mp-22664,273,0,264,0.0,False,test,ABC3_221
mp-12525,400,0,396,5.2981666910913436e-05,True,test,ABC2D6_225
mp-1104540,45,0,40,0.002189206902013926,False,test,AB4C8_139
mp-556500,0,0,0,,False,test,ABCD4_108
mp-1229032,14,0,13,0.0010794116559804166,False,test,AB4_166
mp-1218737,400,0,16,0.01456689609540415,True,test,AB2C2_139
mp-862614,400,0,400,6.906965217613671e-17,True,test,ABC2_225
mp-755773,19,0,1,0.030988230648034784,False,test,A5B6C7_1
mp-554701,23,0,0,,False,test,ABC2D6_2
mp-979988,236,0,229,6.492505561735275e-17,False,test,AB3_139
mp-16497,400,0,400,1.215856343070225e-16,True,test,ABC2_225
mp-10103,16,0,16,0.018804077461154922,False,test,ABCD6_163
mp-1018677,177,0,136,0.0030184187856896767,False,test,ABC_129
mvc-16739,127,0,127,5.2616785806489166e-05,False,test,AB2C4_227
mp-1025316,17,0,15,0.0029909198174850157,False,test,AB2C2D2_12
mp-1223143,35,0,32,0.017619636819007804,False,test,AB3C4D12_6
mp-9238,15,0,14,0.012671469494042124,False,test,ABC2D6_139
mp-1209297,168,0,37,0.002281468763455196,False,test,ABC_194
mp-1112416,400,0,396,1.589450007331044e-05,True,test,ABC2D6_225
mp-867805,400,0,400,7.015843199823447e-17,True,test,ABC2_225
mp-6023,2,0,2,0.01948649990932243,False,test,AB2C2D6_147
mp-10802,7,0,6,0.017305684356878428,False,test,AB_19
mp-1187840,400,0,400,0.0,True,test,ABC2_225
mp-1187914,339,0,334,0.0,False,test,AB3_221
mp-1077753,168,0,109,1.151930019456081e-16,False,test,ABC_194
mp-1216545,20,0,20,0.00038713350242001115,False,test,AB3_187
mp-1246814,53,0,50,0.006498578881286215,False,test,ABCD4_74
mp-1215563,109,0,45,8.341397049776628e-17,False,test,AB2C3_191
mp-1206127,273,0,264,0.0,False,test,ABC3_221
mp-1072051,109,0,69,1.0747890570588623e-16,False,test,AB2C3_191
mp-864599,400,0,400,7.311294827821505e-17,True,test,ABC2_225
mp-571544,3,0,1,0.05699926534843447,False,test,ABCD5_12
mp-1225087,38,0,30,0.0019974737272334454,False,test,AB2C10_71
mp-556094,44,0,1,0.054448860427998916,False,test,ABCD2_63
mp-3886,110,0,57,0.000332680847341265,False,test,ABC2_194
mp-1227468,16,0,0,,False,test,AB2C2D3E12_1
mp-442,2,0,2,2.8428474634216877e-16,False,test,AB_191
mp-1187014,400,0,400,1.7712269583419227e-16,True,test,ABC2_225
mp-1112924,400,0,396,4.2385333528573115e-05,True,test,ABC2D6_225
mp-1187268,236,0,229,6.002881069776076e-17,False,test,AB3_139
mp-12593,339,0,334,0.0,False,test,AB3_221
mp-1101764,400,0,7,0.008127379663486067,True,test,ABC_62
mp-1186762,400,0,400,6.84272577582665e-17,True,test,ABC2_225
mp-5999,4,0,4,0.007695199373547884,False,test,A2B2C2D5_139
mp-13051,127,0,25,7.090562778717737e-17,False,test,AB2_194
mp-755689,23,0,21,0.005055735060444229,False,test,ABC_59
mp-20143,17,0,11,0.004589708818126623,False,test,AB2C4_64
mp-861734,400,0,400,7.008731352567666e-17,True,test,ABC2_225
mp-1223781,23,0,23,0.0006904869218715038,False,test,ABC2_115
mp-1218516,7,0,6,0.01377109941920938,False,test,ABC4D8_65
mp-20315,110,0,56,0.0023258347337278226,False,test,ABC2_194
mvc-3279,3,0,0,,False,test,ABC5_9
mp-1183442,400,0,400,9.720175616711409e-17,True,test,ABC2_225
mp-1111583,400,0,396,1.5894500073339052e-05,True,test,ABC2D6_225
mp-1227737,2,0,2,0.03308116387648351,False,test,ABC2D2E10_2
mp-5189,6,0,6,0.03971775631266194,False,test,ABC4_152
mp-1205784,49,0,41,0.00426591686582389,False,test,A3B4C4_71
mp-1187274,400,0,400,1.0999085596858066e-16,True,test,ABC2_225
mp-1106022,18,0,18,0.0005897638260769937,False,test,A2B3C5_15
mp-9767,158,0,61,0.006499345919800187,False,test,ABC2_63
mp-1078878,156,0,146,0.002171275471803388,False,test,AB2C2_127
mp-1205558,33,0,2,0.001588622158322004,False,test,ABC3_11
mp-1226587,5,0,5,0.011919428417016707,False,test,AB4C10_166
mp-1208510,4,0,4,0.02432017029691621,False,test,AB2C3D8_123
mp-568376,42,0,15,0.0028254012851997583,False,test,A3B5_140
mp-19007,2,0,2,0.008275751080946235,False,test,AB2C5_141
mp-1008530,18,0,18,1.1208867513092284e-16,False,test,ABCD_216
mp-989404,400,0,396,5.964197647352542e-05,True,test,ABC2D6_225
mp-862704,400,0,400,1.557118349582642e-16,True,test,ABC2_225
mp-1018753,168,0,110,7.628581335503526e-17,False,test,ABC_194
mp-1271282,339,1,5,4.713801822094877e-05,False,test,AB3_221
mp-1063224,82,0,44,0.001734459120493518,False,test,AB2_139
mp-1280436,64,0,0,,False,test,AB2C4_12
mp-1030325,36,0,3,0.016703263743768508,False,test,AB2C3D6_156
mp-976343,400,0,400,9.69446270960056e-17,True,test,ABC2_225
mp-570079,1,0,0,,False,test,AB3C5_186
mp-1094048,400,0,396,2.7273058888244044e-05,True,test,ABC2D6_225
mp-504731,55,0,55,1.2012909846172679e-16,False,test,AB2_225
mp-566131,1,0,1,0.0016556969412288283,False,test,ABC3_123
mp-1106180,33,0,33,0.0067514394818678145,False,test,A3B7_186
mp-550553,4,0,0,,False,test,ABCD2_11
mp-1019105,177,0,144,0.0020198396142705128,False,test,ABC_129
mp-867894,400,0,400,7.095994497330838e-17,True,test,ABC2_225
mp-1102558,168,0,37,0.0022148620120996843,False,test,ABC_194
mp-1247860,1,0,0,,False,test,A3B4C5_1
mp-1247303,11,0,4,0.007627739963873653,False,test,ABCD4_10
mp-8667,280,0,3,0.004999282388407334,False,test,ABC2_166
mp-998417,27,0,24,0.005241937735665436,False,test,ABC3_8
mp-1228332,400,0,396,0.00018808491753428456,True,test,ABC2D6_225
mp-1221465,27,0,27,0.0001939896904476982,False,test,ABC6_200
mp-1148,38,0,34,0.0007833947559085578,False,test,AB2_140
mp-760939,8,0,0,,False,test,AB6C11_1
mp-1207979,6,0,0,,False,test,A2B3C6_65
mp-1217354,0,0,0,,False,test,ABC4_99
mp-1206381,26,0,24,0.001145239836449745,False,test,ABC_109
mp-4495,177,0,121,0.0058670643477015515,False,test,ABC_129
mp-1206881,110,0,9,9.822067953014131e-05,False,test,ABC2_194
mp-1221004,28,0,25,0.012848590560534433,False,test,ABC2D6_31
mp-1226813,29,0,28,0.0045817144247263545,False,test,AB2C3_25
mp-22870,83,0,71,0.020730866629894283,False,test,AB_63
mp-1222809,19,0,17,0.006654724505476275,False,test,AB3C8_160
mp-1222807,29,0,22,0.0011345259852858737,False,test,ABCD2_119
mp-23350,89,0,89,0.0001476133419968577,False,test,AB2C6_225
mp-770581,318,0,241,0.006394893707296163,False,test,ABC3_62
mp-1114385,400,0,396,0.000566903835948903,True,test,ABC2D6_225
mp-981356,30,0,30,0.0012083419039329883,False,test,AB6C6_191
mp-18501,26,0,5,0.08448337245176898,False,test,AB2C2_62
mp-4300,18,0,15,0.026100551879861756,False,test,A2B2C7_12
mp-7486,65,0,11,0.01294260382461808,False,test,ABC2_129
mp-1215819,3,0,3,0.0013389277703896268,False,test,AB2C5D5_44
mp-865116,400,0,400,1.4101029965470298e-16,True,test,ABC2_225
mp-1079180,70,0,39,0.0029375866271492876,False,test,AB_62
mp-29241,273,0,264,0.0,False,test,ABC3_221
mp-1183877,400,0,400,1.4285605507730791e-16,True,test,ABC2_225
mp-545539,400,0,194,0.0011357641062245006,True,test,AB2C2_139
mp-23253,132,0,121,1.8133296331710446e-16,False,test,AB2_227
mp-1077442,44,0,17,0.0037573269540397973,False,test,AB2_74
mp-1187717,60,0,22,5.3711884396343896e-17,False,test,A_194
mp-1078315,65,0,50,0.005637564830467348,False,test,ABC2_129
mp-754692,4,0,1,0.15274459294904721,False,test,AB2C5_36
mp-1222470,19,0,18,0.0018126563631120788,False,test,AB5C7_44
mp-754505,0,0,0,,False,test,ABCD2_6
mp-755790,318,0,239,0.007081942148229504,False,test,ABC3_62
mp-1186941,400,0,400,7.063543455200124e-17,True,test,ABC2_225
mp-1216763,34,0,32,0.0118641961051972,False,test,ABC3_161
mp-554304,16,0,13,0.0020421717842475807,False,test,A2B2C3_166
mp-1112519,400,0,396,5.15776527377485e-05,True,test,ABC2D6_225
mp-1189623,18,0,18,0.0032725548049599997,False,test,AB2C2D5_127
mp-1221438,11,0,0,,False,test,AB3C6_12
mp-756301,127,0,127,0.00044832838861720163,False,test,AB2C4_227
mp-2588,53,0,28,0.002503525986950179,False,test,AB3_166
mp-20932,400,0,366,0.013761554837022717,True,test,ABC_62
mp-27336,1,0,0,,False,test,ABC3_20
mp-1020703,0,0,0,,False,test,ABCD2_8
mp-568856,7,0,0,,False,test,A2B3_36
mp-555332,15,0,0,,False,test,ABC2D6_139
mp-1184025,400,0,400,6.087723818306579e-17,True,test,ABC2_225
mp-1217834,31,0,31,0.0014338695978993038,False,test,AB6C6_71
mp-1104709,30,0,30,0.00139850166966328,False,test,AB6C6_191
mp-4732,55,0,31,1.58151720467264e-05,False,test,ABC5_123
mp-14620,127,0,127,0.00011521228269645535,False,test,AB2C4_227
mp-1103411,102,0,77,0.0029107690209994883,False,test,AB2_62
mp-13327,54,0,38,0.005448080921877816,False,test,ABC3_63
mp-1097065,130,0,106,0.011667020318809717,False,test,AB2C2_164
mp-23571,7,0,7,0.012458399024742052,False,test,ABC3D4_140
mp-1225323,136,0,50,0.00012703789905612828,False,test,ABC2_123
mp-20774,88,0,74,0.0064723465179527175,False,test,ABC_186
mp-1186207,400,0,400,7.107799553514077e-17,True,test,ABC2_225
mvc-6916,45,0,33,0.01983748803477956,False,test,AB2C4_74
mp-31294,25,0,0,,False,test,A2B2C3_12
mp-1205879,305,0,305,0.0007090796639982489,False,test,ABC_189
mp-2336,14,0,11,0.0018802556412839603,False,test,AB4_139
mp-675143,68,0,65,0.002130069829041235,False,test,AB2C4_122
mp-558194,0,0,0,,False,test,ABCDE6_12
mp-1027129,17,0,2,0.0023375706730525366,False,test,AB3C4D4_156
mp-1226608,5,0,5,0.010907783813441017,False,test,AB4C10_166
mp-1226122,78,0,78,0.020149480336102314,False,test,AB2C3D8_166
mp-754788,7,0,1,0.11153418573123966,False,test,A2B3C4_5
mp-17706,93,0,93,0.0021956748052420925,False,test,A3B5_193
mp-1216641,99,0,97,7.508329427144555e-17,False,test,ABC_216
mp-6945,3,0,1,0.13376343947189634,False,test,AB2_92
mp-510570,42,0,42,0.0021457847895786164,False,test,AB3C4D12_204
mp-1106074,20,0,20,0.010586268210772808,False,test,AB6C10_2
mp-1112460,400,0,396,5.827983360216169e-05,True,test,ABC2D6_225
mp-1223843,23,0,5,0.006255547320250007,False,test,ABC3_160
mp-1184193,400,0,354,0.00011232883623103675,True,test,AB3_194
mp-579605,400,0,396,2.649083345527783e-05,True,test,ABC2D6_225
mp-600004,64,0,0,,False,test,AB2_63
mp-568936,4,0,1,0.030710137815995353,False,test,AB2_19
mp-505741,12,0,10,0.030813999610256007,False,test,A2B3C8_166
mp-770,168,0,166,0.0,False,test,AB_221
mp-759105,12,0,2,0.01526424038021312,False,test,AB6C11_38
mp-1206759,32,0,5,0.05158417295625592,False,test,ABC2_160
mp-1222413,4,0,0,,False,test,AB3_127
mp-1226962,4,0,1,0.025583663964755532,False,test,ABC2D4_8
mp-865494,400,0,400,1.815148581758634e-16,True,test,ABC2_225
mp-1226563,4,0,3,0.0,False,test,ABCD_123
mp-27806,0,0,0,,False,test,AB2C14_87
mp-1111106,400,0,396,0.00010259899797351182,True,test,ABC2D6_225
mp-754454,20,0,16,0.0062114832818632145,False,test,AB2C4_141
mp-973757,400,0,400,0.0,True,test,ABC2_225
mp-1224819,6,0,6,0.013143637600522569,False,test,AB3C4_146
mp-1186001,400,0,400,0.0,True,test,ABC2_225
mp-556872,0,0,0,,False,test,ABC2_55
mp-1095338,22,0,1,0.015174014901386217,False,test,ABC4_12
mp-1219598,30,0,29,0.008531577697527092,False,test,ABCD6_74
mp-9372,4,0,1,0.044235803893204036,False,test,AB2C2D8_12
mp-976289,400,0,400,7.763298344035916e-17,True,test,ABC2_225
mp-867343,122,0,122,1.0063096213654192e-16,False,test,AB3_225
mp-1184079,400,0,400,6.998320027753565e-17,True,test,ABC2_225
mp-862896,400,0,400,9.822735980204913e-17,True,test,ABC2_225
mp-1029702,107,0,2,0.034708513725719335,False,test,ABC2_62
mp-867895,400,0,400,7.832173632730938e-17,True,test,ABC2_225
mp-1186135,400,0,400,9.689732753045991e-17,True,test,ABC2_225
mp-1955,168,0,166,0.0,False,test,AB_221
mp-20272,339,0,334,0.0,False,test,AB3_221
mp-1208653,20,0,14,0.003988647128590812,False,test,ABC2_71
mp-850984,5,0,0,,False,test,ABC_31
mp-6613,400,0,396,5.298166691183581e-06,True,test,ABC2D6_225
mp-753724,5,0,2,0.019120740740188574,False,test,AB3C5D11_1
mvc-6576,45,0,11,0.061056712493608896,False,test,AB2C4_74
mp-1221832,1,0,0,,False,test,ABC2D4E8_5
mp-866267,11,0,1,0.22501556469887243,False,test,ABCD4_12
mp-568354,109,0,55,2.1615631989212674e-16,False,test,AB2C3_191
mp-1178576,48,0,39,0.01866097136371256,False,test,ABC3_148
mp-684580,1,0,1,5.1015286954530774e-17,False,test,AB_119
mp-867836,400,0,400,1.1654908439447077e-16,True,test,ABC2_225
mp-5466,49,0,23,0.04698840979744838,False,test,ABC4_15
mp-643756,12,0,10,0.022039262873893798,False,test,ABC4_36
mp-1101056,305,0,301,0.0014769920384599428,False,test,ABC_189
mp-1114481,400,0,396,0.00013775233396914874,True,test,ABC2D6_225
mp-1215584,3,0,0,,False,test,ABC2D4_6
mp-1092328,4,0,3,0.009445750589839146,False,test,AB3C4_71
mp-1219640,25,0,14,0.0015890530382329494,False,test,AB2C3_71
mp-1221411,15,0,2,0.046934911003626886,False,test,AB2C4_2
mp-977550,400,0,400,1.0440404107125331e-16,True,test,ABC2_225
mp-1226626,53,0,21,6.216841058595672e-05,False,test,ABC4_65
mp-998366,14,0,12,0.0006752337808678048,False,test,ABC3_99
mp-8755,400,0,361,0.009097576596346281,True,test,ABC_62
mp-626716,4,0,1,0.021564535983978717,False,test,ABC_4
mp-571147,400,0,368,0.0001455406918959687,True,test,AB2C2_139
mp-22747,15,0,0,,False,test,AB2C4_2
mp-1212108,318,0,241,0.003354357762147738,False,test,ABC3_62
mp-3759,48,0,39,0.014944146262266086,False,test,ABC3_148
mp-1189924,30,0,3,0.00884516706652734,False,test,AB2C5_63
mp-1186262,339,0,334,0.0,False,test,AB3_221
mp-1111649,400,0,396,7.947250036972369e-06,True,test,ABC2D6_225
mp-1849,20,0,14,0.00285680451979846,False,test,AB2_189
mp-1189200,16,0,13,0.005536547014899666,False,test,ABC2_19
mp-7375,23,0,10,0.018320428301387953,False,test,ABC3_160
mp-770347,29,0,12,0.02008591587362378,False,test,ABC3_167
mp-1206058,15,0,7,0.03324996822965271,False,test,AB3_12
mp-1184125,400,0,400,7.06730412429204e-17,True,test,ABC2_225
mp-540839,318,0,43,0.014063467217239079,False,test,ABC3_62
mp-1220386,2,0,0,,False,test,AB2C2D3_38
mp-850062,16,0,0,,False,test,ABC2_2
mp-1221897,53,0,50,0.018651200031996412,False,test,ABCD4_74
mp-1103516,45,0,40,0.0015543008874519004,False,test,AB4C8_139
mp-1519075,400,0,396,7.2584883668160514e-06,True,test,ABC2D6_225
mp-1222614,51,0,51,7.926258677416771e-17,False,test,ABC2_216
mp-1222171,22,0,6,0.1786294922425795,False,test,ABC2D6_1
mp-1173948,28,0,0,,False,test,AB2C3D6_12
mp-862340,400,0,400,6.662544835050145e-17,True,test,ABC2_225
mp-864684,400,0,400,8.900555420662008e-17,True,test,ABC2_225
mp-569526,53,0,38,0.0010638886270243238,False,test,ABC3_194
mp-1226501,26,0,20,0.00034787782527624536,False,test,ABC6_123
mp-27291,5,0,4,0.005060743942497835,False,test,AB4_141
mp-1064981,83,0,52,0.003341283319230426,False,test,AB_63
mp-1226160,5,0,5,0.03154817431381791,False,test,AB5C8_8
mp-752850,42,0,1,0.03180948824257523,False,test,ABC2_12
mp-1546,122,0,122,8.971742965353408e-17,False,test,AB3_225
mp-1102042,400,0,365,0.008289600794131664,True,test,ABC_62
mp-3455,400,0,347,0.0001693818405869532,True,test,AB2C2_139
mp-20502,65,0,50,0.0030848081078863505,False,test,ABC2_129
mp-1184717,400,0,400,9.400383619867608e-17,True,test,ABC2_225
mp-861639,400,0,400,1.7684334250585371e-16,True,test,ABC2_225
mp-865256,400,0,400,1.4427117178969844e-16,True,test,ABC2_225
mp-1207214,75,0,75,0.010673313752467956,False,test,ABC3_107
mp-1173895,12,0,0,,False,test,ABC2D4_2
mp-406,32,0,32,1.763966912789432e-16,False,test,AB_216
mp-672676,1,0,0,,False,test,AB4C4_83
mp-1111163,100,0,100,0.0001271560005868263,False,test,AB3C6_225
mp-1188573,43,0,19,0.009628856842489163,False,test,AB2C6_71
mp-1080451,70,0,35,0.0038413059614816115,False,test,AB_62
mp-22204,102,0,80,0.011863655503575979,False,test,AB2_62
mp-19713,400,0,352,3.3767926097069263e-06,True,test,AB3_194
mp-865588,400,0,400,8.16482059206827e-17,True,test,ABC2_225
mp-1205849,305,0,305,0.0010289491312662634,False,test,ABC_189
mp-1205994,39,0,37,0.0027242932349194247,False,test,AB2C6_38
mp-1221620,51,0,51,1.7826901290156157e-16,False,test,ABC2_216
mp-1104078,37,0,25,0.003088092656033529,False,test,AB6C8_148
mp-975920,400,0,400,8.015231528922887e-17,True,test,ABC2_225
mp-1521728,130,0,130,0.00021714536183509321,False,test,ABCDE6_216
mp-7806,9,0,9,0.02427064396506659,False,test,AB3_82
mp-1206121,273,0,264,0.0,False,test,ABC3_221
mp-1077902,4,0,0,,False,test,AB2C4_123
mp-1214586,7,0,7,0.006368747569931477,False,test,ABC2D2E7_47
mp-1078610,400,0,352,5.844641490692683e-05,True,test,AB3_194
mp-467,10,0,2,0.006973807159116279,False,test,A3B4_166
mp-1079206,305,0,305,0.0010593654829451347,False,test,ABC_189
mp-1227131,35,0,32,0.01985565907290852,False,test,AB3C4D12_6
mp-1024969,2,0,2,0.006298514410855728,False,test,AB5_87
mp-1186681,400,0,400,7.947160673614666e-17,True,test,ABC2_225
mp-1078462,21,0,6,0.00870355804188882,False,test,AB3C4_123
mp-758600,2,0,0,,False,test,ABC_33
mp-1226039,22,0,15,0.036643454872369426,False,test,ABC4_14
mp-9799,76,0,52,0.00640192346029342,False,test,AB2C4_139
mp-753703,3,0,1,0.026414229274563442,False,test,A2B2C3D3_139
mp-1216143,2,0,1,0.03768927184210709,False,test,A2B3C3_160
mp-1026910,24,0,1,0.0024423989722648677,False,test,ABC2D2_156
mp-567929,0,0,0,,False,test,A4B13_12
mp-12614,102,0,1,0.17271276330921315,False,test,AB2_62
mp-754306,3,0,3,0.009191163793412595,False,test,AB4C9_44
mp-1113508,100,0,100,0.0036212969333770098,False,test,AB3C6_225
mp-984767,400,0,400,7.468050241775874e-17,True,test,ABC2_225
mp-1025175,25,0,7,0.012640489720687145,False,test,A2B2C3_12
mp-1221846,2,0,2,0.002802435643288466,False,test,AB4C5D10_166
mp-1188911,19,0,16,0.0023590863385160713,False,test,AB3C6_11
mp-10046,110,0,57,0.0022505707679927158,False,test,ABC2_194
mp-1206406,400,0,303,0.00026891461331657676,True,test,AB2C2_139
mp-3769,273,0,264,0.0,False,test,ABC3_221
mp-12626,2,0,2,0.03293887957240951,False,test,AB2C2D8_166
mp-433,7,0,5,0.005710059607296668,False,test,AB_57
mp-865746,400,0,400,9.571396697687613e-17,True,test,ABC2_225
mp-863713,400,0,400,0.0,True,test,ABC2_225
mp-101,26,0,26,0.0,False,test,A_225
mp-1094383,5,0,0,,False,test,AB_59
mp-1225524,41,0,17,0.002371856021761553,False,test,ABC2_38
mp-22386,51,0,47,0.0014389230765815598,False,test,ABC2_122
mp-1221699,23,0,16,0.043538629214106554,False,test,AB3C4_25
mp-1105199,12,0,11,0.027275970478984005,False,test,ABCDE6_4
mp-554159,5,0,3,0.055835072384869726,False,test,ABC2D4_20
mp-1219280,48,0,41,0.0009329063125998757,False,test,AB2C3_194
mp-1540169,30,0,29,0.01679773823415947,False,test,ABCD6_74
mp-51,26,0,26,0.0,False,test,A_225
mp-625731,1,0,0,,False,test,AB4C5_1
mp-19227,53,0,13,0.0009969564822580402,False,test,ABC3_194
mp-753793,7,0,3,0.05122723994388072,False,test,AB2C7_15
mp-1029479,13,0,7,0.041605936601698146,False,test,AB2C2_166
mp-753890,74,0,47,0.005029677736808264,False,test,AB2_164
mp-22867,145,0,145,0.0,False,test,AB_225
mp-1215518,20,0,20,0.0013976764318196296,False,test,AB3_187
mp-1215898,280,0,229,0.0002160563048701009,False,test,ABC2_166
mp-1222949,53,0,21,0.0043108138984813025,False,test,ABC4_65
mp-1217146,16,0,14,0.011304561759650937,False,test,AB2C4_8
mp-1188221,17,0,16,0.005022715992852174,False,test,AB4C4_86
mp-510624,273,0,264,0.0,False,test,ABC3_221
mp-1105786,33,0,33,0.004757578449795011,False,test,A3B7_186
mp-756294,1,0,1,0.03661976362581508,False,test,A2B2C5_37
mp-675546,1,0,1,0.01494323979873025,False,test,A3B4C8_44
mp-3203,23,0,15,0.008366881265598569,False,test,ABC4_13
mp-632812,0,0,0,,False,test,AB4C5_88
mp-12055,57,0,30,7.904885827863557e-17,False,test,AB2_191
mp-6603,188,0,185,0.005997131376655073,False,test,ABC2D6_14
mp-8487,400,0,355,0.010166737355876742,True,test,ABC_62
mp-866137,400,0,400,1.843113333507265e-16,True,test,ABC2_225
mp-1106056,40,0,40,0.007124747141972482,False,test,AB4C12_204
mp-569270,4,0,4,0.013183409793000476,False,test,A3B4_71
mp-1218391,12,0,11,0.06462705682206513,False,test,ABCDE6_4
mp-1185918,13,0,12,0.018030212374524634,False,test,AB5_8
mp-1205805,39,0,37,0.0008657035699803094,False,test,AB2C6_38
mvc-3996,318,0,241,0.012345037798928118,False,test,ABC3_62
mp-30453,99,0,97,0.0,False,test,ABC_216
mp-1094927,4,0,4,0.0039751058644512186,False,test,AB2_38
mp-4984,52,0,44,0.010707553761264895,False,test,AB2C5_140
mp-1111194,400,0,396,9.271791709436498e-05,True,test,ABC2D6_225
mp-978795,236,0,229,0.0,False,test,AB3_139
mp-1228431,0,0,0,,False,test,ABC2D3E4_119
mp-1189227,1,0,1,0.007681835279150404,False,test,ABC2D6_43
mp-1071448,58,0,0,,False,test,ABC_12
mp-1227152,28,0,25,0.007821695357856824,False,test,ABC2D6_31
mp-12661,339,0,334,0.0,False,test,AB3_221
mp-761314,11,0,6,0.006933145074577967,False,test,AB2C4_160
mp-989583,400,0,396,1.8543583418757148e-05,True,test,ABC2D6_225
mp-4571,318,0,241,0.005527588218885752,False,test,ABC3_62
mp-1112502,400,0,396,4.2385333528782665e-05,True,test,ABC2D6_225
mp-1232056,68,0,56,0.016316714390606404,False,test,AB2C4_122
mp-1095649,1,0,0,,False,test,AB2C3D6_189
mp-864904,400,0,400,1.773081504924879e-16,True,test,ABC2_225
mp-2393,339,0,334,0.0,False,test,AB3_221
mp-1222590,5,0,3,0.023806823972934564,False,test,AB2C3D6_164
mp-19917,177,0,43,0.05808370408938038,False,test,ABC_129
mp-1183558,339,0,334,0.0,False,test,AB3_221
mp-1112784,400,0,396,3.9736250183234054e-05,True,test,ABC2D6_225
mp-1179656,3,0,0,,False,test,A_15
mp-1215531,5,0,1,0.015185584018016417,False,test,AB3C4_38
mp-866028,18,0,18,0.003312320961213671,False,test,A2B3C5_15
mp-867278,400,0,400,6.720754337835446e-17,True,test,ABC2_225
mp-1232332,20,0,20,0.010479099632696259,False,test,ABC2D4_82
mp-570779,12,0,5,0.004646516819853188,False,test,AB3C3_11
mp-30651,127,0,6,0.00518286546291494,False,test,AB2_194
mp-1214109,188,0,186,0.014546015315423167,False,test,ABC2D6_14
mp-625242,107,0,18,0.14646867041358236,False,test,ABC2_62
mp-1184850,400,0,400,1.326891161100601e-16,True,test,ABC2_225
mp-1174768,4,0,0,,False,test,AB3C6D10_1
mp-1218397,8,0,8,0.0051717825303807755,False,test,AB4C5_123
mp-1102688,42,0,0,,False,test,ABC_14
mp-1225691,19,0,0,,False,test,AB3C6_11
mp-1185118,236,0,229,0.0,False,test,AB3_139
mp-1206443,273,0,264,0.0,False,test,ABC3_221
mp-1223181,68,0,65,0.0029147336734496516,False,test,AB2C4_122
mp-1222411,2,0,2,0.011576200858695946,False,test,ABC2D2_136
mp-1205571,100,0,100,0.00023576841775443643,False,test,AB3C6_225
mp-1183777,1,0,0,,False,test,AB3_64
mp-21891,12,0,9,0.008581119538602439,False,test,ABC2D2_123
mp-867915,400,0,400,1.6208073526325566e-16,True,test,ABC2_225
mp-1211236,45,0,40,0.00457981903734159,False,test,AB4C8_139
mp-1217909,2,0,2,0.001677951816957016,False,test,ABCD_164
mp-8763,21,0,8,0.0038549114703531617,False,test,AB2C2_14
mp-756894,7,0,1,0.24736745895459744,False,test,ABC2_74
mp-1028594,17,0,1,0.001330976459484619,False,test,ABC4_164
mp-1071862,168,0,114,6.493897105453844e-17,False,test,ABC_194
mp-1102890,127,0,74,0.0012063812295109375,False,test,AB2_194
mp-543019,132,0,121,1.9435265073586475e-16,False,test,AB2_227
mp-1147587,7,0,1,0.048851979909616004,False,test,AB2C2D2_139
mp-1105365,61,0,1,0.2638800283808676,False,test,ABC3_14
mp-8237,2,0,2,0.030046683849432015,False,test,AB2C2_123
mp-11396,11,0,5,0.0022226537598816084,False,test,ABC2_65
mp-1220499,0,0,0,,False,test,A3B4C13_160
mp-1112127,400,0,396,0.00016954133411560616,True,test,ABC2D6_225
mp-1078370,65,0,50,0.018262424195758336,False,test,ABC2_129
mp-1216610,37,0,34,0.00010720235606395178,False,test,ABC4_187
mp-1105750,0,0,0,,False,test,ABC4D14_2
mp-1111139,400,0,396,6.887616698417708e-05,True,test,ABC2D6_225
mp-34009,68,0,65,0.008276183411428217,False,test,AB2C4_122
mp-30461,6,0,0,,False,test,ABC2_8
mp-5749,64,0,30,0.014717505046612919,False,test,AB2C4_12
mp-20171,400,0,348,0.0001040881584269898,True,test,AB2C2_139
mp-1283489,4,0,0,,False,test,A2B3C4_1
mp-13595,4,0,2,0.00955641588294627,False,test,AB2C6_63
mp-22634,8,0,7,0.009113044040188405,False,test,AB3C4D12_229
mp-759867,8,0,0,,False,test,AB4_15
mp-1290530,13,0,0,,False,test,AB3C4D8_2
mp-754246,48,0,10,0.02091974765919062,False,test,ABC3_148
mp-1215716,10,0,4,0.003709839728024412,False,test,AB4C5_12
mp-1222946,136,0,130,2.6331754105546562e-06,False,test,ABC4_216
mp-866069,400,0,400,2.1036984558847395e-16,True,test,ABC2_225
mp-1099750,13,0,13,0.014255816098565832,False,test,A2B2C5_46
mp-12956,40,0,40,0.0014507977888505543,False,test,AB4C12_204
mp-630372,0,0,0,,False,test,AB4C6D6_229
mp-11908,93,0,93,0.0007720218212924629,False,test,A3B5_193
mp-1079155,57,0,53,0.020100167929496877,False,test,AB2C6_189
mp-1114602,400,0,396,7.682341702113093e-05,True,test,ABC2D6_225
mp-1209347,30,0,29,0.021030246063943884,False,test,AB2C3D8_164
mp-1214396,0,0,0,,False,test,A2B4C9_164
mp-1188567,4,0,4,0.01074417632480225,False,test,AB6C9_87
mp-31298,305,0,304,0.0009654660045422967,False,test,ABC_189
mp-1027550,24,0,3,0.0433488043843319,False,test,ABC2D2_156
mp-1104449,37,0,25,0.002772881584497824,False,test,AB6C8_148
mp-3595,51,0,47,0.00012646106162793425,False,test,ABC2_122
mp-1185890,168,0,166,8.909448977734455e-07,False,test,AB_221
mp-760414,11,0,11,0.013202840859605052,False,test,ABC3_140
mp-1027267,17,0,2,0.03228525900209985,False,test,AB3C4D4_156
mp-1187693,400,0,400,9.358323609017057e-17,True,test,ABC2_225
mp-1029784,46,0,2,0.014799503311855847,False,test,AB2C2_12
mp-27776,21,0,1,0.03087709809657352,False,test,AB2C2_14
mp-980664,177,0,122,0.005831201522749059,False,test,ABC_129
mp-1186222,400,0,400,9.503334353051188e-17,True,test,ABC2_225
mp-1105718,39,0,4,0.0953223799068308,False,test,ABC3_2
mp-12788,23,0,20,0.019006237899044157,False,test,A3B4_148
mp-768578,36,0,0,,False,test,ABC3_15
mp-1027687,23,0,1,0.03434216639409332,False,test,ABC_156
mp-1184104,400,0,400,1.889881574577447e-06,True,test,ABC2_225
mp-28665,20,0,2,0.0038098857987814098,False,test,ABC2_11
mp-1187188,400,0,400,0.0,True,test,ABC2_225
mp-12464,26,0,25,0.015929888421981883,False,test,AB2C2_72
mp-977394,400,0,400,1.014688912630487e-16,True,test,ABC2_225
mp-1214009,11,0,2,0.01788395636366032,False,test,AB3C4_140
mp-1215929,17,0,14,0.004583770926821333,False,test,ABC4_164
mp-30395,400,0,400,9.525427140390511e-17,True,test,ABC2_225
mp-20245,177,0,130,0.0020068560159302185,False,test,ABC_129
mp-1214652,7,0,7,0.011825986996613707,False,test,ABC2D2E7_47
mp-31761,22,0,9,0.027555098164203505,False,test,ABC4_12
mp-1183828,400,0,400,0.0,True,test,ABC2_225
mp-625316,4,0,1,0.2444037459520293,False,test,AB3C3_2
mp-23435,280,0,0,,False,test,ABC2_166
mp-8620,33,0,33,0.004083573123828867,False,test,A2B3C5_72
mp-5986,14,0,14,0.033648551628258055,False,test,ABC3_99
mp-570901,102,0,80,0.009750103355775438,False,test,AB2_62
mp-18753,0,0,0,,False,test,AB3C3D3_146
mp-754781,2,0,1,0.01154034723537148,False,test,AB3C3_166
mp-1080806,305,0,305,0.0005382627960801113,False,test,ABC_189
mp-1206635,51,0,51,1.3953100022750905e-16,False,test,ABC2_216
mp-1186545,236,0,229,6.591102504469116e-17,False,test,AB3_139
mp-861954,400,0,400,1.1674632991861386e-16,True,test,ABC2_225
mp-12908,25,0,16,0.0025440585313819502,False,test,ABC2_164
mp-1212396,31,0,31,0.00266053035406192,False,test,AB6C6_71
mp-570559,5,0,2,0.266656344434568,False,test,AB2_156
mp-976596,400,0,400,2.3775452001867164e-16,True,test,ABC2_225
mp-1181047,52,0,44,0.0005802340064658664,False,test,AB2C5_140
mp-1104064,4,0,0,,False,test,ABCD4_9
mp-1273514,0,0,0,,False,test,AB2C3D8_146
mp-574086,17,0,6,0.01949120812107894,False,test,AB4_14
mp-1223244,9,0,9,0.0013382210714019177,False,test,AB2C3_187
mp-1190019,80,0,5,0.0011041445593673062,False,test,AB3_62
mp-11924,18,0,18,0.013268766146271545,False,test,ABC2D4_70
mp-1221258,43,0,13,0.010597168766307632,False,test,AB2C6_71
mp-1189159,16,0,16,0.010568044201878297,False,test,AB3C6_36
mp-1206732,1,0,1,0.009294371349889302,False,test,ABC2D5_47
mp-1094098,51,0,50,0.0030877502009993485,False,test,ABC2_122
mp-1882,62,0,62,8.54704071642131e-17,False,test,AB5_191
mp-2781,168,0,166,0.0,False,test,AB_221
mvc-11986,12,0,0,,False,test,A2B3C8_166
mp-1183987,122,0,122,9.380438249192743e-17,False,test,AB3_225
mp-1186230,400,0,353,4.193548819758434e-05,True,test,AB3_194
mp-4050,400,0,367,0.00019575013728917164,True,test,AB2C2_139
mp-624234,0,0,0,,False,test,AB2C5_9
mp-1187431,400,0,400,9.461525892727758e-17,True,test,ABC2_225
mp-568145,60,0,30,0.0,False,test,A_194
mp-6920,23,0,4,0.022227666263230625,False,test,ABC3_160
mp-752844,48,0,35,0.045222589187954305,False,test,ABC2D4_121
mp-1221079,0,0,0,,False,test,ABCDE8_119
mp-7582,2,0,2,0.005636750522659392,False,test,AB2_122
mp-1183249,400,0,353,0.00024061969328832637,True,test,AB3_194
mp-1021490,0,0,0,,False,test,AB4C6_146
mp-867795,400,0,400,7.015577321531792e-17,True,test,ABC2_225
mp-1518616,130,0,130,0.00010527457215191551,False,test,ABCDE6_216
mp-983578,273,0,264,0.0,False,test,ABC3_221
mvc-5884,20,0,12,0.00794940379252226,False,test,AB2C4_141
mp-776593,318,0,242,0.006010736755100726,False,test,ABC3_62
mp-1207830,5,0,3,0.07287568436296518,False,test,AB2C4_58
mp-1071422,44,0,0,,False,test,AB2_74
mp-1216066,53,0,36,4.854947693012186e-05,False,test,AB2C3_166
mp-1218565,4,0,1,0.026119211315970406,False,test,AB3C4D12_123
mp-1218717,9,0,9,0.035772226958783904,False,test,AB2C2D7_139
mp-758251,3,0,2,0.03568774858665809,False,test,AB5C8_166
mp-1664,37,0,37,0.0,False,test,AB3_223
mp-1205633,7,0,4,0.014243638607746436,False,test,AB3C6_139
mp-19029,6,0,4,0.01565668984659089,False,test,AB4C8_87
mp-33031,52,0,18,8.8119616570501e-17,False,test,AB_194
mp-1211273,13,0,0,,False,test,ABCD2_62
mp-1223064,0,0,0,,False,test,AB3C4D4_25
mp-27904,42,0,12,0.0213456063991285,False,test,ABC_14
mp-1224629,11,0,8,0.024594771562136214,False,test,ABC2D6_26
mp-21849,400,0,353,9.820426098284361e-05,True,test,AB2C2_139
mp-571547,3,0,0,,False,test,AB2_7
mp-8638,26,0,26,0.0,False,test,A_225
mp-983237,339,0,334,0.0,False,test,AB3_221
mp-35651,68,0,65,0.002278836901586099,False,test,AB2C4_122
mp-1104512,24,0,0,,False,test,AB2C4_63
mp-1520436,400,0,396,6.50614869664116e-05,True,test,ABC2D6_225
mp-1237057,6,0,0,,False,test,ABC2D6_99
mp-862972,400,0,400,0.0,True,test,ABC2_225
mp-1174003,3,0,1,0.04492688350316196,False,test,A3B5C8_12
mp-18162,26,0,1,0.0722654613108111,False,test,AB2C2_62
mp-33137,31,0,3,0.017528872365030316,False,test,AB2_14
mp-1112785,400,0,396,1.3245416727409617e-05,True,test,ABC2D6_225
mvc-11417,17,0,12,0.014421179306342922,False,test,AB4C8_166
mp-1205378,63,0,62,0.012527097253672482,False,test,ABCD3_63
mp-390,29,0,4,0.011562220479365481,False,test,AB2_141
mp-567931,1,0,1,0.05465882504490647,False,test,ABC3_162
mp-1186438,400,0,400,6.558648109514986e-17,True,test,ABC2_225
mp-1112014,400,0,396,1.0596333382079535e-05,True,test,ABC2D6_225
mp-1211722,124,0,124,0.0028936623448555464,False,test,AB3C5_193
mp-1217634,2,0,1,0.007572044071929131,False,test,A2B3C7_12
mp-570245,4,0,1,0.02211654536359245,False,test,ABCD2_11
mp-559521,14,0,1,0.03171130107429403,False,test,ABC2D4_12
mp-865814,400,0,400,1.463797681204046e-16,True,test,ABC2_225
mp-569118,26,0,26,0.016096424420165182,False,test,AB3C5_140
mp-12315,39,0,3,0.023598130008189416,False,test,ABC3_2
mp-1068244,60,0,38,0.0014766543050023918,False,test,AB2C2_71
mp-1221629,136,0,50,0.0009392787238041289,False,test,ABC2_123
mp-972117,61,0,1,0.037804096115996604,False,test,ABC3_14
mp-1216002,0,0,0,,False,test,ABC4D6_47
mp-1221675,7,0,6,0.010112055243355622,False,test,ABC2_4
mp-567373,4,0,0,,False,test,ABCD2_11
mp-1104138,37,0,25,0.0032795106346915183,False,test,AB6C8_148
mp-778768,15,0,3,0.016073992909516305,False,test,AB2C3D8_12
mp-648,55,0,55,7.410833716112815e-17,False,test,AB2_225
mp-31385,93,0,93,0.0006288003823115949,False,test,A3B5_193
mp-862721,400,0,400,6.314288939733992e-17,True,test,ABC2_225
mp-1205674,400,0,396,2.331193344087529e-05,True,test,ABC2D6_225
mp-1103601,0,0,0,,False,test,AB2C2D9_8
mp-862663,400,0,400,9.418433039831548e-17,True,test,ABC2_225
mp-1227586,5,0,1,0.04782855011728132,False,test,A2B2C5_12
mp-1007852,339,0,334,0.0,False,test,AB3_221
mp-1029730,23,0,20,0.008385323411482121,False,test,AB4C4_2
mp-1221692,22,0,15,0.01122033644456239,False,test,ABC4_14
mp-865662,400,0,400,6.497705564393644e-17,True,test,ABC2_225
mp-640416,1,0,0,,False,test,A_1
mp-9178,18,0,0,,False,test,AB2C5_15
mp-1279798,158,0,0,,False,test,ABC2_63
mp-15186,14,0,12,0.0057117371364283605,False,test,AB2C4_88
mp-777825,2,0,0,,False,test,ABCD4_40
mp-1185915,400,0,400,3.2301830503601474e-16,True,test,ABC2_225
mp-556434,23,0,0,,False,test,ABC2D6_2
mp-572758,12,0,1,0.1021985726768572,False,test,AB2_2
mp-3155,4,0,3,0.002657058759174395,False,test,AB3C4_71
mp-5908,177,0,105,0.0023809395498044206,False,test,ABC_129
mp-1185378,400,0,400,8.284447010192058e-17,True,test,ABC2_225
mp-1178161,110,0,25,0.0012975046236438836,False,test,ABC2_194
mp-636476,42,0,42,0.0034912566801049943,False,test,AB3C4D12_204
mp-541837,9,0,5,0.014466375883630327,False,test,A2B3_166
mp-1219112,2,0,2,0.0069907192307995785,False,test,AB2C2D4_77
mp-979989,400,0,400,1.1224967949293947e-16,True,test,ABC2_225
mp-972061,400,0,400,7.341560386954801e-17,True,test,ABC2_225
mp-862885,400,0,400,7.407197265034613e-17,True,test,ABC2_225
mp-1280961,33,1,33,0.00864515420583785,False,test,ABC2D6_87
mp-1245813,50,0,45,0.0007714535454092158,False,test,ABC2_141
mp-1221776,20,0,2,0.011285098970416005,False,test,AB3C4_166
mp-936,3,0,3,1.4911083389792201e-16,False,test,AB4_229
mp-1184607,400,0,400,8.190944646827961e-17,True,test,ABC2_225
mp-1112666,400,0,396,1.4305050066074915e-06,True,test,ABC2D6_225
mp-1226854,5,0,5,0.003174407232179291,False,test,AB4C10_166
mp-1176797,38,0,11,0.01977644574734619,False,test,ABC2D6_148
mp-1222881,35,0,32,0.023952238402565048,False,test,AB3C4D12_6
mp-1211702,11,0,11,0.002976750995861446,False,test,ABC2D2E8_164
mp-1285965,8,0,0,,False,test,AB2_8
mp-1217525,7,0,7,0.014689445155855992,False,test,ABC17_160
mp-1112177,13,0,13,0.002106021259718068,False,test,ABC3_225
mp-1186303,400,0,354,7.52628607138648e-05,True,test,AB3_194
mp-1228053,0,0,0,,False,test,AB2C2D3E12_115
mp-1219341,29,0,29,0.0016049969495911139,False,test,AB2C3_25
mp-1226006,11,0,11,0.009075138922737657,False,test,ABC4_166
mp-1212206,8,0,7,0.0033311802262190548,False,test,A2B2C5_64
mp-1652764,2,0,1,0.03329499465675151,False,test,A3B4C12_148
mp-1211369,28,0,3,0.023883169681447092,False,test,ABC2D6_31
mp-18938,3,0,0,,False,test,AB2C4_5
mp-626504,3,0,0,,False,test,AB3C3_1
mp-29167,60,0,0,,False,test,AB2C2_71
mp-6939,16,0,8,0.005646091844384655,False,test,AB2C2_70
mp-1216601,0,0,0,,False,test,A3B4C12_5
mp-2068,10,0,10,0.023006778881614814,False,test,AB3_167
mp-981748,400,0,354,0.0002661721884604252,True,test,AB3_194
mp-27311,58,0,1,0.04192452711709438,False,test,ABC_12
mp-1217141,0,0,0,,False,test,ABC2D4_164
mp-20641,48,0,39,0.014189215307050633,False,test,ABC3_148
mp-1184986,400,0,400,1.3386296981483248e-16,True,test,ABC2_225
mp-123,60,0,22,3.376110900428375e-17,False,test,A_194
mp-753628,1,0,0,,False,test,ABC6_36
mp-755385,24,0,2,0.04870448628697441,False,test,AB3C5_1
mp-9418,14,0,12,0.007989103836499322,False,test,AB2C4_88
mp-1095433,53,0,24,0.0013897827584382965,False,test,ABC4_63
mp-1540712,16,0,10,0.011667903789667073,False,test,A2B3C8_12
mp-867341,400,0,400,7.976427831508025e-17,True,test,ABC2_225
mp-15701,51,0,50,0.0023119645365913253,False,test,ABC2_122
mp-27401,44,0,44,0.00836256754043,False,test,ABC4_88
mp-1223473,136,0,6,0.0029003807395762984,False,test,ABC4_216
mp-1076916,99,0,97,7.312700920556613e-17,False,test,ABC_216
mp-1183503,400,0,400,9.422074391806359e-17,True,test,ABC2_225
mp-1205726,25,0,10,0.0010093828287982812,False,test,AB2C2_194
mp-4219,88,0,74,0.0035057218614087077,False,test,ABC_186
mp-1105882,20,0,20,0.0001770646903206542,False,test,A4B6C7_229
mp-372,339,0,334,0.0,False,test,AB3_221
mp-557835,22,0,5,0.11027930108926129,False,test,AB_129
mp-1226935,12,0,0,,False,test,ABC2D6_7
mp-1030108,12,0,4,0.008200534329694658,False,test,AB3C8_156
mp-1229171,0,0,0,,False,test,ABC2D6_42
mp-7080,0,0,0,,False,test,A3B3C5_189
mp-19898,177,0,127,0.0010893704631382542,False,test,ABC_129
mp-1228917,7,0,1,0.006787453330986792,False,test,ABCD3_44
mp-1185380,1,0,0,,False,test,AB_74
mp-754845,0,0,0,,False,test,A2B3C3D4_71
mp-510293,1,0,0,,False,test,AB3C5_36
mp-579560,6,0,4,0.007370035849082216,False,test,A2B3C9_164
mp-1103852,127,0,127,7.389674982876121e-05,False,test,AB2C4_227
mp-20763,5,0,3,0.002252665776260955,False,test,A2B2C3D10_139
mp-402,3,0,0,,False,test,AB2_33
mp-1079035,305,0,305,0.002513128920817496,False,test,ABC_189
mp-1205705,400,0,396,7.757337497726493e-06,True,test,ABC2D6_225
mp-865738,400,0,400,1.1016445467564953e-16,True,test,ABC2_225
mp-755166,6,0,3,0.060748583570153905,False,test,ABC2_59
mp-24011,168,0,112,6.549604202965617e-17,False,test,ABC_194
mp-28765,318,0,0,,False,test,ABC3_62
mp-545525,6,0,0,,False,test,ABCD3_2
mp-615459,6,0,0,,False,test,A2B3C5_127
mp-1222080,38,0,11,0.009809980012351133,False,test,ABC2D6_148
mp-865800,400,0,400,1.0167259496990064e-16,True,test,ABC2_225
mp-1246884,78,0,78,0.0038634917866646945,False,test,AB2C3D8_166
mp-22977,53,0,38,0.0005125157852542033,False,test,ABC3_194
mp-1114397,400,0,396,5.2981666911093814e-05,True,test,ABC2D6_225
mp-1224930,0,0,0,,False,test,AB2C7_225
mp-864628,400,0,400,1.1905177267850365e-16,True,test,ABC2_225
mp-1112168,400,0,396,5.2981666910772985e-05,True,test,ABC2D6_225
mp-864968,400,0,400,1.336530808282783e-16,True,test,ABC2_225
mp-1071453,82,0,15,0.0014458874019767454,False,test,AB2_139
mp-756525,11,0,5,0.006108635669110717,False,test,AB3C8_166
mp-561515,42,0,42,0.0006195592344589541,False,test,AB3C4D12_204
mp-1223313,280,0,229,0.000707532974880745,False,test,ABC2_166
mp-864793,107,0,3,0.006615164130442503,False,test,ABC2_62
mp-696867,15,0,5,0.04087613199692333,False,test,AB4C8_12
mp-21318,38,0,35,0.001398954571969317,False,test,AB2_140
mp-1187888,400,0,0,,True,test,ABC_62
mp-1207016,57,0,57,0.0034035782840562347,False,test,AB2C6_189
mp-1176748,28,0,0,,False,test,AB2C3D6_12
mp-9138,318,0,3,0.022325107993394013,False,test,ABC3_62
mp-18901,2,0,0,,False,test,ABCD4_5
mp-22615,400,0,346,6.54442120073472e-05,True,test,AB2C2_139
mp-1205445,5,0,1,0.04680765282865198,False,test,AB3C4D12_12
mp-1094757,64,0,14,0.008919139429926658,False,test,AB2_63
mp-1087240,156,0,146,0.0016717537449904675,False,test,AB2C2_127
mp-1220802,1,0,0,,False,test,ABCD4_1
mp-1205536,25,0,10,0.00936051813035282,False,test,AB2C2_194
mp-862261,400,0,400,1.2864188113258933e-16,True,test,ABC2_225
mp-1186938,400,0,400,1.7404324580878233e-16,True,test,ABC2_225
mp-22228,400,0,344,0.01664438722649142,True,test,ABC_62
mp-605854,6,0,6,0.002787682965122153,False,test,A3B4C11_191
mp-675926,16,0,0,,False,test,ABC4_2
mp-13946,31,0,23,0.006795379168026052,False,test,AB2C6_164
mp-1216360,10,0,0,,False,test,ABC2D4_166
mp-582,132,0,121,1.7603582156906972e-16,False,test,AB2_227
mp-1218678,7,0,1,0.03150190224235158,False,test,A2B3C4_8
mp-1027608,20,0,2,0.04268276205362664,False,test,AB2C3_156
mp-1102537,400,0,356,0.007893079918503316,True,test,ABC_62
mp-865210,400,0,400,1.0101757490230043e-16,True,test,ABC2_225
mp-1185441,400,0,400,7.487748745648112e-17,True,test,ABC2_225
mp-30938,16,0,0,,False,test,ABC4_2
mp-570591,273,0,264,0.0,False,test,ABC3_221
mp-752774,3,0,3,0.022408882996396956,False,test,ABCD4_43
mp-998915,33,0,25,0.006169891632643097,False,test,AB2_58
mp-1223994,4,0,4,0.02795722891962725,False,test,ABC2D3_166
mp-981548,400,0,400,1.5908508710836666e-16,True,test,ABC2_225
mp-19121,58,0,44,0.0012297038511527422,False,test,ABC4_141
mp-561751,280,0,228,0.00023749260202222486,False,test,ABC2_166
mp-23431,24,0,7,0.027527741943618116,False,test,AB2C3_63
mp-510404,145,0,145,0.0,False,test,AB_225
mp-865102,400,0,400,5.983704288216067e-17,True,test,ABC2_225
mp-640553,0,0,0,,False,test,AB2C6_51
mp-1207624,21,0,21,0.002147257301114739,False,test,ABC7_4
mp-22953,88,0,74,0.0017065452752334357,False,test,ABC_186
mp-1183938,400,0,400,7.980837050070305e-17,True,test,ABC2_225
mp-1105241,7,0,7,0.0032642724218718173,False,test,AB7C12_204
mp-1103948,8,0,8,0.003019438469076433,False,test,AB2C4_72
mp-557441,1,0,1,0.05000788737282605,False,test,ABC4D12_1
mp-1112164,400,0,396,0.000140625327895233,True,test,ABC2D6_225
mp-13504,5,0,5,0.01783248664108179,False,test,ABC4_51
mp-562490,20,0,0,,False,test,AB2_15
mp-6019,188,0,186,0.008056668422724417,False,test,ABC2D6_14
mp-1222984,0,0,0,,False,test,ABCD3_187
mp-945779,7,0,1,0.000769606031577261,False,test,ABC2_10
mp-30182,109,0,55,1.6944439341089182e-16,False,test,AB2C3_191
mp-261,0,0,0,,False,test,A3B5_194
mp-1018176,41,0,22,0.0029628778951863964,False,test,ABC2_38
mp-1183655,339,0,334,0.0,False,test,AB3_221
mp-72,5,0,2,1.5306538917801394e-16,False,test,A_191
mp-1222068,10,0,7,0.00700062586761891,False,test,ABC2D4_166
mp-1211759,35,0,35,0.008462777310679953,False,test,AB3C6_14
mp-28212,0,0,0,,False,test,A4B5_137
mp-1101967,400,0,365,0.0035409770862338697,True,test,ABC_62
mp-1216879,29,0,28,0.00498560560841379,False,test,AB2C3_25
mp-18995,400,0,396,0.006012959937060125,True,test,ABC2D6_225
mp-1209088,5,0,5,0.007816784151361804,False,test,ABCD6_11
mp-1223831,9,0,3,0.008172696725865038,False,test,A2B3_44
mp-989541,400,0,396,2.649083345630559e-06,True,test,ABC2D6_225
mp-12723,83,0,70,0.0016135042966381383,False,test,AB_63
mp-1221861,3,0,0,,False,test,AB2C4_5
mp-1174849,4,0,0,,False,test,AB3C6D10_1
mp-1206444,53,0,38,0.0009275146521064864,False,test,ABC3_194
mp-1228749,53,0,15,0.007606783453829063,False,test,ABC4_65
mp-6973,177,0,130,0.0037432042837807636,False,test,ABC_129
mp-22079,70,0,24,0.010107143265830516,False,test,AB_62
mp-1189739,9,0,9,0.0022997533859836603,False,test,ABC2D5_36
mp-9650,33,0,33,0.0036086114399368763,False,test,AB2C6_136
mp-755837,15,0,12,0.05686217078585376,False,test,A2B3C5D10_2
mp-7199,7,0,5,0.0035803618770970783,False,test,ABC4_125
mp-15238,1,0,1,0.004076502503906054,False,test,A4B5_55
mp-982388,400,0,400,6.998980301366566e-17,True,test,ABC2_225
mp-1186583,400,0,400,6.493049858509623e-17,True,test,ABC2_225
mp-1223660,33,0,12,0.0074619610071749035,False,test,ABC2_156
mp-291,168,0,166,0.0,False,test,AB_221
mp-5598,130,0,103,0.0011258311957775132,False,test,AB2C2_164
mp-10763,168,0,90,6.897938345778604e-17,False,test,ABC_194
mp-30432,3,0,1,0.026122958267214905,False,test,AB3C6_63
mp-1218482,1,0,1,0.07533500048708365,False,test,A2B2C7_6
mp-1206083,305,0,301,0.00088174398625303,False,test,ABC_189
mp-867353,400,0,400,1.2566791295671707e-16,True,test,ABC2_225
mp-541937,11,0,0,,False,test,AB2C4_160
mp-1077372,77,0,10,0.08920209672867226,False,test,AB2_12
mp-1100780,400,0,400,1.6557786607557258e-16,True,test,ABC2_225
mp-28022,14,0,9,0.006826276024179028,False,test,AB6C8_225
mp-1207095,3,0,0,,False,test,ABC_160
mp-757467,8,0,6,0.021625631783134112,False,test,AB5C12_12
mp-639263,124,0,124,0.012445430136828431,False,test,AB3C5_193
mp-1223907,23,0,23,0.0004155005459829011,False,test,ABC2_115
mp-1112961,13,0,13,0.00021457575098997474,False,test,ABC3_225
mp-1213706,5,0,3,0.09070881777102588,False,test,A2B2C3_199
mp-1225791,1,0,0,,False,test,AB2C2D3_31
mp-23216,17,0,6,0.013659230627451686,False,test,AB4_14
mp-1077133,177,0,146,0.004120454285528925,False,test,ABC_129
mp-752479,2,0,2,0.05730093547866156,False,test,A2B3C5D10_1
mp-1188796,20,0,20,0.0006715309741328144,False,test,A4B6C7_229
mp-622620,400,0,356,0.008392874299166669,True,test,ABC_62
mp-1237359,11,0,4,0.02090987629383484,False,test,AB3C6_2
mp-1223919,44,0,33,0.0,False,test,AB_166
mp-1226898,9,0,9,0.0009598301465493919,False,test,AB2C3_187
mp-1517687,52,0,52,0.01983025188134453,False,test,ABCDE6_2
mp-1208318,107,0,28,0.0020839462572513835,False,test,ABC2_62
mp-1220476,5,0,5,0.002868148794461703,False,test,AB2C9_123
mp-769881,0,0,0,,False,test,AB3C6_118
mp-1114448,400,0,396,9.801608378521143e-05,True,test,ABC2D6_225
mp-20883,400,0,354,0.00016078438235054177,True,test,AB3_194
mp-9902,46,0,15,0.009991832083486255,False,test,AB2C2_12
mp-989603,9,0,0,,False,test,ABC3_40
mp-21489,30,0,8,0.02368195042591216,False,test,AB2C3_36
mp-3997,400,0,352,2.3285615172139108e-05,True,test,AB2C2_139
mp-1215214,136,0,130,1.1775918427807763e-06,False,test,ABC4_216
mp-1188114,43,0,19,0.010056127165704363,False,test,AB2C6_71
mp-775774,13,0,2,0.023130067918151715,False,test,ABC3_65
mp-1218193,4,0,1,0.08492225694502864,False,test,ABC3D4_8
mp-561490,49,0,2,0.024168529613700578,False,test,ABC4_15
mp-1209063,0,0,0,,False,test,A4B4C5_216
mp-30227,89,0,89,7.27923323480886e-05,False,test,AB2C6_225
mp-1185331,400,0,400,7.087284863113094e-17,True,test,ABC2_225
mp-30410,4,0,0,,False,test,A2B5_12
mp-866068,400,0,400,1.9217350733503048e-16,True,test,ABC2_225
mp-7339,5,0,1,0.04241277209248539,False,test,ABC3_19
mp-1114389,400,0,396,7.947250036666043e-05,True,test,ABC2D6_225
mp-1224218,10,0,4,0.010330722044701937,False,test,ABC4_10
mp-676464,3,0,2,0.029278421834161912,False,test,AB3C3_6
mp-1077298,28,0,2,0.03796574429307459,False,test,ABC_63
mp-19915,20,0,1,0.008007504548079605,False,test,AB2C4_141
mp-1068248,400,0,381,0.00031869008176107306,True,test,AB2C2_139
mp-1220408,68,0,67,0.003172458162084661,False,test,ABC_38
mp-9441,30,0,30,0.0007254317502531569,False,test,AB6C6_191
mp-11276,168,0,166,0.0,False,test,AB_221
mp-1219361,38,0,30,0.0031377749572778575,False,test,AB2C10_71
mp-39542,4,0,3,0.008063285120386553,False,test,ABCD2E5_107
mp-569032,4,0,2,0.0030745504850067705,False,test,AB6_15
mp-754094,6,0,4,0.013282998425915033,False,test,AB3C3D8_12
mp-2364,55,0,55,7.410644364345813e-17,False,test,AB2_225
mp-1221332,18,0,18,7.364155387547399e-17,False,test,ABCD_216
mp-1518,339,0,334,0.0,False,test,AB3_221
mp-1077545,64,0,0,,False,test,AB2_63
mp-556536,9,0,2,0.044065719166519766,False,test,AB2C2D4_12
mp-4653,400,0,348,2.0112258994724552e-05,True,test,AB2C2_139
mp-29824,12,0,5,0.018752375451038892,False,test,AB3C3_11
mp-12646,49,0,26,0.010362493822048145,False,test,ABC4_15
mp-1188014,400,0,400,1.6283035885287243e-16,True,test,ABC2_225
mp-19060,7,0,7,0.01139140194444069,False,test,A2B2C2D3_139
mp-1539959,30,0,23,0.011106463984111133,False,test,ABC5_15
mp-23636,1,0,0,,False,test,AB2C3D4_15
mp-1224204,1,0,0,,False,test,AB2C3D8_1
mp-1220409,27,0,27,6.581793068754934e-05,False,test,ABC6_200
mp-3941,23,0,15,0.09928794325605689,False,test,ABC4_13
mp-1113564,400,0,396,0.00019868125091651687,True,test,ABC2D6_225
mp-1182186,13,0,8,0.0010401757838968,False,test,ABC2D5_123
mp-279,64,0,49,0.0,False,test,AB_187
mp-15668,52,0,3,0.0019488271768763308,False,test,AB_194
mp-1216775,5,0,2,0.01789394675525545,False,test,A3B3C10_42
mp-1188336,5,0,5,0.0027678438909346332,False,test,A4B5_193
mp-1077883,16,0,15,0.0012274834722791677,False,test,A2B2C3_166
mp-862623,400,0,400,2.4303712238427413e-16,True,test,ABC2_225
mp-2700,42,0,6,0.02129286445490212,False,test,AB2_166
mp-31126,4,0,2,0.01347866011551108,False,test,AB3C3_2
mp-1080710,156,0,144,0.0004260702702247692,False,test,AB2C2_127
mp-1103511,45,0,40,0.0023377194235818075,False,test,AB4C8_139
mp-1183226,236,0,229,8.766895733776758e-17,False,test,AB3_139
mp-12703,305,0,305,0.0022216300725549833,False,test,ABC_189
mp-569066,89,0,89,9.166441851261361e-05,False,test,AB2C6_225
mp-1225430,38,0,30,0.0022440101501642875,False,test,AB2C10_71
mp-999137,280,0,228,0.00020012553707347386,False,test,ABC2_166
mp-1078634,29,0,12,6.563107599475249e-05,False,test,ABC3_167
mp-20293,400,0,357,0.006907446043510838,True,test,ABC_62
mp-1183602,64,0,49,0.0,False,test,AB_187
mp-1412,37,0,37,0.0,False,test,AB3_223
mp-1080485,70,0,40,0.0015255765251004113,False,test,AB_62
mp-2302,55,0,55,9.421688297670975e-17,False,test,AB2_225
mp-1029387,30,0,18,0.005733480230626028,False,test,AB2C3_36
mp-1076993,10,0,10,0.005087614817192464,False,test,AB2C2_65
mp-15144,17,0,17,0.032855944304414825,False,test,ABC2D4_7
mp-1217168,14,0,2,0.03328083871165317,False,test,AB4_139
mp-374,57,0,31,0.0,False,test,AB2_191
mp-19739,30,0,30,0.001305119810527093,False,test,AB6C6_191
mp-977397,400,0,400,0.0,True,test,ABC2_225
mp-1080530,158,0,8,0.004158583127701946,False,test,ABC2_63
mp-29393,1,0,0,,False,test,AB2C7_63
mp-1187875,60,0,22,2.8502056974382004e-17,False,test,A_194
mp-978807,400,0,400,0.0,True,test,ABC2_225
mp-557772,53,0,38,0.008021801079246898,False,test,ABC3_194
mp-684583,33,0,11,0.012925044574749509,False,test,AB2_58
mp-1219754,2,0,2,0.006952472664352949,False,test,AB4C12_38
mp-20088,23,0,18,0.021099348781547466,False,test,AB4C4_2
mvc-3270,1,0,0,,False,test,ABCD5_9
mp-1223996,33,0,12,0.013234039870111498,False,test,ABC2_156
mp-1221959,21,0,3,0.010189632948590576,False,test,ABC2D6_146
mp-1018892,177,0,136,0.002917273609670849,False,test,ABC_129
mp-1080453,52,0,47,0.013227781416888754,False,test,ABCD_129
mp-6286,23,0,23,5.661890524109261e-05,False,test,ABC2D2_139
mp-1221230,0,0,0,,False,test,AB2C2D3E12_5
mp-866019,400,0,400,1.320504748287773e-16,True,test,ABC2_225
mp-1101813,168,0,37,0.014509875662361806,False,test,ABC_194
mp-1105108,30,0,30,0.0009674891597539908,False,test,AB6C6_191
mp-1187532,339,0,334,0.0,False,test,AB3_221
mp-866134,122,0,122,1.1346843583647747e-16,False,test,AB3_225
mp-1206145,158,0,61,0.005918449007990848,False,test,ABC2_63
mp-7089,177,0,144,0.0016599880945052377,False,test,ABC_129
mp-752727,4,0,1,0.23501780505217504,False,test,ABCD2E4_1
mp-998912,44,0,0,,False,test,AB_166
mp-1226964,18,0,5,0.02714984852455337,False,test,ABC2D8_82
mp-1187337,400,0,400,0.0,True,test,ABC2_225
mp-19811,305,0,305,0.0008858176143549311,False,test,ABC_189
mp-1217378,5,0,4,0.07928163101504974,False,test,AB2C3D4_38
mp-31145,168,0,108,5.83474821434101e-17,False,test,ABC_194
mp-35152,0,0,0,,False,test,AB2C5_107
mp-27512,64,0,27,0.013394810640236626,False,test,AB2C4_12
mp-1112216,400,0,396,7.94725003654835e-06,True,test,ABC2D6_225
mp-753954,0,0,0,,False,test,ABC4D4E8_2
mp-867249,400,0,400,7.571743486001369e-17,True,test,ABC2_225
mp-773900,36,0,4,0.03127076317986881,False,test,AB2C6_15
mp-978974,236,0,230,3.439917346199773e-17,False,test,AB3_139
mp-3303,400,0,375,0.0005510391657059128,True,test,AB2C2_139
mp-2176,32,0,32,0.0,False,test,AB_216
mp-865734,0,0,0,,False,test,A4B5C6_71
mp-1029420,400,0,4,0.018596248890367054,True,test,ABC_62
mp-976368,305,0,305,0.001359182750148867,False,test,ABC_189
mp-1226381,1,0,1,0.07496459243337156,False,test,ABC2D3_44
mp-1207781,80,0,64,0.005382681020101281,False,test,AB3_62
mp-4524,51,0,47,0.002296026216395457,False,test,ABC2_122
mp-761035,44,0,44,0.004095085163370836,False,test,ABC4_88
mp-766486,2,0,1,0.08928352570006817,False,test,ABC2_58
mp-1226882,53,0,42,2.5535420981791485e-05,False,test,AB2C3_166
mp-849246,30,0,17,0.0692279374108643,False,test,AB2C5_63
mp-1220112,2,0,1,0.00869546491481737,False,test,ABCD2_14
mp-1222346,1,0,0,,False,test,AB2C6D6_148
mp-1018680,168,0,110,0.0,False,test,ABC_194
mp-14107,400,0,22,0.00021164113114879307,True,test,AB3_194
mp-1226126,3,0,3,0.0038764153789975983,False,test,AB2C2D8_44
mp-697833,38,0,37,0.016703528355878,False,test,ABCDE6_7
mp-504821,318,0,43,0.013917851568852967,False,test,ABC3_62
mp-569671,13,0,13,0.0019211559020548706,False,test,AB_198
mp-1080842,400,0,396,0.0001748395008066251,True,test,ABC2D6_225
mp-755079,4,0,0,,False,test,A3B4C9_1
mp-30884,80,0,5,0.005930889080745065,False,test,AB3_62
mp-7193,18,0,16,0.005917046260011871,False,test,A2B2C7_12
mp-1221808,2,0,2,0.0027594337426182277,False,test,AB4C5D10_166
mp-1113441,400,0,396,0.00010331425047655643,True,test,ABC2D6_225
mp-430,31,0,3,0.028962541330177397,False,test,AB2_14
mp-505424,15,0,10,0.047153097679580286,False,test,ABCD4_63
mp-1217399,9,0,6,0.11774991455111779,False,test,AB2C4_36
mp-1186581,400,0,352,0.0005592607251760763,True,test,AB3_194
mp-756729,15,0,15,0.009718613399104242,False,test,AB3C3D8_166
mp-1215550,48,0,35,0.004171638355915839,False,test,ABC2D4_121
mp-4251,40,0,40,0.0023198719639388426,False,test,AB4C12_204
mp-31170,400,0,400,1.7083021432531845e-16,True,test,ABC2_225
mp-570939,5,0,1,0.2426646122829826,False,test,AB2_156
mp-561367,7,0,0,,False,test,A_12
mp-1221899,21,0,3,0.05729306951886087,False,test,ABC2D6_146
mp-1522189,130,0,130,5.7617562766005055e-05,False,test,ABCDE6_216
mp-1189154,5,0,5,0.027458303330320486,False,test,ABCDE4_15
mp-777812,2,0,0,,False,test,AB3C6_9
mp-13135,69,0,67,0.010129052108401005,False,test,AB2C2_129
mp-18924,4,0,4,0.008830552616023595,False,test,A2B3C6_139
mp-568130,400,0,359,0.004854461618303365,True,test,ABC_62
mp-1008492,83,0,1,0.012851876053833663,False,test,AB_63
mp-984714,400,0,2,0.032392918056055924,True,test,ABC_62
mp-10909,82,0,49,2.370570474955229e-05,False,test,AB2_139
mp-1189687,93,0,93,0.0025777984722643644,False,test,A3B5_193
mp-1017559,130,0,104,0.00361446271827568,False,test,AB2C2_164
mp-1174101,10,0,0,,False,test,ABC3D5_1
mp-620571,400,0,367,0.009947117966439746,True,test,ABC_62
mp-1209547,400,0,7,0.00674512111335417,True,test,ABC_62
mp-1102076,400,0,367,0.008703056122523414,True,test,ABC_62
mp-570700,7,0,2,0.009155891915499854,False,test,A2B2C3D8_12
mp-1224442,2,0,1,0.057534620200473265,False,test,ABC2D6_107
mp-1106150,42,0,42,0.006583239082064125,False,test,AB3C4D12_204
mp-1183458,400,0,400,1.7315433760735472e-16,True,test,ABC2_225
mp-1208619,16,0,16,0.006655723661144662,False,test,ABCD6_163
mp-11520,99,0,97,9.246983514220095e-17,False,test,ABC_216
mp-1106169,93,0,93,0.0004711603747669866,False,test,A3B5_193
mp-7467,158,0,5,0.00945600756016391,False,test,ABC2_63
mp-765902,10,0,0,,False,test,AB4C5_12
mp-1282211,6,0,1,0.03047212017689289,False,test,ABC2_36
mp-1523259,400,0,396,0.00018570074252355695,True,test,ABC2D6_225
mp-9895,5,0,0,,False,test,A2B3_2
mp-27334,26,0,26,0.006047836674902454,False,test,AB3C5_140
mp-1103921,37,0,25,0.002898134930498711,False,test,AB6C8_148
mp-752980,2,0,0,,False,test,A2B3C3_5
mp-754507,12,0,5,0.017400646772965697,False,test,AB6C11_38
mp-1212534,1,0,1,0.024980730222029405,False,test,AB3C5_189
mp-1274301,36,0,22,0.042455976045183114,False,test,ABC2D6_12
mp-1819,20,0,1,0.0627935090993076,False,test,AB2_15
mp-1185306,400,0,400,1.1669437711361527e-16,True,test,ABC2_225
mp-776439,318,0,241,0.008347447399940493,False,test,ABC3_62
mp-1216666,136,0,130,8.158595610495732e-06,False,test,ABC4_216
mp-1206005,7,0,7,0.0007421217017373489,False,test,AB3C6_139
mp-973756,25,0,9,0.007202893053835964,False,test,A2B2C3_12
mp-1213286,43,0,19,0.006086324352420651,False,test,AB2C6_71
mp-16471,400,0,367,6.779524775199748e-05,True,test,AB2C2_139
mp-1224026,6,0,3,0.04132691461577388,False,test,ABC3D8_160
mp-27424,11,0,0,,False,test,AB3C4_63
mp-1095351,280,0,3,0.0019026208291663333,False,test,ABC2_166
mp-1080524,2,0,1,0.013310617968356971,False,test,AB2C5_71
mp-1025338,76,0,52,0.010161017342595828,False,test,AB2C4_139
mp-1220566,6,0,0,,False,test,AB3C8_8
mp-1094034,6,0,0,,False,test,A2B3_194
mp-1218447,21,0,6,0.019918356985450813,False,test,ABC2D6_123
mp-1220442,21,0,21,0.002284352026688491,False,test,AB6C8_147
mp-1184293,400,0,400,1.4059697939728927e-16,True,test,ABC2_225
mp-1205999,7,0,7,0.003691440521453161,False,test,AB3C6_139
mp-1226976,4,0,1,0.03240033548544404,False,test,ABC2D4_8
mp-1217763,88,0,72,3.09882939312123e-06,False,test,ABC_187
mp-863659,400,0,400,1.36421693333889e-16,True,test,ABC2_225
mp-13089,18,0,3,0.01353854932576058,False,test,AB2C3_44
mp-1187071,400,0,400,0.0,True,test,ABC2_225
mp-1187251,400,0,400,1.3723432123404408e-16,True,test,ABC2_225
mp-1215846,400,0,373,7.012468398604109e-05,True,test,AB2C2_139
mp-1186520,236,0,229,0.0,False,test,AB3_139
mp-755285,33,0,20,0.13243365916781322,False,test,ABC2_156
mp-1103572,400,0,359,0.01019334491365546,True,test,ABC_62
mp-4658,11,0,7,0.005319679677798369,False,test,AB3C6_15
mp-1227320,41,0,14,0.011670144233193638,False,test,ABC2_38
mp-984729,10,0,10,0.0,False,test,AB3C4_221
mp-1208983,18,0,18,0.002019573805166019,False,test,AB2C2D5_127
mp-677445,6,0,6,0.00983251093140111,False,test,AB3C4_139
mp-30389,99,0,97,8.472587391327036e-17,False,test,ABC_216
mp-1226536,37,0,5,0.0011999976008274622,False,test,ABC4_123
mp-777551,5,0,4,0.020267740910860702,False,test,ABC3_198
mp-31053,1,0,0,,False,test,AB2_4
mp-972997,400,0,400,9.696990285046756e-17,True,test,ABC2_225
mp-3739,40,0,6,0.0033113315462178034,False,test,ABC2_14
mp-1232271,37,0,35,0.00030170926536238457,False,test,AB2_129
mp-12341,63,0,62,0.00925541398322301,False,test,ABCD3_63
mp-704645,8,0,1,0.011287953660794135,False,test,AB_15
mp-11869,99,0,97,1.1067995166111257e-16,False,test,ABC_216
mp-1221539,61,0,0,,False,test,ABC3_14
mp-18063,53,0,2,0.03471079626683174,False,test,AB3_166
mp-16548,15,0,15,0.001817392580111926,False,test,ABC6_225
mp-30139,5,0,3,0.001008720027268658,False,test,AB2_72
mp-1205530,7,0,7,0.007293133745028653,False,test,AB3C6_139
mp-23240,42,0,18,0.0008601835215845676,False,test,AB2_166
mp-753301,1,0,0,,False,test,A4B5C10_2
mp-19387,23,0,23,0.02275509908631367,False,test,ABC4_13
mp-1184034,236,0,229,6.551476547532062e-17,False,test,AB3_139
mp-1223333,19,0,4,0.036330649215048014,False,test,AB2C3D9_164
mp-865020,400,0,400,7.048688003472373e-17,True,test,ABC2_225
mp-1184690,400,0,400,0.0,True,test,ABC2_225
mp-3237,11,0,2,0.020103463882564596,False,test,AB2C4_14
mp-4264,0,0,0,,False,test,A2B2C5_11
mp-35589,3,0,2,0.008461118546782885,False,test,AB3C7_8
mp-1208864,124,0,124,0.002488260303948638,False,test,AB3C5_193
mp-675798,58,0,12,0.0018173151913939915,False,test,ABC4_141
mp-1103721,3,0,0,,False,test,AB2C3_69
mp-1222035,43,0,13,0.010278915220041563,False,test,AB2C6_71
mp-22853,15,0,7,0.060858776701079385,False,test,AB3_12
mp-977441,400,0,400,1.1490686211352743e-16,True,test,ABC2_225
mp-15573,1,0,1,0.032830216664921294,False,test,AB3C4_173
mp-753800,39,0,3,0.0828471343940968,False,test,ABC3_2
mp-1019360,177,0,133,0.0078493752191418,False,test,ABC_129
mp-1187879,400,0,400,0.0,True,test,ABC2_225
mp-1114614,400,0,396,9.266842317805486e-05,True,test,ABC2D6_225
mp-11734,400,0,396,3.973625018325278e-05,True,test,ABC2D6_225
mp-1188681,0,0,0,,False,test,ABC2_198
mp-1219840,9,0,6,0.007985939484253685,False,test,A2B3_44
mp-1184968,400,0,400,7.20762911840045e-17,True,test,ABC2_225
mvc-14591,38,0,27,0.004434888339128214,False,test,ABC2D6_148
mp-1013550,273,0,264,0.0,False,test,ABC3_221
mp-1113642,400,0,396,0.00010331425047660646,True,test,ABC2D6_225
mp-11257,168,0,166,0.0,False,test,AB_221
mp-1221345,3,0,0,,False,test,ABC2D4_4
mp-3147,400,0,347,0.0003565540759378236,True,test,AB2C2_139
mp-1221921,50,0,44,0.001473299052569346,False,test,ABC_74
mp-1104853,35,0,32,0.002345058712435227,False,test,AB2C4_136
mp-1207038,8,0,6,0.007427321940612314,False,test,AB2_65
mp-1184619,400,0,400,1.2022353200870499e-16,True,test,ABC2_225
mp-15999,6,0,1,0.045537119666557185,False,test,AB2C3_72
mp-1217385,1,0,0,,False,test,AB5C7_8
mp-19354,7,0,7,0.004304450686411289,False,test,AB7C12_204
mp-1105158,5,0,5,0.02624608426345294,False,test,ABC2D5_46
mp-865737,400,0,400,6.957928583556987e-17,True,test,ABC2_225
mp-1220598,2,0,2,0.0196049502855615,False,test,AB6C8_174
mp-1226757,3,0,0,,False,test,AB2_69
mp-1216748,1,0,1,0.030395945117634944,False,test,AB4C4D6_1
mp-7258,23,0,20,0.020096880751626807,False,test,AB4C4_2
mp-30464,4,0,1,0.029089166637931724,False,test,A2B5_12
mp-12056,400,0,381,0.0007365460320862123,True,test,AB2C2_139
mp-1219521,42,0,12,0.014428713371182504,False,test,ABC_14
mp-1112570,400,0,396,0.0005351148358026152,True,test,ABC2D6_225
mp-1091390,5,0,3,0.020244131125193028,False,test,AB2C2_11
mp-1216339,6,0,3,0.05373039416796256,False,test,ABC3D8_160
mp-481,339,0,334,0.0,False,test,AB3_221
mp-20892,400,0,365,0.008037935581140418,True,test,ABC_62
mp-2838,10,0,10,0.0006322911598231311,False,test,AB5_216
mp-31756,400,0,396,0.0007544502201544196,True,test,ABC2D6_225
mp-568196,22,0,6,0.008927977725051897,False,test,AB3C3_12
mp-9042,400,0,366,0.0006281061994535738,True,test,AB2C2_139
mp-11659,38,0,11,0.09618445786072462,False,test,ABC2D6_148
mp-22324,400,0,359,0.004962549022824231,True,test,ABC_62
mp-569505,44,0,36,0.002927954392300542,False,test,ABCD2_63
mp-1657,37,0,35,0.0027741218374783333,False,test,AB2_129
mp-1078552,89,0,89,0.00014558466469620813,False,test,AB2C6_225
mp-1077953,76,0,52,0.0025339548426962996,False,test,AB2C4_139
mp-22570,1,0,1,0.005227780026375516,False,test,A2B5_72
mp-1173920,12,0,0,,False,test,ABC2D4_2
mp-1218729,16,0,2,0.02915553926228809,False,test,AB2C2D3E12_1
mp-11572,168,0,166,0.0,False,test,AB_221
mp-1208261,52,0,5,0.002862766120661856,False,test,AB2C5_140
mp-4709,49,0,26,0.008800623733363521,False,test,ABC4_15
mp-30807,136,0,130,1.734701107014606e-05,False,test,ABC4_216
mp-1213188,2,0,2,0.05803909642758559,False,test,ABC2D2E10_12
mp-8723,0,0,0,,False,test,AB5_194
mp-1223851,23,0,23,0.0010411186274976415,False,test,ABC2_115
mp-570864,124,0,124,0.0006403974784417523,False,test,AB3C5_193
mp-867300,10,0,8,0.022567198798504152,False,test,A2B2C5_123
mp-7405,318,0,240,0.008533923550500514,False,test,ABC3_62
mp-755610,14,0,9,0.006197377181182467,False,test,AB6C8_225
mp-558133,2,0,2,0.006930722432882826,False,test,AB2C6_186
mp-21433,177,0,145,0.0005603571299322825,False,test,ABC_129
mp-1215290,17,0,14,0.0045896187659948805,False,test,ABC4_164
mp-4492,400,0,400,1.3581678614466576e-16,True,test,ABC2_225
mp-1232370,3,0,2,0.012105104168378598,False,test,ABC4_180
mp-554413,0,0,0,,False,test,A2B2C2D7_2
mp-1217335,50,0,5,0.010456919637753737,False,test,ABC_74
mp-775904,1,0,0,,False,test,AB4C5D7_1
mp-616166,5,0,4,0.013425283623103522,False,test,AB2C3D6_123
mp-30732,305,0,301,0.0005760182212172383,False,test,ABC_189
mp-1113442,400,0,396,7.947250036798675e-06,True,test,ABC2D6_225
mp-974634,400,0,400,7.673013953932247e-17,True,test,ABC2_225
mp-1030721,20,0,2,0.0012473226479052843,False,test,AB2C3_156
mp-763428,0,0,0,,False,test,AB3C3D8_8
mp-8511,0,0,0,,False,test,AB5_194
mp-1207970,52,0,44,0.0022618591926291615,False,test,AB2C5_140
mp-866112,400,0,400,5.816524391177083e-17,True,test,ABC2_225
mp-1184284,400,0,400,1.008819617362689e-16,True,test,ABC2_225
mp-1225369,38,0,30,0.002874650667252578,False,test,AB2C10_71
mp-1029179,24,0,0,,False,test,ABC2D2_156
mp-25372,280,0,229,0.00020675075844328272,False,test,ABC2_166
mp-567883,10,0,2,0.001789139497522048,False,test,AB2C4_140
mp-1215577,16,0,1,0.007274725459235848,False,test,AB2C4_8
mp-19906,156,0,144,0.002284450591089649,False,test,AB2C2_127
mp-1018149,82,0,41,0.0003899628298272067,False,test,AB2_139
mp-754478,53,0,15,0.0028647326385915117,False,test,ABC4_65
mp-1225026,0,0,0,,False,test,ABC6_26
mp-1224967,44,0,34,0.0,False,test,AB_166
mp-867173,400,0,400,6.455833322266805e-17,True,test,ABC2_225
mp-1516820,130,0,130,8.495610289175399e-05,False,test,ABCDE6_216
mp-7123,10,0,6,0.02583455623077826,False,test,ABC2D6_4
mp-978498,339,0,334,0.0,False,test,AB3_221
mp-1222674,19,0,19,0.013986964881210649,False,test,AB4C8_25
mp-977386,400,0,400,6.799554528542847e-17,True,test,ABC2_225
mp-862759,400,0,400,7.127882640186573e-17,True,test,ABC2_225
mp-1207601,11,0,8,0.004747382364348812,False,test,ABCD4_12
mp-1225041,88,0,81,3.6590676385403274e-17,False,test,ABC_187
mp-19210,280,0,31,0.0018822312207168958,False,test,ABC2_166
mp-2645,62,0,62,1.0216732766690088e-16,False,test,AB5_191
mp-1178657,0,0,0,,False,test,ABC2D5_74
mp-865708,400,0,400,6.343726173053982e-17,True,test,ABC2_225
mp-1188138,33,0,31,0.005177083536178253,False,test,A2B3C5_72
mp-11274,168,0,166,0.0,False,test,AB_221
mp-979041,10,0,8,0.0020418203465190285,False,test,AB3C3_194
mp-215,145,0,145,0.0,False,test,AB_225
mp-22955,0,0,0,,False,test,ABC3_173
mp-1206911,273,0,264,0.0,False,test,ABC3_221
mp-11019,110,0,22,0.0003629557217927532,False,test,ABC2_194
mp-1217924,280,0,229,3.855431369776307e-05,False,test,ABC2_166
mp-1228194,0,0,0,,False,test,AB3C6_156
mp-973886,400,0,400,9.505788303128322e-17,True,test,ABC2_225
mp-753144,5,0,0,,False,test,AB2C2D3_15
mp-1186966,400,0,400,9.788993461495462e-17,True,test,ABC2_225
mp-971,55,0,55,0.0,False,test,AB2_225
mp-557403,0,0,0,,False,test,AB2C6_102
mp-569238,0,0,0,,False,test,AB3C4_11
mp-1183455,14,0,5,0.0,False,test,A_139
mp-1025876,6,0,6,0.000878671176183082,False,test,A2B3C4_156
mp-753173,177,0,56,0.0022925934512297253,False,test,ABC_129
mp-1105984,0,0,0,,False,test,AB7_129
mp-1027647,5,0,1,0.014464836823194882,False,test,ABC4_156
mp-2762,132,0,121,2.8049218955830095e-16,False,test,AB2_227
mp-24805,3,0,2,0.004094449324296174,False,test,ABCD2_194
mp-828,339,0,334,0.0,False,test,AB3_221
mp-1080762,5,0,4,0.008464814871830562,False,test,AB4_74
mp-570292,0,0,0,,False,test,A4B7C9_12
mp-1541180,67,0,52,0.014699585163167526,False,test,ABC6_148
mp-1113761,400,0,396,0.00019338308422549237,True,test,ABC2D6_225
mp-1187243,339,0,334,0.0,False,test,AB3_221
mp-15567,2,0,2,0.020464206105771363,False,test,AB2C3_167
mp-3676,136,0,130,2.3463351248900573e-05,False,test,ABC4_216
mvc-14355,17,0,12,0.00948913320391146,False,test,ABC4_140
mp-1219123,68,0,67,0.0031803121477526498,False,test,ABC_38
mp-1209897,2,0,2,0.004716800327358932,False,test,AB3C6_65
mp-1220403,6,0,5,0.0031528583483898193,False,test,A2B3C5_115
mp-1094116,127,0,74,0.0002456558138782977,False,test,AB2_194
mp-690658,12,0,0,,False,test,AB2C6_2
mp-31449,88,0,75,0.0005205683421291652,False,test,ABC_186
mp-1219484,14,0,13,0.0063908725401720405,False,test,AB4_166
mp-559446,0,0,0,,False,test,ABCD4_140
mp-865022,400,0,353,1.3548362157871337e-05,True,test,AB3_194
mp-867221,4,0,4,0.012074295663961976,False,test,A2B3C6_139
mp-1189666,40,0,40,0.0003690174051216966,False,test,A3B3C4_220
mp-1104741,45,0,40,0.0003037956980790139,False,test,AB4C8_139
mp-1222627,20,0,13,0.038652080329061096,False,test,AB2C3_156
mp-1105409,54,0,2,0.05390685831066857,False,test,ABC2D6_15
mp-1229120,13,0,13,0.003794707084998842,False,test,ABC2D4_119
mp-1228288,8,0,8,0.0013191164698680158,False,test,AB4C15_123
mp-1215576,21,0,21,0.010874028975046536,False,test,AB4C5_166
mp-1080486,305,0,305,0.0023167291036275462,False,test,ABC_189
mp-684675,3,0,3,0.030874650510781778,False,test,A7B12_174
mp-1217829,10,0,4,0.00711020729368109,False,test,ABC4_10
mp-1025039,38,0,1,0.04590874674378762,False,test,AB2_140
mp-560558,2,0,2,0.2178050929024858,False,test,ABCD2_67
mp-25233,6,0,0,,False,test,A2B5_63
mp-763007,10,0,1,0.03359295267112719,False,test,AB2C3_38
mp-625576,4,0,1,0.16691035142602523,False,test,AB2C4_1
mp-1222359,1,0,1,0.004865907375926622,False,test,ABC5D6_183
mp-865840,400,0,400,1.878974816972835e-16,True,test,ABC2_225
mp-27207,76,0,52,0.00048087526658707156,False,test,AB2C4_139
mp-1069042,130,0,104,0.0029880312080694826,False,test,AB2C2_164
mp-1207003,2,0,1,0.002747291428584644,False,test,AB2C2_187
mp-29584,22,0,5,0.006097824479261181,False,test,AB2C4_166
mp-1217832,6,0,6,0.0079002834349701,False,test,ABC6_187
mp-754671,280,0,37,1.5758431398661765e-05,False,test,ABC2_166
mp-1226836,25,0,14,0.005421160302105921,False,test,AB2C3_71
mp-1182885,1,0,1,0.03797548245031529,False,test,AB4_198
mp-22526,280,0,229,0.00038648776040848377,False,test,ABC2_166
mp-504510,22,0,4,0.028262129647326068,False,test,AB2C6_12
mp-1216925,13,0,13,0.006454740085754494,False,test,ABC11_44
mp-1212435,400,0,359,0.0196811298062446,True,test,ABC_62
mp-1188857,107,0,15,0.004753581660958096,False,test,ABC2_62
mp-1221974,22,0,15,0.004204939519107695,False,test,ABC4_14
mp-5594,18,0,16,0.013370819398244336,False,test,A2B2C7_12
mp-1205493,49,0,41,0.004454248668794767,False,test,A3B4C4_71
mp-1208551,10,0,8,0.0010895448068634996,False,test,AB3C3_194
mp-1184966,400,0,400,1.713164992330821e-16,True,test,ABC2_225
mp-754122,1,0,0,,False,test,ABCD4_148
mp-2554,236,0,226,8.183523403908876e-17,False,test,AB3_139
mp-1008528,23,0,23,0.0011524868472141184,False,test,ABC2_115
mp-9755,44,0,44,0.006220332945827267,False,test,ABC4_88
mp-1222488,68,0,67,0.0011509969115358386,False,test,ABC_38
mp-1216824,0,0,0,,False,test,ABC6D8_87
mp-12023,21,0,20,0.013266991056457298,False,test,ABC2D4_31
mp-1094140,38,0,35,0.00021035768577174702,False,test,AB2_140
mp-1114362,400,0,396,5.29816669116598e-06,True,test,ABC2D6_225
mp-1079564,21,0,6,0.008793406804297868,False,test,AB3C4_123
mp-1069937,400,0,379,0.00015462605595041487,True,test,AB2C2_139
mp-1030136,36,0,6,0.016455632676265874,False,test,AB2C3D6_156
mp-1102078,53,0,28,0.002063813468803667,False,test,AB3_166
mp-1009133,168,0,166,0.0,False,test,AB_221
mp-1225365,6,0,4,0.003912944554980368,False,test,AB2C6_123
mp-9084,280,0,228,0.0006515742214342821,False,test,ABC2_166
mp-1226733,32,0,18,0.0024636660844313527,False,test,ABC2_160
mp-1104399,23,0,20,0.0017872770209553636,False,test,A3B4_148
mp-1225916,4,0,4,0.013171491061057444,False,test,ABCD_46
mp-567538,44,0,36,0.00344062282711038,False,test,AB2_74
mp-7950,177,0,148,0.009538570979991707,False,test,ABC_129
mp-1078938,3,0,2,0.004932852504848628,False,test,AB2C5_139
mp-20621,11,0,1,0.013141776928719342,False,test,ABC2_187
mp-864800,400,0,400,1.5808302599010294e-16,True,test,ABC2_225
mp-2812,62,0,62,1.5102020236607664e-16,False,test,AB5_191
mp-1222275,136,0,48,0.0,False,test,ABC2_123
mp-1246243,1,0,1,0.02335280390562909,False,test,A3B8C8_12
mp-1102237,22,0,21,0.0024168253790296454,False,test,AB2C8_123
mp-1079428,16,0,8,0.004118945805877657,False,test,AB2C2_70
mp-31096,26,0,15,0.021972975780672917,False,test,AB3C6_148
mp-2580,83,0,70,0.0045540852425561,False,test,AB_63
mp-1018073,83,0,70,0.004430690121933269,False,test,AB_63
mp-761087,15,0,9,0.03024752411355327,False,test,ABC2_227
mp-995122,74,0,44,0.00187374471968803,False,test,AB2_164
mp-975176,400,0,400,9.820265024714124e-17,True,test,ABC2_225
mp-20021,64,0,16,0.006840521251376618,False,test,AB2_63
mp-1112676,400,0,396,1.5894500073378005e-05,True,test,ABC2D6_225
mp-12170,2,0,2,0.01889175596301216,False,test,AB2C5_55
mp-1189767,42,0,15,0.0025013995618601353,False,test,A3B5_140
mp-865217,400,0,400,6.634958383614082e-17,True,test,ABC2_225
mp-864618,400,0,400,2.0150674220079e-16,True,test,ABC2_225
mp-755281,28,0,0,,False,test,ABC3_1
mp-1225895,21,0,17,0.0,False,test,AB_65
mp-20721,177,0,117,0.007704180975729958,False,test,ABC_129
mp-558528,188,0,186,0.005657176456131934,False,test,ABC2D6_14
mp-1224489,8,0,8,0.004443726749206641,False,test,AB5C10_97
mp-1019255,168,0,96,6.695424931929064e-17,False,test,ABC_194
mp-571222,145,0,145,0.0,False,test,AB_225
mp-1185376,400,0,400,9.63374746995644e-17,True,test,ABC2_225
mp-1342,145,0,145,0.0,False,test,AB_225
mp-1218409,0,0,0,,False,test,ABC2D2E6_1
mp-781712,4,0,1,0.08668953361163742,False,test,AB2C2_19
mp-23051,99,0,2,0.008714164922070743,False,test,ABC_216
mp-1217761,20,0,20,0.00914740562645845,False,test,ABCD4_107
mp-10334,10,0,8,0.023787808474826866,False,test,AB3C3_194
mp-1218857,9,0,9,0.001062882630394991,False,test,AB2C3_187
mp-28144,4,0,1,0.08364299614531454,False,test,AB2C5_36
mp-1218098,20,0,20,0.005960914926081564,False,test,ABCD4_107
mp-1184082,400,0,400,6.527521777937155e-17,True,test,ABC2_225
mp-1184659,400,0,400,1.7801143787733655e-16,True,test,ABC2_225
mp-12860,28,0,0,,False,test,AB2C3D6_12
mp-567278,1,0,1,0.01732597199731859,False,test,AB6C8_44
mp-1222679,45,0,5,0.0073301694955832915,False,test,AB2C4_74
mp-862983,400,0,16,0.0011319172098594244,True,test,AB3_194
mp-1114267,400,0,396,6.887616698451283e-05,True,test,ABC2D6_225
mp-559450,0,0,0,,False,test,AB3_227
mp-752401,11,0,0,,False,test,AB2C3_9
mp-10516,57,0,57,0.0019647708153896814,False,test,AB2C6_189
mp-973166,400,0,352,2.94254055080269e-05,True,test,AB3_194
mp-1018953,177,0,121,0.004796662891368503,False,test,ABC_129
mp-1221679,22,0,5,0.026399131794296565,False,test,ABC2_26
mp-1184573,400,0,400,9.640398383990635e-17,True,test,ABC2_225
mp-1220217,75,0,75,0.01331570377843344,False,test,ABC3_107
mp-30367,21,0,18,0.004965613144824447,False,test,A2B5_15
mp-10118,4,0,4,0.00989363713620787,False,test,A3B4_71
mp-1068807,75,0,75,0.000644437556472218,False,test,ABC3_107
mp-1084757,158,0,61,0.005616552581193356,False,test,ABC2_63
mp-10444,13,0,13,0.026217814971232028,False,test,A2B2C5_46
mp-1542758,24,0,1,0.08200629554714198,False,test,ABC3_12
mp-1186776,400,0,354,0.00021651188462594762,True,test,AB3_194
mp-20917,48,0,41,0.007770761383751918,False,test,AB2C3_194
mp-1113515,400,0,396,0.00011126150051336975,True,test,ABC2D6_225
mp-743,5,0,1,0.010451349885024806,False,test,AB3_140
mp-550959,6,0,6,0.0035196333451993343,False,test,ABCD6_149
mp-1176712,0,0,0,,False,test,ABC7D7_38
mp-676284,6,0,0,,False,test,ABC2_8
mp-1106280,26,0,26,0.006786142705046722,False,test,AB3C5_140
mp-690495,3,0,2,0.024083361108017263,False,test,AB5C8_166
mp-996992,42,0,5,0.03377542037490093,False,test,ABC2_12
mp-1102901,168,0,37,0.00171049745080079,False,test,ABC_194
mp-1228509,21,0,15,0.024819254382589487,False,test,AB2C3_8
mp-1229100,55,0,55,1.4471144518751197e-16,False,test,AB2_225
mp-557232,12,0,3,0.01015646972814273,False,test,ABCD3_12
mp-1188849,107,0,15,0.009844632167306482,False,test,ABC2_62
mp-1102297,63,0,62,0.004868703803351007,False,test,ABCD3_63
mp-1208922,188,0,186,0.005973574497561072,False,test,ABC2D6_14
mp-972892,20,0,20,0.010010057970786242,False,test,AB5_38
mp-1216878,0,0,0,,False,test,A2B2C3D3_199
mp-1215730,10,0,2,0.03439624208069421,False,test,ABC3D5_1
mp-755213,318,0,8,0.008528365936680604,False,test,ABC3_62
mp-2879,318,0,240,0.01142569965867644,False,test,ABC3_62
mp-1555,37,0,37,0.0,False,test,AB3_223
mp-1147586,48,0,5,0.006945273344195158,False,test,ABC2D4_121
mp-1187201,400,0,400,6.979644270489271e-17,True,test,ABC2_225
mp-12360,280,0,229,6.312730183568192e-05,False,test,ABC2_166
mp-1277771,23,0,3,0.11422441850831237,False,test,ABC2D6_2
mp-1222161,1,0,1,0.03179501739709059,False,test,AB3C4_162
mp-1246970,23,0,20,0.028374517169999613,False,test,AB4C4_2
mp-752615,0,0,0,,False,test,A3B4C6_8
mp-849636,1,0,0,,False,test,ABCD2_5
mp-1077340,136,0,130,1.9734181405841928e-05,False,test,ABC4_216
mp-2877,400,0,348,0.00011191182136395076,True,test,AB2C2_139
mvc-7302,64,0,0,,False,test,AB2C4_12
mp-624492,1,0,0,,False,test,AB4C6_166
mp-1523336,130,0,130,9.889028128952285e-05,False,test,ABCDE6_216
mp-1220225,58,0,38,0.018749720173767543,False,test,ABC_12
mp-1188959,188,0,185,0.012708255519170361,False,test,ABC2D6_14
mp-1211285,24,0,22,0.03602054255997192,False,test,ABC2D8_12
mp-1207864,5,0,0,,False,test,ABC3D5_2
mp-10858,156,0,9,0.0009250179859448304,False,test,AB2C2_127
mp-861944,10,0,8,0.004074712802661854,False,test,ABCDE5_129
mp-1228925,13,0,3,0.010021544660217836,False,test,ABCD_160
mp-1114495,100,0,100,0.00013245416727769146,False,test,AB3C6_225
mp-862854,400,0,348,2.4768887962677386e-06,True,test,AB3_194
mp-569109,11,0,2,0.030072052941988118,False,test,ABCD2_12
mp-753970,13,0,3,0.019456206179920416,False,test,AB3C4D8_2
mp-4337,400,0,364,2.9734453001173323e-05,True,test,AB2C2_139
mp-756746,23,0,20,0.0163133076674639,False,test,AB4C4_2
mp-10970,40,0,7,0.0205910334733456,False,test,ABC2_14
mp-1103535,30,0,30,0.0014630916344743818,False,test,AB6C6_191
mp-1184951,400,0,400,1.3709801158442362e-16,True,test,ABC2_225
mp-1220613,21,0,21,0.006698232909751791,False,test,AB6C8_147
mp-1226557,5,0,5,0.03108937960005687,False,test,AB4C10_87
mp-1221948,136,0,50,0.00022033184957692461,False,test,ABC2_123
mp-1209778,124,0,124,0.0015531474253749093,False,test,AB3C5_193
mp-1187031,400,0,400,0.0,True,test,ABC2_225
mp-13365,127,0,74,0.02724906249144208,False,test,AB2_194
mp-558255,36,0,0,,False,test,ABC2D6_12
mp-1079033,69,0,67,0.002653746980200581,False,test,AB2C2_129
mp-29488,21,0,9,0.07051663262947928,False,test,AB2C2_14
mp-1106274,16,0,16,0.006800096041226701,False,test,AB6C12_166
mp-1216177,8,0,8,0.0063351867172253455,False,test,AB4C15_123
mp-1173972,9,0,0,,False,test,A2B3C5_2
mp-1084759,305,0,305,0.000324411097545201,False,test,ABC_189
mp-1187847,400,0,354,4.812584541077631e-16,True,test,AB3_194
mp-861982,339,0,334,0.0,False,test,AB3_221
mp-1218948,9,0,0,,False,test,AB_164
mp-1225178,38,0,30,0.003631398846597594,False,test,AB2C10_71
mp-850193,39,0,3,0.03094839199815964,False,test,ABC3_2
mp-1553,62,0,62,1.0456921670119445e-16,False,test,AB5_191
mp-1226065,5,0,5,0.009856862260282423,False,test,AB5C8_216
mp-3748,280,0,35,0.00033626760614355615,False,test,ABC2_166
mp-1111571,400,0,396,0.0001351032506232683,True,test,ABC2D6_225
mp-998739,273,0,264,0.0,False,test,ABC3_221
mp-1222745,45,0,32,0.0018820015083433664,False,test,AB2C4_74
mp-19331,48,0,39,0.007107945299653225,False,test,ABC3_148
mp-2574,2,0,0,,False,test,AB2_137
mp-1018072,32,0,5,0.016479101638762914,False,test,ABC2_160
mp-761281,7,0,7,0.010859666410841816,False,test,ABC4_109
mp-29623,13,0,6,0.008936569705052027,False,test,ABC2_139
mp-978849,236,0,228,0.0,False,test,AB3_139
mp-1025379,6,0,2,0.0006410749694092844,False,test,AB2C4_71
mp-21395,33,0,28,0.005582609936750558,False,test,AB2_58
mp-1114394,400,0,396,0.0010463879214950384,True,test,ABC2D6_225
mp-1226637,12,0,9,0.0016112605130979517,False,test,AB2C3_65
mp-561446,0,0,0,,False,test,ABC4D8_44
mp-12012,7,0,6,0.013338590145209574,False,test,ABCD4_4
mp-5350,22,0,21,0.0072662191304883675,False,test,AB2C4_82
mp-11800,9,0,6,0.006876107800053873,False,test,A3B4_12
mp-1183474,400,0,400,1.154880910337342e-16,True,test,ABC2_225
mp-3037,177,0,143,0.005292231900160493,False,test,ABC_129
mp-8630,48,0,48,0.005208286270444173,False,test,ABC_198
mp-554626,36,0,3,0.03130443597052443,False,test,AB2C6_15
mp-1212090,53,0,3,0.005198843122056064,False,test,ABC4_65
mp-22614,54,0,32,0.018489931588837088,False,test,ABC2D6_15
mp-1224035,6,0,0,,False,test,AB2C4_9
mp-643791,11,0,1,0.06632451659449963,False,test,ABC2D4_11
mp-1228855,0,0,0,,False,test,AB2C7_38
mp-11370,168,0,166,0.0,False,test,AB_221
mp-1184612,400,0,400,0.0,True,test,ABC2_225
mp-997180,110,0,22,0.0018839468318654178,False,test,ABC2_194
mp-29973,24,0,0,,False,test,AB_12
mp-1212752,63,0,62,0.01171870892577767,False,test,ABCD3_63
mp-1018721,2,0,0,,False,test,AB2_137
mp-570722,9,0,9,0.0020678005482218827,False,test,AB3_193
mp-1186013,400,0,352,5.736537228186964e-06,True,test,AB3_194
mp-1188059,400,0,400,1.8168304312873007e-16,True,test,ABC2_225
mp-862473,400,0,400,0.0,True,test,ABC2_225
mp-989571,400,0,396,5.182257410625303e-16,True,test,ABC2D6_225
mp-1220785,28,0,25,0.016992470231527345,False,test,ABC2D6_31
mp-755266,5,0,1,0.07143858063478624,False,test,A3B4C8_12
mp-1113059,400,0,396,0.0005218694190747416,True,test,ABC2D6_225
mp-1221928,78,0,78,0.013943865795587448,False,test,AB2C3D8_166
mp-1328,132,0,121,2.0442045377404218e-16,False,test,AB2_227
mp-1224271,23,0,10,0.01050369050542859,False,test,ABC_156
mp-762624,4,0,0,,False,test,AB2C2D6_5
mp-11794,21,0,20,0.03973689848626546,False,test,ABC2_33
mp-1173050,15,0,0,,False,test,AB2C4_2
mp-766454,77,0,1,0.16402757715712213,False,test,AB2_12
mp-11557,127,0,74,0.0005079183619826491,False,test,AB2_194
mp-22721,37,0,25,0.007828429052331639,False,test,AB6C8_148
mp-675419,11,0,1,0.020054906630192448,False,test,ABC2_9
mp-1183207,400,0,400,6.728053127740166e-17,True,test,ABC2_225
mp-1176451,8,0,6,0.008171903091345004,False,test,AB5C12_12
mp-11498,168,0,166,0.0,False,test,AB_221
mp-284,168,0,166,0.0,False,test,AB_221
mp-1220865,25,0,14,0.003848986505730838,False,test,AB2C3_71
mp-1227536,2,0,1,0.041243389706967,False,test,AB3C4_36
mp-766142,0,0,0,,False,test,ABC5D5_38
mp-1222352,53,0,50,0.015121668496673268,False,test,ABCD4_74
mp-754080,78,0,78,0.014964506769482265,False,test,AB2C3D8_166
mp-1219590,30,0,29,0.006036972122069889,False,test,ABCD6_74
mp-5061,3,0,3,0.04297436981603185,False,test,AB5C6_12
mp-1187972,400,0,353,0.00024910709143483685,True,test,AB3_194
mp-865335,400,0,400,7.274481240507832e-17,True,test,ABC2_225
mp-865991,400,0,400,0.0,True,test,ABC2_225
mp-1232096,127,0,127,0.00041201104458038154,False,test,AB2C4_227
mp-13982,21,0,20,0.015595627617475682,False,test,ABC2D4_31
mp-971673,77,0,1,0.02844533336000958,False,test,AB2_12
mp-1111501,100,0,100,0.00011920875054984046,False,test,AB3C6_225
mp-1077154,44,0,34,0.0007229863145241058,False,test,AB2_74
mp-27167,1,0,0,,False,test,AB2C3_20
mp-7298,400,0,348,7.624906525881015e-05,True,test,AB2C2_139
mp-12359,136,0,48,0.0,False,test,ABC2_123
mp-863076,3,0,0,,False,test,ABC4_5
mp-1218344,4,0,4,0.015169053591334756,False,test,ABCD3E8_38
mp-1223879,2,0,2,0.013056290085021202,False,test,AB3C4_156
mp-4938,109,0,81,1.4131471157283813e-16,False,test,AB2C3_191
mp-3726,51,0,51,1.1275057262301063e-16,False,test,ABC2_216
mp-864951,400,0,400,7.882149872623934e-05,True,test,ABC2_225
mp-1223727,12,0,12,0.00216307285212686,False,test,AB4C5_139
mp-861980,400,0,400,9.58838075599431e-17,True,test,ABC2_225
mp-975786,400,0,400,1.4958689746583022e-16,True,test,ABC2_225
mp-570786,127,0,74,0.0004873787647650864,False,test,AB2_194
mp-1188855,2,0,1,0.12236860820506786,False,test,A2B2C5_166
mp-7342,80,0,64,0.009574566705761369,False,test,AB3_62
mp-1023937,17,0,4,0.008577024120546554,False,test,AB2_187
mp-1206837,39,0,37,0.005632596855070182,False,test,AB2C6_38
mp-31160,88,0,74,0.002733840039077621,False,test,ABC_186
mp-1822,52,0,2,0.0009285417316520277,False,test,AB_194
mp-1025450,158,0,8,0.009466580502141804,False,test,ABC2_63
mp-1638,132,0,121,1.9514696298131165e-16,False,test,AB2_227
mp-1095186,43,0,3,0.012993162224792541,False,test,AB2C6_71
mp-8514,9,0,9,0.0047931894746503865,False,test,ABC2D5_127
mp-20614,318,0,240,0.005953717302229496,False,test,ABC3_62
mp-10087,40,0,31,0.002254049946916351,False,test,ABC_139
mp-1226105,1,0,0,,False,test,ABC3D3E12_1
mp-1027483,20,0,2,0.010606277681306609,False,test,AB2C3_156
mp-1227162,35,0,32,0.016550098176934515,False,test,AB3C4D12_6
mp-549490,0,0,0,,False,test,ABC4D5_123
mp-1505,168,0,166,0.0,False,test,AB_221
mp-20723,156,0,142,0.0016693604874866298,False,test,AB2C2_127
mp-1215358,21,0,21,0.0053234107045804615,False,test,AB4C5_166
mp-1094475,9,0,4,0.013956736242520957,False,test,AB_38
mp-27810,0,0,0,,False,test,AB2C2_105
mp-30712,25,0,25,0.0032502715975339324,False,test,A2B17_166
mp-1218235,20,0,20,0.009869622479179618,False,test,ABCD4_107
mp-1214433,24,0,23,0.02668552375543738,False,test,ABC2D8_12
mp-1098,56,0,56,1.9879141168742942e-05,False,test,A3B4_220
mp-610469,3,0,1,0.029362788627508386,False,test,ABCD2_129
mp-626708,5,0,0,,False,test,AB2C2_1
mp-558632,1,0,1,0.041359830247185744,False,test,ABCD4_156
mp-28863,20,0,20,0.006244293614411105,False,test,AB6C10_2
mp-1226730,4,0,3,0.03219280015835153,False,test,AB2C2D6_5
mp-11902,18,0,12,0.009737177163421333,False,test,AB2C4_11
mp-1224615,41,0,19,0.022194439197166085,False,test,ABC2_38
mp-1208210,11,0,5,0.011170296855386844,False,test,AB3C6_12
mp-570816,93,0,93,0.005135393570578156,False,test,A3B5_193
mp-1206215,0,0,0,,False,test,A2B4C5_25
mp-756784,136,0,48,0.0,False,test,ABC2_123
mp-1187574,400,0,400,1.8898815745310363e-06,True,test,ABC2_225
mp-753053,45,0,32,0.013063719101349536,False,test,AB2C4_74
mp-1104276,9,0,0,,False,test,AB4_12
mp-1025409,70,0,43,0.002962325887540238,False,test,AB_62
mp-558128,36,0,1,0.009375570259235046,False,test,ABC2D6_12
mp-1102423,400,0,356,0.010151722578088792,True,test,ABC_62
mp-865368,400,0,400,7.150811660054169e-17,True,test,ABC2_225
mp-1188555,43,0,19,0.004563314103016726,False,test,AB2C6_71
mp-1186225,339,0,334,0.0,False,test,AB3_221
mp-752669,49,0,23,0.010940562974162045,False,test,ABC4_15
mp-3803,3,0,0,,False,test,AB3C4_194
mp-867873,400,0,400,7.013435266038028e-17,True,test,ABC2_225
mp-1228775,3,0,0,,False,test,AB3C6_1
mp-29624,7,0,2,0.02001275296791832,False,test,A2B2C5_164
mp-978907,400,0,400,6.757800201594289e-17,True,test,ABC2_225
mp-753124,0,0,0,,False,test,A3B5C11_38
mp-1029281,22,0,5,0.0024189338160143185,False,test,ABCD3_156
mp-550807,53,0,13,0.0032022801419177675,False,test,ABC3_194
mp-1189342,124,0,124,0.002364110824481021,False,test,AB3C5_193
mp-557438,0,0,0,,False,test,A2B2C3D12_139
mp-1519152,52,0,52,0.009699956394847565,False,test,ABCDE6_2
mp-4230,273,0,264,0.0,False,test,ABC3_221
mp-1188575,93,0,93,0.000494272367583501,False,test,A3B5_193
mp-1080821,15,0,1,0.023403262516570926,False,test,AB3_11
mp-973185,280,0,36,9.892773219013823e-05,False,test,ABC2_166
mp-6072,7,0,6,0.006768645904144638,False,test,AB2C4D6_191
mp-1187203,122,0,122,1.6130959145598544e-16,False,test,AB3_225
mp-1077776,109,0,63,1.578401730796985e-16,False,test,AB2C3_191
mp-30293,3,0,2,0.02916557079412384,False,test,AB2C4_40
mp-621132,305,0,305,0.0010300519877148085,False,test,ABC_189
mp-31423,49,0,41,0.0016249648966899476,False,test,A3B4C4_71
mp-1105797,21,0,14,0.0016450799337869985,False,test,AB2C2_136
mp-8260,280,0,229,0.0005632186239020995,False,test,ABC2_166
mp-1207922,124,0,124,0.0015351574125091556,False,test,AB3C5_193
mp-975284,273,0,264,0.0,False,test,ABC3_221
mp-1223873,38,0,11,0.003328986217366937,False,test,ABC2D6_148
mp-867849,400,0,400,1.0072964103362919e-16,True,test,ABC2_225
mp-999455,280,0,229,5.404221932149336e-05,False,test,ABC2_166
mp-28019,11,0,1,0.027283427572727535,False,test,ABC5_11
mp-570611,400,0,400,6.752495450876201e-17,True,test,ABC2_225
mp-1177082,3,0,3,0.013523421818614944,False,test,AB5C8_65
mp-1113425,400,0,396,7.682341702103087e-05,True,test,ABC2D6_225
mp-635,339,0,334,0.0,False,test,AB3_221
mp-1215357,68,0,67,0.007470701526566373,False,test,ABC_38
mp-1227420,0,0,0,,False,test,ABC2D6_194
mp-753783,7,0,6,0.03424426949364269,False,test,AB4C5_59
mp-1102754,49,0,41,0.027276139888263495,False,test,A3B4C4_71
mp-14209,305,0,303,0.0006838284133362599,False,test,ABC_189
mp-1187897,400,0,400,1.4363403485359162e-16,True,test,ABC2_225
mp-20586,400,0,400,9.565331763481574e-17,True,test,ABC2_225
mp-6543,6,0,4,0.02759900483538398,False,test,ABC2D6_5
mp-989517,400,0,396,0.00030464458473895964,True,test,ABC2D6_225
mp-1176477,9,0,3,0.042787693319440254,False,test,AB2C3_74
mp-1221498,74,0,49,6.292859105402466e-05,False,test,AB2_164
mp-1228308,400,0,396,1.3245416727475264e-05,True,test,ABC2D6_225
mp-1828,132,0,121,1.3109635305813774e-16,False,test,AB2_227
mp-6841,1,0,1,0.030844252397356144,False,test,ABC2D4E10_121
mp-862655,400,0,353,3.0404020528965754e-05,True,test,AB3_194
mp-1112922,400,0,396,0.00010331425047666214,True,test,ABC2D6_225
mp-1114399,400,0,396,7.4174333675518e-05,True,test,ABC2D6_225
mp-554144,14,0,14,0.005843863321048668,False,test,A2B3C7_139
mp-571335,37,0,35,0.0028933057294757997,False,test,AB2_129
mp-865756,400,0,400,0.0,True,test,ABC2_225
mp-1221069,18,0,17,0.009540782372794163,False,test,ABC2D8_82
mp-1114594,400,0,396,0.0002490138344823428,True,test,ABC2D6_225
mp-3250,25,0,0,,False,test,AB2C2_194
mp-28657,14,0,14,0.008212088470593236,False,test,AB2C4_55
mp-568671,42,0,15,0.0053182779823707,False,test,A3B5_140
mp-1186923,400,0,354,0.0004462046186641893,True,test,AB3_194
mp-1533,339,0,334,0.0,False,test,AB3_221
mp-1206658,100,0,100,0.0009139337542173261,False,test,AB3C6_225
mp-10889,339,0,334,0.0,False,test,AB3_221
mp-1118832,6,0,0,,False,test,AB2C2_2
mp-12054,4,0,3,0.01770914287986734,False,test,A2B3_63
mp-981699,168,0,115,1.124349587133372e-16,False,test,ABC_194
mp-1113354,400,0,396,0.0002726966395916647,True,test,ABC2D6_225
mp-865150,400,0,400,0.0,True,test,ABC2_225
mp-1112721,400,0,396,0.00039471341848804737,True,test,ABC2D6_225
mp-1941,168,0,166,0.0,False,test,AB_221
mp-1224009,2,0,2,0.052077306224345296,False,test,AB3C4_156
mp-865465,400,0,400,1.812369459405416e-16,True,test,ABC2_225
mp-1187891,400,0,400,1.7817028656093253e-16,True,test,ABC2_225
mp-1205607,44,0,35,0.00204724005924898,False,test,ABCD2_63
mp-862291,400,0,400,1.6245439537280603e-16,True,test,ABC2_225
mp-1183810,400,0,400,1.4142829044879581e-16,True,test,ABC2_225
mp-1102311,49,0,41,0.00762895246010751,False,test,A3B4C4_71
mp-1228955,2,0,1,0.13638825943001637,False,test,ABC2D4E12_166
mp-1217788,2,0,2,0.02064145432589303,False,test,AB6C10_162
mp-1174022,10,0,0,,False,test,ABC3D5_1
mp-1205316,168,0,113,0.0,False,test,ABC_194
mp-763,57,0,28,6.112647748157026e-17,False,test,AB2_191
mp-27635,89,0,89,0.00014288865238705335,False,test,AB2C6_225
mp-1519242,52,0,52,0.0052085882183223915,False,test,ABCDE6_2
mp-863709,236,0,229,3.176970005636738e-17,False,test,AB3_139
mp-1102743,30,0,29,0.007961604660940223,False,test,AB2_205
mp-1113382,400,0,396,0.0004635895854722084,True,test,ABC2D6_225
mp-975729,16,0,13,0.0025175705629127605,False,test,AB2C2_70
mp-19877,400,0,400,0.0,True,test,ABC2_225
mp-866021,400,0,400,6.430327648899108e-17,True,test,ABC2_225
mp-758949,1,0,0,,False,test,AB2C3D8_1
mp-1186231,400,0,353,4.674922702490605e-06,True,test,AB3_194
mp-1207463,0,0,0,,False,test,A2B2C3_194
mp-1077443,40,0,31,0.0039038306438546576,False,test,ABC_139
mp-1030723,6,0,1,0.04333778209676463,False,test,AB2C2D3E4_156
mp-1225055,53,0,33,0.0001827969630969004,False,test,AB2C3_166
mp-983123,400,0,400,1.4819084822622825e-16,True,test,ABC2_225
mp-3614,273,0,264,0.0,False,test,ABC3_221
mp-558798,6,0,3,0.09338382142317017,False,test,ABC4_11
mp-755223,36,0,20,0.010172159059284881,False,test,AB3C4D8_12
mp-4034,158,0,1,0.005498745667822548,False,test,ABC2_63
mp-752973,1,0,0,,False,test,ABC4_9
mp-1188155,80,0,0,,False,test,AB3_62
mp-20959,156,0,145,0.0017150955850326708,False,test,AB2C2_127
mp-1079085,305,0,301,0.003201221630523464,False,test,ABC_189
mp-30364,62,0,62,8.870110208039519e-17,False,test,AB5_191
mp-9055,16,0,16,0.01679976795098029,False,test,ABCD6_163
mp-865230,400,0,400,7.166568824977088e-17,True,test,ABC2_225
mp-2311,168,0,2,0.0,False,test,AB_221
mp-1176407,21,0,2,0.10101054874416744,False,test,A2B3C4_15
mp-22875,168,0,166,0.0,False,test,AB_221
mp-864630,400,0,400,1.4225875688725423e-16,True,test,ABC2_225
mp-1104011,63,0,62,0.009705208768291854,False,test,ABCD3_63
mp-1188757,80,0,64,0.0035360794850195507,False,test,AB3_62
mp-2252,57,0,29,0.0,False,test,AB2_191
mp-1008511,280,0,160,0.00486738151648107,False,test,ABC2_166
mp-31172,42,0,27,0.010332399068271715,False,test,A3B5_140
mp-976949,339,0,334,0.0,False,test,AB3_221
mp-1072798,168,0,110,0.0,False,test,ABC_194
mp-1077470,177,0,119,0.0019541606480889175,False,test,ABC_129
mp-1228920,30,0,29,0.007450128026684505,False,test,ABCD6_74
mp-20214,339,0,334,0.0,False,test,AB3_221
mp-1187471,339,0,334,0.0,False,test,AB3_221
mp-1224821,6,0,6,0.008521693956960763,False,test,AB3C4_146
mp-8221,305,0,305,0.0028166756924613025,False,test,ABC_189
mp-1306070,16,0,1,0.10650652699206128,False,test,A2B3C4_2
mp-1023953,23,0,4,0.0012110312372086462,False,test,ABC_156
mp-3070,51,0,0,,False,test,AB2C3_12
mp-1208024,3,0,3,0.0015348525346289695,False,test,AB5C12_71
mp-19312,10,0,10,0.0006412257084301971,False,test,ABC2D5_71
mp-972810,400,0,400,1.1737035756878067e-16,True,test,ABC2_225
mp-1217991,4,0,4,0.005812708720500124,False,test,AB2C2D3_35
mp-24149,2,0,2,0.004992527555334485,False,test,ABC2D3_71
mp-1102613,49,0,41,0.00761621699177843,False,test,A3B4C4_71
mp-1014231,82,0,38,0.0028658208980146677,False,test,AB2_139
mp-1188836,42,0,27,0.009463222788925835,False,test,A3B5_140
mp-2695,33,0,17,0.0013740814015825288,False,test,AB2_58
mp-1104026,1,0,0,,False,test,AB2C12_166
mp-22339,305,0,305,0.00021856443243712656,False,test,ABC_189
mp-1187823,400,0,400,1.1793448063376627e-16,True,test,ABC2_225
mp-21491,9,0,7,0.01233138433030567,False,test,AB3C3_63
mp-11514,13,0,7,0.001833699147439014,False,test,AB2_71
mp-8308,2,0,2,0.08574419193292407,False,test,A2B3C7_166
mp-568501,13,0,6,0.026949124017935155,False,test,ABC2_139
mp-1029334,30,0,19,0.01718981288234986,False,test,AB2C3_36
mp-1221721,0,0,0,,False,test,ABC4D8_8
mp-1186011,400,0,400,1.1084474565177491e-16,True,test,ABC2_225
mp-21113,400,0,367,2.2941579356045722e-05,True,test,AB2C2_139
mp-1070713,273,0,264,0.0,False,test,ABC3_221
mp-1554,11,0,9,0.0074547375955054725,False,test,AB_189
mp-997030,136,0,48,0.0,False,test,ABC2_123
mp-18956,58,0,44,0.0009665849667533186,False,test,ABC4_141
mp-1215245,2,0,0,,False,test,ABC2D6_38
mp-862846,400,0,400,1.4727585745794383e-16,True,test,ABC2_225
mp-766094,16,0,1,0.19710597228103804,False,test,ABC2_19
mp-8573,2,0,1,0.07761366789473188,False,test,ABC6_67
mp-7623,1,0,1,0.019826416316436276,False,test,AB4_92
mp-1209865,99,0,2,0.023314465525065563,False,test,ABC_216
mp-570074,11,0,1,0.008312753135545798,False,test,AB3C4_12
mp-4096,11,0,11,0.0035743884704578007,False,test,ABC3_140
mp-1024067,21,0,1,0.014915712484580549,False,test,AB2C2_14
mp-1227293,1,0,1,0.024641167887416715,False,test,AB2C4D9_44
mp-20890,400,0,376,2.1891647219011144e-05,True,test,AB2C2_139
mp-1102140,48,0,48,0.01197535855186573,False,test,ABC_198
mp-1095099,67,0,52,0.014913043114060833,False,test,ABC6_148
mp-1418,339,0,334,0.0,False,test,AB3_221
mp-1518998,130,0,130,0.0002724317312571005,False,test,ABCDE6_216
mp-1113798,400,0,396,0.00017219041746125905,True,test,ABC2D6_225
mp-20271,65,0,50,0.006776103517371938,False,test,ABC2_129
mp-29992,1,0,1,0.04548898963212337,False,test,ABC7_2
mp-1078585,83,0,1,0.052015829018011606,False,test,AB_63
mp-1177942,5,0,0,,False,test,A2B2C5_15
mp-1224321,50,0,44,4.040032164000299e-05,False,test,ABC_74
mp-567981,400,0,400,1.0135013925439706e-16,True,test,ABC2_225
mp-1224988,136,0,51,0.0001817361157998477,False,test,ABC2_123
mp-865615,400,0,400,2.0996216581174213e-16,True,test,ABC2_225
mp-1079935,29,0,12,0.003507563980107669,False,test,ABC3_167
mp-13020,52,0,5,0.021551819667188252,False,test,AB2C5_140
mp-23710,43,0,36,0.00024265608037510772,False,test,AB2_136
mp-31185,400,0,400,0.0,True,test,ABC2_225
mp-2845,52,0,25,0.0,False,test,AB_194
mp-866226,400,0,400,1.3015403207600082e-16,True,test,ABC2_225
mp-1102935,400,0,356,0.007501594557376606,True,test,ABC_62
mp-1187064,339,0,334,0.0,False,test,AB3_221
mp-1226499,136,0,130,3.1156151624168796e-06,False,test,ABC4_216
mp-754559,8,0,2,0.041644669235226243,False,test,AB3C4D11_1
mp-1077347,136,0,130,1.2237893415938027e-05,False,test,ABC4_216
mp-973053,122,0,122,7.258638130937111e-17,False,test,AB3_225
mp-1106051,40,0,40,0.00018169892536441733,False,test,A3B3C4_220
mp-755724,28,0,16,0.01576952883251228,False,test,AB2C3D6_12
mp-1101043,4,0,3,0.03853200538588432,False,test,AB2C5_36
mp-1218346,21,0,16,0.0,False,test,AB_65
mp-862915,64,0,20,0.01568861919957069,False,test,AB2_63
mp-1186249,400,0,400,1.2358182093551584e-16,True,test,ABC2_225
mp-756579,17,0,17,0.013719378414446544,False,test,ABC2D4_7
mp-1103264,127,0,74,0.0002959486986600686,False,test,AB2_194
mvc-15544,46,0,3,0.025492471467452864,False,test,AB2C2_12
mp-1187099,400,0,400,9.104981159671868e-17,True,test,ABC2_225
mp-1225362,30,0,1,0.06335197105760379,False,test,AB2C5_63
mp-22116,74,0,13,0.0023249442864073603,False,test,AB2_164
mp-617543,36,0,6,0.08307920434855666,False,test,AB2C6_15
mp-342,145,0,145,0.0,False,test,AB_225
mp-1226986,2,0,2,0.012916552823889269,False,test,A2B3C6_5
mp-1217684,60,0,14,0.002619558139124744,False,test,AB2C2_71
mp-971787,74,0,43,0.000585058364806728,False,test,AB2_164
mp-1217282,9,0,8,0.005161717745839488,False,test,ABC4_97
mp-18762,7,0,4,0.01337497321648753,False,test,AB3C4_9
mp-1224910,22,0,15,0.03220436351210908,False,test,ABC4_14
mp-19178,110,0,21,0.0008769285663513404,False,test,ABC2_194
mp-1223574,4,0,2,0.011660958067898132,False,test,ABC3D8_8
mp-1274844,7,0,0,,False,test,AB2C3_1
mp-31081,45,0,40,0.006669925583568168,False,test,AB4C8_139
mp-1184739,400,0,400,2.4987002717845423e-16,True,test,ABC2_225
mp-865519,400,0,400,9.693956090854254e-17,True,test,ABC2_225
mp-555359,11,0,11,0.0015825364954850246,False,test,ABC3_140
mp-15973,127,0,127,0.0018075101281042666,False,test,AB2C4_227
mp-1112945,400,0,396,0.00013245416727778074,True,test,ABC2D6_225
mp-1216230,38,0,30,0.004151736605690818,False,test,AB2C10_71
mp-553000,7,0,1,0.05461883310850923,False,test,AB2C2D8_2
mp-1113404,400,0,396,1.0596333382082504e-05,True,test,ABC2D6_225
mp-16337,22,0,21,0.0028548834330843543,False,test,AB2C4_82
mp-3262,400,0,365,2.4826868789354405e-05,True,test,AB2C2_139
mp-865225,400,0,400,1.0003295440123407e-16,True,test,ABC2_225
mp-19367,54,0,34,0.024893430665453093,False,test,ABC2D6_15
mp-1221135,1,0,1,0.01563527817104808,False,test,ABC5D5_25
mp-557533,400,0,396,0.0008393184176081977,True,test,ABC2D6_225
mp-1207207,400,0,204,7.873786068982472e-05,True,test,AB2C2_139
mvc-5710,188,0,186,0.016807010883349377,False,test,ABC2D6_14
mp-1079388,16,0,12,0.0013452398345297207,False,test,AB2C2_70
mp-9068,7,0,7,0.007119563850941506,False,test,ABC2D2_72
mp-1219475,2,0,1,0.03518092885841396,False,test,AB2C2_160
mp-1217962,20,0,20,0.006106619323987654,False,test,ABCD4_107
mp-1223267,0,0,0,,False,test,A2B3C9_21
mp-45,26,0,26,0.0,False,test,A_225
mp-1232280,31,0,8,0.0013575153150594235,False,test,AB2_14
mp-864893,400,0,400,1.3219556733471085e-16,True,test,ABC2_225
mp-1189957,17,0,17,0.006709632594366234,False,test,AB3C6_182
mp-7881,400,0,368,8.586830024815144e-05,True,test,AB2C2_139
mp-5960,35,0,35,0.019810672284779392,False,test,AB3C6_14
mp-7459,7,0,1,0.03311850865535437,False,test,AB2_11
mp-1100795,7,0,0,,False,test,AB3_2
mp-3208,177,0,61,0.018852479541903697,False,test,ABC_129
mp-865932,400,0,400,1.1779711943339248e-16,True,test,ABC2_225
mp-1219178,2,0,1,0.0033679697933892104,False,test,AB3C4_47
mp-1078183,1,0,0,,False,test,ABC5_8
mp-558826,5,0,5,0.00288830735620068,False,test,ABCD6_11
mp-1205833,400,0,396,6.357800029332616e-05,True,test,ABC2D6_225
mp-1206041,100,0,100,0.005184256107256058,False,test,AB3C6_225
mp-753349,15,0,10,0.018580008697760813,False,test,ABCD4_63
mp-7144,273,0,264,0.0,False,test,ABC3_221
mp-672340,400,0,400,1.365732812327136e-16,True,test,ABC2_225
mp-1101871,22,0,21,0.0032797343247119217,False,test,AB2C8_123
mp-1215258,88,0,78,0.0,False,test,ABC_187
mp-9899,168,0,112,7.964636945611907e-17,False,test,ABC_194
mp-775762,61,0,1,0.06887531368619502,False,test,ABC3_14
mp-754161,22,0,10,0.005677569418952908,False,test,AB3C3_12
mp-31453,99,0,97,7.515654773580814e-17,False,test,ABC_216
mp-12746,1,0,1,0.014804947071864073,False,test,AB2C10_139
mp-1218474,2,0,1,0.032026970318167466,False,test,AB2C3D9_123
mp-1206494,305,0,305,0.0009130445772281764,False,test,ABC_189
mp-1184222,400,0,400,1.8898815746823663e-06,True,test,ABC2_225
mp-1183483,400,0,400,1.6624442993223227e-16,True,test,ABC2_225
mp-1188159,124,0,124,0.0023537182156102682,False,test,AB3C5_193
mp-1079300,53,0,38,0.005744181966175124,False,test,ABC3_194
mp-754668,2,0,0,,False,test,A2B3C3_8
mp-1228089,3,0,2,0.019066696683665046,False,test,AB2C2D3E12_160
mp-612175,0,0,0,,False,test,A3B4C4_47
mp-1176656,15,0,2,0.011206704060426644,False,test,AB2C4_2
mp-1217472,41,0,18,0.0130140774771468,False,test,ABC2_38
mp-8956,37,0,21,0.002950059745186897,False,test,A2B3_62
mp-2778,168,0,166,0.0,False,test,AB_221
mp-1207034,60,0,38,0.0018916979172978975,False,test,AB2C2_71
mp-1222850,11,0,8,0.018047456788571854,False,test,ABC2D6_26
mp-1102879,400,0,357,0.007809396535891855,True,test,ABC_62
mp-29741,3,0,0,,False,test,A2B3C3_12
mp-1216463,0,0,0,,False,test,A7B8_12
mp-1228912,136,0,49,2.235974420736637e-05,False,test,ABC2_123
mp-1111652,400,0,396,0.0002172248343354446,True,test,ABC2D6_225
mp-19830,145,0,145,0.0,False,test,AB_225
mp-28508,0,0,0,,False,test,AB2C2_8
mp-865810,400,0,400,1.48176155939692e-16,True,test,ABC2_225
mp-1080146,22,0,22,0.007865972866160429,False,test,A2B3_127
mp-58,16,0,16,0.0,False,test,A_229
mp-1094285,64,0,12,0.030971015653743293,False,test,AB2_63
mp-973402,122,0,122,1.5638516839575964e-16,False,test,AB3_225
mp-19375,11,0,3,0.023275483905201295,False,test,ABCD2_12
mp-1217557,88,0,65,7.511748040482612e-17,False,test,ABC_187
mp-1226104,0,0,0,,False,test,AB2C6_10
mp-1212792,20,0,20,0.0002752201164769445,False,test,AB4C12_229
mp-30971,40,0,2,0.027240404083983604,False,test,ABC2_14
mp-866195,400,0,400,6.421559033205032e-17,True,test,ABC2_225
mp-12673,130,0,103,0.0008840593411628681,False,test,AB2C2_164
mp-1215175,136,0,130,5.133003840621301e-06,False,test,ABC4_216
mp-21333,127,0,127,0.00020137258134747538,False,test,AB2C4_227
mp-1189471,4,0,3,0.004261758817340535,False,test,A2B3C5_36
mp-1112486,400,0,396,0.0004159060852521564,True,test,ABC2D6_225
mp-972022,400,0,400,1.0445662556959009e-16,True,test,ABC2_225
mp-1274542,15,0,14,0.0008436592307202338,False,test,ABC2D6_139
mp-1188187,2,0,0,,False,test,A2B3C4_194
mp-922,339,0,334,0.0,False,test,AB3_221
mp-755658,50,0,45,0.0004852428023826434,False,test,ABC2_141
mp-865623,400,0,400,1.4654547351274188e-16,True,test,ABC2_225
mp-605034,89,0,89,0.0038552976021480425,False,test,AB2C6_225
mp-31198,2,0,2,0.001425119558418758,False,test,A2B3_176
mp-1224498,10,0,10,0.007074199104962181,False,test,A5B5C6_38
mp-624070,400,0,400,1.187243908888337e-16,True,test,ABC2_225
mp-980059,400,0,400,9.546900735379361e-17,True,test,ABC2_225
mp-1205886,400,0,396,7.94725003673827e-06,True,test,ABC2D6_225
mp-643702,26,0,26,0.01937041875272257,False,test,AB3C5_140
mp-568519,49,0,41,0.0029969131977387866,False,test,A3B4C4_71
mp-1102840,400,0,358,0.005845388010270084,True,test,ABC_62
mp-862961,400,0,400,6.939060323812015e-17,True,test,ABC2_225
mp-19230,30,0,29,0.010432974430972988,False,test,AB2C3D8_164
mp-1226878,20,0,18,0.003397066541605035,False,test,AB3_187
mp-1079958,305,0,305,0.0012800703544526553,False,test,ABC_189
mp-1079242,305,0,302,0.0012767384479157428,False,test,ABC_189
mp-557724,6,0,6,0.006230908869422008,False,test,ABC6_132
mp-861971,400,0,400,7.027953648473513e-17,True,test,ABC2_225
mp-1206852,26,0,24,0.0009930356021056665,False,test,ABC_109
mp-13069,130,0,105,0.004166987489148933,False,test,AB2C2_164
mp-989591,400,0,396,1.2238765056178623e-05,True,test,ABC2D6_225
mp-1103796,37,0,24,0.00025891797170234326,False,test,ABC4_191
mp-1222982,37,0,34,0.0007244994913534117,False,test,ABC4_187
mp-1226669,50,0,44,0.0005872592347366089,False,test,ABC_74
mp-2435,62,0,62,7.868786584233835e-17,False,test,AB5_191
mp-973979,400,0,400,8.640814826551315e-17,True,test,ABC2_225
mp-16060,17,0,12,0.009656243645415622,False,test,ABC4_140
mp-1185835,21,0,21,0.0007856242404525012,False,test,AB5_155
mp-1101897,400,0,7,0.012161973666460674,True,test,ABC_62
mp-1219423,29,0,29,0.0015626973795021745,False,test,AB2C3_25
mp-1102284,48,0,48,0.015007115704974028,False,test,ABC_198
mp-1952,0,0,0,,False,test,A7B13_164
mp-1186679,400,0,400,1.8898815743014175e-06,True,test,ABC2_225
mp-7945,4,0,4,0.013428531757892635,False,test,AB3_121
mp-16293,5,0,5,0.005934316576849159,False,test,ABC3_227
mp-19927,168,0,37,0.0044707696077823855,False,test,ABC_194
mp-1190078,26,0,2,0.008232237449077168,False,test,ABC6_123
mp-1211421,18,0,18,0.005931661021142257,False,test,ABC2D8_164
mp-1027580,23,0,3,0.002446124249080901,False,test,ABC_156
mp-9264,168,0,113,3.638859813944367e-17,False,test,ABC_194
mp-9928,67,0,52,0.012699197095984134,False,test,ABC6_148
mp-1181438,52,0,44,0.003892435321472325,False,test,AB2C5_140
mp-162,26,0,26,0.0,False,test,A_225
mp-30004,76,0,52,0.0026795634574482054,False,test,AB2C4_139
mp-1219684,50,0,44,5.3516012516561654e-05,False,test,ABC_74
mp-1094464,122,0,122,1.2897466931788164e-16,False,test,AB3_225
mp-19248,10,0,10,0.0029547277726673857,False,test,ABC2D5_71
mp-4955,400,0,400,2.2880212248536954e-16,True,test,ABC2_225
mp-1463,132,0,121,2.243436122795212e-16,False,test,AB2_227
mp-864837,400,0,400,9.955331051390014e-17,True,test,ABC2_225
mp-1207118,400,0,396,4.2385333528883583e-05,True,test,ABC2D6_225
mp-1212895,2,0,2,0.002044146412310216,False,test,A2B3C12_139
mp-569115,110,0,5,0.002617844152287656,False,test,ABC2_194
mp-1216420,2,0,2,0.006113124054801809,False,test,ABCD_164
mp-1096860,76,0,52,0.002042451412008443,False,test,AB2C4_139
mp-561428,10,0,10,0.0027630973807969044,False,test,AB3_167
mp-1186283,400,0,353,3.9536919444169335e-05,True,test,AB3_194
mp-568666,24,0,2,0.016755765636759335,False,test,ABC3_12
mp-1222951,1,0,0,,False,test,AB3C4D4_38
mp-1209911,400,0,358,0.00832681350997636,True,test,ABC_62
mp-867872,400,0,400,7.630168491207999e-17,True,test,ABC2_225
mp-1096867,130,0,106,0.028151120640261068,False,test,AB2C2_164
mp-25432,9,0,4,0.03097220428365744,False,test,ABCD4_2
mp-1025423,11,0,5,0.005370100032990452,False,test,ABC2_65
mp-1222222,23,0,3,0.017469193274709926,False,test,AB3C4D8_166
mp-1095545,127,0,74,0.00043771873987780244,False,test,AB2_194
mp-1027281,22,0,2,0.025046211398132935,False,test,ABCD3_156
mp-1105606,17,0,17,0.010461357410958721,False,test,ABC_46
mvc-15846,67,0,52,0.01184828289893005,False,test,ABC6_148
mp-20777,400,0,344,0.00545176181080135,True,test,ABC_62
mp-1102795,400,0,367,0.00825641026829894,True,test,ABC_62
mp-1224422,0,0,0,,False,test,AB2C3D3_174
mp-29767,1,0,0,,False,test,A4B5_14
mp-3847,41,0,22,0.0003141704300785922,False,test,ABC2_38
mp-752938,29,0,29,0.05835496081675078,False,test,ABC3_167
mp-865151,400,0,400,1.461063272482285e-16,True,test,ABC2_225
mp-21122,65,0,50,0.0043380964870468565,False,test,ABC2_129
mp-1519387,130,0,130,0.0003092539897601286,False,test,ABCDE6_216
mp-12855,48,0,35,0.005212035017289227,False,test,ABC2D4_121
mp-1103807,13,0,12,0.006724994862454798,False,test,AB2C4_66
mp-9061,273,0,264,0.0,False,test,ABC3_221
mp-556549,1,0,0,,False,test,A2B3_56
mp-2906,400,0,347,3.031725242987886e-05,True,test,AB2C2_139
mp-1101942,8,0,5,0.00594092623626522,False,test,AB2_64
mp-862962,400,0,400,9.642781138757037e-17,True,test,ABC2_225
mp-865172,400,0,400,9.74965254245166e-17,True,test,ABC2_225
mp-33615,68,0,65,0.0037424387640263277,False,test,AB2C4_122
mp-15963,305,0,305,0.0007461671642521502,False,test,ABC_189
mp-697179,3,0,3,0.0,False,test,AB_131
mp-676040,24,0,5,0.02225352760822753,False,test,ABC3_12
mp-7725,76,0,52,0.002813727996202768,False,test,AB2C4_139
mp-8753,22,0,5,0.0060796865543661415,False,test,AB2C4_166
mp-865964,400,0,400,2.255469407070475e-16,True,test,ABC2_225
mp-568284,102,0,2,0.008681909516479193,False,test,AB2_62
mp-1219504,1,0,0,,False,test,ABC3D6_8
mp-1254937,1,0,0,,False,test,ABC2D5_1
mp-996982,280,0,37,0.00041256101326767535,False,test,ABC2_166
mp-1208013,12,0,12,0.02481999685565511,False,test,ABC2D8_150
mp-559355,1,0,1,0.016699941857553413,False,test,ABC3D4_186
mp-1025156,12,0,12,0.0007951925321830389,False,test,AB6_221
mp-1114543,400,0,396,5.298166690945228e-06,True,test,ABC2D6_225
mp-27957,1,0,0,,False,test,AB3C4_167
mp-1206569,156,0,141,0.0018404395707112028,False,test,AB2C2_127
mp-1101778,400,0,354,0.011992911539830328,True,test,ABC_62
mp-12902,3,0,2,0.0005973170592042963,False,test,ABC2_113
mp-1190212,93,0,93,0.0026530166745038697,False,test,A3B5_193
mp-642725,1,0,1,0.028588897017821968,False,test,ABCD_186
mp-1174064,3,0,0,,False,test,ABC3D5_12
mp-11791,40,0,6,0.01300445762042216,False,test,ABC2_14
mp-1247004,130,0,103,0.0011215326642946611,False,test,AB2C2_164
mp-21882,400,0,347,8.969772147964274e-05,True,test,AB2C2_139
mp-27677,21,0,9,0.01436011362973676,False,test,AB3C4_123
mp-1278154,33,1,33,0.007172042715168579,False,test,ABC2D6_87
mp-1018130,82,0,12,0.013380416253547182,False,test,AB2_139
mp-1186234,4,0,0,,False,test,AB2_38
mp-1217342,37,0,34,0.00042171568392247613,False,test,ABC4_187
mp-30471,4,0,0,,False,test,AB_11
mp-555805,3,0,3,0.05236146743899203,False,test,ABC7_7
mp-571506,28,0,12,0.0011391443024346512,False,test,ABC_63
mp-50,16,0,16,0.0,False,test,A_229
mp-1184681,400,0,354,2.0530649466416274e-05,True,test,AB3_194
mp-759180,15,0,0,,False,test,AB2C3D8_12
mp-756468,24,0,15,0.008110368520089981,False,test,AB2C4_63
mp-1186024,122,0,122,1.7141448916802793e-16,False,test,AB3_225
mp-1206382,10,0,10,0.0034321258802998576,False,test,AB2C2_65
mp-1027761,20,0,2,0.03591170620395836,False,test,AB2C3_156
mp-1218116,68,0,67,0.0024817539516302878,False,test,ABC_38
mp-977567,400,0,400,1.8908518407225817e-16,True,test,ABC2_225
mp-11623,318,0,241,0.0077845050563353085,False,test,ABC3_62
mp-640147,127,0,127,0.000978341056411275,False,test,AB2C4_227
mp-571069,25,0,1,0.02296773489070265,False,test,A2B3C4_12
mp-7908,22,0,21,0.0020516827863220287,False,test,AB2C4_82
mp-1068803,9,0,1,0.006435212411397289,False,test,AB4_12
mp-999189,339,0,334,0.0,False,test,AB3_221
mp-449,93,0,93,0.001231677680566623,False,test,A3B5_193
mp-757971,0,0,0,,False,test,A2B7C8_1
mp-1187412,0,0,0,,False,test,AB2C2_191
mp-1185062,400,0,400,1.7616343910275622e-16,True,test,ABC2_225
mp-1183076,400,0,400,1.4947896497696507e-16,True,test,ABC2_225
mp-1189146,8,0,8,0.0027547156994693033,False,test,A2B3C13_191
mp-1223872,37,0,34,0.00098972325321405,False,test,ABC4_187
mp-22382,400,0,400,9.719295763262583e-17,True,test,ABC2_225
mp-1222020,1,0,1,0.017219848396474544,False,test,AB2C2_216
mp-867187,400,0,400,1.250867090826987e-16,True,test,ABC2_225
mp-2267,57,0,27,4.5671993565236946e-17,False,test,AB2_191
mp-1190096,107,0,27,0.002229570624449088,False,test,ABC2_62
mp-29209,130,0,104,0.004113552437439227,False,test,AB2C2_164
mp-15785,280,0,228,7.095030321068679e-05,False,test,ABC2_166
mp-13854,6,0,1,0.000521922066961111,False,test,A2B3_194
mp-27849,23,0,20,0.020148892425651523,False,test,ABC_59
mp-36577,4,0,0,,False,test,AB2C4_1
mp-569017,33,0,11,0.05960387300616658,False,test,AB2_58
mp-752910,13,0,11,0.013534527582262899,False,test,AB3C4_65
mp-1205629,100,0,100,0.00336168676551262,False,test,AB3C6_225
mp-23795,9,0,1,0.2648063214375966,False,test,AB2C2D4_12
mp-22740,168,0,113,3.839076882055678e-17,False,test,ABC_194
mp-1007656,339,0,334,0.0,False,test,AB3_221
mp-30460,99,0,97,1.4206576858484155e-16,False,test,ABC_216
mp-1079096,400,0,396,0.00013245416727791827,True,test,ABC2D6_225
mp-753128,7,0,1,0.014646723696640135,False,test,ABC2D2_164
mp-15988,51,0,51,1.860555616334036e-16,False,test,ABC2_216
mp-1206967,100,0,100,0.0002490138344823884,False,test,AB3C6_225
mp-756477,1,0,0,,False,test,ABCD4_6
mp-1518827,52,0,52,0.00381697212131839,False,test,ABCDE6_2
mp-1218363,1,0,0,,False,test,ABC2D4_139
mp-447,168,0,166,0.0,False,test,AB_221
mp-753326,2,0,0,,False,test,AB2C6_150
mp-1517190,400,0,396,8.911516374433213e-05,True,test,ABC2D6_225
mp-22041,400,0,351,0.0035259566252382694,True,test,ABC_62
mp-22766,127,0,127,0.0009542593501391599,False,test,AB2C4_227
mp-862432,400,0,400,1.0884307108638604e-16,True,test,ABC2_225
mvc-13123,1,0,1,0.0454062978657202,False,test,ABCD6_7
mp-755438,2,0,1,0.04740548956457558,False,test,AB2C2D3_8
mp-1218091,12,0,6,0.062193421351251194,False,test,ABC2D6_7
mp-1101093,21,0,8,0.007518518043445137,False,test,AB3C4_123
mp-10065,109,0,63,3.6145456023811735e-17,False,test,AB2C3_191
mp-1014229,82,0,30,0.0010750103448190788,False,test,AB2_139
mp-863731,1,0,1,0.1173718964272015,False,test,ABC4D4_88
mp-1206785,60,0,38,0.0029986167006567878,False,test,AB2C2_71
mp-7617,7,0,7,0.003993922594493305,False,test,AB3C6_139
mp-1207040,400,0,396,2.6490833452280393e-06,True,test,ABC2D6_225
mp-1218887,4,0,3,0.0,False,test,ABCD_123
mp-772213,1,0,1,0.04295585537522558,False,test,AB4C8_65
mp-34289,22,0,3,0.012616092112479459,False,test,ABC4_12
mp-12007,136,0,130,3.569871177288847e-05,False,test,ABC4_216
mp-8122,168,0,113,3.0971471076886226e-17,False,test,ABC_194
mp-2659,15,0,0,,False,test,AB3_12
mp-1029791,21,0,20,0.009066958656712101,False,test,ABC2_33
mp-1078758,400,0,396,2.019602309649359e-05,True,test,ABC2D6_225
mp-1104243,45,0,40,0.0030668055038204794,False,test,AB4C8_139
mp-5399,400,0,347,0.00013188037460216742,True,test,AB2C2_139
mp-1266335,2,0,1,0.15382734326801722,False,test,ABCD5_1
mp-1102565,400,0,360,0.018828169404488834,True,test,ABC_62
mp-1239166,78,0,78,0.005509558490784499,False,test,AB2C3D8_166
mp-972048,0,0,0,,False,test,AB6_225
mp-850978,9,0,1,0.21661739326008483,False,test,ABC4_74
mp-754872,4,0,0,,False,test,A5B6C7_5
mvc-9650,28,0,25,0.00936016521609698,False,test,ABC2D6_31
mp-978845,400,0,354,6.77836941202338e-06,True,test,AB3_194
mp-3489,400,0,348,0.0006151977592892216,True,test,AB2C2_139
mp-1078886,69,0,67,0.0034951070828962622,False,test,AB2C2_129
mp-560515,1,0,1,0.01613624896471091,False,test,AB2C4D10_139
mp-1103248,400,0,363,0.007488689968555782,True,test,ABC_62
mp-2442,168,0,166,0.0,False,test,AB_221
mp-1232083,127,0,127,0.00023919399560626202,False,test,AB2C4_227
mp-28302,22,0,5,0.0058082288515172486,False,test,AB2C4_166
mp-1215509,3,0,1,0.027007826141231598,False,test,AB2_123
mp-1226862,29,0,28,0.002649024657859932,False,test,AB2C3_25
mp-1186721,400,0,352,0.0001170273592285864,True,test,AB3_194
mp-1078520,2,0,2,0.03998092732736829,False,test,ABC2_58
mp-2132,145,0,145,7.726312414886147e-07,False,test,AB_225
mp-1540546,34,0,34,0.02794238241375645,False,test,ABC3_161
mp-1245745,280,0,229,4.593733435782223e-05,False,test,ABC2_166
mp-571008,400,0,367,0.00011043484361227446,True,test,AB2C2_139
mp-1185826,400,0,400,0.0,True,test,ABC2_225
mp-19252,400,0,16,0.030200230483663906,True,test,AB2C2_139
mp-358,2,0,2,0.11370972187754765,False,test,AB_152
mp-5564,400,0,368,0.0001605104457729495,True,test,AB2C2_139
mp-1210524,52,0,44,0.004683063176773949,False,test,AB2C5_140
mp-4311,88,0,75,0.0006929413821020822,False,test,ABC_186
mp-1185948,20,0,6,6.993171701383587e-05,False,test,AB2_189
mp-3525,13,0,7,0.006710546209765722,False,test,AB2C2_166
mp-1067627,24,0,0,,False,test,AB_12
mp-850214,53,0,4,0.019071556469982518,False,test,ABCD4_74
mp-1185099,400,0,353,2.377410565539748e-05,True,test,AB3_194
mp-628606,89,0,89,2.6960123092265154e-06,False,test,AB2C6_225
mp-19402,2,0,1,0.06509336639325768,False,test,A2B4C11_12
mp-1227567,25,0,0,,False,test,AB4C7_8
mp-1184352,400,0,400,6.124252946075773e-17,True,test,ABC2_225
mp-1222651,51,0,51,1.7474868726833317e-16,False,test,ABC2_216
mp-756217,5,0,3,0.049430664589742025,False,test,ABC2D4_20
mp-13536,305,0,305,0.001266558947157899,False,test,ABC_189
mp-28768,1,0,1,0.008650332144931617,False,test,AB4C4_114
mp-1215921,53,0,5,0.0018512602238069064,False,test,ABC4_65
mp-10971,50,0,45,0.0009463679272985994,False,test,ABC2_141
mp-28218,318,0,43,0.015469951056679164,False,test,ABC3_62
mp-1102313,400,0,354,0.013812879078523257,True,test,ABC_62
mp-760507,7,0,7,0.020938867928020955,False,test,ABC4_109
mp-1095507,48,0,48,0.007294535564704114,False,test,ABC_198
mp-30815,109,0,55,1.428731675046349e-16,False,test,AB2C3_191
mp-8176,280,0,228,6.299192330708264e-05,False,test,ABC2_166
mp-1115,74,0,47,0.0018859101937056101,False,test,AB2_164
mp-1079518,69,0,67,0.0026866562567721512,False,test,AB2C2_129
mp-1112446,400,0,396,7.947250036760004e-06,True,test,ABC2D6_225
mp-863675,400,0,400,1.7184828706479694e-16,True,test,ABC2_225
mp-568722,42,0,3,0.0027665649353978542,False,test,AB2_166
mp-1245537,21,0,20,0.015697191004863328,False,test,ABC2_33
mp-30314,4,0,4,0.005692584511357331,False,test,AB2C4_123
mp-1775,52,0,20,8.106363143407138e-17,False,test,AB_194
mp-3109,40,0,31,0.02098094383877822,False,test,ABC_139
mp-1218581,35,0,32,0.02683340224057475,False,test,AB3C4D12_6
mp-10152,69,0,67,0.0015541919963572945,False,test,AB2C2_129
mp-1103652,37,0,24,0.0002006227816360394,False,test,ABC4_191
mp-1104101,45,0,40,0.000819700629327254,False,test,AB4C8_139
mp-569831,5,0,1,0.015272759932895489,False,test,A3B4C6_166
mp-5628,6,0,4,0.014469094269960311,False,test,AB4C8_87
mp-862630,400,0,353,2.7231683507146167e-05,True,test,AB3_194
mp-1227010,4,0,0,,False,test,ABC2D2_6
mp-979435,400,0,400,7.99752373822018e-17,True,test,ABC2_225
mp-1185832,21,0,21,0.001232744737520177,False,test,AB5_155
mp-632326,4,0,1,0.020424694917546813,False,test,AB_36
mp-1112538,400,0,396,3.178900014658948e-05,True,test,ABC2D6_225
mp-1103557,15,0,10,0.014180731559299999,False,test,ABCD4_63
mp-1206442,400,0,396,0.00023576841775447896,True,test,ABC2D6_225
mvc-1660,1,0,1,0.02682858259070384,False,test,AB2C6_31
mp-756079,1,0,0,,False,test,AB2C6_147
mp-865119,400,0,400,1.3675872399477162e-16,True,test,ABC2_225
mp-30055,273,0,264,0.0,False,test,ABC3_221
mp-1078,127,0,74,0.001825000192621854,False,test,AB2_194
mp-978527,400,0,400,1.03768994529073e-16,True,test,ABC2_225
mp-752673,17,0,4,0.003951160973903343,False,test,AB2C4_64
mp-754249,0,0,0,,False,test,ABC2D3E12_1
mp-989633,36,0,14,0.048341818232821,False,test,ABC3_15
mp-754096,0,0,0,,False,test,ABC2D4_131
mp-1227758,188,0,185,0.01990558798663273,False,test,ABC2D6_14
mp-1226116,53,0,50,0.005405902274712923,False,test,ABCD4_74
mp-30449,99,0,97,0.0,False,test,ABC_216
mp-864923,400,0,400,1.3125247097002805e-16,True,test,ABC2_225
mp-3539,400,0,400,7.333122489787185e-17,True,test,ABC2_225
mp-1189516,35,0,35,0.021868385839284757,False,test,AB3C6_14
mp-1222513,28,0,6,0.014384458528552939,False,test,AB2C3D6_12
mp-555229,4,0,0,,False,test,ABC2D5_7
mp-568718,236,0,3,0.0051736415452147445,False,test,AB3_139
mp-15297,57,0,57,0.002289696103480608,False,test,AB2C6_189
mp-4771,400,0,400,7.336660593416629e-17,True,test,ABC2_225
mp-306,0,0,0,,False,test,A2B3_152
mp-9763,18,0,18,0.01232761150445461,False,test,ABC2D4_70
mp-29210,64,0,14,0.15724695225347274,False,test,AB2_63
mp-1218208,38,0,37,0.011409132350607334,False,test,ABCDE6_7
mp-1001,20,0,4,0.027900425642209615,False,test,AB2_15
mp-1217127,21,0,3,0.01723455377103674,False,test,ABC2D6_146
mp-1104165,3,0,3,0.014773980139582284,False,test,AB12_204
mp-1188135,26,0,10,0.004738034222157382,False,test,AB2C2_62
mp-30532,6,0,3,0.033129448668454145,False,test,AB2C4_4
mp-775761,5,0,3,0.06048944381993493,False,test,ABC3_198
mp-1221793,74,0,50,0.0001614092044381182,False,test,AB2_164
mp-28580,51,0,0,,False,test,AB2C3_12
mp-1308421,5,0,1,0.03140139287748115,False,test,AB3C4D12_12
mp-30674,93,0,93,0.0013808997081855888,False,test,A3B5_193
mp-1217482,136,0,130,1.3270786098788333e-05,False,test,ABC4_216
mp-1177479,24,0,16,0.023438742359891074,False,test,AB3C4D12_1
mp-552292,30,0,28,0.00778799466895993,False,test,ABC2D4_123
mp-1220245,15,0,15,0.011704416651902283,False,test,AB2C4_115
mp-2837,62,0,62,8.938797213890757e-17,False,test,AB5_191
mp-22918,16,0,13,0.0008598735313913125,False,test,AB3_176
mp-1095216,44,0,44,0.004468185633858088,False,test,ABC4_88
mp-23023,177,0,140,0.003010193326623477,False,test,ABC_129
mp-976128,23,0,23,0.0022199788808919727,False,test,AB5_189
mp-20023,168,0,166,0.0,False,test,AB_221
mp-1183521,14,0,14,0.002163962721797095,False,test,ABC3_74
mp-1188153,42,0,15,0.006563191753719347,False,test,A3B5_140
mp-1227254,1,0,1,0.024684812839957077,False,test,ABC3D3E12_148
mp-1209742,188,0,185,0.008434714021188392,False,test,ABC2D6_14
mp-753525,1,0,0,,False,test,ABC3_76
mp-1224113,75,0,75,0.004428128946621672,False,test,ABC3_107
mp-642477,20,0,20,0.0009546096347731858,False,test,AB4C12_229
mp-1184699,400,0,400,0.0,True,test,ABC2_225
mp-865868,400,0,400,1.6768803924390404e-16,True,test,ABC2_225
mp-2236,11,0,0,,False,test,AB_14
mp-21012,6,0,6,0.02233543809094835,False,test,A3B5_55
mp-1077736,40,0,31,0.00819321376964178,False,test,ABC_139
mp-556004,2,0,2,0.037754732431145355,False,test,A2B2C3D5_139
mp-1225255,9,0,9,9.180689107556183e-05,False,test,AB2C3_187
mp-6152,188,0,186,0.00889196486431921,False,test,ABC2D6_14
mp-764063,7,0,1,0.013684036012918422,False,test,ABC2D2_164
mp-1224206,19,0,19,0.017313135032899357,False,test,AB4C8_25
mp-973553,45,0,40,0.0011666571078825473,False,test,AB4C8_139
mp-1206110,15,0,0,,False,test,ABC6_225
mp-979270,400,0,400,9.016250087975664e-17,True,test,ABC2_225
mp-979434,400,0,400,1.1925014057029355e-16,True,test,ABC2_225
mp-1113286,400,0,396,0.00031259183477525313,True,test,ABC2D6_225
mp-1228540,5,0,5,0.008347060060264654,False,test,AB2C9_123
mp-1184958,400,0,400,0.0,True,test,ABC2_225
mp-32811,8,0,0,,False,test,AB2_64
mp-1184333,400,0,400,7.44819990748104e-17,True,test,ABC2_225
mp-753611,17,0,0,,False,test,ABC3_33
mp-28629,1,0,1,0.005230865737494954,False,test,A5B6_65
mp-570271,10,0,2,0.004449804245976964,False,test,AB2C4_140
mp-1227408,16,0,10,0.0031330316046844463,False,test,AB2C4_10
mp-1080493,22,0,22,0.006249390624364174,False,test,A2B3_127
mp-1209118,18,0,18,0.010443269047762372,False,test,ABC2D8_164
mp-556003,14,0,14,0.00782161243932826,False,test,ABC3_74
mp-1001012,127,0,127,4.0073837459439456e-05,False,test,AB2C4_227
mp-23329,0,0,0,,False,test,AB2C6_41
mp-1223453,6,0,1,0.011206351913312826,False,test,A2B3C5_115
mp-1641,52,0,25,0.0,False,test,AB_194
mp-867202,60,0,22,1.7440888612835174e-16,False,test,A_194
mp-865441,400,0,400,1.945574587390679e-16,True,test,ABC2_225
mp-1021508,40,0,40,0.0020895713273031778,False,test,AB4C12_204
mvc-15792,7,0,2,0.045739561707589936,False,test,ABC5_2
mp-1293437,0,0,0,,False,test,AB4C8_8
mp-11506,20,0,18,0.0063535297285645925,False,test,AB3_59
mp-1215356,0,0,0,,False,test,A3B4C5_115
mp-1025896,3,0,3,0.025515367171891987,False,test,AB2C2D4_187
mp-20231,110,0,9,0.01184055043513252,False,test,ABC2_194
mp-990448,5,0,0,,False,test,A_191
mp-867289,400,0,400,6.890383143859836e-17,True,test,ABC2_225
mp-1183370,318,0,43,0.019090871330665338,False,test,ABC3_62
mp-5752,400,0,348,0.0001223126495982679,True,test,AB2C2_139
mp-1189391,109,0,8,0.0032563855752686752,False,test,AB2C3_191
mp-1521008,130,0,130,0.0007781152510904967,False,test,ABCDE6_216
mp-1094375,20,0,20,0.003703127205057849,False,test,AB5_38
mp-1228467,0,0,0,,False,test,AB2C3_108
mp-1187937,400,0,400,0.0,True,test,ABC2_225
mp-864915,400,0,16,0.0007659353601353193,True,test,AB3_194
mp-556662,2,0,0,,False,test,AB2_5
mp-1207606,15,0,15,0.006124442007253776,False,test,AB3C4D12_155
mp-861991,400,0,400,1.3141393891361821e-16,True,test,ABC2_225
mp-1218824,36,0,22,0.012612800210142971,False,test,ABC2D6_12
mp-8603,40,0,8,0.020149193423904754,False,test,ABC_139
mp-1225511,1,0,1,0.03269608954431242,False,test,A2B3C4_115
mp-1188375,2,0,1,0.04485283805463934,False,test,AB3C6_4
mp-1078108,6,0,3,0.0013051415005095172,False,test,AB2C4_71
mp-1222358,0,0,0,,False,test,ABCD6_146
mp-22106,318,0,240,0.004606203264737508,False,test,ABC3_62
mp-1184785,339,0,334,0.0,False,test,AB3_221
mp-505815,13,0,11,0.005476502616738883,False,test,ABC2D4_63
mp-30622,21,0,18,0.003357727662200367,False,test,A2B5_15
mp-19163,44,0,44,0.013036116571896432,False,test,ABC4_88
mp-1209336,5,0,2,0.0030921396932769374,False,test,A2B3_2
mp-978537,400,0,400,1.1340147320530282e-16,True,test,ABC2_225
mp-1225580,12,0,10,0.0027260277196407188,False,test,ABC4D4_123
mp-977399,400,0,400,1.2045656222533992e-16,True,test,ABC2_225
mp-1219862,9,0,6,0.0053871823736210125,False,test,A2B3_44
mp-5088,50,0,45,1.2344601021882603e-05,False,test,ABC2_141
mp-1184170,400,0,400,9.917308271316744e-17,True,test,ABC2_225
mp-1111259,400,0,396,6.092891694798976e-05,True,test,ABC2D6_225
mp-1183577,400,0,400,6.628717208839281e-17,True,test,ABC2_225
mp-1187378,400,0,400,6.638632982499688e-17,True,test,ABC2_225
mp-752471,6,0,6,0.03582034852375419,False,test,AB6C7_146
mp-1226792,400,0,348,0.00030669636950659103,True,test,AB2C2_139
mp-1189476,61,0,14,0.029690687032318926,False,test,ABC3_14
mp-1211167,21,0,21,0.011916605817528384,False,test,ABC4D8_216
mp-1189765,124,0,124,0.0011917457908104281,False,test,AB3C5_193
mp-1113432,400,0,396,8.212158371206914e-05,True,test,ABC2D6_225
mp-756793,2,0,0,,False,test,AB2C4D12_1
mp-2104,145,0,145,0.0,False,test,AB_225
mp-20467,11,0,11,0.0030934783492530776,False,test,AB4_127
mp-1102525,400,0,356,0.013488211886452835,True,test,ABC_62
mp-1227083,47,0,20,0.025067591541391075,False,test,AB2C3_164
mp-8117,42,0,13,0.023471269108518586,False,test,AB3C3_176
mp-1246735,400,0,16,0.016088908048828256,True,test,AB2C2_139
mp-772548,29,0,12,0.0017092452054459138,False,test,ABC3_167
mp-1217100,2,0,1,0.011023638866965777,False,test,AB3C4_164
mp-672290,168,0,101,0.00015594601954243162,False,test,ABC_194
mp-995201,124,0,124,0.002842898654355426,False,test,AB3C5_193
mp-8306,42,0,20,0.00803157484698809,False,test,AB3C3_176
mp-975726,5,0,5,0.011967293121433192,False,test,ABC4_51
mp-3927,168,0,114,5.351189691158766e-17,False,test,ABC_194
mp-1211447,5,0,5,0.002955186517084371,False,test,ABCD6_11
mp-755181,7,0,0,,False,test,A4B5C7_1
mp-1112145,400,0,396,2.649083345413769e-06,True,test,ABC2D6_225
mp-1189793,400,0,6,0.000898452648928759,True,test,AB3_194
mp-1225918,8,0,7,0.0042870999952710955,False,test,AB2C3_189
mp-1183804,400,0,400,9.937267950602707e-17,True,test,ABC2_225
mp-752933,8,0,6,0.041738403117150644,False,test,AB6C11_1
mp-29315,0,0,0,,False,test,A2B7C10_12
mp-1095180,11,0,3,0.015254811322554315,False,test,AB2C2_36
mp-1185238,400,0,400,0.0,True,test,ABC2_225
mp-568782,7,0,0,,False,test,AB2C8_12
mp-20247,35,0,32,0.0037405823988719434,False,test,AB2C4_136
mp-1183571,400,0,400,1.1579617182728193e-16,True,test,ABC2_225
mp-1018104,82,0,25,0.001354661001819842,False,test,AB2_139
mp-1188215,42,0,27,0.00592783006593271,False,test,A3B5_140
mp-830,32,0,32,0.0,False,test,AB_216
mp-25410,9,0,8,0.026333281435318257,False,test,ABCDE4_2
mp-754324,36,0,3,0.013171239273125208,False,test,AB3C4D8_12
mp-1079701,65,0,3,0.013370462275433505,False,test,ABC2_129
mp-21066,400,0,364,0.005925780591483345,True,test,ABC_62
mp-23963,5,0,0,,False,test,ABC3_19
mp-754171,400,0,349,0.05894544389815143,True,test,ABC_62
mp-1216856,13,0,0,,False,test,ABC2D4_10
mp-1207753,52,0,44,0.0037831488954338647,False,test,AB2C5_140
mp-1210651,52,0,44,0.005142391730245895,False,test,AB2C5_140
mp-780857,13,0,0,,False,test,ABC2D4_63
mp-20327,102,0,53,0.029832493287487872,False,test,AB2_62
mp-1216278,6,0,6,0.00803765425135672,False,test,ABC4_3
mp-1105135,3,0,1,0.01712211024701263,False,test,ABCD2_2
mp-1224639,21,0,21,0.010475763689464984,False,test,ABCD2_156
mp-977585,339,0,334,0.0,False,test,AB3_221
mp-1105949,93,0,93,0.0005845710222413703,False,test,A3B5_193
mp-1217158,2,0,0,,False,test,A2B5C5_8
mp-1188238,33,0,33,0.006882386667445995,False,test,A2B3C5_72
mp-756645,6,0,5,0.007588512388262909,False,test,A3B5C8_166
mp-37949,168,0,114,0.0,False,test,ABC_194
mp-9262,89,0,89,0.0004475380433259938,False,test,AB2C6_225
mp-9655,23,0,18,0.02375641686956013,False,test,AB4C4_2
mp-978771,16,0,12,0.001612868722633183,False,test,AB2C2_70
mp-23070,177,0,130,0.00544911097654544,False,test,ABC_129
mp-1184846,400,0,400,6.894047779108194e-17,True,test,ABC2_225
mp-1206251,39,0,37,0.006830374398217743,False,test,AB2C6_38
mp-8696,30,0,29,0.00789728954379805,False,test,AB2C3D8_164
mp-1182867,53,0,15,0.0031381618975569858,False,test,ABC4_65
mp-20310,21,0,20,0.014184518960105497,False,test,ABC2_33
mp-1226560,136,0,130,2.355183685866109e-06,False,test,ABC4_216
mp-754430,0,0,0,,False,test,A7B12_204
mp-1029418,30,0,4,0.016101295191657507,False,test,AB2C3_36
mp-1215461,5,0,2,0.011250236446481038,False,test,AB2C3_99
mp-11985,305,0,301,0.0020638089486581333,False,test,ABC_189
mp-1214761,40,0,40,0.001651181057341697,False,test,AB4C12_204
mp-20633,11,0,10,0.02951092535402659,False,test,AB2_60
mp-865472,400,0,400,0.0,True,test,ABC2_225
mp-1224156,23,0,22,0.005060275815133051,False,test,AB2C4_38
mp-22905,145,0,145,0.0,False,test,AB_225
mp-1217777,75,0,75,0.006428508809382254,False,test,ABC3_107
mp-1189408,188,0,185,0.007740262459463982,False,test,ABC2D6_14
mp-754363,76,0,52,0.0027524452483504323,False,test,AB2C4_139
mp-864920,400,0,400,1.3777017478498737e-16,True,test,ABC2_225
mp-867917,400,0,400,7.183499522517257e-17,True,test,ABC2_225
mp-1228495,2,0,2,0.015912037323749226,False,test,ABC2D2E2F8_38
mp-628773,83,0,0,,False,test,AB_63
mp-1228583,3,0,3,0.005796882377413334,False,test,AB2C6D6_12
mp-1216254,31,0,31,0.03891043239097434,False,test,AB6C6_71
mp-4738,40,0,31,0.0018038159453809821,False,test,ABC_139
mp-1187720,400,0,400,9.982207627201588e-17,True,test,ABC2_225
mp-1095674,24,0,1,0.013755361518429814,False,test,AB2C3_63
mp-1102963,43,0,36,0.0031139972321049076,False,test,AB2_136
mp-2566,145,0,145,0.0,False,test,AB_225
mp-19242,318,0,241,0.008294715384496469,False,test,ABC3_62
mp-1542959,22,0,2,0.005343184245425103,False,test,AB2C4_166
mp-1080605,305,0,236,0.01895248232850211,False,test,ABC_189
mp-1224245,23,0,22,0.005393450836212769,False,test,AB2C4_38
mp-1224060,32,0,18,0.01529460892836661,False,test,ABC2_160
mp-1246876,53,0,50,0.006029345200293888,False,test,ABCD4_74
mp-8436,22,0,2,0.01675865248343198,False,test,AB2C6_12
mp-1227058,20,0,20,0.004078335195511988,False,test,ABCD4_107
mp-10849,48,0,48,0.007161585173401029,False,test,ABC_198
mp-1247528,53,0,50,0.004596594943993177,False,test,ABCD4_74
mp-1211767,11,0,11,0.004432985218485832,False,test,ABC2D2E8_164
mp-1205793,44,0,36,0.0013424297075296434,False,test,ABCD2_63
mvc-14697,7,0,1,0.030255295127424864,False,test,AB5_2
mp-554737,7,0,0,,False,test,AB2C7_15
mp-1220470,21,0,21,0.005263024063620839,False,test,AB6C8_147
mp-1218433,8,0,1,0.0013346448255275878,False,test,AB3C4D12_229
mp-1226958,3,0,2,0.02819679950381491,False,test,ABC2D4_6
mp-12020,10,0,1,0.022796276333614862,False,test,ABC2D4_166
mp-1519247,400,0,396,0.00015171300319982158,True,test,ABC2D6_225
mp-614455,168,0,166,0.0,False,test,AB_221
mp-1210536,35,0,35,0.0038461593340121565,False,test,AB3C6_14
mp-972526,400,0,400,1.082922535310786e-16,True,test,ABC2_225
mp-1212756,400,0,355,0.04635567437741313,True,test,ABC_62
mp-1025129,28,0,6,0.004658104180359509,False,test,ABC_63
mp-1227803,6,0,0,,False,test,ABC2_8
mp-1220554,38,0,30,0.012878256795113988,False,test,AB2C10_71
mp-1227823,0,0,0,,False,test,A2B2C3D4_12
mp-557825,0,0,0,,False,test,ABC2D4_129
mp-982443,400,0,400,0.0,True,test,ABC2_225
mp-1222823,26,0,24,0.0011614408767117743,False,test,ABC_109
mp-755054,31,0,2,0.024991906876927893,False,test,A2B3C3_63
mp-1223410,35,0,32,0.016237752240457298,False,test,AB3C4D12_6
mp-973625,400,0,400,1.7140745040300857e-16,True,test,ABC2_225
mp-867147,400,0,400,1.750906536592839e-16,True,test,ABC2_225
mp-777676,36,0,7,0.1636454087399424,False,test,ABC3_15
mp-10172,60,0,30,0.0,False,test,A_194
mp-1225722,3,0,0,,False,test,A2B5_166
mp-28952,49,0,2,0.01997191606610439,False,test,ABC4_15
mp-20128,130,0,103,0.012042071974969941,False,test,AB2C2_164
mp-1106226,20,0,14,0.0033639064109195053,False,test,ABC2_71
mp-1639336,4,0,1,0.01827439235319762,False,test,ABCDE6_1
mp-1214413,13,0,7,0.27257017644162695,False,test,ABC2D5_123
mp-1186305,400,0,354,3.52424578391807e-05,True,test,AB3_194
mp-542909,4,0,4,0.031089719361614233,False,test,A_213
mp-1030614,36,0,5,0.002346490827659864,False,test,AB2C3D6_156
mp-560449,14,0,14,0.003909745960029565,False,test,A2B3C7_139
mp-865901,400,0,400,1.3258645552724265e-16,True,test,ABC2_225
mp-8192,31,0,23,0.00833548050603961,False,test,AB2C6_164
mp-870,5,0,1,0.014977717740387957,False,test,AB3_140
mp-35975,51,0,17,0.009623366204548496,False,test,AB2C3_12
mp-1291193,45,0,9,0.024080957749062857,False,test,AB2C4_74
mp-570589,1,0,1,0.04864540534948566,False,test,AB_41
mp-865109,400,0,400,0.0,True,test,ABC2_225
mp-1006246,339,0,334,0.0,False,test,AB3_221
mvc-10205,12,0,6,0.048675935602974396,False,test,ABC2D6_7
mp-756776,5,0,3,0.01860078814003069,False,test,ABCD2E5_2
mp-542632,83,0,71,0.0006905482708557198,False,test,AB_63
mp-8150,130,0,104,0.002163888727796168,False,test,AB2C2_164
mp-1521253,400,0,396,5.4889006919806426e-05,True,test,ABC2D6_225
mp-1226469,21,0,21,0.004928188016161739,False,test,ABCD2_156
mp-752748,16,0,5,0.026847272336231427,False,test,AB3C5_2
mp-1111945,100,0,100,5.298166691097046e-05,False,test,AB3C6_225
mp-11546,168,0,166,0.0,False,test,AB_221
mp-754272,16,0,14,0.032081613432694805,False,test,A2B2C3_14
mp-1040455,4,0,0,,False,test,ABC3D4_8
mp-11464,82,0,27,0.0003209263657446041,False,test,AB2_139
mp-3566,400,0,330,0.0001874370679583153,True,test,AB2C2_139
mp-1215574,4,0,4,0.002781379901521038,False,test,ABCD3_8
mp-1226515,29,0,21,0.003785471785171927,False,test,ABCD2_119
mp-1180667,16,0,16,0.010024931922384553,False,test,AB3C6_36
mp-976406,400,0,400,1.1406081835350505e-16,True,test,ABC2_225
mp-982557,400,0,352,0.00032510459691959535,True,test,AB3_194
mp-558658,1,0,0,,False,test,AB2C2D2_194
mp-1226465,4,0,4,0.03587953103191743,False,test,A3B3C8_166
mp-867290,64,0,12,8.412277035893093e-17,False,test,AB_187
mp-1220004,48,0,48,0.005147723310932623,False,test,ABC_198
mp-1205634,400,0,396,6.622708363853794e-05,True,test,ABC2D6_225
mp-23092,38,0,27,0.00396785631583178,False,test,ABC2D6_148
mp-8212,2,0,2,0.02791440583325541,False,test,AB3C6_65
mp-10676,156,0,132,0.0011548090697081328,False,test,AB2C2_127
mp-973199,400,0,349,4.680012650234663e-05,True,test,AB3_194
mp-510281,280,0,35,0.0020971957291149985,False,test,ABC2_166
mp-13163,168,0,37,0.0021797145624386765,False,test,ABC_194
mp-4728,18,0,3,0.014537618332660726,False,test,AB2C3_44
mp-1187613,400,0,400,0.0,True,test,ABC2_225
mp-1113625,400,0,396,0.00040266066852465414,True,test,ABC2D6_225
mp-972971,400,0,400,1.1502437323765628e-16,True,test,ABC2_225
mp-1184064,339,0,334,0.0,False,test,AB3_221
mp-2822,145,0,145,0.0,False,test,AB_225
mp-865234,400,0,400,1.6449019326615078e-16,True,test,ABC2_225
mp-1211033,2,0,0,,False,test,A2B3C12_139
mp-1963,49,0,44,0.0,False,test,AB_123
mp-752672,25,0,5,0.0011619785217422442,False,test,ABC2_15
mp-1104567,1,0,0,,False,test,ABC5_12
mp-1183230,236,0,229,0.0,False,test,AB3_139
mp-578,20,0,1,0.030453941405005958,False,test,AB2_189
mp-1078997,158,0,61,0.006870921226750004,False,test,ABC2_63
mp-554623,2,0,2,0.00685536607521616,False,test,A2B2C2D7_12
mp-21405,24,0,2,0.24420688589118125,False,test,AB_12
mp-1206665,5,0,5,0.003160572573878582,False,test,AB4C6_121
mp-1025257,55,0,31,0.0001118138853786145,False,test,ABC5_123
mp-753367,11,0,2,0.10337432802903813,False,test,ABC2_9
mp-1213363,318,0,241,0.005142771918735948,False,test,ABC3_62
mp-1178894,28,0,1,0.12196116633468307,False,test,ABC3_1
mp-1222467,28,0,0,,False,test,AB2C3D6_12
mp-1212671,3,0,3,0.014789079496197875,False,test,AB5C8_111
mp-1184276,400,0,400,2.4073871434703215e-16,True,test,ABC2_225
mp-1189352,0,0,0,,False,test,AB2C3D6E6_166
mp-1228414,400,0,396,5.5630750256418224e-05,True,test,ABC2D6_225
mp-1095585,22,0,21,0.0030661141100819453,False,test,AB2C8_123
mp-1094047,1,0,0,,False,test,A2B2C5_65
mp-12750,29,0,17,0.0029520928710033397,False,test,AB2_141
mp-4536,400,0,400,1.145199529910113e-16,True,test,ABC2_225
mp-2805,339,0,334,0.0,False,test,AB3_221
mp-615420,0,0,0,,False,test,AB3C10_2
mp-6962,400,0,344,0.00010515821474603106,True,test,AB2C2_139
mp-1521094,400,0,396,8.424085039122756e-06,True,test,ABC2D6_225
mp-555857,1,0,0,,False,test,ABC3_20
mp-1226141,2,0,1,0.04923542212169761,False,test,ABC6_5
mp-1185960,400,0,400,1.153692357860027e-16,True,test,ABC2_225
mp-546665,13,0,8,0.005434729218430634,False,test,ABC2D5_123
mp-754004,107,0,11,0.0037936379986906795,False,test,ABC2_62
mp-866207,400,0,400,1.2722693190952813e-16,True,test,ABC2_225
mp-1221282,1,0,1,0.057161035036680685,False,test,A2B2C7_6
mp-1219876,0,0,0,,False,test,AB3C4D4_115
mp-972633,400,0,400,7.019501361346385e-17,True,test,ABC2_225
mp-1218159,1,0,1,0.038810283958022974,False,test,AB2C2D6_107
mp-1224972,10,0,2,0.022489274935480145,False,test,ABC4_10
mp-1183676,400,0,344,6.620124115554212e-06,True,test,AB3_194
mp-1072097,136,0,130,1.2237893415774133e-05,False,test,ABC4_216
mp-21852,3,0,3,0.0027017937164528355,False,test,AB3C6_193
mp-568968,48,0,5,0.007349546457403134,False,test,ABC2D4_121
mp-1190128,33,0,33,0.004503269585507984,False,test,A2B3C5_72
mp-1111908,400,0,396,8.212158371213602e-05,True,test,ABC2D6_225
mp-1217891,26,0,3,0.000832365918110217,False,test,ABC6_123
mp-866283,400,0,400,1.1482314366971419e-16,True,test,ABC2_225
mp-1206000,305,0,301,0.0005130156327404685,False,test,ABC_189
mp-17272,24,0,1,0.029795166723778636,False,test,ABC3_12
mp-867786,400,0,400,1.0297559611534198e-16,True,test,ABC2_225
mp-1219032,1,0,1,0.05207310446944443,False,test,AB4C4D6_1
mp-866154,400,0,400,1.337489783596859e-16,True,test,ABC2_225
mp-23612,1,0,1,0.009646977405461023,False,test,AB3C6D10_160
mp-15002,188,0,185,0.007419525464060797,False,test,ABC2D6_14
mp-865875,122,0,122,2.1200679540336948e-16,False,test,AB3_225
mp-1206772,273,0,264,0.0,False,test,ABC3_221
mp-1220780,2,0,2,0.002724687290858983,False,test,ABC4D12_139
mp-675589,25,0,1,0.023127815661034997,False,test,ABC2_164
mp-1188091,33,0,33,0.0047910865455961,False,test,A2B3C5_72
mp-10347,2,0,2,0.05306173386561136,False,test,AB2C3D10_123
mp-1222512,0,0,0,,False,test,A3B4C8_21
mp-1188255,107,0,16,0.01520956255933653,False,test,ABC2_62
mp-1207404,124,0,124,0.002480447228564134,False,test,AB3C5_193
mp-1516403,130,0,130,8.222754704612302e-05,False,test,ABCDE6_216
mp-759178,10,0,2,0.01525014096458382,False,test,A2B3C5_12
mp-1205362,54,0,4,0.01691248875011626,False,test,ABC3_63
mp-1220177,53,0,21,0.00043149452859805876,False,test,ABC4_65
mp-1217940,3,0,0,,False,test,ABC3D8_1
mp-568928,6,0,3,0.0171199134080991,False,test,AB2C4_4
mp-977543,400,0,400,1.9042940589041117e-16,True,test,ABC2_225
mp-1220315,37,0,24,0.0019856311031707327,False,test,ABC4_123
mp-1101087,46,0,15,0.011641901519663413,False,test,AB2C2_12
mp-8605,88,0,80,3.408781351317023e-17,False,test,ABC_187
mp-20946,13,0,8,0.002846107475636799,False,test,ABC2D5_123
mp-989616,24,0,4,0.08139899225526678,False,test,ABC3_12
mp-760947,7,0,0,,False,test,A4B5C7_1
mp-4090,400,0,349,2.581161394740306e-06,True,test,AB2C2_139
mp-1078491,44,0,35,0.006833617473847901,False,test,ABCD2_63
mp-867258,400,0,400,1.2310664056146007e-16,True,test,ABC2_225
mp-15797,280,0,229,3.853825155305642e-05,False,test,ABC2_166
mp-1228967,0,0,0,,False,test,ABC2D4_187
mp-22647,58,0,44,0.001396896109509074,False,test,ABC4_141
mp-1317,7,0,7,0.0233632285593601,False,test,AB3_204
mp-27838,400,0,22,0.0003289430821786073,True,test,AB3_194
mp-14018,400,0,22,0.00031884718274485563,True,test,AB3_194
mp-505492,4,0,3,0.013280446666319267,False,test,ABC3_166
mp-982010,400,0,400,7.231047251171065e-17,True,test,ABC2_225
mp-780702,19,0,0,,False,test,A5B6C7_1
mp-1105593,20,0,20,0.008748374364660456,False,test,AB6C10_2
mp-1184018,236,0,229,0.0,False,test,AB3_139
mp-1226092,0,0,0,,False,test,A2B3C6_38
mp-1174020,10,0,0,,False,test,ABC3D5_1
mp-1186277,16,0,16,0.010111975915132215,False,test,AB3C6_36
mp-1018144,122,0,122,7.938128687395698e-17,False,test,AB3_225
mp-31509,83,0,1,0.04321872038543215,False,test,AB_63
mp-756257,10,0,7,0.02703032562980782,False,test,ABC4D12_5
mp-1025748,3,0,3,0.009667912961167388,False,test,AB2C2D4_187
mp-13538,7,0,6,0.016760396259576368,False,test,ABCD4_4
mp-1226510,1,0,1,0.014473396367184367,False,test,AB2C3D3_38
mp-1776,55,0,55,1.9166566547593813e-16,False,test,AB2_225
mp-756214,29,0,12,0.0008430440890593099,False,test,ABC3_167
mp-1189769,107,0,28,0.0051737401527721695,False,test,ABC2_62
mp-753704,16,0,0,,False,test,ABC4_2
mp-1025491,33,0,3,0.004524745960975932,False,test,AB3_63
mp-864670,400,0,400,1.0872998196856001e-16,True,test,ABC2_225
mp-1018663,37,0,36,0.018887544151450265,False,test,AB2_129
mp-31235,305,0,305,0.0008315046701023531,False,test,ABC_189
mp-1183084,236,0,229,3.244229868431761e-17,False,test,AB3_139
mp-972524,305,0,305,0.0010269884516781206,False,test,ABC_189
mp-1217975,23,0,13,0.016569744684696595,False,test,AB3C4_25
mp-14025,127,0,127,0.0002429519430225781,False,test,AB2C4_227
mp-864936,400,0,400,1.6386309342180066e-16,True,test,ABC2_225
mp-1212662,4,0,2,0.06268106640036959,False,test,ABC_29
mp-763901,3,0,0,,False,test,ABC3_72
mp-1287570,20,0,16,0.0048147014541642915,False,test,AB2C4_141
mp-1224475,0,0,0,,False,test,AB4_123
mp-568695,305,0,301,0.003923562816331577,False,test,ABC_189
mp-1105802,20,0,14,0.005037047199979899,False,test,ABC2_71
mp-1220270,42,0,7,0.003148712338040907,False,test,AB2_166
mp-1001600,11,0,11,0.000522362851491407,False,test,AB12_225
mp-1186396,400,0,400,7.239214168133025e-17,True,test,ABC2_225
mp-643801,1,0,0,,False,test,AB2C6D6_148
mp-21109,14,0,11,0.00025892375763907413,False,test,AB4_139
mp-756302,36,0,19,0.011616971285480131,False,test,AB3C4D8_12
mp-1027729,36,0,3,0.010636214991472851,False,test,AB2C3D6_156
mp-559246,15,0,13,0.004820805031931433,False,test,ABC6_166
mp-1209187,12,0,12,0.009647856913113649,False,test,ABC2D8_150
mp-1095537,49,0,41,0.0018599281790743292,False,test,A3B4C4_71
mp-11654,6,0,6,0.026227693175246824,False,test,ABC4_152
mp-1221886,1,0,1,0.012387463913019625,False,test,ABC4D8_81
mp-1103457,1,0,1,0.015963687152935856,False,test,A2B2C3D4_164
mp-1095560,0,0,0,,False,test,A2B3C3D3_189
mp-616378,9,0,9,0.015493383613194477,False,test,ABC3_127
mp-569028,89,0,89,0.000614690806496357,False,test,AB2C6_225
mp-7379,400,0,355,0.03289470296542341,True,test,ABC_62
mp-1078507,65,0,50,0.0012221452033659153,False,test,ABC2_129
mp-1213114,3,0,1,0.22031025984904298,False,test,ABCD3_9
mp-1025269,64,0,32,0.01234992068023653,False,test,AB2C4_12
mp-29199,1,0,0,,False,test,ABC_15
mp-562468,10,0,10,0.08376936519891343,False,test,AB3_167
mp-1180084,46,0,2,0.03210155275990776,False,test,AB2C2_12
mp-1001787,12,0,12,0.007327520781030002,False,test,AB3_44
mp-1227442,1,0,0,,False,test,AB2C3D5_1
mp-6766,54,0,36,0.012088203693420589,False,test,ABC2D6_15
mp-1104560,127,0,127,8.855150692544954e-06,False,test,AB2C4_227
mp-1025524,110,0,56,0.001012981678845334,False,test,ABC2_194
mp-559633,14,0,5,0.0030417413094951614,False,test,AB6C8_225
mp-1186017,122,0,122,2.3895087834235056e-16,False,test,AB3_225
mp-31237,0,0,0,,False,test,ABC7_74
mp-1215900,64,0,49,0.0,False,test,AB_187
mp-754186,30,0,17,0.02377469928779725,False,test,AB2C5_63
mp-1208543,188,0,186,0.007601503832573963,False,test,ABC2D6_14
mp-1208633,4,0,3,0.04644289271317397,False,test,ABCD4_173
mp-7238,318,0,8,0.00908568034214355,False,test,ABC3_62
mp-5670,127,0,127,0.00023543379507513798,False,test,AB2C4_227
mp-1187723,400,0,400,7.356813523530305e-17,True,test,ABC2_225
mp-9977,8,0,8,0.002627119881794814,False,test,AB2C4_72
mp-755685,17,0,13,0.093526627956251,False,test,ABC3_33
mp-510056,42,0,42,0.006543585423259969,False,test,AB3C4D12_204
mp-1111045,400,0,396,0.0010861241716786328,True,test,ABC2D6_225
mp-1206803,130,0,14,0.02943610490202119,False,test,AB2C2_164
mp-1222423,21,0,18,0.0805555631746847,False,test,ABC2D6_146
mp-1205778,305,0,302,0.0016962449694004182,False,test,ABC_189
mp-985782,102,0,0,,False,test,AB2_62
mp-3881,12,0,10,0.011445353037214744,False,test,ABC4_36
mp-1143773,1,1,1,6.491183231963849e-16,False,test,ABC2_167
mp-756811,5,0,4,0.019216272846032032,False,test,AB4C4_63
mp-1210746,273,0,264,0.0,False,test,ABC3_221
mp-567744,102,0,2,0.02127046892094329,False,test,AB2_62
mp-1187505,400,0,400,6.595957781482485e-17,True,test,ABC2_225
mp-865122,400,0,400,6.488984102561532e-17,True,test,ABC2_225
mp-3682,273,0,264,8.171453547655091e-17,False,test,ABC3_221
mp-1542038,39,0,1,0.031222324662405834,False,test,ABC3_2
mp-4169,58,0,44,0.0022510415623754336,False,test,ABC4_141
mp-1101894,42,0,12,0.01069508565320871,False,test,ABC_14
mp-30592,400,0,400,1.0451133144010848e-16,True,test,ABC2_225
mp-1222000,0,0,0,,False,test,ABC5_65
mp-1101972,102,0,80,0.00520742742871959,False,test,AB2_62
mp-998543,34,0,34,0.02910533134482013,False,test,ABC3_161
mvc-8320,42,0,42,0.0021182548161831944,False,test,AB3C4D12_204
mp-9981,11,0,10,0.01240397926626276,False,test,AB2_60
mp-1187216,400,0,400,0.0,True,test,ABC2_225
mp-863668,400,0,400,1.7063961869111037e-16,True,test,ABC2_225
mp-1189460,4,0,4,0.034400095501059116,False,test,ABC2D6E8_225
mp-754316,28,0,16,0.023835469232497342,False,test,AB2C3D6_12
mp-1520344,130,0,130,0.00015041495236075506,False,test,ABCDE6_216
mp-1070916,28,0,3,0.007351314185149423,False,test,ABC_63
mp-865788,400,0,400,1.3760628692773756e-16,True,test,ABC2_225
mp-1222905,26,0,20,0.0012179760577083333,False,test,ABC6_123
mp-1227261,280,0,229,1.9599519341573425e-05,False,test,ABC2_166
mp-1064843,339,0,334,0.0,False,test,AB3_221
mp-1078518,33,0,33,0.0057857823028984855,False,test,ABC2D6_87
mp-1183915,400,0,400,0.0,True,test,ABC2_225
mp-1005895,400,0,353,9.998624505792107e-05,True,test,AB3_194
mp-12872,55,0,31,0.000201390289257011,False,test,ABC5_123
mp-1187383,400,0,400,0.0,True,test,ABC2_225
mp-1518318,400,0,396,5.6769856095094925e-05,True,test,ABC2D6_225
mp-5760,177,0,149,0.0014604888253308987,False,test,ABC_129
mp-13005,53,0,38,0.0019902782620406082,False,test,ABC3_194
mp-1205823,400,0,396,2.649083345549378e-05,True,test,ABC2D6_225
mp-1178771,4,0,4,0.014408963820185333,False,test,ABC2D8_1
mp-997052,158,0,6,0.0059600752046620594,False,test,ABC2_63
mp-8939,11,0,7,0.0013702607927401527,False,test,AB2_180
mp-1105368,1,0,1,0.02081626197512007,False,test,ABC8_63
mp-567612,127,0,74,0.0007365407979107689,False,test,AB2_194
mp-571281,56,0,0,,False,test,A3B4_220
mp-1078871,34,0,34,0.028818557246518738,False,test,ABC3_161
mp-1890,4,0,2,0.011779165090999591,False,test,AB_141
mp-1186197,400,0,352,0.00016939533297287177,True,test,AB3_194
mp-545706,3,0,0,,False,test,A2B2C3D4_139
mp-3006,0,0,0,,False,test,A2B3C8_164
mp-1220381,27,0,27,0.0003186973485926469,False,test,ABC6_200
mp-1222940,0,0,0,,False,test,ABCD2E7_25
mp-867285,400,0,400,8.93406760998023e-17,True,test,ABC2_225
mp-1216737,58,0,38,0.03435627829577819,False,test,ABC_12
mp-865900,236,0,228,4.185664768710969e-17,False,test,AB3_139
mp-20662,1,0,1,0.013058974775477114,False,test,AB4_68
mp-1185398,400,0,400,6.342397517533067e-17,True,test,ABC2_225
mp-646420,156,0,147,0.0023654509003988287,False,test,AB2C2_127
mp-972187,400,0,366,0.00489054210125233,True,test,ABC_62
mp-1080573,54,0,37,0.008650039075782105,False,test,ABC3_63
mp-1205334,21,0,20,0.009978811719315903,False,test,ABC2D4_31
mp-1025033,136,0,130,1.8369426234416505e-05,False,test,ABC4_216
mp-1068941,60,0,7,0.004557998263075883,False,test,AB2C2_71
mp-1186434,400,0,400,7.994183149198618e-17,True,test,ABC2_225
mp-10558,4,0,4,0.004856415996523356,False,test,A2B3C6_139
mp-8013,15,0,13,0.01463285138059731,False,test,ABC6_166
mp-1190231,20,0,20,0.0005677617787463857,False,test,AB4C12_229
mp-690794,280,0,229,5.064230895456862e-06,False,test,ABC2_166
mp-568672,400,0,355,0.013394220419151765,True,test,ABC_62
mp-1209259,18,0,18,0.01688703331588982,False,test,ABC2D8_164
mp-867161,339,0,334,0.0,False,test,AB3_221
mp-3346,40,0,31,0.002030470000087213,False,test,ABC_139
mp-1186616,400,0,400,6.724499609172725e-17,True,test,ABC2_225
mp-10872,400,0,400,1.9037964955417643e-16,True,test,ABC2_225
mp-581934,339,0,334,0.0,False,test,AB3_221
mp-1028772,19,0,7,0.008753273498753055,False,test,ABC_164
mp-19901,400,0,360,0.007827097262878287,True,test,ABC_62
mp-18909,0,0,0,,False,test,AB2C2D8_148
mp-1078704,52,0,4,0.006824472299305101,False,test,ABCD_129
mp-8578,273,0,264,0.0,False,test,ABC3_221
mp-1220035,23,0,8,0.006411859283949579,False,test,ABC_156
mp-1080489,305,0,305,0.0007281268041869353,False,test,ABC_189
mp-1224376,22,0,2,0.20204814972759697,False,test,ABC2_26
mp-866173,400,0,400,0.0,True,test,ABC2_225
mp-1206177,28,0,6,0.0020897046452411365,False,test,ABC_63
mp-1226399,4,0,2,0.0612715652921177,False,test,ABC4D12_123
mvc-5013,188,0,186,0.08354231532574571,False,test,ABC2D6_14
mp-977425,400,0,400,1.1172005619047466e-16,True,test,ABC2_225
mp-1186693,400,0,400,0.0,True,test,ABC2_225
mp-9843,21,0,12,0.012347690958795812,False,test,A2B3C4_15
mp-945228,26,0,0,,False,test,AB2C2_62
mp-865051,400,0,400,9.121318278849585e-17,True,test,ABC2_225
mp-1187740,400,0,400,1.0712602227359595e-16,True,test,ABC2_225
mp-30683,8,0,6,0.012785357558510681,False,test,AB2_65
mp-1208363,45,0,5,0.00023190258835899328,False,test,AB4C8_139
mp-1660,168,0,166,0.0,False,test,AB_221
mp-1225523,20,0,20,0.00022758653466241712,False,test,AB3_187
mp-4117,1,0,1,0.04675448898473672,False,test,A2B2C5_37
mp-1218466,12,0,12,0.011657969471841003,False,test,AB2C3D8_38
mp-1209528,9,0,1,0.18208805574931103,False,test,AB2C6_64
mp-1215933,19,0,19,0.0006848924886365549,False,test,ABC3_119
mp-1220335,4,0,4,0.0017413891792080636,False,test,ABC_42
mp-1227012,6,0,3,0.01018240320199507,False,test,AB2C9_160
mp-1232301,127,0,127,0.00016280638664239243,False,test,AB2C4_227
mp-21084,5,0,4,0.02934228954261154,False,test,AB2C6D8_225
mp-571486,83,0,0,,False,test,AB_63
mp-14410,11,0,10,0.0282432297773065,False,test,AB6C12_148
mp-1079192,33,0,33,0.013234836992821884,False,test,ABC2D6_87
mp-13501,41,0,22,0.0003284185615676025,False,test,ABC2_38
mp-1079329,304,0,304,0.002472785217381692,False,train,ABC_189
mp-9172,4,0,4,0.034343553673044994,False,train,AB4C4_63
mp-1205871,56,0,56,0.0012037403625876017,False,train,AB2C6_189
mp-1112938,400,0,396,7.94725003661359e-06,True,train,ABC2D6_225
mp-1186715,1,0,0,,False,train,ABC2D2E4_2
mp-1188098,79,0,4,0.013798966713767591,False,train,AB3_62
mp-6586,399,0,395,0.0015046793402767136,True,train,ABC2D6_225
mp-9789,60,0,8,0.025826720780506778,False,train,ABC3_14
mp-1185392,400,0,400,6.704703926976963e-17,True,train,ABC2_225
mp-1227977,4,0,2,0.022286797028415635,False,train,AB2C3D6_164
mp-1105702,10,0,1,0.023122979628144434,False,train,AB3C4_140
mp-2693,144,0,144,0.0,False,train,AB_225
mp-14244,30,0,26,0.0346857095221376,False,train,A2B3C3_63
mp-7331,7,0,7,0.0021203089397537306,False,train,ABC2D6E6_225
mp-1018936,176,0,95,0.0025362339384996427,False,train,ABC_129
mp-2249,167,0,165,0.0,False,train,AB_221
mp-865316,400,0,400,6.335946750352088e-17,True,train,ABC2_225
mp-1206436,304,0,304,0.0005831287149306385,False,train,ABC_189
mp-1113877,399,0,395,7.947250036846698e-06,True,train,ABC2D6_225
mp-643385,13,0,4,0.022056840710537793,False,train,ABCD_62
mp-2348,81,0,29,0.0003257450636915106,False,train,AB2_139
mp-1189719,1,0,1,0.0570803781688329,False,train,A2B3C5D8_8
mp-13275,304,0,304,0.0007289779168469327,False,train,ABC_189
mp-1102568,399,0,354,0.00840049575435728,True,train,ABC_62
mp-10223,10,0,3,0.00963029565384596,False,train,AB2C2_36
mp-35739,49,0,44,0.00020752853727523188,False,train,ABC2_141
mp-19399,24,0,23,0.005430500301016129,False,train,A2B3_167
mp-5348,28,0,17,0.0014565450877465894,False,train,ABC3_167
mp-10000,126,0,5,0.02399981974938735,False,train,AB2_194
mp-1069160,399,0,15,0.004822860967659024,True,train,AB2C2_139
mp-2489,144,0,144,0.0,False,train,AB_225
mp-11322,82,0,70,0.013423796349509782,False,train,AB_63
mp-574653,7,0,7,0.012649703158572454,False,train,ABC2D6E6_225
mp-973634,9,0,7,0.004159090885523955,False,train,AB3C3_194
mp-774702,5,0,4,0.051686378179054755,False,train,AB3C4_13
mp-22391,13,0,13,0.009438149395674585,False,train,A2B3C7_139
mp-1215514,20,0,20,0.003424782221543293,False,train,ABCD2_156
mp-13120,74,0,74,0.003498070693300044,False,train,ABC3_107
mp-1104817,29,0,28,0.01125293785992251,False,train,AB2C3D8_164
mp-22306,75,0,6,0.0002592960265264027,False,train,AB2C4_139
mp-1102700,399,0,359,0.005905641825516056,True,train,ABC_62
mp-1224689,135,0,129,2.8555084637075574e-05,False,train,ABC4_216
mp-1220336,3,0,3,0.0037221988313587864,False,train,A2B4C13_160
mp-625733,1,0,1,0.046340015393661324,False,train,AB3C3_173
mp-1114583,399,0,395,3.4438083491977544e-05,True,train,ABC2D6_225
mp-22907,144,0,144,0.0,False,train,AB_225
mp-1218032,3,0,3,0.0032675986220294935,False,train,AB2C2D3_35
mp-1079148,304,0,301,0.001753039598110626,False,train,ABC_189
mp-23751,3,0,2,0.05213725725156458,False,train,ABC3_166
mp-989516,400,0,396,0.0002834519179744963,True,train,ABC2D6_225
mp-555410,23,0,0,,False,train,AB_160
mp-1189848,92,0,92,0.0032431076708443513,False,train,A3B5_193
mp-4973,176,0,146,0.005547589132899806,False,train,ABC_129
mp-11387,235,0,223,0.0,False,train,AB3_139
mp-1222862,7,0,7,0.0016440398888494501,False,train,ABC10_47
mp-27420,66,0,51,0.016313093226799254,False,train,ABC6_148
mp-11193,109,0,3,0.01691418666232244,False,train,ABC2_194
mp-1208883,399,0,6,0.005365333058484027,True,train,ABC_62
mp-10852,155,0,8,0.0006919030144220699,False,train,AB2C2_127
mp-1207113,399,0,197,0.0008650391638077993,True,train,AB2C2_139
mp-2330,4,0,1,0.005681948278746997,False,train,A2B3_11
mp-865160,400,0,400,1.6711465103199961e-16,True,train,ABC2_225
mp-1219721,5,0,5,0.007139791924283143,False,train,ABC6_187
mp-1224814,19,0,19,0.005169631942804721,False,train,ABC2D4_82
mp-983410,399,0,399,0.0,True,train,ABC2_225
mp-1205484,1,0,1,0.04370207995424933,False,train,A2B3C6_107
mp-1008224,400,0,400,1.3242132326471436e-16,True,train,ABC2_225
mp-1219466,1,0,1,0.03996251097420216,False,train,A2B3C3_38
mp-1087546,2,0,0,,False,train,A_15
mp-553932,1,0,1,0.10213578864639106,False,train,ABC4_20
mp-23933,9,0,9,0.009056773118449397,False,train,AB3_167
mp-565,37,0,34,0.0016786096283411926,False,train,AB2_140
mp-976971,235,0,227,0.0,False,train,AB3_139
mp-10851,4,0,0,,False,train,AB2_181
mp-34903,50,0,49,0.0004969260342179852,False,train,ABC2_122
mp-754725,34,0,34,0.0299478588145128,False,train,AB3C6_14
mp-4252,60,0,8,0.05285936435377439,False,train,ABC3_14
mp-1215216,25,0,2,0.0027348890110230686,False,train,ABC6_123
mp-1221749,17,0,7,0.009180158646911424,False,train,AB3C4_6
mp-510493,92,0,92,0.014202410815535943,False,train,A3B5_193
mp-1207960,187,0,185,0.00680009089496337,False,train,ABC2D6_14
mp-1215179,135,0,129,4.5221162285831095e-05,False,train,ABC4_216
mp-1183781,399,0,399,1.7662635160200686e-16,True,train,ABC2_225
mp-1184061,400,0,400,6.54826896318444e-17,True,train,ABC2_225
mp-1187006,400,0,400,0.0,True,train,ABC2_225
mp-997005,10,0,1,0.06172038845636149,False,train,ABC2_65
mp-8124,167,0,111,3.763121606483633e-17,False,train,ABC_194
mp-11690,34,0,3,0.05104988273760329,False,train,A2B3_12
mvc-12526,63,0,3,0.015289077162202932,False,train,AB2C4_12
mp-675293,67,0,64,0.0024482739935753747,False,train,AB2C4_122
mp-10440,10,0,10,0.009196217437000546,False,train,AB4C6_187
mp-1186332,399,0,353,3.286294356460549e-05,True,train,AB3_194
mp-1186564,235,0,228,2.898814516559186e-17,False,train,AB3_139
mp-1103795,1,0,0,,False,train,AB2C3_26
mp-1228178,15,0,2,0.011486671395842947,False,train,AB2C2D3E12_1
mp-1112472,400,0,396,6.887616698433005e-05,True,train,ABC2D6_225
mp-1077777,81,0,14,0.0018755783681187691,False,train,AB2_139
mvc-11012,37,0,26,0.0016590005860608128,False,train,ABC2D6_148
mp-867362,0,0,0,,False,train,AB2C7_63
mp-12326,53,0,31,0.005155698975901931,False,train,ABC2D6_15
mp-1221741,17,0,7,0.0091801586469114,False,train,AB3C4_6
mp-1206846,13,0,13,0.011872983338352168,False,train,ABC3_74
mp-2501,37,0,35,0.004170625067535054,False,train,AB2_140
mp-1184174,399,0,353,1.817808267983304e-05,True,train,AB3_194
mp-1176505,39,0,1,0.004192114979939014,False,train,ABC2_14
mp-1185241,399,0,399,6.504562914424945e-17,True,train,ABC2_225
mp-1518778,51,0,51,0.011515399300678688,False,train,ABCDE6_2
mp-867192,400,0,400,0.0,True,train,ABC2_225
mp-1114631,99,0,99,0.0002966973347025996,False,train,AB3C6_225
mp-18573,8,0,6,0.026239818911300502,False,train,AB3C3_63
mp-1186522,338,0,333,0.0,False,train,AB3_221
mp-549158,109,0,22,0.004528276975812069,False,train,ABC2_194
mp-1211303,3,0,3,0.00345861807257467,False,train,AB5C11_12
mp-642458,52,0,23,0.012020678903479642,False,train,ABC4_63
mp-763290,1,0,0,,False,train,A2B3C4_31
mp-1185301,26,0,21,0.004488813448077652,False,train,AB_186
mp-1224040,2,0,0,,False,train,AB3C4D12_65
mp-1225069,52,0,46,0.00027119703573100603,False,train,AB2C3_166
mp-1187643,400,0,400,6.391501532313102e-17,True,train,ABC2_225
mp-33880,3,0,3,0.007110911053847466,False,train,AB2C4_97
mp-19965,7,0,6,0.01983702700628912,False,train,AB3C4D12_229
mp-752957,10,0,9,0.023774298723249328,False,train,ABC2D4E12_1
mp-19285,1,0,1,0.04066947007739666,False,train,AB2C4_182
mp-2763,20,0,17,0.0004799093898964204,False,train,A2B3_164
mp-1025349,75,0,51,0.005937911318448828,False,train,AB2C4_139
mp-972657,400,0,400,6.591171752907828e-17,True,train,ABC2_225
mp-1216137,6,0,6,0.010103240548142324,False,train,AB2C17_12
mp-996963,41,0,4,0.05994489513081589,False,train,ABC2_12
mp-632413,76,0,4,0.05941742175902333,False,train,AB2_12
mp-1105914,317,0,238,0.00993377877572345,False,train,ABC3_62
mp-1222865,7,0,7,0.0016440398888492506,False,train,ABC10_47
mp-1206416,129,0,104,0.0013344335299682905,False,train,AB2C2_164
mp-1186653,63,0,48,0.0,False,train,AB_187
mp-756205,317,0,240,0.017949988524099837,False,train,ABC3_62
mp-1178469,15,0,0,,False,train,AB3C5_2
mp-551135,2,0,0,,False,train,ABC2D5_5
mp-984702,400,0,400,9.449325982516258e-17,True,train,ABC2_225
mp-1223498,0,0,0,,False,train,ABC2D7_38
mp-866006,338,0,333,0.0,False,train,AB3_221
mp-1186301,235,0,228,0.0,False,train,AB3_139
mp-542426,0,0,0,,False,train,ABCD_33
mp-756230,13,0,3,0.029631508428662075,False,train,ABCD5_2
mp-4748,53,0,3,0.010051437623069837,False,train,ABC3_63
mp-754146,21,0,9,0.020661503293311206,False,train,AB3C3_12
mp-32654,7,0,1,0.018127155100088,False,train,A2B3_15
mp-1205540,400,0,396,0.0003417317515767332,True,train,ABC2D6_225
mp-753687,27,0,15,0.010048508128867206,False,train,AB2C3D6_12
mp-6304,32,0,32,0.0075031247082216045,False,train,ABC2D6_87
mp-1667426,6,0,0,,False,train,AB3C4D12_5
mp-504997,2,0,1,0.02809058477118042,False,train,ABC2D8_2
mp-1228834,22,0,9,0.006377258720444602,False,train,ABC3_160
mp-1228477,3,0,2,0.03169147720931368,False,train,ABC2D5_69
mp-1220637,1,0,1,0.016852437169490603,False,train,ABC3D3_146
mp-989601,22,0,10,0.05135352863966237,False,train,ABC3_160
mp-1219039,1,0,0,,False,train,ABC2D2_44
mp-1039304,76,0,9,0.027827790658636335,False,train,AB2_12
mp-1084800,10,0,6,0.0019230739029207494,False,train,AB2_180
mp-1173043,49,0,44,0.0022156241588225357,False,train,ABC2_141
mp-1104347,36,0,24,0.006379996807470545,False,train,AB6C8_148
mp-1215652,4,0,4,0.03476703517661536,False,train,AB4C5_160
mp-546546,7,0,0,,False,train,AB2_155
mp-1206710,144,0,144,0.0,False,train,AB_225
mp-1185936,76,0,12,0.021060385568729835,False,train,AB2_12
mp-1216600,15,0,13,0.007418222133266901,False,train,AB2C4_8
mp-570181,55,0,55,0.001407443194743625,False,train,A3B4_220
mp-1094575,8,0,0,,False,train,AB_38
mp-39440,187,0,185,0.00176646212672655,False,train,ABC2D6_14
mp-867121,399,0,399,9.586888956204191e-17,True,train,ABC2_225
mp-1187757,400,0,400,6.86552091715259e-17,True,train,ABC2_225
mp-755871,18,0,1,0.059637923187346974,False,train,A5B6C7_1
mp-546953,0,0,0,,False,train,A2B2C7_2
mp-7143,272,0,263,0.0,False,train,ABC3_221
mp-37478,21,0,21,0.005990861140539547,False,train,AB5C8_82
mp-1228929,0,0,0,,False,train,ABC2D2_38
mp-568394,5,0,1,0.05848161182316094,False,train,AB3_15
mp-1100783,37,0,21,0.002232225920365753,False,train,AB2_140
mp-1221751,8,0,7,0.0034974857109866244,False,train,ABC4_97
mp-20470,20,0,16,0.001081351216180067,False,train,A2B3_164
mp-555552,0,0,0,,False,train,ABCD4_164
mp-1096994,51,0,25,7.229365301960565e-17,False,train,AB_194
mp-1188995,6,0,3,0.02281500478417637,False,train,AB2C2_58
mp-22487,317,0,240,0.005423600610896575,False,train,ABC3_62
mp-755609,399,0,368,8.520429674026114e-05,True,train,AB2C2_139
mp-989614,60,0,0,,False,train,ABC3_14
mvc-12966,126,0,126,0.0006274072675340953,False,train,AB2C4_227
mp-675590,2,0,0,,False,train,AB6C6_1
mp-1178124,15,0,15,0.011266296704937463,False,train,AB3C6_36
mp-753760,6,0,1,0.025388444322051652,False,train,ABC2D4_15
mp-1205321,1,0,1,0.006497035570562624,False,train,AB_84
mp-1518516,129,0,129,8.437330455600697e-05,False,train,ABCDE6_216
mp-1114342,400,0,396,5.56307502564392e-05,True,train,ABC2D6_225
mp-972960,400,0,400,0.0,True,train,ABC2_225
mp-1113536,399,0,395,0.0002781537512834915,True,train,ABC2D6_225
mp-38099,67,0,19,0.05797485196938242,False,train,AB2C4_122
mp-20040,272,0,263,0.0,False,train,ABC3_221
mp-13303,87,0,74,0.0039843737343208665,False,train,ABC_186
mp-756251,6,0,1,0.03111211929323051,False,train,AB2C7_15
mp-19171,21,0,2,0.012243202271767503,False,train,AB2C4_166
mp-752547,5,0,5,0.014784166080078005,False,train,AB3C5_6
mp-675637,1,0,0,,False,train,A2B5C8_12
mp-1220342,26,0,26,5.722371023066497e-17,False,train,ABC6_200
mp-1522933,129,0,129,6.882318531735848e-05,False,train,ABCDE6_216
mp-1187593,399,0,352,0.0006476724247294185,True,train,AB3_194
mp-760335,12,0,10,0.03419317116594609,False,train,AB3C4_65
mvc-11094,37,0,26,0.026485530529138886,False,train,ABC2D6_148
mp-684723,10,0,0,,False,train,ABC2D4E12_1
mp-756087,5,0,4,0.036128233756523506,False,train,AB3C8_8
mp-16733,109,0,55,0.0009842770437898693,False,train,ABC2_194
mp-561781,0,0,0,,False,train,A2B2C4D11_25
mp-1215686,7,0,5,0.004500972319465396,False,train,AB4C5_71
mp-1026356,4,0,4,0.0008849513805400089,False,train,A2B3C4_187
mp-1103609,12,0,12,0.0030813093584290386,False,train,ABC4_124
mp-1112609,399,0,395,3.443808349216749e-05,True,train,ABC2D6_225
mp-1188192,10,0,10,0.010528843131145015,False,train,A2B2C15_166
mp-21190,32,0,10,0.04990034927376354,False,train,ABC3_11
mp-755077,15,0,0,,False,train,ABC2_2
mp-1227828,6,0,6,1.0737409711670486e-16,False,train,ABCD2_123
mp-755627,29,0,16,0.02724896161306429,False,train,AB2C3_36
mp-1220129,23,0,4,0.0039748881189107955,False,train,AB_160
mp-1190287,39,0,0,,False,train,ABC2_14
mp-1174046,1,0,0,,False,train,ABC3D5_5
mp-755008,12,0,9,0.010642111810053603,False,train,ABC2D4_10
mp-1184995,338,0,333,0.0,False,train,AB3_221
mp-755017,5,0,4,0.01661616874787884,False,train,AB3C8_8
mvc-3081,29,0,22,0.04419972532150476,False,train,ABC5_15
mp-975109,399,0,353,0.0007312429264394509,True,train,AB3_194
mp-1111624,400,0,396,7.15252503300058e-05,True,train,ABC2D6_225
mp-571,167,0,165,0.0,False,train,AB_221
mp-1068742,13,0,13,0.04456366607229118,False,train,ABC3_99
mp-1176626,21,0,8,0.048050719628684097,False,train,ABC4_12
mp-972641,400,0,400,1.3450671834280175e-16,True,train,ABC2_225
mp-754612,2,0,1,0.04225009057173572,False,train,A5B6C7_6
mp-998916,29,0,28,0.02515077064098574,False,train,AB2_205
mp-1019315,167,0,110,0.0,False,train,ABC_194
mp-1221275,3,0,3,0.01616160280498653,False,train,AB2C3D4_8
mp-753026,35,0,11,0.12470360190235294,False,train,ABC3_15
mp-1030375,21,0,4,0.011305475379417831,False,train,ABCD3_156
mp-1094592,4,0,0,,False,train,AB_156
mp-5178,126,0,126,0.0001565434367262082,False,train,AB2C4_227
mp-759738,3,0,1,0.04811820327747453,False,train,ABCD4_9
mp-862536,400,0,400,6.209660749851557e-17,True,train,ABC2_225
mp-849495,3,0,2,0.07146561423938881,False,train,A2B3C4D10_2
mp-1106291,2,0,2,0.018624671021083086,False,train,A2B3C14_166
mp-752749,13,0,13,0.09766365024401275,False,train,AB3C4_31
mp-1523239,4,0,4,0.05634440045065632,False,train,ABC4D12_38
mp-1103567,12,0,12,0.0024969741836050347,False,train,ABC4_124
mp-1227372,47,0,47,0.002622939775060369,False,train,ABC_198
mp-1099079,2,0,2,0.00409852754089466,False,train,ABC14_38
mp-1289592,22,0,2,0.08823048397298743,False,train,ABC2D6_2
mp-1225908,2,0,2,0.014616614281909695,False,train,ABC3D8_1
mp-1187475,235,0,228,4.096960802719962e-17,False,train,AB3_139
mp-1272771,0,0,0,,False,train,ABCD_65
mp-1232117,36,0,34,0.004327879444706909,False,train,AB2_129
mp-1186100,338,0,333,0.0,False,train,AB3_221
mp-20137,399,0,318,9.664860023011358e-06,True,train,AB2C2_139
mp-754018,41,0,6,0.03251052801698835,False,train,ABC_14
mp-1519895,129,0,129,4.711545433969115e-05,False,train,ABCDE6_216
mp-1039385,7,0,6,0.010200329034096308,False,train,AB5_187
mp-989518,399,0,395,0.00016424316742423296,True,train,ABC2D6_225
mp-1174209,7,0,0,,False,train,AB3C4D8_10
mp-761549,0,0,0,,False,train,ABCD4_1
mp-861733,400,0,400,1.1242420899281303e-16,True,train,ABC2_225
mp-1114405,400,0,396,0.00026755741790108226,True,train,ABC2D6_225
mp-1216903,24,0,14,0.0002263844532533041,False,train,ABC2_164
mp-18981,399,0,395,6.35780002932706e-05,True,train,ABC2D6_225
mp-558183,2,0,0,,False,train,AB2C2D5_2
mvc-14312,2,0,1,0.02153916196250346,False,train,AB5_15
mp-755046,0,0,0,,False,train,A3B4C12_8
mp-1215400,1,0,1,0.03529420671927568,False,train,A3B4_65
mp-1101192,9,0,6,0.04298486938672051,False,train,ABC4D12_5
mp-19255,17,0,7,0.010209880785537945,False,train,AB2C5_15
mp-754659,0,0,0,,False,train,A2B3C3_36
mp-613612,34,0,31,0.009382795673081187,False,train,AB2C4_136
mp-25886,1,0,1,0.029555369290401173,False,train,ABC4_43
mp-776655,3,0,3,0.01370334085916587,False,train,A2B3_163
mp-752937,3,0,2,0.02411622135597153,False,train,AB2C2D3_63
mp-1218765,20,0,6,0.0017761902902414112,False,train,ABC2D6_123
mp-1112930,399,0,395,6.357800029334737e-05,True,train,ABC2D6_225
mp-1228640,0,0,0,,False,train,AB12_160
mp-1226514,32,0,11,0.044096222276943244,False,train,ABC2_156
mp-1215823,1,0,1,0.0024488779174505217,False,train,ABC4_47
mp-1239122,5,0,3,0.021715568377384524,False,train,ABCD4_8
mp-754805,14,0,12,0.03147521767009681,False,train,A2B3C5D10_2
mp-1102364,101,0,79,0.02721262907984544,False,train,AB2_62
mp-1222294,135,0,47,0.0,False,train,ABC2_123
mp-1226665,36,0,33,0.0027845754780393794,False,train,ABC4_187
mp-755889,6,0,0,,False,train,AB2C7_15
mp-976260,399,0,399,8.447483002783072e-17,True,train,ABC2_225
mp-647,51,0,17,7.557565221314218e-17,False,train,AB_194
mp-1095506,0,0,0,,False,train,ABC9_155
mp-1102695,126,0,73,0.00252471124507665,False,train,AB2_194
mp-866811,317,0,42,0.02813755217457735,False,train,ABC3_62
mp-30789,81,0,48,0.0112047539313371,False,train,AB2_139
mp-1103067,41,0,11,0.017665530050741816,False,train,ABC_14
mp-568838,1,0,0,,False,train,A4B7_115
mp-755161,6,0,1,0.2703511310184134,False,train,AB2C6_4
mp-1522483,129,0,129,0.00020676095512085698,False,train,ABCDE6_216
mp-26691,14,0,3,0.029094274315069227,False,train,AB2C3D8_12
mp-1025769,4,0,4,0.017604714316156084,False,train,A2B3C4_187
mp-1227288,28,0,28,0.008808738368049539,False,train,AB2C3_25
