material_id,formula,e_above_hull,bin,sg,n_atoms,n_orbits,sg_train_count,proto_train_count,n_free,split
mp-10009,GaTe,0.0,0-0.005,194,8,2,1129,52,2,test
mp-1218989,SmThCN,0.0441088414583337,0.04-0.06,160,4,4,311,13,4,test
mp-1225695,CuNi,0.0648625199999992,0.06-0.0801,65,2,2,265,21,0,test
mp-1220884,NaTiVS4,0.0,0-0.005,8,7,7,361,6,14,test
mp-1224266,Ho3TmMn8,0.0364961213945562,0.02-0.04,8,12,10,361,6,22,test
mp-1002572,LiMnO2,0.0425560318749997,0.04-0.06,58,8,3,59,2,2,test
mp-626680,Fe(HO)2,0.0004281914999983,0-0.005,164,5,3,551,130,2,test
mp-1228956,AlAu4,0.0717559805000003,0.06-0.0801,12,5,3,1273,9,4,test
mp-1219335,Sm(Fe5Mo)2,0.0165663351709426,0.005-0.02,71,13,6,419,38,4,test
mp-1219027,SmHo3Ni4,0.0037455812499995,0-0.005,6,8,8,163,18,16,test
mp-867922,ScAlRh2,0.0,0-0.005,225,4,3,3960,2406,0,test
mp-4073,Sm(CoB)2,0.0,0-0.005,139,5,3,1233,443,1,test
mp-11131,K2Hg3(GeS4)2,0.0001449660000272,0-0.005,5,15,9,274,3,21,test
mp-1215627,Zr2VRe3,0.0,0-0.005,194,12,3,1129,48,2,test
mp-1223834,Hf2AlSi,0.0448418215625006,0.04-0.06,38,4,4,383,41,4,test
mp-1516449,Eu2CrSbO6,0.0386720949880921,0.02-0.04,225,10,4,3960,923,1,test
mp-1225183,Fe3Te2Se,0.0630631458333326,0.06-0.0801,99,12,9,88,5,9,test
mp-1094830,MgCd5,0.038014050833333,0.02-0.04,8,6,6,361,13,12,test
mp-849335,Ti3N2O3,0.0293721245312497,0.02-0.04,8,16,16,361,2,32,test
mp-758558,SbNO,0.0431892444444441,0.04-0.06,12,6,3,1273,58,6,test
mp-1207672,TmNiAs,0.0,0-0.005,194,12,4,1129,168,2,test
mp-2452,P2O5,0.0,0-0.005,43,14,4,40,1,10,test
mp-12398,Mg(CoGe)6,0.0051786886538449,0.005-0.02,191,13,5,355,30,2,test
mp-1101094,Cs2CeCl6,0.0,0-0.005,164,9,3,551,31,3,test
mp-1218090,Ta3AlFe8,0.0298446724999994,0.02-0.04,156,12,8,302,12,10,test
mp-972370,Yb2InHg,0.0058816774999996,0.005-0.02,225,4,3,3960,2406,0,test
mp-1224851,GaCuGeSe4,0.0,0-0.005,82,7,4,145,14,3,test
mp-1222864,LaPr3(GaO3)4,0.0341894490758898,0.02-0.04,6,20,14,163,35,34,test
mp-1189226,Sm(BOs)4,0.0,0-0.005,86,18,3,18,17,6,test
mp-1225753,Eu2MnRhO6,0.0142826969999987,0.005-0.02,14,20,6,575,188,12,test
mp-3833,Mg(AlSi)2,0.0598924990000009,0.04-0.06,164,5,3,551,130,2,test
mp-1187801,Y3Lu,0.0046414499999993,0-0.005,194,8,2,1129,439,1,test
mp-1221513,Mo2As3P,0.0348238799999984,0.02-0.04,8,6,6,361,21,12,test
mp-9029,Ca3VN3,0.0,0-0.005,63,14,5,880,9,7,test
mp-1206059,Rb2NaCrCl6,0.0,0-0.005,225,10,4,3960,923,1,test
mp-602328,Ce(InPt)2,0.0023216854666658,0-0.005,11,20,10,277,5,20,test
mp-1113597,Rb2CeCuBr6,0.0628926950000017,0.06-0.0801,225,10,4,3960,923,1,test
mp-16965,LaTm(Ge2Ir)2,0.0,0-0.005,71,16,6,419,0,8,test
mp-568005,CsYbBr3,0.0,0-0.005,221,5,3,820,273,0,test
mp-1226317,CrAgSn(SeS)2,0.0117799405714258,0.005-0.02,44,14,8,187,0,14,test
mp-1187379,TbSm3,0.02494013,0.02-0.04,194,8,2,1129,439,1,test
mp-1205580,ThSiRu2C,0.0,0-0.005,63,10,4,880,44,4,test
mp-1190090,EuAl2Ge,0.0,0-0.005,62,16,4,1187,107,8,test
mp-867114,TaBeRu2,0.0,0-0.005,225,4,3,3960,2406,0,test
mp-1078849,Ca(GaP)2,0.0,0-0.005,194,10,3,1129,25,2,test
mp-1212903,ErZnRh,0.0,0-0.005,62,12,3,1187,413,6,test
mp-1183241,AcPm3,0.0417509537500002,0.04-0.06,139,4,3,1233,236,0,test
mp-505312,Sr2FeCuSO3,0.0036025143906242,0-0.005,129,16,7,472,1,6,test
mp-768203,BeH2,0.0,0-0.005,72,18,4,111,5,7,test
mp-863742,Pm2RuRh,0.0,0-0.005,225,4,3,3960,2406,0,test
mp-1025128,LaCuPb,0.0,0-0.005,186,6,3,183,88,3,test
mp-1208345,TbCrSe3,0.0325169637500009,0.02-0.04,62,20,5,1187,318,10,test
mp-985296,Ag3Pd,0.0,0-0.005,139,4,3,1233,236,0,test
mp-625409,Sm(HO)3,0.0010487578571405,0-0.005,11,14,7,277,12,14,test
mp-1178005,Li2Cu4S3,0.0357795466898158,0.02-0.04,12,18,9,1273,25,18,test
mp-1184723,HfZr3,0.0035223349999995,0-0.005,194,8,2,1129,439,1,test
mp-1079498,Pr2InCu2,0.0,0-0.005,127,10,3,246,156,2,test
mp-643047,Ba3(H6Ir)2,0.0,0-0.005,164,17,5,551,0,6,test
mp-1183742,Ce3Ga,0.0011610387499993,0-0.005,194,8,2,1129,439,1,test
mp-1077904,CdPb2(ClO)2,0.0,0-0.005,12,7,4,1273,17,6,test
mp-12748,ThMn2,0.0726488405459768,0.06-0.0801,194,12,3,1129,127,2,test
mp-1225266,Fe9B4Ir3,0.0360156412499996,0.02-0.04,6,16,12,163,3,28,test
mp-1206085,MnCuF6,0.0,0-0.005,2,8,5,676,8,9,test
mp-34127,K2NaAs,0.0,0-0.005,194,8,3,1129,110,1,test
mp-555560,CdTeMoO6,0.0,0-0.005,113,18,6,19,2,8,test
mp-1079397,HoZnSn2,0.0129431025000008,0.005-0.02,129,8,4,472,65,2,test
mp-1187511,TiRe2Mo,0.0,0-0.005,225,4,3,3960,2406,0,test
mp-1205770,ErMgTl,0.0,0-0.005,189,9,4,469,305,2,test
mp-1279484,NiAgO2,0.0402071074999996,0.04-0.06,12,4,3,1273,42,2,test
mp-1111218,K2NaYCl6,0.0279183887500007,0.02-0.04,225,10,4,3960,923,1,test
mp-972063,YbGe3,0.0377965045833335,0.02-0.04,194,8,2,1129,439,1,test
mp-1520921,BaTbEuSbO6,0.0241127122142863,0.02-0.04,2,20,12,676,52,24,test
mp-1205683,Cs2KCrCl6,0.0050433975000006,0.005-0.02,225,10,4,3960,923,1,test
mp-1220892,NaTi3Nb(CuO4)3,0.0684975798749967,0.06-0.0801,148,20,6,351,1,6,test
mp-1025331,In2AgSe4,0.0751042077777763,0.06-0.0801,82,7,4,145,22,3,test
mp-978949,Sm3Ho,0.0115662987500009,0.005-0.02,221,4,2,820,339,0,test
mp-568802,KBi(PSe3)2,0.0025627469999962,0-0.005,4,20,10,151,10,30,test
mp-567510,BaSn2,0.0,0-0.005,164,3,2,551,74,1,test
mp-1224282,HfSeS,0.0017528000000002,0-0.005,156,3,3,302,23,3,test
mp-1212739,EuGa3(BO3)4,0.0040448132916672,0-0.005,155,20,7,75,15,7,test
mp-1184270,EuHg2Bi,0.0291711199999999,0.02-0.04,225,4,3,3960,2406,0,test
mp-1102452,ZrFeSi,0.0,0-0.005,62,12,3,1187,413,6,test
mp-9632,CsReF6,0.0,0-0.005,148,8,3,351,67,3,test
mp-972640,SmDyZn2,0.0037030875000003,0-0.005,225,4,3,3960,2406,0,test
mp-1223856,InGa(AgTe2)2,0.0012594187500001,0-0.005,82,8,5,145,20,3,test
mp-1025222,ZnPd5Se,0.0,0-0.005,123,7,4,626,55,1,test
mp-1190224,ZnCu2SnS4,0.0094676637499997,0.005-0.02,31,16,6,112,21,14,test
mp-1077536,ZnSb2,0.0338142470833333,0.02-0.04,118,6,2,6,0,1,test
mp-1215208,ZrTi3As2,0.0019604199999951,0-0.005,107,6,5,158,0,5,test
mp-767409,Li5SbS,0.0517443185714285,0.04-0.06,123,7,4,626,55,1,test
mp-755040,Cu2O3,0.0461023072499999,0.04-0.06,14,20,5,575,9,15,test
mp-1236924,K3RhF6,0.0239552649999996,0.02-0.04,2,10,7,676,11,9,test
mp-1224485,Hf2Se3,0.0,0-0.005,9,20,10,107,8,30,test
mp-1211616,K5(TmI4)3,0.0358115468611104,0.02-0.04,189,20,6,469,4,6,test
mp-976876,K2PtC2,0.0,0-0.005,164,5,3,551,130,2,test
mp-1220283,Nd2PdRu3,0.0415625733333326,0.04-0.06,166,6,3,1076,53,1,test
mp-1220149,NdAlCo4,0.0545005130059523,0.04-0.06,187,6,4,312,37,1,test
mp-983062,K3Cd,0.0574200877343751,0.04-0.06,225,4,3,3960,122,0,test
mp-19755,Li(TiS2)3,0.0146099650000008,0.005-0.02,164,10,6,551,1,4,test
mp-1223853,K2Zr(PO4)2,0.0,0-0.005,147,13,5,40,4,6,test
mp-1113037,Cs2KPdF6,0.0141950464999993,0.005-0.02,225,10,4,3960,923,1,test
mp-1080691,Rb2SnHgTe4,0.0,0-0.005,121,8,4,101,48,2,test
mp-1025044,AlNi2,0.0205835641666682,0.02-0.04,164,6,4,551,74,2,test
mp-1025578,Te2W3(SeS)2,0.0652643694444448,0.06-0.0801,156,9,9,302,4,9,test
mp-1220259,NdGa2Co3,0.0484423363888968,0.04-0.06,191,18,5,355,109,2,test
mp-1025280,Sr2Cu(OF)2,0.0271226678571521,0.02-0.04,139,7,4,1233,7,1,test
mp-1183582,CaYbPb2,0.0222445800000001,0.02-0.04,225,4,3,3960,2406,0,test
mp-1521619,CaEuNbFeO6,0.0766793185416716,0.06-0.0801,216,10,5,538,130,1,test
mp-1102836,BiIrS,0.0,0-0.005,198,12,3,67,48,3,test
mp-7751,PuPt5,0.0,0-0.005,191,6,3,355,62,0,test
mp-865568,ThScTc2,0.0307231024999996,0.02-0.04,225,4,3,3960,2406,0,test
mp-1207089,LuIn,0.0,0-0.005,123,2,2,626,49,0,test
mp-1220596,Nb4AgS8,0.0069873461539424,0.005-0.02,160,13,13,311,3,13,test
mp-865857,YbNbRu2,0.0,0-0.005,225,4,3,3960,2406,0,test
mp-1223742,HoCuGe,0.0493046016666669,0.04-0.06,187,3,3,312,88,0,test
mvc-3998,CaNiO3,0.0557770675000011,0.04-0.06,62,20,4,1187,318,7,test
mp-13018,UCo4Sn,0.053188064444444,0.04-0.06,216,6,3,538,136,1,test
mp-1105630,LaGa2Co3,0.0111036458333346,0.005-0.02,191,18,5,355,109,2,test
mp-862548,Sc2AlZn,0.0,0-0.005,225,4,3,3960,2406,0,test
mp-571461,K4ZnAs2,0.0,0-0.005,166,7,4,1076,22,3,test
mp-1112171,KInBr3,0.0678324935,0.06-0.0801,225,10,4,3960,13,1,test
mp-1520691,Eu2HfZrO6,0.0465568602499999,0.04-0.06,225,10,4,3960,923,1,test
mp-1207090,CuSnPd2,0.03723894125,0.02-0.04,123,4,3,626,136,0,test
mp-1215637,YbGaCu4,0.0,0-0.005,187,6,4,312,37,1,test
mp-1212916,Eu3Al2O7,0.0,0-0.005,139,12,6,1233,14,4,test
mp-1187314,Tb3Y,0.0214109983333337,0.02-0.04,221,4,2,820,339,0,test
mp-1022963,IrO3,0.0438438537499941,0.04-0.06,38,8,5,383,1,8,test
mp-7808,BaP3,0.0,0-0.005,12,8,3,1273,15,7,test
mp-1094982,LiMg,0.0295834199999998,0.02-0.04,187,2,2,312,64,0,test
mp-1206373,LiHfSe2,0.0,0-0.005,164,4,3,551,25,1,test
mp-1103481,Er3(FeGe)4,0.023634079999999,0.02-0.04,71,11,5,419,49,5,test
mp-1080439,P4Ru,0.0158678286666669,0.005-0.02,14,10,3,575,17,6,test
mp-5381,U2PN2,0.0,0-0.005,164,5,3,551,130,2,test
mp-30160,Si(CN2)2,0.0350344485714284,0.02-0.04,224,14,3,3,0,1,test
mp-7791,Li2GeF6,0.0,0-0.005,136,18,4,167,33,4,test
mp-1225220,EuGaAg,0.024493658333335,0.02-0.04,12,6,3,1273,58,6,test
mp-494,GeMo3,0.0,0-0.005,223,8,2,54,37,0,test
mp-3772,Cd(GaSe2)2,0.0,0-0.005,82,7,4,145,22,3,test
mp-1211671,La3Ge5,0.0,0-0.005,43,16,5,40,6,11,test
mp-34433,Mg2TcO4,0.0533537599999993,0.04-0.06,74,14,5,299,45,5,test
mp-1112445,K2TlAgBr6,0.044334110749999,0.04-0.06,225,10,4,3960,923,1,test
mp-1183366,BaCd3,0.0303011199999996,0.02-0.04,63,8,3,880,33,4,test
mp-1208573,Tb12Co5Bi,0.0,0-0.005,71,18,7,419,3,8,test
mp-866185,CeCdAu2,0.0,0-0.005,225,4,3,3960,2406,0,test
mp-1208241,Ti4FeSe8,0.0207791323077,0.02-0.04,12,13,6,1273,15,10,test
mp-12455,TmCuS2,0.0,0-0.005,62,16,4,1187,107,8,test
mp-548469,BaZnSO,0.0,0-0.005,63,8,4,880,0,3,test
mp-1187270,Tb2ZnIr,0.0287609862499991,0.02-0.04,225,4,3,3960,2406,0,test
mp-21383,Eu(SiRh)2,0.0,0-0.005,139,5,3,1233,443,1,test
mp-30673,Ti2Ga3,0.0,0-0.005,83,10,4,10,2,4,test
mp-18821,Y5(MoO6)2,0.010745374588776,0.005-0.02,12,19,8,1273,8,15,test
mp-1303766,Li2MnCoO4,0.0625972553125038,0.06-0.0801,1,16,16,470,6,48,test
mp-1223845,K(SiPd)4,0.0,0-0.005,79,9,3,4,0,7,test
mp-1212638,Gd2Cu(GeO3)4,0.0,0-0.005,2,19,10,676,10,27,test
mp-606711,Cs3LiCl4,0.0593525640624998,0.04-0.06,38,8,6,383,5,8,test
mp-1106337,MnPbO3,0.0769999478846257,0.06-0.0801,13,20,6,57,2,14,test
mp-1111671,K2LiInF6,0.0,0-0.005,225,10,4,3960,923,1,test
mp-777448,Li2VF4,0.0364207828571414,0.02-0.04,13,14,4,57,3,10,test
mp-1224999,FeCoB2,0.019793355,0.005-0.02,26,8,4,68,22,8,test
mp-567614,Tb2Co2I,0.0,0-0.005,194,10,3,1129,25,2,test
mp-3597,BaRuO3,0.0066173323333345,0.005-0.02,194,20,5,1129,53,2,test
mp-29658,ZrNiH3,0.0,0-0.005,63,10,4,880,54,5,test
mp-3972,Ce2SO2,0.0,0-0.005,164,5,3,551,130,2,test
mp-1189857,MnO2,0.0070848647222216,0.005-0.02,84,18,5,13,0,8,test
mp-1101099,Ti2S3,0.0,0-0.005,12,10,5,1273,35,6,test
mp-4374,UAsS,0.0,0-0.005,129,6,3,472,177,2,test
mp-1102310,HfCoGe,0.0,0-0.005,62,12,3,1187,413,6,test
mp-1219140,Sm3YS4,0.0036367412500002,0-0.005,12,8,5,1273,11,6,test
mp-1520763,BaSrEuWO6,0.065458585,0.06-0.0801,90,20,7,0,0,7,test
mp-1213732,CrSn4Au,0.066709583125001,0.06-0.0801,124,12,3,15,13,2,test
mp-1080606,La(SiPt)2,0.0,0-0.005,129,10,5,472,69,3,test
mp-20000,Nd(NiSn)2,0.0,0-0.005,129,10,5,472,69,3,test
mp-11778,ThMnSe3,0.0,0-0.005,63,10,4,880,54,4,test
mp-1271286,CoF3,0.0107941631249994,0.005-0.02,221,4,2,820,339,0,test
mp-1190131,LaScS3,0.0,0-0.005,62,20,4,1187,318,7,test
mp-1225783,Cu3Ag3(PS4)2,0.0073863903124991,0.005-0.02,1,16,16,470,0,48,test
mp-753048,TiSnO4,0.0445624123611079,0.04-0.06,8,18,15,361,2,33,test
mp-3077,SmAlGe,0.0,0-0.005,109,6,3,46,26,3,test
mp-23164,Bi2Se3,0.0279062545000003,0.02-0.04,62,20,5,1187,37,10,test
mp-11360,ScGaCu2,0.0,0-0.005,225,4,3,3960,2406,0,test
mp-1079836,GaSi3C3N,0.0676520482500011,0.06-0.0801,6,8,8,163,0,16,test
mp-1220080,NiGe2Pd,0.0132991543749998,0.005-0.02,26,8,4,68,22,8,test
mp-567628,Rb2LiDyBr6,0.0,0-0.005,225,10,4,3960,923,1,test
mp-2066,EuCu5,0.0,0-0.005,191,6,3,355,62,0,test
mp-1206533,DyCr2Si2C,0.0,0-0.005,123,6,4,626,12,1,test
mp-1025510,FeCu2SiSe4,0.053596044999999,0.04-0.06,121,8,4,101,48,2,test
mp-19272,TbCrO4,0.0,0-0.005,141,12,3,181,58,2,test
mp-754836,V6O7F5,0.0284259266666708,0.02-0.04,1,18,18,470,19,54,test
mp-1216751,TiNbGaO6,0.0577953486111102,0.04-0.06,102,18,6,13,8,9,test
mp-557426,CaMnF5,0.0,0-0.005,15,14,5,533,30,8,test
mp-1218310,SrEu(CoO3)2,0.0759708799294358,0.06-0.0801,123,10,6,626,21,2,test
mp-2698,YCu2,0.0,0-0.005,74,6,2,299,44,3,test
mp-765552,Li2MnCoO4,0.0620070115625042,0.06-0.0801,15,16,6,533,7,6,test
mp-1186185,NaTl2In,0.0,0-0.005,225,4,3,3960,2406,0,test
mp-1210574,Lu5(ReO6)2,0.0,0-0.005,12,19,8,1273,8,15,test
mp-1247428,Ca3ReN3,0.0039481881904732,0-0.005,176,14,3,74,42,4,test
mp-1025155,LuGa5Co,0.0,0-0.005,123,7,4,626,55,1,test
mp-31347,YInRh,0.0,0-0.005,189,9,4,469,305,2,test
mp-1221194,Na4Al3FeO8,0.0110683676562501,0.005-0.02,1,16,16,470,9,48,test
mp-569843,MnBr2,0.0023075133333332,0-0.005,166,3,2,1076,42,1,test
mp-1217683,Tb2Al3Pt,0.0430030470833333,0.04-0.06,166,6,3,1076,53,1,test
mp-1523327,Sr2GdSbO6,0.0387937112499994,0.02-0.04,225,10,4,3960,923,1,test
mp-1112026,K2TlHgBr6,0.0723759193750002,0.06-0.0801,225,10,4,3960,923,1,test
mp-1079460,Ti3Sn,0.0,0-0.005,63,8,3,880,33,4,test
mp-31138,MnPd3,0.0,0-0.005,139,8,4,1233,236,2,test
mp-865745,GdCdHg2,0.0,0-0.005,225,4,3,3960,2406,0,test
mp-22170,Li4PbO4,0.0,0-0.005,63,18,5,880,5,8,test
mp-4052,Rb2Mn3Se4,0.0,0-0.005,72,18,4,111,13,6,test
mp-1185790,Mg3Sc,0.0,0-0.005,221,4,2,820,339,0,test
mp-9986,CsAuO,0.0,0-0.005,139,12,3,1233,40,3,test
mp-753663,BaYBr5,0.0569222599999994,0.04-0.06,15,14,5,533,30,8,test
mp-865766,YbHgPd2,0.0,0-0.005,225,4,3,3960,2406,0,test
mp-1077095,LuCdNi4,0.0,0-0.005,216,6,3,538,136,1,test
mp-1186030,Na3Au,0.0355459171120691,0.02-0.04,194,8,2,1129,439,1,test
mp-21235,Mn2VGa,0.0,0-0.005,225,4,3,3960,2406,0,test
mp-976843,Li2Mg,0.0105467216666668,0.005-0.02,12,6,3,1273,77,6,test
mp-19241,BaNiO3,0.0,0-0.005,186,10,3,183,5,4,test
mp-1095465,YGeRh,0.0,0-0.005,62,12,3,1187,413,6,test
mp-1112542,CsTlI3,0.0602501837500004,0.06-0.0801,225,10,4,3960,13,1,test
mp-1225244,Eu2Si4IrPd3,0.0268991729999994,0.02-0.04,115,10,7,112,18,3,test
mp-1206113,UFeSi2,0.0331759089285697,0.02-0.04,63,8,4,880,158,4,test
mp-1190038,Tm5Tl3,0.0,0-0.005,193,16,3,238,93,2,test
mp-22759,CoBW,0.0,0-0.005,62,12,3,1187,413,6,test
mp-1187965,Yb2TlIn,0.006656645,0.005-0.02,225,4,3,3960,2406,0,test
mp-1101755,GePtS,0.0,0-0.005,29,12,3,10,4,9,test
mp-20534,GdMg3,0.0,0-0.005,225,4,3,3960,122,0,test
mp-1218811,Sr2HoCu2RuO8,0.0560648560714289,0.04-0.06,38,14,7,383,9,13,test
mp-1111924,K2LiPdF6,0.0290432629999966,0.02-0.04,225,10,4,3960,923,1,test
mp-757058,Mn2F7,0.0647082136111087,0.06-0.0801,2,18,9,676,0,27,test
mp-1226282,Cr4InCuS8,0.0569240662500023,0.04-0.06,160,14,8,311,6,11,test
mp-1185844,MgAu2,0.0026906679166667,0-0.005,63,6,2,880,64,3,test
mp-861886,LiDyHg2,0.0,0-0.005,225,4,3,3960,2406,0,test
mp-1071877,UCu4Pd,0.0412094509722198,0.04-0.06,216,6,3,538,136,1,test
mp-1094088,NbCoSn,0.0,0-0.005,216,3,3,538,99,0,test
mp-1209861,Nd3HfSb5,0.0,0-0.005,193,18,4,238,124,2,test
mp-1221342,MnNiP2,0.0065099682291682,0.005-0.02,26,8,4,68,22,8,test
mp-1147739,Ba(CuO)4,0.0257700255555528,0.02-0.04,125,18,4,18,0,3,test
mp-866111,Ho2IrRu,0.0079623992187523,0.005-0.02,225,4,3,3960,2406,0,test
mp-12017,CeAl4Ge2Au,0.0,0-0.005,166,8,5,1076,10,3,test
mp-35876,Ca(NdS2)2,0.0121812682142872,0.005-0.02,122,14,3,126,68,4,test
mp-2403,YPt3,0.0,0-0.005,221,4,2,820,339,0,test
mp-1103172,CaCdPd,0.0,0-0.005,62,12,3,1187,413,6,test
mp-1077954,Ce(ZnAu2)2,0.0,0-0.005,139,7,3,1233,76,1,test
mp-1286297,Mg3Fe2O5,0.0040078079999998,0-0.005,12,10,6,1273,10,8,test
mp-1023488,Mg15Sb,0.0494821958559321,0.04-0.06,187,16,6,312,8,5,test
mp-1184509,GdTe,0.0227310949999992,0.02-0.04,187,2,2,312,64,0,test
mp-29110,Al2(FeSi)3,0.0,0-0.005,2,16,8,676,0,24,test
mp-567963,Lu5Ir2,0.0,0-0.005,15,14,4,533,21,10,test
mp-778408,HgBiO3,0.0370667345000015,0.02-0.04,167,10,3,77,29,1,test
mp-1186142,NaHg3,0.0072286225,0.005-0.02,225,4,3,3960,122,0,test
mp-696701,HPbClO,0.0021082581250002,0-0.005,62,16,4,1187,14,8,test
mp-1189441,ThCrS3,0.0198376051666624,0.005-0.02,62,20,4,1187,318,7,test
mp-21372,CePRuO,0.0,0-0.005,129,8,4,472,52,2,test
mp-1104182,MoPO5,0.0029197071428583,0-0.005,9,14,7,107,3,21,test
mp-2697,SrO2,0.0,0-0.005,139,3,2,1233,82,1,test
mp-1106127,Ba2DyInSe5,0.0064807648611111,0.005-0.02,36,18,9,174,9,18,test
mp-21005,GdIn,0.0070265999999996,0.005-0.02,221,2,2,820,168,0,test
mp-977444,PaAgAu2,0.0,0-0.005,225,4,3,3960,2406,0,test
mp-755684,SrCa2I6,0.038554162777781,0.02-0.04,136,18,4,167,33,4,test
mp-1206808,Cs2LiAlF6,0.0,0-0.005,164,10,4,551,3,3,test
mp-20887,VSn2,0.0,0-0.005,70,12,3,87,8,3,test
mp-542018,Sr2Fe2O5,0.0008794392361206,0-0.005,46,18,6,58,13,14,test
mp-545728,PrBi2IO4,0.0,0-0.005,123,8,4,626,30,2,test
mp-11873,TlAsPd5,0.0,0-0.005,123,7,4,626,55,1,test
mp-753007,Mn6O5F7,0.0521892811805537,0.04-0.06,1,18,18,470,19,54,test
mp-4666,CdSiP2,0.0,0-0.005,122,8,3,126,51,1,test
mp-21076,EuRh3C,0.0605168579999979,0.06-0.0801,221,5,3,820,273,0,test
mp-1223969,HgPb2,0.0330006883333329,0.02-0.04,12,3,2,1273,77,2,test
mp-1080518,HfSnRh,0.0152583500000051,0.005-0.02,189,9,4,469,305,2,test
mp-758560,FeOF,0.0094392672222225,0.005-0.02,31,6,3,112,5,6,test
mp-1113353,Cs2CuSbI6,0.0596369947500003,0.04-0.06,225,10,4,3960,923,1,test
mp-10257,Ni,0.0261423550000001,0.02-0.04,194,2,1,1129,60,0,test
mp-862730,LiGaRh2,0.0,0-0.005,225,4,3,3960,2406,0,test
mp-1228433,Ba2Na(SnAs)6,0.0,0-0.005,12,15,6,1273,3,11,test
mp-1188975,La(Fe2B)6,0.0167225297368407,0.005-0.02,166,19,4,1076,16,5,test
mp-31045,KAuI3,0.0,0-0.005,14,20,6,575,61,12,test
mp-779599,DyTiO3,0.0572824594999943,0.04-0.06,62,20,4,1187,318,7,test
mp-570377,Sn3As4,0.0326297116071438,0.02-0.04,215,7,2,25,1,1,test
mp-865808,LiNd2Ir,0.0229990469166665,0.02-0.04,225,4,3,3960,2406,0,test
mp-1187857,YLuHg2,0.0069043024999997,0.005-0.02,225,4,3,3960,2406,0,test
mp-866164,YMgHg2,0.0,0-0.005,225,4,3,3960,2406,0,test
mp-1025519,RbCu4S3,0.0,0-0.005,123,8,4,626,21,2,test
mp-504909,Ni2SnP,0.0,0-0.005,62,16,4,1187,107,8,test
mp-973099,La2PdRu,0.0677171319642857,0.06-0.0801,225,4,3,3960,2406,0,test
mp-1344,Sm3Se4,0.0366027125000014,0.02-0.04,220,14,2,111,56,1,test
mp-10964,CeB2Ir2C,0.0,0-0.005,139,6,4,1233,23,1,test
mp-1207112,Lu(MnSi)2,0.0,0-0.005,139,5,3,1233,443,1,test
mp-1218015,TaCoNi2,0.0,0-0.005,38,8,6,383,41,8,test
mp-21124,SrIn4Pt,0.0,0-0.005,63,12,5,880,53,5,test
mp-1222600,Li2ZnSn,0.0,0-0.005,216,4,4,538,51,0,test
mp-1176494,MgV2O6,0.0077730655555541,0.005-0.02,12,9,5,1273,22,8,test
mp-567219,Li4Ca3(SiN3)2,0.0,0-0.005,12,15,6,1273,0,11,test
mp-979287,TbLuHg2,0.0045378574999999,0-0.005,225,4,3,3960,2406,0,test
mp-30779,SmMg3,0.0,0-0.005,225,4,3,3960,122,0,test
mp-989637,BaReN3,0.0,0-0.005,15,20,6,533,36,14,test
mp-1187339,TbGaAu2,0.0273267258333334,0.02-0.04,225,4,3,3960,2406,0,test
mp-1095406,Ba3(LiSb)4,0.0,0-0.005,71,11,5,419,49,5,test
mp-22191,HfFeGe,0.0,0-0.005,189,9,4,469,305,2,test
mp-1186110,NpAlO3,0.0427647980624978,0.04-0.06,221,5,3,820,273,0,test
mp-21037,U2FeS5,0.076075227031251,0.06-0.0801,15,16,5,533,18,10,test
mp-1186560,PmErPd2,0.0,0-0.005,225,4,3,3960,2406,0,test
mp-972119,SrCaTl2,0.0041016124999995,0-0.005,225,4,3,3960,2406,0,test
mp-1072794,CaZnPb,0.0435204401515147,0.04-0.06,194,6,3,1129,168,0,test
mp-1227571,Ca4GaSn3,0.005189464147727,0.005-0.02,25,8,8,124,23,8,test
mp-542021,Sc2CrB2Rh5,0.0449801796250035,0.04-0.06,127,20,5,246,18,4,test
mp-20514,GdSnAu,0.0,0-0.005,216,3,3,538,99,0,test
mp-752429,ScTlO3,0.0787690023749991,0.06-0.0801,62,20,4,1187,318,7,test
mp-1522334,CaEuZnWO6,0.0777934817500032,0.06-0.0801,216,10,5,538,130,1,test
mp-1030448,Te6MoW3Se2,0.0785690212499998,0.06-0.0801,156,12,12,302,36,12,test
mp-24124,NdH2ClO2,0.0,0-0.005,11,12,6,277,5,12,test
mp-1205861,Tm2CdCu2,0.0,0-0.005,127,10,3,246,156,2,test
mp-1079587,YbPd,0.0259168224999992,0.02-0.04,62,8,2,1187,70,4,test
mp-1213864,CdGa(AgSe2)2,0.0356762494444451,0.02-0.04,31,16,6,112,21,14,test
mp-1111138,K2LiCeBr6,0.0581682277500013,0.04-0.06,225,10,4,3960,923,1,test
mp-1183643,CdAu3,0.0055174849999999,0.005-0.02,139,4,3,1233,236,0,test
mp-504727,EuBrO,0.0,0-0.005,129,6,3,472,177,2,test
mp-862863,Pa3Te,0.0,0-0.005,221,4,2,820,339,0,test
mp-1095680,PrGeRh,0.0,0-0.005,62,12,3,1187,413,6,test
mp-19176,La2NiRuO6,0.0,0-0.005,14,20,6,575,188,12,test
mp-1218011,SrPr3CrNiO8,0.028780845089285,0.02-0.04,38,14,11,383,4,13,test
mp-865939,LiMg2,0.0062886016666665,0.005-0.02,139,3,2,1233,82,1,test
mp-1181500,Dy3Ge5,0.0,0-0.005,190,16,4,12,0,3,test
mp-1518845,KSrZrBiO6,0.0414616605000004,0.04-0.06,216,10,5,538,130,1,test
mp-1185962,MgPb5,0.0392686775000004,0.02-0.04,8,6,6,361,13,12,test
mp-11350,CaAl9Co2,0.0067822893055611,0.005-0.02,191,12,4,355,4,1,test
mp-730,P2Pt,0.0,0-0.005,205,12,2,31,30,1,test
mp-756762,TbTmO3,0.0797585176250006,0.06-0.0801,62,20,4,1187,318,7,test
mp-867311,AcAgTe2,0.0,0-0.005,225,4,3,3960,2406,0,test
mp-1008734,ThH2,0.0093786166666669,0.005-0.02,225,3,2,3960,55,0,test
mp-2793,AuSe,0.0,0-0.005,12,4,3,1273,24,2,test
mp-560929,Na3CrF6,0.0,0-0.005,14,20,6,575,35,12,test
mp-1215246,ZrTiRh,0.0565904583333338,0.04-0.06,38,12,7,383,68,12,test
mp-865120,NaPaO3,0.0,0-0.005,221,5,3,820,273,0,test
mp-1227052,CaHF,0.0206242516666668,0.02-0.04,216,3,3,538,99,0,test
mp-1222454,Lu(AlCu)6,0.0,0-0.005,71,13,6,419,31,4,test
mp-11118,CsPrCdSe3,0.0,0-0.005,63,12,5,880,63,5,test
mp-1189461,Ho2Co3Ge5,0.0,0-0.005,15,20,7,533,18,13,test
mp-2649,Zr5Sb3,0.0086283253124994,0.005-0.02,193,16,3,238,93,2,test
mp-3627,Eu(Mo3S4)2,0.0,0-0.005,148,15,4,351,37,7,test
mp-1226990,Cd3(InSe3)2,0.0176770736363636,0.005-0.02,146,11,7,73,1,11,test
mp-1187618,YbNdPd2,0.0124695100000007,0.005-0.02,225,4,3,3960,2406,0,test
mp-977115,NaSrHg2,0.007105399375,0.005-0.02,225,4,3,3960,2406,0,test
mp-1216647,Tm4CdSe7,0.0798767520833338,0.06-0.0801,8,12,12,361,25,24,test
mp-760381,CuS,0.0126866066666666,0.005-0.02,216,2,2,538,32,0,test
mp-1178367,Dy2CuO4,0.0399781971428501,0.02-0.04,139,7,4,1233,76,1,test
mp-4075,TbZrSb,0.0,0-0.005,139,6,3,1233,40,2,test
mp-1106100,LiEuGe2,0.0,0-0.005,62,16,4,1187,107,8,test
mp-1104139,Ta5(NiP)4,0.0,0-0.005,87,13,4,101,3,6,test
mp-1113491,Cs3ScI6,0.0019996354999998,0-0.005,225,10,4,3960,100,1,test
mp-779166,LiCo3NiO8,0.0344070910576883,0.02-0.04,166,13,5,1076,0,3,test
mp-864620,CaSmCd2,0.0,0-0.005,225,4,3,3960,2406,0,test
mp-1184302,ErTm3,0.00654997,0.005-0.02,194,8,2,1129,439,1,test
mp-1223098,La4YC10,0.0373054554583323,0.02-0.04,69,15,6,46,1,7,test
mp-1186033,Na3Ag,0.0476797890301725,0.04-0.06,194,8,2,1129,439,1,test
mp-1205874,Lu6FeBi2,0.0,0-0.005,189,9,4,469,57,2,test
mp-31232,In2PO5,0.0,0-0.005,2,16,8,676,4,24,test
mp-1106355,Dy6Ni2Sn,0.0160193701851856,0.005-0.02,71,18,7,419,43,8,test
mp-568143,TmB4,0.0,0-0.005,127,20,4,246,11,5,test
mp-753387,Li2Cu3F8,0.0461179715384609,0.04-0.06,2,13,8,676,6,15,test
mp-1222844,LaPr3Al4O12,0.001633779750005,0-0.005,155,20,8,75,15,8,test
mp-1222534,Li4AlNi3O8,0.0172837476562506,0.005-0.02,166,16,9,1076,23,7,test
mp-33154,AgI2,0.0106200316666669,0.005-0.02,115,3,2,112,3,1,test
mp-1094747,Mg2Cd,0.0463578799999997,0.04-0.06,189,6,3,469,20,1,test
mp-1221067,NaCeS2,0.0718707124999999,0.06-0.0801,123,4,4,626,136,0,test
mp-1219910,Pr2AlSi,0.0,0-0.005,38,4,4,383,41,4,test
mp-639751,I,0.0507089249999999,0.04-0.06,71,1,1,419,0,0,test
mp-23477,MnBiO3,0.0281614210999983,0.02-0.04,15,20,6,533,36,13,test
mp-1111041,Rb2HgSbI6,0.0455389314999998,0.04-0.06,225,10,4,3960,923,1,test
mp-1215234,ZrMnNi,0.049390156250002,0.04-0.06,74,6,3,299,50,1,test
mp-13229,K3GdF6,0.0037153004999996,0-0.005,14,20,6,575,35,12,test
mp-377,LuRh,0.0,0-0.005,221,2,2,820,168,0,test
mp-13695,SmCuO2,0.0,0-0.005,166,4,3,1076,280,1,test
mp-1146,ThS2,0.0,0-0.005,62,12,3,1187,102,6,test
mp-752545,LiMn2F7,0.0718253604999894,0.06-0.0801,13,20,6,57,2,14,test
mp-1219063,SmGd3Al4O12,0.0096674680499937,0.005-0.02,6,20,14,163,35,34,test
mp-1218049,Ta3Mo3N4,0.0590999472500026,0.04-0.06,99,10,10,88,0,10,test
mp-972072,YbYPd2,0.0029505612499995,0-0.005,225,4,3,3960,2406,0,test
mp-1209123,Rh2WO6,0.0592744130555571,0.04-0.06,136,18,4,167,33,4,test
mp-11750,Ti6Si2B,0.0,0-0.005,189,9,4,469,57,2,test
mp-974411,Re3Tc,0.0024534225000003,0-0.005,194,8,2,1129,439,1,test
mp-1206438,Rb2CuF6,0.0,0-0.005,225,9,3,3960,89,1,test
mp-20163,Th2S3,0.0,0-0.005,62,20,5,1187,37,10,test
mp-756696,Mg2Mn3O8,0.041733999230769,0.04-0.06,160,13,7,311,1,10,test
mp-866200,Li2SmTl,0.0,0-0.005,225,4,3,3960,2406,0,test
mp-1065609,GdTlTe2,0.0,0-0.005,166,4,3,1076,280,1,test
mp-1222710,LiV5O10,0.0655010020833373,0.06-0.0801,5,16,11,274,0,21,test
mp-1223223,La2BrClO2,0.0054990700000008,0.005-0.02,99,6,5,88,3,5,test
mp-3465,LaB2Rh3,0.0176076749999998,0.005-0.02,191,6,3,355,109,0,test
mp-625700,MoH4O5,0.0798659781249977,0.06-0.0801,7,20,10,106,0,30,test
mp-1188952,Sm2Ge5Pt3,0.0135420595833375,0.005-0.02,72,20,6,111,33,7,test
mp-976969,MgPb5,0.0458557691666667,0.04-0.06,155,6,3,75,21,2,test
mp-510688,HoCoSi,0.0,0-0.005,62,12,3,1187,413,6,test
mp-1206749,HoNiAs,0.0044552825000003,0-0.005,187,3,3,312,88,0,test
mp-545820,SnO,0.0008266587500003,0-0.005,129,4,2,472,22,1,test
mp-31115,Er3GaO6,0.0068695206499995,0.005-0.02,36,20,7,174,16,17,test
mp-1272804,LiMn2O4,0.0001902147619059,0-0.005,74,14,5,299,45,5,test
mp-1189575,Ta3Co5B2,0.0783940323333336,0.06-0.0801,127,20,5,246,6,4,test
mp-1383,UCo2,0.0,0-0.005,227,6,2,303,132,0,test
mp-1102211,Ho2Ga8Fe,0.0100493659090998,0.005-0.02,123,11,5,626,22,3,test
mp-1209277,Rb3Ca2Cl7,0.0072072841666672,0.005-0.02,139,12,6,1233,14,4,test
mp-1025230,U2Re2C3,0.0,0-0.005,12,7,4,1273,25,6,test
mp-865583,Y2Mg,0.0068569177777781,0.005-0.02,63,6,3,880,64,3,test
mp-22214,Rb2RhF6,0.0,0-0.005,164,9,3,551,31,3,test
mp-1094419,Y2Mg,0.0541784561111109,0.04-0.06,12,6,3,1273,77,6,test
mp-3217,USeO,0.0,0-0.005,129,6,3,472,177,2,test
mp-1221777,MnCd4S5,0.0106389020000001,0.005-0.02,8,20,20,361,3,40,test
mp-1210521,Na(RuO2)4,0.0397407153846174,0.02-0.04,87,13,4,101,6,6,test
mp-555665,NaVO3,0.0010874150000024,0-0.005,62,20,5,1187,318,10,test
mp-1215472,YbTmS2,0.0,0-0.005,166,4,3,1076,280,1,test
mp-27915,K2BeO2,0.0,0-0.005,14,20,5,575,21,15,test
mp-1208843,Sm2Sn5,0.0102937828571425,0.005-0.02,65,14,8,265,3,6,test
mp-1226054,CoNiTe4,0.0042389433333331,0-0.005,12,6,4,1273,22,4,test
mp-1228454,Al2ZnSe4,0.0483189728571424,0.04-0.06,6,7,7,163,7,14,test
mp-1114669,Rb2NaGaCl6,0.056492697499999,0.04-0.06,225,10,4,3960,923,1,test
mp-1223832,K(SiPt)4,0.0,0-0.005,79,9,3,4,0,7,test
mp-672307,NdInPt,0.0,0-0.005,189,9,4,469,305,2,test
mp-601,PrP,0.0,0-0.005,225,2,2,3960,145,0,test
mp-34375,Li7OsO6,0.0203136389115661,0.02-0.04,1,14,14,470,5,42,test
mp-3228,HgSO4,0.0,0-0.005,31,12,5,112,3,11,test
mp-1086,TaC,0.0,0-0.005,225,2,2,3960,145,0,test
mp-568337,ThRh2,0.0,0-0.005,194,6,3,1129,127,0,test
mp-6270,Ba2LiReO6,0.0,0-0.005,225,10,4,3960,923,1,test
mp-1219091,SmDyFe4,0.0212717441666656,0.02-0.04,216,6,3,538,136,1,test
mp-1189016,MgU(PbO3)2,0.0378501546874927,0.02-0.04,14,20,6,575,188,12,test
mp-11615,TmMnGe,0.0387459118007624,0.02-0.04,189,9,4,469,305,2,test
mp-13271,ErAsPd,0.0,0-0.005,62,12,3,1187,413,6,test
mp-768310,LaBiO3,0.0351944606000014,0.02-0.04,161,10,3,40,34,5,test
mp-10388,Nb5(PPd)4,0.0119288729594018,0.005-0.02,87,13,4,101,3,6,test
mp-1519421,BaTbEuWO6,0.015359150305553,0.005-0.02,2,20,12,676,52,24,test
mp-1206170,YCr2Si2C,0.0051094889444449,0.005-0.02,123,6,4,626,12,1,test
mp-1226194,Cu6SnWS8,0.0198209341493056,0.005-0.02,115,16,6,112,1,6,test
mp-1147715,BaCuS2,0.0,0-0.005,129,8,4,472,65,3,test
mp-865926,Cd2PdRh,0.0,0-0.005,225,4,3,3960,2406,0,test
mp-1079811,SmAu,0.0,0-0.005,62,8,2,1187,70,4,test
mp-1187429,Ti2FeCo,0.0045226449999997,0-0.005,225,4,3,3960,2406,0,test
mp-1114410,KRb2ScCl6,0.0,0-0.005,225,10,4,3960,923,1,test
mp-1187917,Yb2TlHg,0.0,0-0.005,225,4,3,3960,2406,0,test
mp-975958,KNaMo(OF2)2,0.0317885903505317,0.02-0.04,129,18,6,472,1,6,test
mp-1114592,Rb2NaNdBr6,0.032341005500001,0.02-0.04,225,10,4,3960,923,1,test
mp-7437,KZnP,0.0,0-0.005,194,6,3,1129,168,0,test
mp-1070146,DySi3Ir,0.0,0-0.005,107,5,4,158,75,4,test
mp-1188999,Ce5Sb3,0.0181257443750029,0.005-0.02,193,16,3,238,93,2,test
mp-1225387,ErThCN,0.077640842500001,0.06-0.0801,123,4,4,626,4,0,test
mp-31491,Sm(GePd)2,0.0,0-0.005,139,5,3,1233,443,1,test
mp-1188851,Ho5BiAu2,0.0,0-0.005,140,16,4,257,52,3,test
mp-1079028,TbNiSb2,0.0170033037500001,0.005-0.02,129,8,4,472,65,2,test
mp-1111181,K3AsBr6,0.0714096824999996,0.06-0.0801,225,10,4,3960,100,1,test
mp-1103847,Tm3Ga8Ag3,0.0066358446428602,0.005-0.02,71,14,6,419,12,6,test
mp-1226630,CeCo2SiB,0.06228331831249,0.06-0.0801,107,5,4,158,10,4,test
mp-1112651,Cs3InBr6,0.0,0-0.005,225,10,4,3960,100,1,test
mp-1215591,YbAg(MoO4)2,0.0722292042708208,0.06-0.0801,82,12,6,145,18,6,test
mp-1207418,ZrFeAs,0.002518810833334,0-0.005,62,12,3,1187,413,6,test
mp-11833,UCuGe,0.0779826944444437,0.06-0.0801,187,3,3,312,88,0,test
mp-1227987,BaAlGaO4,0.0150789758928571,0.005-0.02,5,14,8,274,2,20,test
mp-1225256,Eu2ZnSb2,0.0289390639326905,0.02-0.04,187,5,4,312,2,1,test
mp-1226576,CeGa3Pt,0.0142455429999994,0.005-0.02,119,5,4,124,19,1,test
mp-1219023,SmGa3Ni,0.0712358479999997,0.06-0.0801,119,5,4,124,19,1,test
mp-20540,YbSbPd,0.0,0-0.005,62,12,3,1187,413,6,test
mp-1112792,Cs2KAsBr6,0.0,0-0.005,225,10,4,3960,923,1,test
mp-753930,Li2VFeO5,0.0799422680555554,0.06-0.0801,129,18,5,472,7,4,test
mp-1105712,Er5Ge3C,0.0,0-0.005,193,18,4,238,124,2,test
mp-669367,KAl(SO4)2,0.0118498900000041,0.005-0.02,150,12,5,21,12,5,test
mp-1226769,CeYIn6,0.0,0-0.005,123,8,5,626,26,1,test
mp-1104436,Yb(GaFe)6,0.0,0-0.005,71,13,6,419,31,4,test
mp-28214,TiBr3,0.0,0-0.005,2,8,4,676,7,12,test
mp-562809,GdBi2BrO4,0.0,0-0.005,123,8,4,626,30,2,test
mp-2602,NdAs,0.0,0-0.005,225,2,2,3960,145,0,test
mp-505781,MnGePd2,0.0793762638505732,0.06-0.0801,225,4,3,3960,2406,0,test
mp-865792,BeSiNi2,0.0,0-0.005,225,4,3,3960,2406,0,test
mp-19000,VPO5,0.0146845775000006,0.005-0.02,129,14,4,472,2,4,test
mp-1225350,Dy3TmMn8,0.0514164047278908,0.04-0.06,160,12,8,311,19,10,test
mp-1222693,LaTh,0.0359979074999996,0.02-0.04,166,2,2,1076,44,0,test
mp-17424,TmGa3Ru,0.0,0-0.005,221,15,4,820,273,1,test
mp-1219249,Si3P3Ir,0.0046051292857143,0-0.005,1,7,7,470,3,21,test
mp-554658,Cu(SbO3)2,0.0007402616666665,0-0.005,58,18,4,59,0,6,test
mp-510582,NdNiSnH2,0.0,0-0.005,194,10,4,1129,3,1,test
mp-1106144,Ce7Rh3,0.0088227965000005,0.005-0.02,186,20,4,183,33,7,test
mp-1186754,Pr3In,0.0143455299999999,0.005-0.02,194,8,2,1129,439,1,test
mp-636805,Hg2ClO,0.0303511993750005,0.02-0.04,2,16,9,676,16,21,test
mp-1273567,Li5Mn2CoO8,0.0735905656249995,0.06-0.0801,2,16,10,676,3,18,test
mp-755768,V3(O2F)2,0.027573561666669,0.02-0.04,1,18,18,470,4,54,test
mp-23143,Ca2Cu(ClO)2,0.0191527683333321,0.005-0.02,139,7,4,1233,7,2,test
mp-1059528,Pr,0.0096948550000002,0.005-0.02,225,1,1,3960,26,0,test
mp-753234,LiMn7O12,0.0700463778749949,0.06-0.0801,5,20,13,274,1,27,test
mp-1080654,LaPdPb,0.0,0-0.005,189,9,4,469,305,2,test
mp-754694,Na4WO4,0.0535218807407416,0.04-0.06,87,9,3,101,2,4,test
mp-2026,PrTl3,0.0,0-0.005,221,4,2,820,339,0,test
mp-1227198,CaLaGaCuO5,0.0670304455555594,0.06-0.0801,8,18,11,361,2,29,test
mp-1100166,YMg3,0.0313340549999998,0.02-0.04,123,4,3,626,15,0,test
mp-19243,VSb2O5,0.0339844280078045,0.02-0.04,15,16,5,533,18,11,test
mp-867238,SmPb3,0.0,0-0.005,221,4,2,820,339,0,test
mp-9143,LiPF6,0.0,0-0.005,148,8,3,351,67,3,test
mp-29652,TaSe3,0.0,0-0.005,11,16,8,277,15,16,test
mp-865236,Tm2ZnOs,0.006193642187501,0.005-0.02,225,4,3,3960,2406,0,test
mp-1181515,Dy4Ge6Rh7,0.0,0-0.005,229,17,4,95,20,1,test
mp-1228901,AlAg,0.016900198750001,0.005-0.02,187,2,2,312,64,0,test
mp-545788,Ba3ZnN2O,0.007382559999999,0.005-0.02,123,7,5,626,0,2,test
mp-5878,KZnF3,0.0,0-0.005,221,5,3,820,273,0,test
mp-1076933,GdAl3Cu,0.0,0-0.005,107,5,4,158,75,4,test
mp-74,Rh,0.0,0-0.005,225,1,1,3960,26,0,test
mp-1206945,Gd2Ni2Sn,0.0,0-0.005,71,5,3,419,60,2,test
mp-6389,NaLa2RuO6,0.0,0-0.005,14,20,6,575,188,12,test
mp-1188522,Pr5Si2Ge,0.0,0-0.005,140,16,4,257,52,3,test
mp-24095,PrH2,0.0,0-0.005,225,3,2,3960,55,0,test
mp-11990,Pr2CdNi2,0.0,0-0.005,127,10,3,246,156,2,test
mp-505632,CsFeS2,0.0,0-0.005,71,8,4,419,20,4,test
mp-582389,Eu2B5Os3,0.0,0-0.005,5,10,6,274,1,14,test
mp-1225358,Fe7Ge4,0.0507146901515147,0.04-0.06,187,11,7,312,1,4,test
mp-1215432,YbTmSe2,0.0,0-0.005,166,4,3,1076,280,1,test
mp-1189757,Dy2SnS5,0.0228714131249994,0.02-0.04,55,16,5,40,2,6,test
mp-29297,Cd3(ClO)2,0.0,0-0.005,14,14,4,575,16,9,test
mp-864912,YbGaPt,0.0,0-0.005,62,12,3,1187,413,6,test
mp-867275,BeVOs2,0.0,0-0.005,225,4,3,3960,2406,0,test
mp-1113570,Cs2CeAgCl6,0.0248439463333305,0.02-0.04,225,10,4,3960,923,1,test
mp-22968,NaClO4,0.0,0-0.005,63,12,4,880,53,6,test
mp-1284156,Sr2HfFeO6,0.0468824579999989,0.04-0.06,12,20,9,1273,36,16,test
mp-1104916,V2Pb(OF4)2,0.0,0-0.005,2,13,7,676,7,18,test
mp-1228015,AlSiMo,0.0,0-0.005,153,9,3,1,1,3,test
mp-983428,PmDyIn2,0.0,0-0.005,225,4,3,3960,2406,0,test
mp-7003,CePPd,0.0,0-0.005,194,6,3,1129,168,0,test
mp-1225649,ErAlFe,0.0,0-0.005,38,12,7,383,68,12,test
mvc-10202,HoMg(FeO3)2,0.0695264231874999,0.06-0.0801,31,20,7,112,28,17,test
mp-570236,Pr(PRu)2,0.0,0-0.005,139,5,3,1233,443,1,test
mp-1209013,Sr2EuTaO6,0.0048908341874813,0-0.005,14,20,6,575,188,12,test
mp-989619,LaTcN3,0.0,0-0.005,15,20,6,533,36,14,test
mp-1095234,DyNbO4,0.0017617650000012,0-0.005,88,12,3,63,44,3,test
mp-1174251,Li6Mn3CoO10,0.0624087138750066,0.06-0.0801,8,20,20,361,4,40,test
mp-1189323,Zr5Sb3S,0.0,0-0.005,193,18,4,238,124,2,test
mp-19966,GdTl,0.0,0-0.005,221,2,2,820,168,0,test
mp-1069765,SmSi3Rh,0.0,0-0.005,107,5,4,158,75,4,test
mp-556296,BaS3,0.0260244112499998,0.02-0.04,18,16,5,6,0,11,test
mp-12382,ErSi2Ni,0.0,0-0.005,63,8,4,880,158,4,test
mp-1113792,Rb2CrAgF6,0.0,0-0.005,225,10,4,3960,923,1,test
mp-1212187,Hf3Ti2Ga3,0.0,0-0.005,193,16,3,238,3,2,test
mp-972069,Ti3Ga,0.0115116212499994,0.005-0.02,139,4,3,1233,236,0,test
mp-554993,Pd3(PbS)2,0.0,0-0.005,199,14,3,12,5,3,test
mp-561048,K3VSO3,0.0,0-0.005,11,16,7,277,2,15,test
mp-6779,Ba2Pr(CuO2)4,0.0,0-0.005,65,15,8,265,7,7,test
mp-1188367,ErZn3,0.0,0-0.005,62,16,4,1187,80,8,test
mp-17895,K3BeF5,0.0014052216666708,0-0.005,140,18,5,257,26,3,test
mp-22648,FeCu2SnS4,0.0394694968750002,0.02-0.04,121,8,4,101,48,2,test
mp-863692,CsMn(CN)3,0.0242261736458289,0.02-0.04,225,16,5,3960,0,2,test
mp-1111175,K3DyCl6,0.0649807434999996,0.06-0.0801,225,10,4,3960,100,1,test
mp-2172,AlAs,0.0,0-0.005,216,2,2,538,32,0,test
mp-1207748,YMn6(Sn2Ge)2,0.0,0-0.005,191,13,5,355,7,2,test
mvc-13672,La2VZnO6,0.0384654885625064,0.02-0.04,148,10,4,351,38,4,test
mp-1222486,Li5Al(SiO4)2,0.0151791034375001,0.005-0.02,5,16,10,274,5,22,test
mp-1079467,YAu3,0.0,0-0.005,59,8,3,106,20,4,test
mp-7447,Rb2Se3,0.0,0-0.005,36,10,4,174,7,9,test
mp-9985,NbNiB,0.0039846645976986,0-0.005,63,6,3,880,28,3,test
mp-642736,K3H5Pd,0.0079768133333333,0.005-0.02,127,18,5,246,2,3,test
mp-28591,Na4HgP2,0.0,0-0.005,166,7,4,1076,22,3,test
mp-1102187,SmFe3,0.0074921037499997,0.005-0.02,166,12,5,1076,53,4,test
mp-10201,Ge2Mo,0.020722800833334,0.02-0.04,139,3,2,1233,82,1,test
mp-22962,CsTiBr3,0.0,0-0.005,194,10,3,1129,53,1,test
mp-1206273,Ba3UO6,0.0229508497499821,0.02-0.04,225,10,4,3960,100,1,test
mp-12924,KLaSiS4,0.0024059614285718,0-0.005,11,14,6,277,7,13,test
mp-7774,Na2SbAu,0.0,0-0.005,63,8,3,880,158,3,test
mp-865856,PaBi3,0.0,0-0.005,139,4,3,1233,236,0,test
mp-1188996,Ce5Bi3,0.0315403153125002,0.02-0.04,193,16,3,238,93,2,test
mp-625054,AlHO2,0.0,0-0.005,36,8,4,174,6,8,test
mp-1189298,YbB4,0.0,0-0.005,127,20,4,246,11,5,test
mp-1189382,La2Co7,0.0298855773913038,0.02-0.04,166,18,7,1076,21,6,test
mp-1024957,TmInCu4,0.0,0-0.005,216,6,3,538,136,1,test
mp-30943,MgPSe3,0.0,0-0.005,148,10,3,351,48,5,test
mp-27637,NiBr2,0.0,0-0.005,166,3,2,1076,42,1,test
mp-1247080,MgVCrS4,0.0600525641071403,0.06-0.0801,74,14,5,299,53,5,test
mp-1187445,ThPaTc2,0.0365713125000013,0.02-0.04,225,4,3,3960,2406,0,test
mp-7600,Th(FeSi)2,0.0,0-0.005,139,5,3,1233,443,1,test
mp-30356,SrAg2,0.0,0-0.005,74,6,2,299,44,3,test
mp-1078349,La2BiN,0.0,0-0.005,129,8,4,472,65,3,test
mp-1025065,LaMn2Ni3,0.0557216998563232,0.04-0.06,191,6,3,355,109,0,test
mp-22400,MnCu2SnSe4,0.0,0-0.005,121,8,4,101,48,2,test
mp-1101256,Tl(SbO3)2,0.0553744186111027,0.04-0.06,74,18,6,299,3,5,test
mp-1106190,Er4Ga12Ni,0.0,0-0.005,229,17,4,95,20,1,test
mp-22994,LiIO3,0.0048073860000004,0-0.005,33,20,5,47,17,15,test
mp-1220140,Ni2P2(SeS)3,0.0668176010000003,0.06-0.0801,1,10,10,470,0,30,test
mp-1521056,Sr2SmSbO6,0.0696504560000006,0.06-0.0801,225,10,4,3960,923,1,test
mp-1104766,U(Fe2Ge)2,0.028776355714287,0.02-0.04,136,14,3,167,35,3,test
mp-1185622,MgZrZn2,0.0269172959228201,0.02-0.04,225,4,3,3960,2406,0,test
mp-983444,LiPmZn2,0.0,0-0.005,225,4,3,3960,2406,0,test
mp-865558,AcTe3,0.0,0-0.005,139,4,3,1233,236,0,test
mp-27987,BrF5,0.0,0-0.005,36,12,5,174,0,11,test
mp-755053,Ga4SiO8,0.0680159169230858,0.06-0.0801,12,13,7,1273,15,12,test
mp-1226892,Ce2(CoCu)5,0.0505327702537385,0.04-0.06,47,12,7,83,10,4,test
mp-559563,Rb2NaCoF6,0.0,0-0.005,225,10,4,3960,923,1,test
mp-1104140,Tm(Ni2P)2,0.0,0-0.005,136,14,3,167,35,3,test
mp-998555,InSnBr3,0.0,0-0.005,161,10,3,40,34,5,test
mp-643387,AlH2PbO2F3,0.0,0-0.005,2,18,9,676,0,27,test
mp-1218087,Ta3Mn8Al,0.0,0-0.005,156,12,8,302,12,10,test
mp-1519405,BaSrYWO6,0.012963064166648,0.005-0.02,2,20,12,676,52,24,test
mp-14005,KRuO4,0.0,0-0.005,88,12,3,63,44,3,test
mp-1018821,NdTlZn,0.0235266141666623,0.02-0.04,194,6,3,1129,168,0,test
mp-1178362,DyClO,0.0,0-0.005,166,6,3,1076,18,3,test
mp-1177699,Li3Mn3CrO8,0.0716403718888898,0.06-0.0801,12,15,8,1273,6,7,test
mp-31148,BaZnSn,0.0,0-0.005,194,6,3,1129,168,0,test
mp-1519728,KSrPrWO6,0.0538509944583287,0.04-0.06,216,10,5,538,130,1,test
mp-1103966,Cd(Mo3Se4)2,0.0669013593333351,0.06-0.0801,148,15,4,351,37,7,test
mp-20284,PdF2,0.0409266111111099,0.04-0.06,205,12,2,31,30,1,test
mp-31183,ErAl4Ni,0.0,0-0.005,63,12,5,880,53,5,test
mp-754963,Li4Mn3Cr2O10,0.0758292396052624,0.06-0.0801,1,19,19,470,3,57,test
mp-755007,CeOF,0.0,0-0.005,166,6,3,1076,18,3,test
mp-1214613,Ba2YCu3O8,0.0648453272704143,0.06-0.0801,123,14,7,626,4,4,test
mvc-13792,Ca2WN2,0.0,0-0.005,12,10,5,1273,46,10,test
mp-1113623,Cs2GaAgCl6,0.0681970357500016,0.06-0.0801,225,10,4,3960,923,1,test
mp-27226,MgCu2O3,0.0525086091666668,0.04-0.06,59,12,4,106,6,6,test
mp-971738,ZnCuNi2,0.0072582300000005,0.005-0.02,225,4,3,3960,2406,0,test
mp-865798,GaCu3,0.0016822049999998,0-0.005,194,8,2,1129,439,1,test
mp-1207268,Ba2PuPbO6,0.0,0-0.005,225,10,4,3960,923,1,test
mp-754549,Na2CuO2,0.0486829518333351,0.04-0.06,36,10,5,174,11,10,test
mp-975784,PrY3,0.0237560362499991,0.02-0.04,139,4,3,1233,236,0,test
mp-1095468,Dy3Sc2S7,0.0,0-0.005,12,12,7,1273,2,10,test
mp-765701,Li4V3FeO8,0.0384058804687494,0.02-0.04,166,16,6,1076,23,3,test
mp-1225786,Cu2SnSe3,0.0137555389166657,0.005-0.02,44,6,4,187,18,6,test
mp-1112534,Cs2NaScBr6,0.0,0-0.005,225,10,4,3960,923,1,test
mp-10244,Zr3(CuSi)4,0.0,0-0.005,71,11,5,419,49,5,test
mp-7814,Ta2CS2,0.0,0-0.005,166,5,3,1076,13,2,test
mp-1216936,U4TeSe7,0.0307871115833338,0.02-0.04,6,12,12,163,3,24,test
mp-560399,NaMgF3,0.0416478024999991,0.04-0.06,221,5,3,820,273,0,test
mp-1720,SmRu2,0.0210288116666665,0.02-0.04,227,6,2,303,132,0,test
mp-1147648,Sr2CoSeO2,0.0784237311111129,0.06-0.0801,123,6,4,626,12,1,test
mp-754475,Tm2SeO2,0.0450721019999971,0.04-0.06,139,5,3,1233,443,1,test
mp-1025458,SmAl2Ni,0.0,0-0.005,63,8,3,880,158,4,test
mp-11852,NdCu2,0.0,0-0.005,74,6,2,299,44,3,test
mp-1208643,SrHfS3,0.0,0-0.005,62,20,4,1187,318,7,test
mp-760476,LiU3O8,0.0062769183333326,0.005-0.02,38,12,8,383,1,12,test
mp-15704,BeSiN2,0.0011642218749994,0-0.005,122,8,3,126,51,1,test
mp-38975,PNO,0.0390128394444424,0.02-0.04,145,9,3,0,0,9,test
mp-754001,VOF,0.055931339999999,0.04-0.06,65,6,4,265,1,2,test
mp-570430,TaCo2,0.0292401213148174,0.02-0.04,194,12,3,1129,127,2,test
mp-558815,Rb2LiVS4,0.0,0-0.005,70,16,4,87,18,4,test
mp-1226342,Cr4CoNiS8,0.02709814156462,0.02-0.04,216,14,5,538,21,3,test
mp-1079347,La(AsRh)2,0.0,0-0.005,129,10,5,472,69,3,test
mp-1215194,ZrVCo,0.013197649666667,0.005-0.02,38,12,7,383,68,12,test
mp-1002114,VH,0.0181850383333328,0.005-0.02,225,2,2,3960,145,0,test
mp-865007,Dy2MgIn,0.0,0-0.005,225,4,3,3960,2406,0,test
mp-1232342,Sr3LaTaAl3O12,0.0449732396250013,0.04-0.06,38,20,13,383,0,20,test
mp-569224,SbI3,0.046385860625,0.04-0.06,14,16,4,575,13,12,test
mp-643264,BaMg2FeH8,0.0,0-0.005,164,12,5,551,18,4,test
mvc-4133,Ca2CoSbO6,0.0639329628750013,0.06-0.0801,11,20,8,277,15,14,test
mp-998980,TiAlFeCo,0.0,0-0.005,216,4,4,538,18,0,test
mp-28156,NaGdCl4,0.0,0-0.005,2,12,6,676,16,18,test
mp-545622,ZnWO4,0.0411243400000014,0.04-0.06,15,12,4,533,49,8,test
mp-569525,NaLi5N2,0.0757863513553629,0.06-0.0801,6,8,8,163,0,16,test
mp-1220277,Nd2FeSi2Ru,0.0188899483333306,0.005-0.02,115,6,4,112,4,2,test
mp-7421,KZnAs,0.0,0-0.005,194,6,3,1129,168,0,test
mp-982667,LiAl2Os,0.022352576666667,0.02-0.04,225,4,3,3960,2406,0,test
mp-1114373,Rb2YTlF6,0.0103782964999998,0.005-0.02,225,10,4,3960,923,1,test
mp-5568,Nd3Co11B4,0.0194511489534878,0.005-0.02,191,18,6,355,6,3,test
mp-1069712,Ba(CdGe)2,0.0,0-0.005,139,5,3,1233,443,1,test
mp-978975,TbYTl2,0.0,0-0.005,225,4,3,3960,2406,0,test
mp-756702,PrBrO,0.0326633350000005,0.02-0.04,166,6,3,1076,18,3,test
mp-606680,CsLi2Br3,0.0136153533333329,0.005-0.02,71,6,4,419,25,2,test
mp-1224149,Ho4Ge8Pd,0.0269540536538475,0.02-0.04,25,13,13,124,19,13,test
mvc-11741,Ca(MnS2)4,0.0590609853846251,0.04-0.06,166,13,5,1076,17,3,test
mp-12406,US3,0.0,0-0.005,11,8,4,277,15,8,test
mp-773864,TiSnO4,0.0662507612499965,0.06-0.0801,119,6,4,124,10,2,test
mp-1114541,KRb2LuCl6,0.0103925052500013,0.005-0.02,225,10,4,3960,923,1,test
mp-1095136,La(BOs)2,0.0,0-0.005,70,10,3,87,16,2,test
mp-972257,LaTb3,0.0303139312499993,0.02-0.04,194,8,2,1129,439,1,test
mp-1025824,MoW2(SeS2)2,0.0428810894444451,0.04-0.06,156,9,9,302,12,9,test
mp-567371,Sr3Li4(GeN3)2,0.0,0-0.005,12,15,6,1273,0,11,test
mp-1217704,Tb2CoGe4,0.0,0-0.005,38,7,7,383,23,7,test
mp-755856,Mg2SnO4,0.0709587214285711,0.06-0.0801,55,14,4,40,14,6,test
mp-753980,Li4Mn2TeWO12,0.0580374112750003,0.04-0.06,1,20,20,470,11,60,test
mp-574189,PbI2,0.003497218333333,0-0.005,166,12,7,1076,42,5,test
mp-559588,CdSbS2Br,0.0143323434999986,0.005-0.02,12,10,6,1273,11,8,test
mp-20961,EuPd3S4,0.0,0-0.005,223,16,3,54,13,0,test
mp-1100766,Ni3Pt,0.000376235,0-0.005,139,4,3,1233,236,0,test
mp-9793,Ba3BAsO3,0.0,0-0.005,194,16,5,1129,2,2,test
mp-1215930,YBiTe3,0.0261606527499971,0.02-0.04,160,5,5,311,23,5,test
mp-19274,BaPrMn2O6,0.0255449250000161,0.02-0.04,123,10,6,626,21,2,test
mp-4668,K(CoSe)2,0.0258112058125004,0.02-0.04,139,5,3,1233,443,1,test
mp-8469,Li8IrO6,0.0057859068000007,0.005-0.02,148,15,4,351,37,7,test
mp-1226876,Ce2Ge3Rh,0.0135348077222188,0.005-0.02,44,6,6,187,18,6,test
mp-1206069,Lu3(CuSn)4,0.0191673472727265,0.005-0.02,12,11,6,1273,2,10,test
mp-23231,AgBr,0.0372941500000001,0.02-0.04,225,2,2,3960,145,0,test
mp-23703,LiH,0.0,0-0.005,225,2,2,3960,145,0,test
mp-1189147,Mn3Ga4Ni9,0.0183622249999997,0.005-0.02,221,16,5,820,0,1,test
mp-1225319,Eu2PCl,0.0,0-0.005,123,4,4,626,136,0,test
mp-1183063,Ac2CdGe,0.0,0-0.005,225,4,3,3960,2406,0,test
mp-1523149,KBaPrWO6,0.0,0-0.005,216,10,5,538,130,1,test
mp-551250,ErBi2IO4,0.0,0-0.005,123,8,4,626,30,2,test
mp-1207057,TmBiPt,0.0,0-0.005,216,3,3,538,99,0,test
mp-1183760,Ce2AgHg,0.0485493900000002,0.04-0.06,225,4,3,3960,2406,0,test
mp-4939,Dy(FeSi)2,0.0,0-0.005,139,5,3,1233,443,1,test
mp-1222863,LaY3Ti4O12,0.0597472596250003,0.04-0.06,6,20,14,163,35,34,test
mp-1105231,Ba5P4,0.0,0-0.005,64,18,4,82,1,6,test
mp-13346,CsUAgS3,0.0,0-0.005,63,12,5,880,63,5,test
mp-10528,Ho2AlSi2,0.0,0-0.005,71,5,3,419,60,2,test
mp-1222591,Li3Al2CoO6,0.0263020845833379,0.02-0.04,164,12,7,551,5,5,test
mp-8159,TlCu4S3,0.0010116991406263,0-0.005,123,8,4,626,21,2,test
mp-763291,V3O5F,0.0032130994444319,0-0.005,31,18,9,112,6,18,test
mp-20601,NdPb3,0.0,0-0.005,221,4,2,820,339,0,test
mp-1184832,HoSnAu2,0.0086828179166671,0.005-0.02,225,4,3,3960,2406,0,test
mp-989610,Cs2NaInH6,0.0,0-0.005,225,10,4,3960,923,1,test
mp-1102412,CrO2,0.0277617991666723,0.02-0.04,60,12,2,18,11,4,test
mp-21064,EuNi2B2C,0.0,0-0.005,139,6,4,1233,23,1,test
mp-997158,CoAuO2,7.2398749999536e-05,0-0.005,194,8,3,1129,110,1,test
mp-1186673,PmZnAg2,0.0318305875000004,0.02-0.04,225,4,3,3960,2406,0,test
mp-1288374,LiV3O4,0.0191875919791453,0.005-0.02,139,8,5,1233,6,1,test
mp-1183118,AcLaCd2,0.0,0-0.005,225,4,3,3960,2406,0,test
mp-1188292,Y5Pb3,0.0,0-0.005,193,16,3,238,93,2,test
mp-2615,LaZn,0.0,0-0.005,221,2,2,820,168,0,test
mp-1220518,Nb4Ni(CS2)2,0.0375190994949505,0.02-0.04,10,11,7,138,4,8,test
mp-1215662,Zr2CrFe3,0.0372187733333344,0.02-0.04,194,12,3,1129,48,2,test
mp-16258,CaCdGe,0.0,0-0.005,189,9,4,469,305,2,test
mp-1272379,Co(HO)2,0.0441917360000028,0.04-0.06,12,5,3,1273,46,4,test
mp-1225979,CsCoCuF6,0.0,0-0.005,74,18,6,299,30,6,test
mp-1078140,Mn(InSe2)2,0.0316418097619033,0.02-0.04,160,7,7,311,11,7,test
mp-2544,Zr2Be17,0.0,0-0.005,166,19,5,1076,25,5,test
mp-1114470,Rb2TlAsCl6,0.0090286522500027,0.005-0.02,225,10,4,3960,923,1,test
mp-1215186,ZrTiCo4,0.0029549299999986,0-0.005,216,6,3,538,136,1,test
mp-864924,NdMgHg2,0.0,0-0.005,225,4,3,3960,2406,0,test
mp-2385,TaCr2,0.0,0-0.005,227,6,2,303,132,0,test
mp-1224010,HgBrCl,0.0114164079166663,0.005-0.02,62,12,3,1187,413,6,test
mp-567621,Er3(CuGe)4,0.0,0-0.005,71,11,5,419,49,5,test
mp-23059,Rb2SnCl6,0.0,0-0.005,225,9,3,3960,89,1,test
mp-1106389,KBiF6,0.0025788956249996,0-0.005,116,16,4,5,1,4,test
mp-1219833,Pr3Si3Ni,0.0152272099999999,0.005-0.02,44,7,7,187,2,7,test
mp-867751,Ca2AgSn,0.0,0-0.005,225,4,3,3960,2406,0,test
mp-1039008,Ce2Mg,0.0330114233333329,0.02-0.04,12,6,3,1273,77,6,test
mp-30228,Li4HN,0.0,0-0.005,88,12,3,63,44,3,test
mp-1068164,Tb2InNi2,0.0,0-0.005,65,5,3,265,10,2,test
mp-1225310,Dy2Al3Fe,0.0124691311805555,0.005-0.02,166,6,3,1076,53,1,test
mp-642690,CsGeI3,0.0086394519999997,0.005-0.02,8,5,4,361,27,9,test
mp-975570,PuNiC2,0.0,0-0.005,38,4,3,383,41,4,test
mp-676650,Li6Br3N,0.0405523728750041,0.04-0.06,8,10,8,361,5,18,test
mp-3333,Eu(NiGe)2,0.0,0-0.005,139,5,3,1233,443,1,test
mp-20496,Ga2PbO4,0.0,0-0.005,40,14,5,40,3,11,test
mp-865622,Li2HoIn,0.0,0-0.005,225,4,3,3960,2406,0,test
mvc-4675,Zn(CuO2)2,0.045566578571428,0.04-0.06,227,14,3,303,127,1,test
mp-1080467,KCd4P3,0.00916985609375,0.005-0.02,166,8,5,1076,20,3,test
mp-20947,CaRuO3,0.0,0-0.005,62,20,4,1187,318,7,test
mp-867282,Tb2IrRh,0.0,0-0.005,225,4,3,3960,2406,0,test
mp-29326,La3(ReO5)2,0.0,0-0.005,12,15,7,1273,6,12,test
mp-999132,SmTlTe2,0.0,0-0.005,166,4,3,1076,280,1,test
mp-1226593,CeY(GaPd2)2,0.0,0-0.005,26,16,6,68,3,14,test
mp-1227350,CaAgGe,0.0482096652777777,0.04-0.06,12,6,3,1273,58,6,test
mp-992,CaGa2,0.036039848333333,0.02-0.04,191,3,2,355,57,0,test
mp-1266,Na2Se,0.0,0-0.005,225,3,2,3960,55,0,test
mp-20737,KNaEuNbO5,0.0,0-0.005,129,18,6,472,10,5,test
mp-541429,BaEu2CoO5,0.0,0-0.005,71,9,5,419,10,3,test
mp-1210264,NaCu2(SeO5)2,0.0457049715416637,0.04-0.06,12,15,7,1273,8,11,test
mp-1077741,YbCu4Ag,0.0,0-0.005,216,6,3,538,136,1,test
mp-1008349,Co3Ni,0.0258707612500002,0.02-0.04,221,4,2,820,339,0,test
mp-1067235,BaSi,0.0007154025,0-0.005,12,4,2,1273,24,4,test
mp-1221000,NaTaWO6,0.001315406388894,0-0.005,74,18,6,299,30,5,test
mp-568173,LaMgSi2,0.0,0-0.005,141,16,4,181,50,4,test
mp-1219446,SbAsPd,0.0075233887499992,0.005-0.02,198,12,3,67,48,3,test
mp-567594,Cs2HgI4,0.0007291078571429,0-0.005,4,14,7,151,6,21,test
mp-1520532,SrCaDyBiO6,0.0,0-0.005,8,10,8,361,2,18,test
mp-1245824,AlIn2N3,0.0157488425000007,0.005-0.02,36,12,4,174,30,10,test
mp-1950,SrS2,0.0106634491666666,0.005-0.02,140,6,2,257,38,1,test
mp-866029,Gd2IrPd,0.0,0-0.005,225,4,3,3960,2406,0,test
mp-676562,Yb3Sm3S8,0.0725876283928608,0.06-0.0801,5,14,8,274,2,20,test
mp-769263,TbInO3,0.0560910488749977,0.04-0.06,62,20,4,1187,318,7,test
mp-1079582,VIr,0.01664114125,0.005-0.02,65,8,4,265,21,3,test
mp-1079238,ZrReSi,0.0,0-0.005,189,9,4,469,305,2,test
mp-1220982,NaLiGa2(SiO3)4,0.0360817507500028,0.02-0.04,5,20,12,274,11,28,test
mp-1105910,Pu2Zn17,0.0,0-0.005,166,19,5,1076,25,5,test
mp-23871,CsMnP3HO10,0.0,0-0.005,5,16,10,274,1,22,test
mp-2725,TbIr2,0.0,0-0.005,227,6,2,303,132,0,test
mp-554941,KRb2BiF6,0.0063965618749994,0.005-0.02,225,10,4,3960,923,1,test
mp-753978,Li2FeNi3O8,0.0673318998275167,0.06-0.0801,12,14,7,1273,15,7,test
mp-1218818,Sr2FeSnO6,0.0460386377499988,0.04-0.06,123,10,6,626,21,2,test
mp-1104102,Yb(Ni2As)2,0.0,0-0.005,136,14,3,167,35,3,test
mp-567994,Er5(NiTe)2,0.0,0-0.005,63,18,6,880,4,9,test
mp-1227539,Ca2Al2O5,0.0477816946825955,0.04-0.06,12,18,7,1273,5,12,test
mp-1184371,Gd2AgIr,0.0,0-0.005,225,4,3,3960,2406,0,test
mp-1080835,V2GaC,0.0,0-0.005,194,8,3,1129,110,1,test
mp-1188158,YSiPt2,0.0,0-0.005,62,16,3,1187,107,7,test
mp-862817,PaHgAu2,0.0,0-0.005,225,4,3,3960,2406,0,test
mp-1518664,KLaNb2O6,0.0600116626666817,0.06-0.0801,225,10,4,3960,923,0,test
mp-760490,Mg7Cu2O9,0.0624135377777763,0.06-0.0801,12,18,10,1273,0,16,test
mp-1189438,TlBi2Cl7,0.0,0-0.005,2,20,10,676,10,30,test
mp-1079468,ZnCu2SnTe4,0.0098047672499994,0.005-0.02,121,8,4,101,48,2,test
mp-1516349,SrEuNiWO6,0.0288015867500082,0.02-0.04,216,10,5,538,130,1,test
mp-1106099,Y2MnCrO6,0.0327746714166661,0.02-0.04,14,20,6,575,188,12,test
mp-1025986,Te2Mo3S4,0.0693689922222215,0.06-0.0801,187,9,5,312,5,4,test
mp-1075902,EuCuO3,0.0798083096875039,0.06-0.0801,221,5,3,820,273,0,test
mp-1025363,Dy2Mo2C3,0.0,0-0.005,12,7,4,1273,25,6,test
mp-989535,Cs2AlInH6,0.0,0-0.005,225,10,4,3960,923,1,test
mp-28853,LaAuO3,0.0,0-0.005,57,20,4,31,11,8,test
mp-1077589,TaPS,0.0557497909333335,0.04-0.06,71,6,3,419,4,3,test
mp-865904,BeSiIr2,0.0,0-0.005,225,4,3,3960,2406,0,test
mp-1078235,TmInPd,0.0,0-0.005,189,9,4,469,305,2,test
mp-1228935,AlIn(AgS2)2,0.0019914012499997,0-0.005,82,8,5,145,20,3,test
mp-1217379,Th5C4,0.0087467111111134,0.005-0.02,166,9,5,1076,1,4,test
mp-22343,Ce(GeRu)2,0.0,0-0.005,139,5,3,1233,443,1,test
mp-1836,TlSe,0.0,0-0.005,140,8,3,257,2,1,test
mp-27413,Mo8P5,0.0216127973076947,0.02-0.04,6,13,13,163,1,26,test
mp-25576,Li(MoO2)2,0.0183295661904736,0.005-0.02,15,14,5,533,11,7,test
mp-1188133,Tm2Te3,0.0,0-0.005,70,20,4,87,11,6,test
mp-1521105,BaSrCeZrO6,0.0282239399999983,0.02-0.04,2,20,12,676,52,24,test
mp-619501,U2Te3,0.0,0-0.005,62,20,5,1187,37,10,test
mp-1218758,Sr2LaGaO5,0.030195960624999,0.02-0.04,69,18,7,46,4,7,test
mp-6964,NaTbO2,0.0,0-0.005,141,8,3,181,50,1,test
mp-973606,Nd2IrAu,0.0569893658035711,0.04-0.06,225,4,3,3960,2406,0,test
mp-558536,RbCdAuS2,0.0126630249999988,0.005-0.02,54,20,4,0,0,6,test
mp-1205713,Ba2YUO6,0.0,0-0.005,225,10,4,3960,923,1,test
mp-27641,CsBr3,0.0,0-0.005,62,16,4,1187,80,8,test
mp-1218464,Sr4TlFe2O9,0.0,0-0.005,42,16,8,42,0,15,test
mp-24336,MgH4(ClO)2,0.0,0-0.005,12,9,4,1273,9,6,test
mp-16565,CdCu2SnSe4,0.0055176254374997,0.005-0.02,121,8,4,101,48,2,test
mp-1205555,USiOs2C,0.0181894902500001,0.005-0.02,63,10,4,880,44,4,test
mp-1030119,MoWS4,0.0020727283333332,0-0.005,164,12,6,551,17,6,test
mp-754199,BaSrI4,0.0415289116666666,0.04-0.06,15,12,4,533,49,8,test
mp-655448,Dy3Ge4,0.0,0-0.005,63,14,5,880,3,6,test
mp-567296,CdI2,0.0015194483333331,0-0.005,164,9,5,551,74,4,test
mp-19802,TbCoO3,0.0,0-0.005,62,20,4,1187,318,7,test
mp-554769,MoSBr,0.0163337500000002,0.005-0.02,216,12,3,538,99,3,test
mp-966800,InP,0.0042884899999995,0-0.005,186,4,2,183,27,2,test
mp-1211832,K2MnI4,0.0,0-0.005,11,14,6,277,18,13,test
mp-1103293,ZrSiOs,0.0,0-0.005,62,12,3,1187,413,6,test
mp-558387,TeOF2,0.0,0-0.005,4,16,8,151,7,24,test
mp-867122,Ac2CuSi,0.0,0-0.005,225,4,3,3960,2406,0,test
mp-1187376,TbSmRh2,0.0114154175000003,0.005-0.02,225,4,3,3960,2406,0,test
mp-10760,MgSe,0.0190460050000007,0.005-0.02,225,2,2,3960,145,0,test
mp-1103261,SiPtSe,0.0,0-0.005,29,12,3,10,4,9,test
mp-996960,AgNO2,0.0683764702777782,0.06-0.0801,5,8,4,274,5,12,test
mp-756542,MnVO4,0.0777565206249928,0.06-0.0801,74,12,4,299,9,5,test
mp-36526,AcOF,0.0,0-0.005,216,3,3,538,99,0,test
mp-6408,ZnCu2GeS4,0.0,0-0.005,121,8,4,101,48,2,test
mp-1185748,Mg2Ag,0.0260349550000005,0.02-0.04,63,6,3,880,64,3,test
mp-5577,Ce(GeRh)2,0.0,0-0.005,139,5,3,1233,443,1,test
mp-755180,Li3Fe2CuO6,0.0275276120833343,0.02-0.04,12,12,7,1273,28,10,test
mp-5063,YAl3Ni2,0.0,0-0.005,191,18,5,355,109,2,test
mp-13449,YbGa2,0.0652505433333332,0.06-0.0801,191,3,2,355,57,0,test
mp-1220165,NdCuSi,0.0250224683333319,0.02-0.04,187,3,3,312,88,0,test
mp-36903,KNO3,0.0074995545000007,0.005-0.02,11,10,4,277,33,9,test
mp-1187560,TlSn,0.0539189058333322,0.04-0.06,8,2,2,361,9,4,test
mp-1217497,TbNd(NiGe2)2,0.0,0-0.005,38,8,8,383,1,8,test
mp-1105597,LuSiPt2,0.0,0-0.005,62,16,3,1187,107,7,test
mp-1205523,Sc2CoGe2,0.0105735375000017,0.005-0.02,12,10,5,1273,46,10,test
mp-13975,Er2SeO2,0.0,0-0.005,164,5,3,551,130,2,test
mp-1246745,Mg2MnAl3S8,0.027899127142855,0.02-0.04,166,14,5,1076,78,4,test
mp-12985,PrCo2B2C,0.0600786072222172,0.06-0.0801,139,6,4,1233,23,1,test
mp-862635,ScSbRh2,0.026812590625,0.02-0.04,225,4,3,3960,2406,0,test
mp-32750,CuI,0.0137880662500005,0.005-0.02,160,8,8,311,24,8,test
mp-1185415,LiNdIn2,0.0354525966250003,0.02-0.04,225,4,3,3960,2406,0,test
mp-1104181,Ni(BW)3,0.0,0-0.005,63,14,5,880,9,6,test
mp-1212088,HoAlRh,0.0,0-0.005,62,12,3,1187,413,6,test
mp-22671,Pr7O12,0.0343397864802561,0.02-0.04,148,19,4,351,2,9,test
mp-640862,Sb16Te3,0.0,0-0.005,166,19,10,1076,0,9,test
mp-865594,Y2CuIr,0.0145667584027764,0.005-0.02,225,4,3,3960,2406,0,test
mp-1105213,ErTl(PSe3)2,0.0,0-0.005,4,20,10,151,10,30,test
mp-862852,PaNi3,0.0,0-0.005,194,8,2,1129,439,1,test
mp-1184244,ErSbRh2,0.0577935193750001,0.04-0.06,225,4,3,3960,2406,0,test
mp-550,Al12Mo,0.0114455946153837,0.005-0.02,204,13,2,122,3,2,test
mp-485,ZrNi3,0.0,0-0.005,194,8,2,1129,439,1,test
mp-752737,Mn2OF3,0.0676259627083331,0.06-0.0801,164,12,4,551,47,3,test
mp-1223695,InSnTe2,0.0,0-0.005,166,4,3,1076,280,1,test
mp-1102478,ErAsPt,0.007778341071428,0.005-0.02,194,12,4,1129,168,2,test
mp-11675,NbTe2,0.0,0-0.005,12,9,5,1273,77,8,test
mp-2195,LuMg,0.0,0-0.005,221,2,2,820,168,0,test
mp-1185615,MgZnNi2,0.0190694453819446,0.005-0.02,225,4,3,3960,2406,0,test
mp-9400,CeAlSi2,0.0117961212499997,0.005-0.02,164,8,4,551,25,4,test
mp-29483,MgInBr3,0.0112464714999989,0.005-0.02,62,20,5,1187,318,10,test
mp-1215885,Zr3(MnNi2)2,0.0437808238888886,0.04-0.06,2,18,11,676,16,21,test
mp-985207,Dy(Al2Cr)4,0.0113503066153821,0.005-0.02,139,13,4,1233,45,2,test
mp-24589,K2HBrO,0.0,0-0.005,11,10,5,277,4,10,test
mp-1114474,Rb2TlGaCl6,0.0753295164999996,0.06-0.0801,225,10,4,3960,923,1,test
mp-977250,Pm5Mg,0.0716703983333344,0.06-0.0801,38,6,6,383,20,6,test
mp-29678,AgBiS2,0.0203113208333336,0.02-0.04,166,4,3,1076,280,1,test
mp-1186152,NaHg3,0.0,0-0.005,194,8,2,1129,439,1,test
mp-22311,EuNi5,0.0,0-0.005,191,6,3,355,62,0,test
mp-760012,NaCr4O8,0.0509574796153842,0.04-0.06,87,13,4,101,6,6,test
mp-1103280,YGaIr,0.0,0-0.005,62,12,3,1187,413,6,test
mp-560699,VBiPbO5,0.0,0-0.005,1,16,16,470,2,48,test
mp-1185769,Mg2NiIr,0.038890033043156,0.02-0.04,225,4,3,3960,2406,0,test
mp-23061,VClO,0.0,0-0.005,59,6,3,106,23,3,test
mp-1188175,Gd2Se3,0.0,0-0.005,62,20,5,1187,37,10,test
mp-1113545,Rb2HgAsI6,0.0390621418958341,0.02-0.04,225,10,4,3960,923,1,test
mp-1189707,Nd2Zn5Pb,0.0,0-0.005,63,16,6,880,30,7,test
mp-35714,La5TlS8,0.0110258015079356,0.005-0.02,82,14,5,145,22,9,test
mp-1214726,Ba2FeBrO3,0.0309906785714293,0.02-0.04,129,14,6,472,5,6,test
mp-1218384,Sr2ZnP2,0.072740585375,0.06-0.0801,187,5,4,312,2,1,test
mp-5443,Nb2SnC,0.0,0-0.005,194,8,3,1129,110,1,test
mp-1189286,Cr3C,0.0128763657523141,0.005-0.02,62,16,3,1187,80,7,test
mp-1105374,RbYMnWO6,0.0203242098749996,0.02-0.04,4,20,10,151,12,30,test
mp-21863,Pd3(PbS)2,0.0061944614285707,0.005-0.02,166,7,4,1076,16,1,test
mp-1219996,PrCu4Pd,0.0,0-0.005,187,6,4,312,37,1,test
mp-1212981,ErNiSn4,0.0396921697222225,0.02-0.04,65,12,7,265,53,5,test
mp-1225249,EuAl3Si,0.0285637929999982,0.02-0.04,107,5,4,158,75,4,test
mp-1104024,Cs2GeSe4,0.0,0-0.005,12,14,6,1273,64,13,test
mp-7914,NaScO2,0.0,0-0.005,166,4,3,1076,280,1,test
mp-1227630,Ca2TlCd,0.0031994050000001,0-0.005,123,4,3,626,136,1,test
mp-755570,Li(NiS)2,0.0721933431666652,0.06-0.0801,164,5,3,551,130,2,test
mp-27636,Cs2SnI6,0.0,0-0.005,225,9,3,3960,89,1,test
mp-1226293,Cr4InAgS8,0.0,0-0.005,216,14,5,538,21,3,test
mp-1218137,SrNdCrO4,0.0048960044642818,0-0.005,107,7,6,158,20,6,test
mp-1189484,Eu3Ge5,0.0,0-0.005,63,16,5,880,26,7,test
mp-1214655,Ba2La2Ti2Cu2O11,0.015037209078951,0.005-0.02,123,19,9,626,4,6,test
mp-1206489,CsScI3,0.0,0-0.005,194,10,3,1129,53,1,test
mp-770405,BaLaBr5,0.0730830028571425,0.06-0.0801,11,14,7,277,11,14,test
mp-1104685,Tb4(FeB2)3,0.0626815838461531,0.06-0.0801,166,13,5,1076,5,4,test
mp-866290,DySnRh2,0.0,0-0.005,225,4,3,3960,2406,0,test
mp-30435,BaZn2,0.0,0-0.005,74,6,2,299,44,3,test
mp-1185044,LaPr3,0.0162521875000001,0.005-0.02,221,4,2,820,339,0,test
mp-8580,Ca(PRh)2,0.0,0-0.005,139,5,3,1233,443,1,test
mp-557958,Cs2KNiF6,0.0021887982499997,0-0.005,225,10,4,3960,923,1,test
mp-1211557,KLa2Ag3Te8,0.0199307014285725,0.005-0.02,99,14,11,88,2,11,test
mp-27041,LiCrPO4,0.0258124381249933,0.02-0.04,43,14,5,40,3,9,test
mp-20191,Si3Ru2,0.0216353344999999,0.02-0.04,116,20,5,5,4,5,test
mp-1187958,Yb2ZnSn,0.0,0-0.005,225,4,3,3960,2406,0,test
mp-1111608,K2RbAsF6,0.0652158505625006,0.06-0.0801,225,10,4,3960,923,1,test
mp-976272,LiCa3,0.077383274375,0.06-0.0801,139,4,3,1233,236,0,test
mp-1178360,DyInO3,0.0640329069999996,0.06-0.0801,62,20,4,1187,318,7,test
mp-561586,CsLaS2,0.0,0-0.005,166,4,3,1076,280,1,test
mp-31121,HoScO3,0.0366798722499996,0.02-0.04,62,20,4,1187,318,7,test
mp-30235,Lu3Ge3Ir2,0.0,0-0.005,63,16,5,880,31,8,test
mp-1189806,Yb2CuGe6,0.0,0-0.005,12,18,7,1273,22,16,test
mp-919,HoTe,0.0,0-0.005,225,2,2,3960,145,0,test
mp-1185749,Mg2AgPd,0.0085086599999999,0.005-0.02,225,4,3,3960,2406,0,test
mp-1080089,TaFeB,0.0,0-0.005,189,9,4,469,305,2,test
mp-850212,Na3Mn5O12,0.0723042387115384,0.06-0.0801,10,20,9,138,0,13,test
mp-541772,Bi4RuBr2,0.0,0-0.005,12,14,7,1273,64,13,test
mp-1112096,K2AgMoBr6,0.0624634264999972,0.06-0.0801,225,10,4,3960,923,1,test
mp-1221617,MnIn2(SeS)2,0.0679759854761901,0.06-0.0801,160,7,7,311,1,7,test
mp-20554,InAgSe2,0.0,0-0.005,122,8,3,126,51,1,test
mp-1226158,Cs2Zr(WO4)3,0.0,0-0.005,5,18,10,274,2,26,test
mp-1094589,LiMg,0.0275663783333333,0.02-0.04,5,6,4,274,5,8,test
mp-974690,Rb2CuCl4,0.020598401071429,0.02-0.04,139,7,4,1233,76,2,test
mp-1188755,NdAlPd2,0.0,0-0.005,62,16,3,1187,107,7,test
mp-571350,Ba(AsPd)2,0.0,0-0.005,139,10,5,1233,443,3,test
mp-567818,Sm(NiAs)2,0.0284541929999999,0.02-0.04,139,5,3,1233,443,1,test
mp-1215168,ZrVMo,0.0,0-0.005,74,6,3,299,50,1,test
mp-1112628,Cs2YInCl6,0.0092582845625006,0.005-0.02,225,10,4,3960,923,1,test
mp-752768,LiAgF4,0.0357377583333331,0.02-0.04,140,12,3,257,17,2,test
mp-1287184,VO,0.0268012489583231,0.02-0.04,166,2,2,1076,44,0,test
mp-1094671,Mg2Ga,0.0621815594444443,0.06-0.0801,63,6,2,880,64,3,test
mp-1186902,Re3Ir,0.0,0-0.005,221,4,2,820,339,0,test
mp-1111936,K2HgPdF6,0.0718070880000025,0.06-0.0801,225,10,4,3960,923,1,test
mp-1570812,Li2V4CrCuO12,0.0657094945000018,0.06-0.0801,5,20,12,274,11,28,test
mp-23318,BiSCl,0.0,0-0.005,62,12,3,1187,413,6,test
mp-1217345,ThZr3,0.0750754749999984,0.06-0.0801,123,4,3,626,15,1,test
mp-1217793,SrTiFe3(BiO4)3,0.0306070052499993,0.02-0.04,146,20,12,73,1,20,test
mp-1399,AlAu,0.0,0-0.005,11,8,4,277,4,8,test
mp-756044,Na3AsO4,0.0,0-0.005,31,16,6,112,14,14,test
mp-429,ZnNi,0.0,0-0.005,123,2,2,626,49,0,test
mp-7559,YNi4B,0.0,0-0.005,191,12,5,355,37,1,test
mp-1072248,EuSi2,0.0,0-0.005,141,6,2,181,29,1,test
mp-1187211,Ta2RuW,0.0,0-0.005,225,4,3,3960,2406,0,test
mp-2296,Ni3P,0.0,0-0.005,82,16,4,145,9,12,test
mp-1224481,HfAlCu,0.0304884275757588,0.02-0.04,38,12,7,383,68,12,test
mp-865717,Ti2ReIr,0.0,0-0.005,225,4,3,3960,2406,0,test
mp-1215953,YMnCo,0.0581591056896533,0.04-0.06,74,6,3,299,50,1,test
mp-4083,MgCuAs,0.0039198370833335,0-0.005,129,6,3,472,177,2,test
mp-642795,PHSF2,0.0,0-0.005,14,20,5,575,2,15,test
mp-505142,Np(SiPt)2,0.0,0-0.005,129,10,5,472,69,3,test
mp-1221247,Na3ErTi2Nb2O12,0.0145642941249839,0.005-0.02,1,20,20,470,16,60,test
mp-1114567,Rb2LiLaCl6,0.0422820117500002,0.04-0.06,225,10,4,3960,923,1,test
mp-1114380,Rb3VF6,0.0,0-0.005,225,10,4,3960,100,1,test
mp-1219145,Re(Te2Mo)2,0.0106611421428572,0.005-0.02,1,14,14,470,4,42,test
mp-1009834,Al2Ru,0.0330009133333328,0.02-0.04,139,3,2,1233,82,1,test
mp-1187641,YbEuTl2,0.0,0-0.005,225,4,3,3960,2406,0,test
mp-1217341,ThUAl6,0.0333937328124998,0.02-0.04,187,8,4,312,6,2,test
mp-1238813,Li(CrS2)2,0.0386951292857142,0.02-0.04,12,7,4,1273,64,6,test
mp-1105690,PrFe4(CuO4)3,0.0161377650312468,0.005-0.02,204,20,4,122,42,2,test
mp-16687,Ti5Sb2Rh,0.0775451420833341,0.06-0.0801,140,16,4,257,52,3,test
mp-1184223,ErScRu2,0.0047519697656248,0-0.005,225,4,3,3960,2406,0,test
mp-1215182,ZrTiC2,0.0634885174999997,0.06-0.0801,166,4,3,1076,280,1,test
mp-1179917,Pr,0.0136067050000008,0.005-0.02,154,3,1,11,2,1,test
mp-867344,Er2NiOs,0.0478570041250003,0.04-0.06,225,4,3,3960,2406,0,test
mp-1185371,LiLu2Au,0.0606093579166673,0.06-0.0801,225,4,3,3960,2406,0,test
mp-865321,Lu2IrRu,0.0,0-0.005,225,4,3,3960,2406,0,test
mp-1220413,NbSeS,0.0080723194333334,0.005-0.02,164,6,3,551,19,3,test
mp-1186954,Sc2IrOs,0.003505956423611,0-0.005,225,4,3,3960,2406,0,test
mp-1214116,Ca2YNbO6,0.0159280643125008,0.005-0.02,14,20,6,575,188,12,test
mp-1185980,MgSnRu2,0.004325705565475,0-0.005,225,4,3,3960,2406,0,test
mp-1220460,Nb4CuSe8,0.0010456474038536,0-0.005,12,13,7,1273,15,12,test
mp-22349,Sm(FeGe)2,0.0,0-0.005,139,5,3,1233,443,1,test
mp-1187003,Sm2IrAu,0.0,0-0.005,225,4,3,3960,2406,0,test
mp-1183086,Ac2CdHg,0.0,0-0.005,225,4,3,3960,2406,0,test
mp-1246874,Al2InN3,0.011522945000002,0.005-0.02,36,12,4,174,30,10,test
mp-1213174,CsSc(WO4)2,0.0031742158333329,0-0.005,12,12,6,1273,24,9,test
mp-27608,Be4TeO7,0.0,0-0.005,216,12,4,538,2,2,test
mp-1189858,Ba4Hf3S10,0.0214579267647181,0.02-0.04,139,17,8,1233,4,6,test
mp-867815,AcGa3,0.0,0-0.005,194,8,2,1129,439,1,test
mp-23846,KHF2,0.0,0-0.005,140,8,3,257,13,1,test
mp-4276,NaSi2Pd3,0.0,0-0.005,44,12,6,187,18,11,test
mp-759749,KFeO2,0.04978111390625,0.04-0.06,12,8,4,1273,42,8,test
mp-23192,HgI2,0.0002951385416656,0-0.005,137,6,2,24,2,1,test
mp-1220484,NbAlCu,0.0,0-0.005,38,12,7,383,68,12,test
mp-4081,TaCu3Se4,0.0,0-0.005,215,8,3,25,11,1,test
mp-9319,Ba2PrPtO6,0.0,0-0.005,225,10,4,3960,923,1,test
mp-567838,La2AlNi9H,0.0373539811965812,0.02-0.04,6,13,10,163,0,23,test
mp-20279,NbInSe2,0.0,0-0.005,187,4,3,312,11,1,test
mp-1206744,TmBiPd,0.0,0-0.005,216,3,3,538,99,0,test
mp-865982,TmCdPd2,0.0,0-0.005,225,4,3,3960,2406,0,test
mp-1226325,Cr4CdFeS8,0.0499856496428581,0.04-0.06,216,14,5,538,21,3,test
mp-2658,AlFe,0.0,0-0.005,221,2,2,820,168,0,test
mp-1070137,BaSi3Pd,0.0,0-0.005,107,5,4,158,75,4,test
mp-866104,CaCdHg2,0.0,0-0.005,225,4,3,3960,2406,0,test
mp-1111594,K2RbTiF6,0.0664581879999985,0.06-0.0801,225,10,4,3960,923,1,test
mp-1186744,Pr5Mg,0.0723234100000009,0.06-0.0801,38,6,6,383,20,6,test
mp-27386,TlHg5Cl11,0.001404830000002,0-0.005,12,17,7,1273,4,11,test
mp-22250,Mg2SiB2Ir5,0.0,0-0.005,127,20,5,246,18,4,test
mp-1222950,LaFeCuNi3,0.0558646395833317,0.04-0.06,187,6,4,312,0,1,test
mp-12804,SmAlSi,0.0,0-0.005,109,6,3,46,26,3,test
mp-1111207,K2RbScCl6,0.0710802713750018,0.06-0.0801,225,10,4,3960,923,1,test
mp-559885,Cr2AgBiO8,0.0105337701452867,0.005-0.02,82,12,6,145,18,6,test
mp-755994,LiCo(SiO3)2,0.0561361269999958,0.04-0.06,9,20,10,107,6,30,test
mp-30482,Ca3Tl,0.0450129749999996,0.04-0.06,225,4,3,3960,122,0,test
mp-849060,VS2,0.0191009733333338,0.005-0.02,2,3,2,676,12,3,test
mp-763104,Li2MnF4,0.069191942142857,0.06-0.0801,26,14,7,68,4,14,test
mp-1516887,Eu2NiWO6,0.0208977975000035,0.02-0.04,225,10,4,3960,923,1,test
mp-1104534,DyGa6,0.0086534353571434,0.005-0.02,125,14,3,18,8,3,test
mp-1219144,Sm2AsSe,0.0,0-0.005,166,4,3,1076,280,1,test
mp-604910,MnSe,0.0236662624999999,0.02-0.04,129,4,2,472,22,1,test
mp-1072114,HoOF,0.0,0-0.005,166,6,3,1076,18,3,test
mp-11567,ScZn12,0.0,0-0.005,139,13,4,1233,22,2,test
mp-1078876,ErSnIr,0.0,0-0.005,189,9,4,469,305,2,test
mp-1214934,AgRhF6,0.0,0-0.005,2,16,9,676,8,21,test
mp-866285,ErSnRu2,0.0,0-0.005,225,4,3,3960,2406,0,test
mp-1216785,Tm(MnAl)6,0.0327928899336829,0.02-0.04,71,13,6,419,31,4,test
mp-1103472,Na2UF8,0.0,0-0.005,139,11,3,1233,0,2,test
mp-1027576,TeMo2Se2S,0.039452937500001,0.02-0.04,156,12,12,302,24,12,test
mp-29153,Zr2NiP,0.0,0-0.005,11,8,4,277,20,8,test
mp-1188539,Sr3Tl5,0.008628224999998,0.005-0.02,63,16,5,880,26,7,test
mp-21416,PuAl2,0.0,0-0.005,227,6,2,303,132,0,test
mp-570188,ZrI3,0.0,0-0.005,193,8,2,238,9,1,test
mp-1105641,InHO2,0.0490870204166675,0.04-0.06,205,16,3,31,0,1,test
mp-12905,Ba3CrN3,0.0,0-0.005,176,14,3,74,42,4,test
mp-1519309,BaSrPrNbO6,0.0339640337708324,0.02-0.04,2,20,12,676,52,24,test
mp-1078766,GaFe3,0.0151538125000003,0.005-0.02,194,8,2,1129,439,1,test
mp-19093,Ba2UNiO6,0.0,0-0.005,225,10,4,3960,923,1,test
mp-864944,MnBe2Pt,0.0,0-0.005,225,4,3,3960,2406,0,test
mp-12722,TbAlPd,0.0,0-0.005,62,12,3,1187,413,6,test
mp-1217293,TeMoSe,0.0279108333333342,0.02-0.04,164,6,3,551,19,3,test
mp-1218366,SrCaMn2O6,0.0611747064523706,0.06-0.0801,121,10,5,101,1,2,test
mp-510098,EuAu5,0.0,0-0.005,191,6,3,355,62,0,test
mp-1104272,Lu(Ni2P)2,0.0,0-0.005,136,14,3,167,35,3,test
mp-1103518,Dy(Mo3S4)2,0.0118780111666634,0.005-0.02,148,15,4,351,37,7,test
mp-8982,CaSiPt,0.0167542558333337,0.005-0.02,14,12,3,575,42,9,test
mp-4887,BaCeN2,0.0,0-0.005,194,8,3,1129,110,1,test
mp-1223015,LaCe(B2Rh3)2,0.0269036308333259,0.02-0.04,47,12,7,83,0,4,test
mp-1105814,Tl4SnSe3,0.0370640465624996,0.02-0.04,140,16,4,257,11,3,test
mp-1522319,BaSrDyWO6,0.0063224958541727,0.005-0.02,2,20,12,676,52,24,test
mp-759163,VOF2,0.0296558243750526,0.02-0.04,15,8,3,533,25,4,test
mp-669,ThAl2,0.0,0-0.005,191,3,2,355,57,0,test
mp-1190803,GdEr4Al15,0.0056963999999997,0.005-0.02,166,20,6,1076,1,6,test
mp-866180,Li2YbPb,0.0,0-0.005,225,4,3,3960,2406,0,test
mp-554899,CsAlF4,0.0061285445833281,0.005-0.02,189,18,5,469,0,6,test
mp-1209961,NaTbCl4,0.0,0-0.005,2,12,6,676,16,18,test
mp-1222424,Li3Tl2Cd,0.0043817466666671,0-0.005,123,6,4,626,5,2,test
mp-1104431,Sm(Mo3Se4)2,0.0414869812499993,0.04-0.06,148,15,4,351,37,7,test
mp-865143,BaYbCdSb2,0.0,0-0.005,36,10,5,174,1,10,test
mp-1228487,Ba2In2O5,0.0581781816666646,0.04-0.06,25,9,7,124,0,9,test
mp-1102554,CuClO,0.0708884653333346,0.06-0.0801,14,12,3,575,42,9,test
mp-5461,Rb3TaO8,0.0010731156250001,0-0.005,121,12,5,101,3,4,test
mp-1223663,K2CaPrO4,0.0639308393749997,0.06-0.0801,10,8,6,138,13,4,test
mp-1215183,ZrUAl6,0.0089073759374995,0.005-0.02,123,8,5,626,26,1,test
mp-19913,Ba3(InP2)2,0.0,0-0.005,15,18,5,533,21,13,test
mp-30284,HgAsO3,0.0,0-0.005,162,10,3,43,1,3,test
mp-1226393,CrRe13B6,0.0109720840249991,0.005-0.02,156,20,8,302,0,14,test
mp-7364,Ca(SiAu)2,0.0,0-0.005,139,5,3,1233,443,1,test
mp-1023510,YMg15,0.0392512523972603,0.02-0.04,187,16,6,312,8,5,test
mp-22181,Gd(GePd)2,0.0,0-0.005,139,5,3,1233,443,1,test
mp-1029834,HfMgN2,0.041083355625,0.04-0.06,62,16,4,1187,107,8,test
mp-862822,PaSnPd2,0.0,0-0.005,225,4,3,3960,2406,0,test
mp-573677,Ba2Li3TaN4,0.0080321249880963,0.005-0.02,15,20,6,533,1,14,test
mp-1078160,Cr2CoSe4,0.0395561987301409,0.02-0.04,12,7,4,1273,64,6,test
mp-1188318,SiH8,0.0097013961111112,0.005-0.02,31,18,8,112,0,17,test
mp-756042,VO2F,0.0387028979166661,0.02-0.04,19,16,4,49,16,12,test
mp-1211491,KEu(CO3)2,0.0,0-0.005,15,20,6,533,54,14,test
mp-777483,Ge2N2O,0.0691959179999974,0.06-0.0801,9,10,5,107,2,15,test
mp-755362,Sm2Se2O,0.0103872267499998,0.005-0.02,14,20,5,575,21,15,test
mp-846,Hf2Al3,0.0021835744,0-0.005,43,10,3,40,4,7,test
mp-1220105,Ni3(Sn2Pt)2,0.0371952797222219,0.02-0.04,156,9,9,302,6,9,test
mp-867172,SrMgTl2,0.0,0-0.005,225,4,3,3960,2406,0,test
mp-1225937,CsFeNiF6,0.0,0-0.005,74,18,6,299,30,6,test
mp-29896,Y2B3C2,0.0,0-0.005,65,7,4,265,3,3,test
mp-10445,Sc6FeTe2,0.0,0-0.005,189,9,4,469,57,2,test
mp-1206435,Ba2DyTaO6,0.0,0-0.005,225,10,4,3960,923,1,test
mp-1208660,SmCrSb3,0.0161096344999993,0.005-0.02,57,20,5,31,11,8,test
mp-1206676,RbSmI3,0.0561889759999996,0.04-0.06,63,10,4,880,54,4,test
mp-988996,FeSbAs,0.0277867749999991,0.02-0.04,31,6,3,112,5,6,test
mp-610517,Ag2S,0.0241744383333331,0.02-0.04,14,12,3,575,31,9,test
mp-1079449,Nd(SiIr)2,0.0215402720000001,0.02-0.04,129,10,5,472,69,3,test
mp-11639,Rb2GeS3,0.0,0-0.005,12,12,6,1273,51,11,test
mp-13744,Rb3GaO3,0.0,0-0.005,12,14,6,1273,22,11,test
mp-1223642,InGaP2,0.0390393124999999,0.02-0.04,160,4,4,311,32,4,test
mp-759363,Ni3OF5,0.0730939015740759,0.06-0.0801,31,18,9,112,6,18,test
mp-864961,Be2PdPt,0.0,0-0.005,225,4,3,3960,2406,0,test
mp-30604,DyGa,0.0,0-0.005,63,4,2,880,83,2,test
mp-641065,HoMn4(CuO4)3,0.0439479755625011,0.04-0.06,204,20,4,122,42,2,test
mp-295,HoAs,0.0,0-0.005,225,2,2,3960,145,0,test
mp-13572,ScSiPt2,0.0,0-0.005,63,8,3,880,158,4,test
mp-10901,Al3Pd2,0.0,0-0.005,164,5,3,551,21,2,test
mp-542314,NdCuSO,0.0106715128906254,0.005-0.02,129,8,4,472,52,2,test
mp-1216758,U2(PdRh)3,0.0,0-0.005,47,8,6,83,21,2,test
mp-1218416,SrCe2(SF2)2,0.0088044777777867,0.005-0.02,139,9,4,1233,6,3,test
mp-1187973,Yb3Mg,0.0430767,0.04-0.06,139,4,3,1233,236,0,test
mp-1185334,LiCeHg2,0.0,0-0.005,225,4,3,3960,2406,0,test
mp-756601,Li4TiNi3O8,0.0276131239802621,0.02-0.04,166,16,6,1076,23,3,test
mp-1106267,Y(Ni2B)6,0.0048295368421049,0-0.005,166,19,4,1076,16,5,test
mp-20016,SmCoO3,0.0,0-0.005,62,20,4,1187,318,7,test
mp-22512,Sr2In2O5,0.0290244705555515,0.02-0.04,46,18,6,58,13,14,test
mp-1106108,Er3Fe2Ge3,0.0208212337499995,0.02-0.04,63,16,5,880,31,8,test
mp-1206512,PrIn2Rh,0.0,0-0.005,63,8,3,880,158,4,test
mp-867227,Li3Pt,0.0,0-0.005,225,4,3,3960,122,0,test
mp-13929,Ba2SmReO6,0.0032130407708308,0-0.005,225,10,4,3960,923,1,test
mp-555510,Sr2YbRuO6,0.0,0-0.005,14,20,6,575,188,12,test
mp-10543,K3SbO4,0.0,0-0.005,13,16,6,57,6,10,test
mp-1217755,SrZnSi,0.0210796133333328,0.02-0.04,187,3,3,312,88,0,test
mp-1178172,Ho2TeO2,0.0718369129999993,0.06-0.0801,194,10,3,1129,25,2,test
mp-975044,Li(SiRh)2,0.0,0-0.005,127,10,3,246,156,2,test
mp-1188840,SmScS3,0.0,0-0.005,62,20,4,1187,318,7,test
mp-38442,CsNd5Se8,0.0286459647767856,0.02-0.04,82,14,5,145,22,9,test
mp-16252,BaCaGe,0.0,0-0.005,62,12,3,1187,413,6,test
mp-1185803,Mg5Cu,0.0788513416666667,0.06-0.0801,189,6,3,469,23,1,test
mp-570957,CsSiTe3,0.0,0-0.005,9,20,10,107,4,30,test
mp-1028,V3Te4,0.0156538817142859,0.005-0.02,12,7,4,1273,9,6,test
mp-1080179,Pr(NiBi)2,0.0525060023749972,0.04-0.06,129,10,5,472,69,3,test
mp-866119,Tm2RuPt,0.0,0-0.005,225,4,3,3960,2406,0,test
mp-1105540,CeSiIr2,0.0,0-0.005,141,16,5,181,50,3,test
mp-1029297,LiZr2N3,0.0,0-0.005,63,12,4,880,24,6,test
mp-1228840,AlVNi2,0.053117837395832,0.04-0.06,123,4,3,626,136,1,test
mp-1101844,DyGa4Ni,0.0,0-0.005,63,12,5,880,53,5,test
mp-1068773,LuAu4,0.0,0-0.005,87,5,2,101,7,2,test
mp-756193,Li2MnNi3O8,0.0251391945238133,0.02-0.04,166,14,5,1076,78,4,test
mp-2987,Li2MgTl,0.0166732175000001,0.005-0.02,225,4,3,3960,2406,0,test
mp-8900,K2VAgS4,0.0,0-0.005,70,16,4,87,18,4,test
mp-1227255,CaCeV2O8,0.0,0-0.005,119,12,6,124,9,4,test
mp-1208838,SmSbPd,0.0,0-0.005,186,6,3,183,88,3,test
mp-2748,CeAs,0.0,0-0.005,225,2,2,3960,145,0,test
mp-15743,Sr2CeO4,0.0,0-0.005,55,14,4,40,14,6,test
mp-1221358,Mn6BiPO12,0.0170433304687449,0.005-0.02,216,20,6,538,0,4,test
mp-1206831,Lu3Ga5Co,0.0,0-0.005,189,9,4,469,1,2,test
mp-672286,Eu3Ga2,0.0,0-0.005,15,10,3,533,8,7,test
mp-1182070,Bi,0.0580953575,0.04-0.06,11,4,2,277,2,4,test
mp-1282757,V3(O2F)2,0.0282301061111116,0.02-0.04,1,18,18,470,4,54,test
mp-1183795,DyErAl2,0.0219120609375007,0.02-0.04,225,4,3,3960,2406,0,test
mp-1224194,Ho3(Ga2Cu)2,0.0273904825925939,0.02-0.04,156,18,18,302,6,18,test
mp-1228879,Ba10Ge7O3,0.0442239709999974,0.04-0.06,187,20,7,312,0,6,test
mp-1102233,TbTc2,0.0,0-0.005,194,12,3,1129,127,2,test
mp-570370,SnPSe3,0.0,0-0.005,7,20,10,106,0,30,test
mp-1184036,GaAg3,0.0284127175000001,0.02-0.04,194,8,2,1129,439,1,test
mp-767692,Li2VF6,0.0676951027778089,0.06-0.0801,9,18,9,107,1,27,test
mp-18450,Lu(FeGe)6,0.0,0-0.005,191,13,5,355,30,2,test
mp-556076,Sr2Co2O5,0.0,0-0.005,1,18,18,470,3,54,test
mp-1009082,MgSnAs2,0.0,0-0.005,122,8,3,126,51,1,test
mp-625136,CsHO,0.0,0-0.005,36,6,3,174,3,6,test
mp-989520,Rb2NaBiCl6,0.0,0-0.005,225,10,4,3960,923,1,test
mp-1219685,PuUC2,0.0,0-0.005,166,4,3,1076,280,1,test
mp-755209,MnOF,0.020603174583333,0.02-0.04,65,6,4,265,1,2,test
mp-559554,Li2TeO3,0.0027229629166676,0-0.005,12,12,4,1273,51,10,test
mp-669713,Gd2Ni7,0.0,0-0.005,166,18,7,1076,21,6,test
mp-9698,Rb6AlSb3,0.0,0-0.005,11,20,10,277,19,20,test
mp-1247201,AlInN2,0.0174205237500002,0.005-0.02,33,16,4,47,21,12,test
mvc-9561,MgTi2O4,0.0410312378571422,0.04-0.06,160,14,8,311,11,11,test
mp-1080785,ThAlRh,0.0,0-0.005,189,9,4,469,305,2,test
mp-1105133,Ho3Si2(SnRh3)3,0.0,0-0.005,189,17,5,469,0,5,test
mp-1188848,Sm(Tl3Te2)3,0.0027509071590907,0-0.005,87,16,5,101,4,6,test
mp-574169,TiGeTe6,0.0,0-0.005,12,16,8,1273,4,16,test
mp-697084,HPbIO,0.0,0-0.005,62,16,4,1187,14,8,test
mp-1076974,Th2Tl,0.0368343961111117,0.02-0.04,140,6,2,257,38,1,test
mp-1188711,UVS3,0.0338605118409134,0.02-0.04,62,20,4,1187,318,7,test
mp-1209072,SbSeBr,0.0,0-0.005,62,12,3,1187,413,6,test
mp-1224056,Ho3Sc2S7,0.0,0-0.005,8,12,12,361,0,24,test
mp-1206890,Pu2TeO2,0.0,0-0.005,139,5,3,1233,443,1,test
mp-865010,HfGaRu2,0.0,0-0.005,225,4,3,3960,2406,0,test
mp-28490,Tl3BSe3,0.0,0-0.005,11,14,5,277,12,12,test
mp-555843,Ag3AsS3,0.0208688785714246,0.02-0.04,161,14,3,40,3,7,test
mp-569913,Ce3SiPt5,0.0,0-0.005,74,18,5,299,3,7,test
mp-1206643,NdMgTl,0.0,0-0.005,189,9,4,469,305,2,test
mp-972680,Sm(AgGe)2,0.0003762637777775,0-0.005,139,5,3,1233,443,1,test
mp-775122,LiLaNb4O12,0.0685537099999944,0.06-0.0801,123,18,6,626,4,3,test
mp-1221006,NaFeCuSe2,0.0636783240000005,0.06-0.0801,156,5,5,302,21,5,test
mp-1222894,LaNd3(GaO3)4,0.0383728952500002,0.02-0.04,6,20,14,163,35,34,test
mp-1211316,KV2AgO6,0.0019260726666621,0-0.005,15,20,6,533,54,14,test
mp-18830,Fe2PO5,0.0369912322916636,0.02-0.04,141,16,4,181,2,2,test
mp-862927,LiPmHg2,0.0,0-0.005,225,4,3,3960,2406,0,test
mp-776764,LiFe2F5,0.0408004018749998,0.04-0.06,1,16,16,470,5,48,test
mp-1189904,Ni9BiTeS8,0.028538155131577,0.02-0.04,123,19,6,626,0,4,test
mp-961678,ScCoTe,0.0060925366666682,0.005-0.02,216,3,3,538,99,0,test
mp-11621,ZnNiSb,0.0,0-0.005,216,3,3,538,99,0,test
mp-1188605,V5P3,0.0484655397656172,0.04-0.06,193,16,3,238,93,2,test
mp-976447,NaCrH8(NF3)2,0.0127521766666705,0.005-0.02,225,18,5,3960,4,2,test
mp-866170,TiInRh2,0.0,0-0.005,225,4,3,3960,2406,0,test
mp-11358,TaCo3,0.0080393383333312,0.005-0.02,221,4,2,820,339,0,test
mp-1079246,ZrGaCo,0.0,0-0.005,189,9,4,469,305,2,test
mp-19158,Mn3WO6,0.0,0-0.005,148,20,5,351,26,9,test
mp-1025523,CeFeSi2,0.0622262650000022,0.06-0.0801,63,8,4,880,158,4,test
mp-4824,NaZnP,0.0,0-0.005,129,6,3,472,177,2,test
mp-753089,LiCu2F6,0.0420689927777768,0.04-0.06,12,9,4,1273,22,6,test
mp-22888,CaBr2,0.0,0-0.005,58,6,2,59,33,2,test
mp-569535,Ca2Bi,0.0,0-0.005,139,6,3,1233,82,2,test
mp-1018134,Li,0.0,0-0.005,166,3,2,1076,27,1,test
mp-862777,TmPaRu2,0.0,0-0.005,225,4,3,3960,2406,0,test
mp-1216101,Y4US7,0.0548421458333274,0.04-0.06,8,12,12,361,25,24,test
mp-640118,CeZn3,0.0010624293750001,0-0.005,63,8,3,880,33,4,test
mp-27809,Ba(GeP)2,0.0,0-0.005,105,20,5,2,0,9,test
mp-1186992,ScZnAu2,0.015125523229166,0.005-0.02,225,4,3,3960,2406,0,test
mvc-5966,Ca2SnWO6,0.0708529264999953,0.06-0.0801,1,10,10,470,22,30,test
mp-1222109,Mn2Co2SiGe,0.0054187233333351,0.005-0.02,26,12,6,68,9,12,test
mp-1027391,MoWSeS3,0.0339234629166664,0.02-0.04,156,12,12,302,22,12,test
mp-37449,Nd5AgS8,0.0210598127604191,0.02-0.04,82,14,5,145,22,9,test
mp-28968,Nb3Te3As,0.0,0-0.005,176,14,3,74,42,4,test
mp-1114336,Na2LiGaF6,0.019078020666666,0.005-0.02,225,10,4,3960,923,1,test
mp-1226487,Co3(Ni3S4)2,0.0119292973949551,0.005-0.02,44,17,10,187,0,16,test
mp-1105780,Bi2O3,0.0466208480000052,0.04-0.06,159,20,4,2,0,10,test
mp-568574,LaGeI,0.0,0-0.005,164,6,3,551,19,3,test
mp-2056,Ni3Se2,0.0,0-0.005,155,5,2,75,0,2,test
mp-756163,Li2Cu4S3,0.036155200023149,0.02-0.04,5,18,9,274,7,27,test
mp-13459,NaCdSb,0.0,0-0.005,62,12,3,1187,413,6,test
mp-1979,HoPd3,0.0,0-0.005,221,4,2,820,339,0,test
mp-30282,La2I5,0.0,0-0.005,11,14,7,277,4,14,test
mp-1280001,V2FeO4,0.0252139758928553,0.02-0.04,15,14,5,533,11,7,test
mp-754318,MnZnO3,0.0057938313333325,0.005-0.02,148,10,3,351,48,5,test
mp-1213079,CsRbSO4,0.0163962878571428,0.005-0.02,156,14,10,302,1,12,test
mp-1103537,Y2FeC4,0.0,0-0.005,72,14,4,111,8,6,test
mp-755555,Mn5CoO12,0.0211067673611129,0.02-0.04,12,18,8,1273,8,12,test
mp-1220503,Nb3WSe8,0.0123494416666662,0.005-0.02,8,12,12,361,6,24,test
mp-1018942,PrTlCd,0.0160364093333296,0.005-0.02,194,6,3,1129,168,0,test
mp-11773,Nd3GaO6,0.0,0-0.005,36,20,7,174,16,17,test
mp-28595,KNaSe,0.0,0-0.005,62,12,3,1187,413,6,test
mp-867770,BaHg3,0.0,0-0.005,194,8,2,1129,439,1,test
mp-36223,Ba(PrS2)2,0.0203559435714311,0.02-0.04,122,14,3,126,68,4,test
mp-1183898,Eu2CuIr,0.0606570067500005,0.06-0.0801,225,4,3,3960,2406,0,test
mp-1206651,LaCoSi2,0.0,0-0.005,63,8,4,880,158,4,test
mp-1018032,SrCdO2,0.0281135274999995,0.02-0.04,123,4,4,626,136,0,test
mp-1018048,LaNiC2,0.0,0-0.005,38,4,3,383,41,4,test
mp-866375,TiFe2Ge,0.0,0-0.005,225,4,3,3960,2406,0,test
mp-3018,Nd(MnSi)2,0.0,0-0.005,139,5,3,1233,443,1,test
mp-29239,LuB2Ru,0.0,0-0.005,62,16,3,1187,107,7,test
mp-36,Sc,0.0478731350000005,0.04-0.06,225,1,1,3960,26,0,test
mp-1094889,LiMg,0.0,0-0.005,221,2,2,820,168,0,test
mp-1185624,MgZrNi2,0.0109486376041676,0.005-0.02,225,4,3,3960,2406,0,test
mp-1104307,La3SbO3,0.0,0-0.005,12,14,7,1273,22,14,test
mp-1113858,Rb2AgAuCl6,0.0301179226250001,0.02-0.04,225,10,4,3960,923,1,test
mp-28360,Na3CrCl6,0.0,0-0.005,163,20,4,42,7,4,test
mp-866014,CaSmHg2,0.0,0-0.005,225,4,3,3960,2406,0,test
mp-10667,SrAgP,0.0,0-0.005,194,6,3,1129,168,0,test
mp-1185768,Mg2IrPt,0.0,0-0.005,225,4,3,3960,2406,0,test
mp-1217470,TbHoAl4,0.0006479124999998,0-0.005,216,6,3,538,136,1,test
mp-1025444,ErPt,0.0,0-0.005,62,8,2,1187,70,4,test
mp-1219481,Sb6O13,0.0283809652631532,0.02-0.04,44,19,10,187,0,17,test
mp-1292002,Co(HO)2,0.0369907575000034,0.02-0.04,164,5,3,551,130,2,test
mp-7438,KZnSb,0.0,0-0.005,194,6,3,1129,168,0,test
mp-754614,LuNbO4,0.0072792433333415,0.005-0.02,13,12,4,57,23,8,test
mp-1214135,Ca2TaInO6,0.000456348250001,0-0.005,14,20,6,575,188,12,test
mp-1518582,SrCaNdSbO6,0.0641981454374978,0.06-0.0801,118,20,6,6,4,4,test
mp-75,Nb,0.0,0-0.005,229,1,1,95,16,0,test
mp-1186439,Pm2AgOs,0.0,0-0.005,225,4,3,3960,2406,0,test
mp-865500,Na2Hf2O5,0.0,0-0.005,123,9,5,626,10,2,test
mp-1030331,Te8Mo3W,0.0062277958333334,0.005-0.02,156,12,12,302,12,12,test
mp-1217139,Ti3Mn(CuS4)2,0.0,0-0.005,166,14,5,1076,78,4,test
mp-867283,Ho2CuRu,0.0,0-0.005,225,4,3,3960,2406,0,test
mp-1205300,Tm(Co2B)6,0.0,0-0.005,166,19,4,1076,16,5,test
mp-21036,NaMnO2,0.0129486868749992,0.005-0.02,59,8,4,106,6,4,test
mp-1105546,LaFe4(CuO4)3,0.0,0-0.005,204,20,4,122,42,2,test
mp-1219576,RbNbTeO6,0.0,0-0.005,74,18,6,299,30,6,test
mp-1095043,Sc3OsC4,0.0036621956250009,0-0.005,71,8,4,419,4,3,test
mp-1206294,CeB2Pd2C,0.0771931527777809,0.06-0.0801,139,6,4,1233,23,1,test
mp-505005,CeSiOs,0.0,0-0.005,129,6,3,472,177,2,test
mp-20211,Mn3Si,0.0,0-0.005,225,4,3,3960,122,0,test
mp-1025021,YbMgCu4,0.0,0-0.005,216,6,3,538,136,1,test
mp-1219559,RbNaCd3O4,0.0,0-0.005,8,9,9,361,4,18,test
mp-1187874,YZnPd2,0.0385372303125004,0.02-0.04,225,4,3,3960,2406,0,test
mp-760323,Ce5O9,0.0,0-0.005,82,14,5,145,0,9,test
mp-977364,HoPaOs2,0.0202568937499982,0.02-0.04,225,4,3,3960,2406,0,test
mp-554973,TlCuF3,0.0001839769999998,0-0.005,221,5,3,820,273,0,test
mp-567713,Nb3TeI7,0.0020235781818183,0-0.005,156,11,5,302,1,8,test
mp-1215569,YbAlCu4,0.0343392460784324,0.02-0.04,187,6,4,312,37,1,test
mp-1246711,Ca2CdN2,0.0239843316249999,0.02-0.04,139,5,3,1233,443,2,test
mp-1225881,GdCo4Si,0.0438490737500032,0.04-0.06,187,6,4,312,37,1,test
mp-865522,YCdAu2,0.0,0-0.005,225,4,3,3960,2406,0,test
mp-973676,HgS,0.0022315000000001,0-0.005,186,4,2,183,27,2,test
mp-1217291,TePb2Se,0.0071989175000002,0.005-0.02,166,4,3,1076,280,1,test
mp-1228947,AlAg4,0.0735773782666662,0.06-0.0801,166,5,3,1076,14,2,test
mp-1095573,NbCoSi,0.0,0-0.005,62,12,3,1187,413,6,test
mp-1183633,CdPd2Au,0.0,0-0.005,225,4,3,3960,2406,0,test
mp-1025564,LuAl2Pd5,0.0,0-0.005,139,8,4,1233,3,2,test
mp-559415,Na2Cu2Si4O11,0.0397963985526272,0.02-0.04,2,19,10,676,1,27,test
mp-1245965,Ba3ReN3,0.0,0-0.005,176,14,3,74,42,4,test
mp-549,ScSb,0.0,0-0.005,225,2,2,3960,145,0,test
mp-755643,Rb3InO3,0.0087861778571411,0.005-0.02,12,14,6,1273,22,11,test
mp-1227089,CaNdCoO4,0.043020829642856,0.04-0.06,63,14,6,880,15,5,test
mp-2251,Li3N,0.0,0-0.005,191,4,3,355,1,0,test
mp-571555,InCl,0.0014880940625001,0-0.005,63,4,2,880,83,2,test
mp-1218360,Sr3CaMn2FeO10,0.0288338504481817,0.02-0.04,107,17,14,158,1,14,test
mp-19182,Ba2CaWO6,0.0025274979999991,0-0.005,87,10,5,101,33,3,test
mp-1112674,Cs2LiPrCl6,0.0138323477500037,0.005-0.02,225,10,4,3960,923,1,test
mp-1112006,Cs2NaNdCl6,0.0,0-0.005,225,10,4,3960,923,1,test
mp-1229187,Ag4Sn2(HgSe3)3,0.0171471705555572,0.005-0.02,1,18,18,470,0,54,test
mp-556576,ZnS,0.0131852572321427,0.005-0.02,160,16,16,311,24,16,test
mp-636148,WO3,0.0247550006249994,0.02-0.04,14,16,4,575,13,12,test
mp-1078336,NaCoF3,0.0182510544999985,0.005-0.02,63,10,4,880,54,4,test
mp-1025294,CdAsPd5,0.0,0-0.005,123,7,4,626,55,1,test
mp-754707,LiFeF3,0.0592499664999985,0.04-0.06,15,20,6,533,36,14,test
mp-777500,V3(O2F)2,0.0241432972222241,0.02-0.04,102,18,6,13,0,9,test
mp-1246553,LiGeN,0.0643545153472224,0.06-0.0801,62,12,3,1187,413,6,test
mp-862757,PrDyMg2,0.0,0-0.005,225,4,3,3960,2406,0,test
mp-1221559,MnVAs2,0.0142842818750006,0.005-0.02,26,8,4,68,22,8,test
mp-866017,LiNd2Al,0.0041022141666662,0-0.005,225,4,3,3960,2406,0,test
mp-1188666,Sm3Cu3Sb4,0.0,0-0.005,220,20,3,111,40,1,test
mp-20727,Sb2PbO6,0.0,0-0.005,162,9,3,43,18,2,test
mp-20004,Zr2InC,0.0,0-0.005,194,8,3,1129,110,1,test
mp-1103036,Y2Ga8Co,0.0083278390908931,0.005-0.02,123,11,5,626,22,3,test
mp-1030160,Te6Mo3WSe2,0.0468413179166669,0.04-0.06,156,12,12,302,36,12,test
mp-11245,HoAu,0.0163154400000005,0.005-0.02,221,2,2,820,168,0,test
mp-973414,Lu2RuAu,0.0106198874999998,0.005-0.02,225,4,3,3960,2406,0,test
mp-1113876,Rb2AgRhF6,0.0,0-0.005,225,10,4,3960,923,1,test
mp-30380,GaAu2,0.0193240499999998,0.005-0.02,36,12,6,174,8,12,test
mp-12651,MgPt,0.0,0-0.005,198,8,2,67,13,2,test
mp-1205358,TaBRu,0.0144045236111107,0.005-0.02,51,18,6,70,2,9,test
mp-752779,Li2VF6,0.0780440522222543,0.06-0.0801,12,9,4,1273,22,7,test
mp-1218399,Sr4FeRuO8,0.0,0-0.005,65,14,7,265,7,6,test
mp-973538,Lu2AlZn,0.0082487721874997,0.005-0.02,225,4,3,3960,2406,0,test
mp-3613,NaErS2,0.0,0-0.005,166,4,3,1076,280,1,test
mp-675349,DyCuSe2,0.0,0-0.005,156,4,4,302,33,4,test
mp-1006352,Er2Co3Ge5,0.0,0-0.005,15,20,7,533,18,13,test
mp-1416,NbF4,0.067948727866665,0.06-0.0801,139,5,3,1233,14,1,test
mp-1215294,ZrTi(PbO3)2,0.0283059669062364,0.02-0.04,1,10,10,470,22,30,test
mp-754078,LiFe2(PO4)2,0.0433419773076897,0.04-0.06,5,13,8,274,2,18,test
mp-22730,Na2MoO4,0.0178648499999969,0.005-0.02,70,14,3,87,9,4,test
mp-865259,HoHg3,0.0,0-0.005,194,8,2,1129,439,1,test
mp-1188305,La(Ge3Pt)4,0.0,0-0.005,204,17,3,122,40,2,test
mp-1112618,Cs2SmCuCl6,0.0327577755000003,0.02-0.04,225,10,4,3960,923,1,test
mp-1207674,TmPPd,0.0,0-0.005,62,12,3,1187,413,6,test
mp-1063566,MgSc2Ru,0.0,0-0.005,123,4,3,626,136,1,test
mp-1223858,HoCo4Cu,0.0363967512727247,0.02-0.04,187,6,4,312,37,1,test
mp-1186779,PtAu,0.0664752399999999,0.06-0.0801,187,2,2,312,64,0,test
mp-5702,Cu3SbS4,0.0,0-0.005,121,8,4,101,7,2,test
mp-1227976,Ba6Br2N3Cl,0.0057869699999999,0.005-0.02,12,12,7,1273,28,10,test
mp-1079427,Na2CuO2,0.0743700158333355,0.06-0.0801,11,10,5,277,5,10,test
mp-29428,Ta(TeCl3)2,0.0049279039930523,0-0.005,2,18,9,676,12,27,test
mp-1220495,Nd2Ge3Pt,0.0116029387499976,0.005-0.02,25,6,6,124,29,6,test
mp-1206510,Zr6NiSn2,0.0024196472222222,0-0.005,189,9,4,469,57,2,test
mp-22253,Zn(InS2)2,0.0585850871428581,0.04-0.06,156,7,7,302,3,7,test
mp-3880,Cr2CuSe4,0.0,0-0.005,227,14,3,303,127,1,test
mp-1190248,Sm2Al3Ge4,0.0076985487962968,0.005-0.02,64,18,5,82,8,6,test
mp-13243,ScU3Sb5,0.0,0-0.005,193,18,4,238,124,2,test
mp-568430,BaRh2,0.0,0-0.005,227,6,2,303,132,0,test
mp-1105564,Ni8Bi8SI,0.0,0-0.005,75,18,6,1,0,14,test
mp-1222989,LaEr4Ge3,0.0263899900000019,0.02-0.04,162,16,4,43,1,4,test
mp-1113698,Rb2TbAgCl6,0.008743772949999,0.005-0.02,225,10,4,3960,923,1,test
mp-1205893,La4RuI5,0.0071265915000084,0.005-0.02,12,10,6,1273,10,8,test
mp-1226352,Cr2Ir2C,0.0,0-0.005,166,5,3,1076,13,2,test
mp-1106136,GdGaPd2,0.0,0-0.005,62,16,3,1187,107,7,test
mp-1105609,Tb3Rh,0.0,0-0.005,62,16,3,1187,80,7,test
mp-1216900,TlV2Cr3S8,0.0226020350000011,0.02-0.04,8,14,14,361,3,28,test
mp-11201,Sc6FeSb2,0.0,0-0.005,189,9,4,469,57,2,test
mp-861988,PrAgHg2,0.0,0-0.005,225,4,3,3960,2406,0,test
mp-1238685,GaHg3AsSCl4,0.0002061420000001,0-0.005,186,20,6,183,0,8,test
mp-1219728,PrZnAgP2,0.0309184027291662,0.02-0.04,156,5,5,302,21,5,test
mp-1103031,Hf4CoP,0.0382485212500025,0.02-0.04,124,12,3,15,13,2,test
mp-865384,Tm2PdRu,0.0,0-0.005,225,4,3,3960,2406,0,test
mp-1215566,Zn5Se4S,0.0233341055714295,0.02-0.04,160,10,10,311,5,10,test
mp-28573,WI3O,0.0316445223333348,0.02-0.04,136,20,4,167,6,5,test
mp-1078757,NdAlNi,0.0,0-0.005,189,9,4,469,305,2,test
mp-541134,TeAuBr8,0.0,0-0.005,2,20,10,676,2,30,test
mp-1176488,Mn2HgO4,0.0085772956249998,0.005-0.02,141,14,3,181,20,2,test
mp-1176706,LiFeF3,0.033455749499998,0.02-0.04,51,10,4,70,2,4,test
mp-752919,V3(O2F)2,0.0315568761111126,0.02-0.04,1,18,18,470,4,54,test
mp-7083,LaSi,0.0,0-0.005,63,8,3,880,83,4,test
mp-1018692,ErTe2,0.0679770172222236,0.06-0.0801,129,6,3,472,37,2,test
mp-1205610,Cs2P2Pd,0.0,0-0.005,63,10,4,880,13,4,test
mp-1207894,U2GaCo2,0.0419614421666629,0.04-0.06,127,10,3,246,156,2,test
mp-1225346,Dy3SOF5,0.0063287504166673,0.005-0.02,6,20,20,163,4,40,test
mp-1225448,ErTh,0.0232554399999997,0.02-0.04,166,2,2,1076,44,0,test
mp-1186478,Pm2TlHg,0.0,0-0.005,225,4,3,3960,2406,0,test
mp-754287,V4O7F5,0.0400444661111212,0.04-0.06,1,16,16,470,7,48,test
mp-862694,Al2IrRh,0.0,0-0.005,225,4,3,3960,2406,0,test
mp-1217453,TePb3(BrO2)2,0.0,0-0.005,38,10,7,383,5,9,test
mp-606102,Ce3In3Ru2,0.0,0-0.005,12,8,5,1273,3,6,test
mp-1184881,HoMg2,0.0098156616666664,0.005-0.02,191,3,2,355,57,0,test
mp-1216678,TiMoP2,0.0650557012499994,0.06-0.0801,164,4,3,551,25,1,test
mp-1114513,Rb2NaCeI6,0.037884113,0.02-0.04,225,10,4,3960,923,1,test
mp-7,S,0.0645005102083331,0.06-0.0801,148,6,1,351,1,3,test
mp-1219075,SmBiTe3,0.0351377537499999,0.02-0.04,160,5,5,311,23,5,test
mp-865601,Lu2RuRh,0.0,0-0.005,225,4,3,3960,2406,0,test
mp-1218496,Sr3NbCoO7,0.0529001491666178,0.04-0.06,107,12,10,158,5,10,test
mp-1209722,Sm5CuPb3,0.0079535868888891,0.005-0.02,193,18,4,238,124,2,test
mp-569885,Cs2TaCl6,0.0,0-0.005,225,9,3,3960,89,1,test
mp-995194,KBaSiHO4,0.0107181029166643,0.005-0.02,4,16,8,151,7,24,test
mp-1183841,DyHo3,0.0253493899999996,0.02-0.04,139,4,3,1233,236,0,test
mp-1219717,PrYMg4,0.0269465433333317,0.02-0.04,216,6,3,538,136,1,test
mp-2949,Ca(NiGe)2,0.0,0-0.005,139,5,3,1233,443,1,test
mp-22997,PbBrCl,0.0101426766666667,0.005-0.02,62,12,3,1187,413,6,test
mp-561412,CaCO3,0.0071974193333286,0.005-0.02,5,15,9,274,7,21,test
mp-1185428,LiTi2Ir,0.0060389004166685,0.005-0.02,225,4,3,3960,2406,0,test
mp-1189791,Y2Te3,0.0,0-0.005,70,20,4,87,11,6,test
mp-973232,NdTm3,0.0290313675,0.02-0.04,221,4,2,820,339,0,test
mp-1112999,Cs2LiTlCl6,0.0174026160000031,0.005-0.02,225,10,4,3960,923,1,test
mp-1222711,Li2GeTeO6,0.0,0-0.005,146,10,6,73,21,10,test
mp-1184236,GaSn3,0.0789187693749995,0.06-0.0801,225,4,3,3960,122,0,test
mp-1188429,Nd2AlGe6,0.005419480416668,0.005-0.02,12,18,7,1273,22,16,test
mp-4893,Hf2SnC,0.0,0-0.005,194,8,3,1129,110,1,test
mp-756457,ErNbO4,0.0241096358333336,0.02-0.04,13,12,4,57,23,8,test
mp-1226265,Cr4CoCuS8,0.0001873839583312,0-0.005,216,14,5,538,21,3,test
mp-1223964,In4(SnO4)3,0.0396817318421049,0.02-0.04,1,19,19,470,0,57,test
mp-1183638,CaGdZn2,0.0092908147499972,0.005-0.02,225,4,3,3960,2406,0,test
mp-21296,PtPb4,0.0,0-0.005,125,10,2,18,0,2,test
mp-542583,EuTe,0.0,0-0.005,225,2,2,3960,145,0,test
mp-1105536,BaU2Te5,0.0,0-0.005,140,16,4,257,52,3,test
mp-1182187,BaNdFe2O5,0.0076470137500024,0.005-0.02,123,9,5,626,13,2,test
mp-1183461,Ca2TlZn,0.0,0-0.005,225,4,3,3960,2406,0,test
mp-1225252,EuCuSn,0.0605953700000005,0.06-0.0801,12,6,3,1273,58,6,test
mp-23467,CsSn2Br5,0.0048674906250001,0-0.005,140,16,4,257,52,3,test
mp-1519537,BaSrCe2O6,0.0157087659999959,0.005-0.02,11,20,8,277,15,14,test
mp-12987,Ho2NiGe6,0.0197965212962971,0.005-0.02,38,9,9,383,39,9,test
mp-30733,HoSnPt,0.0,0-0.005,189,9,4,469,305,2,test
mp-1113296,Cs2HgSbBr6,0.0373688181249991,0.02-0.04,225,10,4,3960,923,1,test
mp-1104323,VPO5,0.0585374639285714,0.04-0.06,15,14,5,533,30,8,test
mp-1206430,DyCu4Pd,0.0,0-0.005,216,6,3,538,136,1,test
mp-21156,TbPb3,0.0,0-0.005,221,4,2,820,339,0,test
mp-34292,Tl9SbTe6,0.0,0-0.005,79,16,7,4,0,13,test
mp-8911,CuAgS,0.0236415388888864,0.02-0.04,63,6,3,880,28,2,test
mp-30845,SmPt3,0.0,0-0.005,221,4,2,820,339,0,test
mp-1030580,TeMoWSeS2,0.0764651137499985,0.06-0.0801,156,12,12,302,1,12,test
mp-979931,YNbRu2,0.0087071060937518,0.005-0.02,225,4,3,3960,2406,0,test
mp-1218514,Sr3CeMn4O12,0.0366342928958127,0.02-0.04,229,20,4,95,8,1,test
mp-620812,Y2Ge5Ru3,0.0,0-0.005,72,20,6,111,33,7,test
mp-865161,Dy2AgRu,0.0,0-0.005,225,4,3,3960,2406,0,test
mp-865935,Li2MgSn,0.0175199300000001,0.005-0.02,225,4,3,3960,2406,0,test
mp-21478,U(CuP)2,0.0,0-0.005,164,5,3,551,130,2,test
mp-13923,SnPS3,0.0,0-0.005,7,20,10,106,0,30,test
mp-1187792,Tl2S,0.0015306029629629,0-0.005,143,9,5,8,2,9,test
mp-1227127,CaMgCd,0.0058266955739516,0.005-0.02,38,12,7,383,68,12,test
mp-7128,Cd(AsO3)2,0.0,0-0.005,162,9,3,43,18,2,test
mp-7470,RbCuO,0.0,0-0.005,139,12,3,1233,40,3,test
mp-33363,LiYS2,0.0099203862500001,0.005-0.02,141,8,3,181,50,1,test
mp-27872,MgTi2O4,0.0159692214285716,0.005-0.02,227,14,3,303,127,1,test
mp-1091395,ZrGeOs,0.0,0-0.005,189,9,4,469,305,2,test
mp-757176,BaYF5,0.0628333935714229,0.06-0.0801,15,14,5,533,30,8,test
mp-1212416,HfCrP,0.0,0-0.005,62,12,3,1187,413,6,test
mp-1187193,SrCeHg2,0.0200997025,0.02-0.04,225,4,3,3960,2406,0,test
mp-14793,Mg2SiPt,0.0,0-0.005,194,8,3,1129,110,1,test
mp-23520,InPb2I5,0.0564042118749994,0.04-0.06,140,16,4,257,52,3,test
mp-1226802,Ce3Y,0.0735344395833337,0.06-0.0801,187,4,3,312,20,1,test
mp-8950,NdAsPd,0.000239604999999,0-0.005,186,6,3,183,88,3,test
mp-1206453,Sm2CdCu2,0.0,0-0.005,127,10,3,246,156,2,test
mp-31029,Nd2Ni5B4,0.0,0-0.005,12,11,5,1273,8,9,test
mp-13236,Ho5Si3,0.0,0-0.005,193,16,3,238,93,2,test
mp-1094422,Mg2Zn,0.0264969546871991,0.02-0.04,63,6,3,880,64,3,test
mp-1227031,Cd2InCuSe4,0.0310993306250004,0.02-0.04,8,8,8,361,4,16,test
mp-1174238,Li4Mn3CoO8,0.0328821842187503,0.02-0.04,2,16,9,676,13,21,test
mp-504611,Cs2NaFeF6,0.0,0-0.005,166,20,7,1076,11,7,test
mp-753116,Co5SbO12,0.0630911912500007,0.06-0.0801,12,18,8,1273,8,12,test
mp-1206641,KTl2GaF6,0.0,0-0.005,225,10,4,3960,923,1,test
mp-753028,Li3Mn4O8,0.0274551669629676,0.02-0.04,12,15,8,1273,5,7,test
mp-1185754,Mg2Ag,0.0136919433333333,0.005-0.02,63,6,2,880,64,3,test
mp-1103590,MgSe2,0.0,0-0.005,205,12,2,31,30,1,test
mp-685097,HfO2,0.0286212858333314,0.02-0.04,29,12,3,10,2,9,test
mp-1223386,KRb2Mo(OF)3,0.0486317557499988,0.04-0.06,42,10,7,42,1,9,test
mp-639682,SiO2,0.0291078753333327,0.02-0.04,119,15,5,124,0,6,test
mp-865743,Ga2IrRh,0.0,0-0.005,225,4,3,3960,2406,0,test
mp-863723,Ho2MgGe2,0.0,0-0.005,127,10,3,246,156,2,test
mp-15653,CeSi2Ni,0.0,0-0.005,63,8,4,880,158,4,test
mp-26,La,0.0,0-0.005,194,4,2,1129,60,0,test
mp-546035,Cr3CuO8,0.0491688003645647,0.04-0.06,12,12,6,1273,4,9,test
mp-3707,CaGe2O5,0.0058800158749994,0.005-0.02,15,16,6,533,18,9,test
mp-1183102,Ac3Y,0.0608200252083337,0.06-0.0801,194,8,2,1129,439,1,test
mp-996973,CuHgO2,0.043040451875,0.04-0.06,12,4,3,1273,42,2,test
mp-1186613,PmLuMg2,0.00715545125,0.005-0.02,225,4,3,3960,2406,0,test
mp-1205749,NdSnIr,0.0,0-0.005,189,9,4,469,305,2,test
mp-978547,SmLuIn2,0.0073565262499988,0.005-0.02,225,4,3,3960,2406,0,test
mp-1080612,GdAlCu,0.0,0-0.005,189,9,4,469,305,2,test
mp-8202,CsRb2PdF5,0.0,0-0.005,127,18,5,246,9,3,test
mp-1227419,Ca(MnAl3)3,0.0334460846153854,0.02-0.04,12,13,6,1273,1,6,test
mp-1185322,LiCuAu2,0.01555840875,0.005-0.02,225,4,3,3960,2406,0,test
mp-1205750,YMgAu,0.0,0-0.005,189,9,4,469,305,2,test
mp-865195,TmGaRh2,0.0,0-0.005,225,4,3,3960,2406,0,test
mp-1540016,Ca(AgO2)2,0.0,0-0.005,88,14,3,63,14,3,test
mp-1223363,KSO2F,0.0104548472173942,0.005-0.02,4,10,5,151,2,15,test
mp-1104145,Eu2Zn2P3,0.0,0-0.005,12,14,7,1273,25,14,test
mp-1101151,NaHoO2,0.0038323718749992,0-0.005,166,4,3,1076,280,1,test
mp-1206231,Cs2RbPdF6,0.013255170749999,0.005-0.02,139,10,5,1233,15,2,test
mp-35785,Y2CdS4,0.0,0-0.005,227,14,3,303,127,1,test
mp-867700,Li3CuS2,0.0564052325000155,0.04-0.06,167,12,3,77,2,2,test
mp-350,Zr5Te4,0.0,0-0.005,87,9,3,101,10,4,test
mp-1222885,LaErSe2,0.0,0-0.005,166,4,3,1076,280,1,test
mp-9848,PrP5,0.0,0-0.005,11,12,4,277,6,10,test
mp-755415,LiVF4,0.078286596666663,0.06-0.0801,63,12,4,880,53,6,test
mp-11508,MoP4,0.0,0-0.005,15,10,3,533,8,7,test
mp-23312,MoBr3,0.0,0-0.005,59,16,5,106,20,8,test
mp-9033,Np(SiOs)2,0.0,0-0.005,139,5,3,1233,443,1,test
mp-555037,TaS2,0.0250862533333329,0.02-0.04,166,3,2,1076,42,1,test
mp-1025053,ThSiTe,0.0154091450000013,0.005-0.02,139,6,3,1233,40,2,test
mp-1216049,YNO4,0.0232022828472278,0.02-0.04,39,12,5,8,1,10,test
mp-1078483,Ca2GePt2,0.0,0-0.005,15,10,3,533,17,7,test
mp-2844,ThSi2,0.0029187566666664,0-0.005,141,6,2,181,29,1,test
mp-1216563,V(CrSi3)2,0.0184767940740764,0.005-0.02,21,9,4,14,4,5,test
mp-1078248,Gd2Cr2C3,0.0,0-0.005,12,7,4,1273,25,6,test
mp-865781,YbCeZn2,0.0041040006249999,0-0.005,225,4,3,3960,2406,0,test
mp-28175,Pd(SeCl3)2,0.0303079612847212,0.02-0.04,15,18,5,533,36,13,test
mp-1222340,LiSm(WO4)2,0.0621287774999999,0.06-0.0801,82,12,6,145,18,6,test
mp-23024,SrBrF,0.0,0-0.005,129,6,3,472,177,2,test
mp-1219337,Sm4CuSn8,0.0,0-0.005,25,13,13,124,19,13,test
mp-1095487,LuTc2,0.0,0-0.005,194,12,3,1129,127,2,test
mp-10446,Sc6NiTe2,0.0,0-0.005,189,9,4,469,57,2,test
mp-10074,GeSe2,0.0056516433333335,0.005-0.02,122,6,2,126,2,1,test
mp-638650,Pr7FeI12,0.0011626758173033,0-0.005,148,20,5,351,17,9,test
mp-1219019,SmGa3Pt,0.0017501006666673,0-0.005,119,5,4,124,19,1,test
mp-973893,Lu2TlHg,0.0067575450000001,0.005-0.02,225,4,3,3960,2406,0,test
mp-640922,CeInPt,0.0,0-0.005,189,9,4,469,305,2,test
mp-1052,NaAu2,0.0,0-0.005,227,6,2,303,132,0,test
mp-7385,K2Be2PbF8,0.0030381638461483,0-0.005,166,13,5,1076,2,5,test
mp-1205601,Yb2SnPd2,0.0174784004999981,0.005-0.02,127,10,3,246,156,2,test
mp-27179,CsCrBr3,0.0667030093333327,0.06-0.0801,186,10,3,183,5,4,test
mp-1071163,TiO,0.0,0-0.005,189,6,3,469,11,1,test
mp-24375,TlH4NCl4,0.0,0-0.005,88,20,4,63,1,6,test
mp-22609,Eu(CdP)2,0.0,0-0.005,164,5,3,551,130,2,test
mp-32758,Ag2Se,0.0353097149999994,0.02-0.04,64,6,2,82,8,2,test
mp-10965,DyAgSb2,0.0,0-0.005,129,8,4,472,65,2,test
mp-1221664,MnCd2Te3,0.0097498311278738,0.005-0.02,156,6,6,302,20,6,test
mp-1189031,La7Rh3,0.0,0-0.005,186,20,4,183,33,7,test
mp-1023939,MoS2,0.0010935349999998,0-0.005,164,6,3,551,74,3,test
mp-1185363,LiMgHg2,0.0,0-0.005,225,4,3,3960,2406,0,test
mp-1095587,LaGaPt,0.0,0-0.005,62,12,3,1187,413,6,test
mp-545552,SnO,0.0714361649999997,0.06-0.0801,31,4,2,112,0,4,test
mp-1216077,Y4ZnGa3,0.0207176493750003,0.02-0.04,44,8,8,187,2,8,test
mp-1147751,Ba2CuTeO2,0.0760053016666661,0.06-0.0801,123,6,4,626,12,1,test
mp-864876,TbInRh2,0.0,0-0.005,225,4,3,3960,2406,0,test
mp-1174540,Li5Mn3O8,0.0554527940625,0.04-0.06,12,16,9,1273,3,14,test
mp-763787,Fe8O9,0.0612506076470538,0.06-0.0801,2,17,9,676,0,24,test
mp-1222966,LaSbSe3,0.0333306476333357,0.02-0.04,62,20,5,1187,318,10,test
mp-22120,YRh3C,0.0,0-0.005,221,5,3,820,273,0,test
mp-1222402,LiGdSe2,0.0775791799999998,0.06-0.0801,123,4,4,626,136,0,test
mp-961713,ZrSnPt,0.0,0-0.005,216,3,3,538,99,0,test
mp-570686,SnBi,0.0601768049999997,0.06-0.0801,64,8,2,82,1,3,test
mp-568591,La3CI5,0.0,0-0.005,2,18,9,676,16,27,test
mp-21505,YAgPb,0.0,0-0.005,189,9,4,469,305,2,test
mp-1207094,MgCuPb,0.0671470616666667,0.06-0.0801,216,3,3,538,99,0,test
mp-1307607,Ca2CrWO6,0.0134007092999972,0.005-0.02,14,20,6,575,188,12,test
mp-1104967,K3HoV2O8,0.0,0-0.005,164,14,6,551,30,5,test
mp-11534,Np,0.0,0-0.005,62,8,2,1187,4,4,test
mp-6674,LiLa2SbO6,0.0031347194999984,0-0.005,14,20,6,575,188,12,test
mp-769702,LiMn4O8,0.0300131474038529,0.02-0.04,12,13,7,1273,15,7,test
mp-930,ZrP,0.0429869912500002,0.04-0.06,225,2,2,3960,145,0,test
mp-30736,HoZn3,0.0,0-0.005,62,16,4,1187,80,8,test
mp-2634,NbN,0.0,0-0.005,187,2,2,312,64,0,test
mp-1112760,Cs2KLuCl6,0.0,0-0.005,225,10,4,3960,923,1,test
mp-1208296,TbZnGe,0.0,0-0.005,194,12,4,1129,168,2,test
mp-753132,CaMn7O8,0.0328810490624995,0.02-0.04,12,16,8,1273,0,10,test
mp-867274,Be2CoIr,0.0,0-0.005,225,4,3,3960,2406,0,test
mp-1101260,V4CrNiO12,0.0654659119444449,0.06-0.0801,5,18,10,274,10,26,test
mp-1206822,Pr3SnN,0.0,0-0.005,221,5,3,820,273,0,test
mp-1218751,Sr2Nd2MnCuO8,0.0653191646428608,0.06-0.0801,123,14,8,626,6,4,test
mp-1080537,K2NaVF6,0.0178306718750018,0.005-0.02,225,10,4,3960,923,1,test
mp-1102052,DyAsS,0.0,0-0.005,59,6,3,106,23,3,test
mp-773184,Li2MnSnO4,0.0401238296874995,0.04-0.06,74,16,6,299,11,4,test
mp-10699,LuRh3C,0.0,0-0.005,221,5,3,820,273,0,test
mp-2130,LuNi2,0.0,0-0.005,227,6,2,303,132,0,test
mp-1183288,BaInO3,0.0772048647500023,0.06-0.0801,221,5,3,820,273,0,test
mp-1102132,ZrCrSi,0.0458182930555555,0.04-0.06,62,12,3,1187,413,6,test
mp-201,Yb5Sb3,0.0,0-0.005,193,16,3,238,93,2,test
mp-557320,K4Re2Cl10O,0.0158994047549017,0.005-0.02,139,17,6,1233,1,4,test
mp-1113396,CsRb2SbCl6,0.0773064456666685,0.06-0.0801,225,10,4,3960,923,1,test
mp-675748,Zn2GeS4,0.0121413518707491,0.005-0.02,121,7,3,101,13,2,test
mp-510380,Mn3CuN,0.0687792822500004,0.06-0.0801,221,5,3,820,273,0,test
mp-1206318,Nd3Sn7,0.0,0-0.005,65,10,6,265,4,4,test
mp-1025324,SiSnPt5,0.0,0-0.005,123,7,4,626,55,1,test
mp-10014,TaS2,0.0002425433333321,0-0.005,160,3,3,311,11,3,test
mp-1185810,Mg5Hg,0.0515780698858447,0.04-0.06,8,6,6,361,13,12,test
mp-1293197,Al(FeO2)2,0.0386533821428471,0.02-0.04,74,14,5,299,45,5,test
mp-1111578,K2TlInBr6,0.0747048142500008,0.06-0.0801,225,10,4,3960,923,1,test
mp-1176579,LiSbS,0.0152506116666684,0.005-0.02,39,6,3,8,1,5,test
mp-867335,K2SbAu,0.0,0-0.005,63,8,3,880,158,3,test
mp-866061,CaSmZn2,0.0,0-0.005,225,4,3,3960,2406,0,test
mp-1216587,TlGaF6,0.0,0-0.005,148,8,3,351,67,3,test
mp-15751,Ba3Y4O9,0.0143913493749998,0.005-0.02,146,16,10,73,1,16,test
mp-21877,Mn2GeO4,0.0674787646428551,0.06-0.0801,55,14,4,40,14,6,test
mp-1208164,Tl2SbF5,0.0,0-0.005,63,16,5,880,30,7,test
mp-1104770,Ho3Ga8Rh3,0.0170168290625003,0.005-0.02,71,14,6,419,12,6,test
mvc-15843,ZnFeF6,0.0,0-0.005,148,8,3,351,67,3,test
mp-754055,CsErO2,0.0009187997916644,0-0.005,194,8,3,1129,110,1,test
mp-1186123,NaCd2Ag,0.0239456455257935,0.02-0.04,225,4,3,3960,2406,0,test
mp-1111258,K2LiBiI6,0.0783043994999999,0.06-0.0801,225,10,4,3960,923,1,test
mp-865999,YbTlPd2,0.0,0-0.005,225,4,3,3960,2406,0,test
mp-980034,Yb3Mg,0.0627468024999999,0.06-0.0801,225,4,3,3960,122,0,test
mp-1111102,K2TlCoF6,0.0774714094166739,0.06-0.0801,225,10,4,3960,923,1,test
mp-1223822,K3SO4F,0.0101664791666653,0.005-0.02,215,9,4,25,8,1,test
mp-23098,ReNClF5,0.026252356041672,0.02-0.04,11,16,6,277,2,14,test
mp-769800,SrEu4O5,0.0112066890000015,0.005-0.02,87,10,4,101,8,4,test
mp-1208273,Ti2Se3,0.0124558325000005,0.005-0.02,163,20,4,42,4,4,test
mp-30196,ErCuP2,0.0,0-0.005,62,16,4,1187,107,8,test
mp-1219649,Rb2W(OF2)2,0.0,0-0.005,12,9,4,1273,9,7,test
mp-762018,LiCoPO4,0.0124071371428557,0.005-0.02,82,7,4,145,14,3,test
mp-5090,Ti2FeSe4,0.060458437142854,0.06-0.0801,12,7,4,1273,64,6,test
mp-1220350,Nd2Ga7Pd,0.021762405500004,0.02-0.04,115,10,7,112,3,3,test
mp-1105243,Mn3ReO6,0.0536134690714291,0.04-0.06,14,20,6,575,35,12,test
mp-33333,NaSbSe2,0.0307581050000003,0.02-0.04,141,8,3,181,50,1,test
mp-1219338,ScGa4Fe3Co8,0.0178196837500008,0.005-0.02,166,16,9,1076,23,7,test
mp-777377,Co3OF5,0.0670077347222237,0.06-0.0801,12,18,9,1273,19,14,test
mp-1205338,Ca3(AlAs2)2,0.0,0-0.005,15,18,5,533,21,13,test
mp-762282,Li3Cr5O10,0.0686529841357952,0.06-0.0801,2,18,10,676,3,24,test
mp-1213908,Ce3Ge5,0.0,0-0.005,43,16,5,40,6,11,test
mp-14588,Na2PtSe2,0.0,0-0.005,36,10,5,174,11,10,test
mp-1102523,Zn2PN3,0.0,0-0.005,36,12,4,174,30,10,test
mp-1215908,YHoCo4,0.0251546408333336,0.02-0.04,216,6,3,538,136,1,test
mp-862814,PaSiTc2,0.0,0-0.005,225,4,3,3960,2406,0,test
mp-1221431,MoPd2Rh,0.0656380829166662,0.06-0.0801,160,4,4,311,32,4,test
mp-974779,NdTh3,0.0491460049999989,0.04-0.06,221,4,2,820,339,0,test
mp-1217024,Ti6PtAu,0.0033498874999997,0-0.005,200,8,3,33,27,1,test
mp-29880,Sm2SCl4,0.0,0-0.005,15,14,4,533,11,10,test
mp-1095504,HfCuGe,0.0175742549999986,0.005-0.02,62,12,3,1187,413,6,test
mp-1183090,Ac3Cd,0.0683301641666664,0.06-0.0801,139,4,3,1233,236,0,test
mp-1111977,Cs2RbAuF6,0.048165202999999,0.04-0.06,225,10,4,3960,923,1,test
mp-1224552,Ho4NiSn8,0.0290993667307715,0.02-0.04,25,13,13,124,19,13,test
mp-1072580,CeSiPt,0.0,0-0.005,109,6,3,46,26,3,test
mp-1111648,K2NaDyCl6,0.0278078362500009,0.02-0.04,225,10,4,3960,923,1,test
mp-1228269,Ba4Bi(PbO4)3,0.0013686374999997,0-0.005,12,20,9,1273,5,16,test
mp-1257214,Ca2AlFeO5,0.0235028435912658,0.02-0.04,46,18,6,58,5,14,test
mp-754474,USiS,0.0368329602777759,0.02-0.04,129,6,3,472,177,2,test
mp-1076973,TiGeSb,0.0,0-0.005,129,6,3,472,177,2,test
mp-1221785,MnCo2TeO6,0.0163182185000207,0.005-0.02,1,20,20,470,22,60,test
mp-16737,Na2BeB2O5,0.0,0-0.005,15,20,6,533,3,14,test
mp-1102145,EuMgSn,0.0,0-0.005,62,12,3,1187,413,6,test
mp-8500,AsS2NF6,0.0275545936298069,0.02-0.04,12,10,5,1273,36,7,test
mp-1217703,Tb3Al3NiPd2,0.0,0-0.005,189,9,4,469,5,2,test
mp-18820,Sr3Fe2O7,0.0,0-0.005,139,12,6,1233,14,4,test
mp-1208169,Tl2CrF6,0.0648444340277762,0.06-0.0801,225,9,3,3960,89,1,test
mp-504864,YCu(WO4)2,0.0299401132291663,0.02-0.04,2,12,7,676,3,15,test
mp-973631,Lu2AlRu,0.0628388600892853,0.06-0.0801,225,4,3,3960,2406,0,test
mp-1184695,Ho3Er,0.0271908425000004,0.02-0.04,139,4,3,1233,236,0,test
mp-1185901,MgIn2,0.0415624649999997,0.04-0.06,155,6,3,75,8,2,test
mp-28554,Ca2AsI,0.0,0-0.005,166,4,3,1076,280,1,test
mp-971737,V2OsRu,0.0,0-0.005,225,4,3,3960,2406,0,test
mp-1224410,InCu4,0.0734911813333334,0.06-0.0801,139,5,3,1233,14,2,test
mp-1091394,Ba2NaIO6,0.0,0-0.005,225,10,4,3960,923,1,test
mp-6231,Ba2ErSbO6,0.0,0-0.005,225,10,4,3960,923,1,test
mp-1177331,Li4MnCrO6,0.0381586495833357,0.02-0.04,5,12,9,274,3,15,test
mp-866160,Y2AgIr,0.0135806379687508,0.005-0.02,225,4,3,3960,2406,0,test
mp-1207763,Y3(SiNi)2,0.0097079372857127,0.005-0.02,71,7,4,419,5,3,test
mp-11080,YbMgAu,0.0,0-0.005,62,12,3,1187,413,6,test
mp-18232,Ce2Al3Ge4,0.0,0-0.005,64,18,5,82,8,6,test
mp-5610,Ca(AsRu)2,0.0,0-0.005,139,5,3,1233,443,1,test
mp-1221734,Mn4Sb3As,0.0353377975000004,0.02-0.04,187,8,5,312,1,3,test
mp-23012,Bi2Pd3S2,0.0,0-0.005,199,14,3,12,5,3,test
mp-1205992,HfMnF6,0.0,0-0.005,225,8,3,3960,15,1,test
mp-1078879,LiPrSn2,0.0121469775000004,0.005-0.02,63,8,4,880,158,4,test
mp-978744,SmBi3,0.0586763499999998,0.04-0.06,194,8,2,1129,439,1,test
mp-1218375,Sr2Zn5Si3,0.0,0-0.005,99,10,8,88,1,8,test
mp-1220696,Nb2AgS4,0.0,0-0.005,156,7,7,302,3,7,test
mp-865026,Mn2VSi,0.0,0-0.005,225,4,3,3960,2406,0,test
mp-1190342,Lu5Pt3,0.0197881570833358,0.005-0.02,193,16,3,238,93,2,test
mp-10366,Nb2Co3Si,0.0,0-0.005,194,12,3,1129,48,2,test
mp-16482,TiAlAu2,0.0032936509375005,0-0.005,225,4,3,3960,2406,0,test
mp-1218513,Sr4Fe3MoO12,0.0091528063093768,0.005-0.02,229,20,5,95,8,1,test
mp-1216648,TiTeSe,0.0,0-0.005,156,3,3,302,23,3,test
mp-754021,BaYBr5,0.0623523342857135,0.06-0.0801,15,14,5,533,30,9,test
mp-1186171,NaSrTl2,0.01668007109375,0.005-0.02,225,4,3,3960,2406,0,test
mp-866141,TiFe2Si,0.0,0-0.005,225,4,3,3960,2406,0,test
mp-8466,SmNiGe3,0.0,0-0.005,65,10,5,265,13,5,test
mp-1080546,La(GePt)2,0.0034853075000018,0-0.005,129,10,5,472,69,3,test
mp-1105841,Dy3Ru,0.0,0-0.005,62,16,3,1187,80,7,test
mp-27208,RbMgCl3,0.0,0-0.005,194,20,5,1129,53,2,test
mp-1103520,Cs2SiS3,0.0,0-0.005,12,12,6,1273,51,11,test
mp-1227775,BaSr3Zr4O12,0.0093915461249984,0.005-0.02,6,20,14,163,35,34,test
mp-1025099,TbGaI,0.0,0-0.005,164,6,3,551,19,3,test
mp-1218525,Sr3LaTi2Mn2O12,0.0686677380833415,0.06-0.0801,166,20,8,1076,1,5,test
mp-1094951,Mg5Cd,0.004687323949772,0-0.005,38,6,6,383,20,6,test
mp-696752,KP(HO2)2,0.0053452325000016,0.005-0.02,122,16,4,126,2,4,test
mp-540574,Cs2Hg3I8,0.0,0-0.005,8,13,8,361,1,21,test
mp-1025513,ZrGe,0.0,0-0.005,62,8,2,1187,70,4,test
mp-1078760,DySnPt,0.0,0-0.005,189,9,4,469,305,2,test
mvc-14149,CoO2,0.0,0-0.005,87,12,3,101,5,6,test
mp-949029,Cs,0.0466895920689655,0.04-0.06,223,8,2,54,3,0,test
mp-1053,NdZn,0.0,0-0.005,221,2,2,820,168,0,test
mp-566257,Li4Mo3O8,0.0545267388888897,0.04-0.06,166,15,6,1076,6,4,test
mp-612861,La(ReSi)2,0.0,0-0.005,74,10,5,299,1,5,test
mp-13863,BaGeO3,0.0,0-0.005,19,20,5,49,5,15,test
mp-127,Na,0.0123376434482758,0.005-0.02,229,1,1,95,16,0,test
mp-1111573,K2TlMoF6,0.0419032509999999,0.04-0.06,225,10,4,3960,923,1,test
mp-6205,Ba2Ho(CuO2)4,0.0,0-0.005,65,15,8,265,7,7,test
mp-1205332,Te6RhBr3,0.0637437658750008,0.06-0.0801,167,20,3,77,4,4,test
mp-977424,Yb2ZnPb,0.0,0-0.005,225,4,3,3960,2406,0,test
mp-1220152,NdGaSi,0.0026377841666676,0-0.005,109,6,3,46,26,3,test
mp-1223235,La4Cu5Sb8,0.0271534870588237,0.02-0.04,99,17,13,88,1,13,test
mp-1183663,Cd3Pb,0.0742097225,0.06-0.0801,194,8,2,1129,439,1,test
mp-756372,Rb2MgO2,0.0032647055000003,0-0.005,60,20,3,18,2,7,test
mp-1183464,Ca2ZnHg,0.012424210625,0.005-0.02,225,4,3,3960,2406,0,test
mp-1206718,YNiAs,0.0,0-0.005,187,3,3,312,88,0,test
mp-30299,RbAsO2,0.0,0-0.005,57,16,4,31,2,7,test
mp-1184156,Er3In,0.0031889112500005,0-0.005,221,4,2,820,339,0,test
mp-1183862,DyErCu2,0.0037461249999992,0-0.005,225,4,3,3960,2406,0,test
mp-19979,La(NiGe)2,0.0,0-0.005,139,5,3,1233,443,1,test
mp-753123,Li2CuF4,0.0205585157142849,0.02-0.04,64,14,4,82,17,4,test
mp-1189011,Ta3CrS6,0.0,0-0.005,182,20,4,27,17,4,test
mp-15218,Cs2TaAgS4,0.0,0-0.005,70,16,4,87,18,4,test
mp-8884,ZnTe,0.0052432725,0.005-0.02,186,4,2,183,27,2,test
mp-20841,Ba2CaIrO6,0.0,0-0.005,225,10,4,3960,923,1,test
mp-755268,V6O7F5,0.0378177366666712,0.02-0.04,8,18,15,361,2,33,test
mp-1438,ZrIr3,0.0,0-0.005,221,4,2,820,339,0,test
mp-996997,LiAgO2,0.0013731137500005,0-0.005,53,8,3,7,2,1,test
mp-29638,BiTePt,0.0,0-0.005,198,12,3,67,48,3,test
mp-849083,Cr2S3,0.0277059519999998,0.02-0.04,143,20,12,8,0,20,test
mp-7073,BaTiS3,0.006230597,0.005-0.02,194,10,3,1129,53,1,test
mp-20999,La3InN,0.0,0-0.005,221,5,3,820,273,0,test
mp-1223251,La2(TlPb)3,0.0035900799999999,0-0.005,47,8,6,83,21,2,test
mp-1084847,TbTe3,0.0,0-0.005,63,8,4,880,33,4,test
mp-1211080,LiNd2RuO6,0.0,0-0.005,14,20,6,575,188,12,test
mp-573947,Cs2MnSe2,0.0,0-0.005,72,10,3,111,26,4,test
mp-753810,Li2SiNiO4,0.0333677118750062,0.02-0.04,4,16,8,151,3,24,test
mp-760177,Co3OF5,0.0519218530555569,0.04-0.06,65,18,9,265,3,8,test
mp-1112457,K2AgMoF6,0.0034110556250013,0-0.005,225,10,4,3960,923,1,test
mp-2536,Ni2B,0.0,0-0.005,140,6,2,257,38,1,test
mp-25542,LiMnO2,0.0219572200000008,0.02-0.04,8,4,4,361,6,8,test
mp-14285,CoP2,0.0,0-0.005,14,12,3,575,31,9,test
mp-1223927,Ho2GaRu,0.0,0-0.005,123,4,3,626,136,1,test
mp-1079228,Ga4BiAs3,0.0599338440624999,0.04-0.06,215,8,3,25,11,1,test
mp-1184058,GaNi3,0.0065246600000001,0.005-0.02,194,8,2,1129,439,1,test
mp-1222482,Li6AsS5I,0.0,0-0.005,1,13,13,470,0,39,test
mp-1213847,Ce(ZnP)3,0.0,0-0.005,194,14,5,1129,10,2,test
mp-7494,K2Ag4S3,0.0,0-0.005,12,18,9,1273,25,18,test
mp-5808,RbNdTe2,0.0,0-0.005,166,4,3,1076,280,1,test
mp-20249,MnCoP,0.0,0-0.005,62,12,3,1187,413,6,test
mp-675621,Li5SnP3,0.0129344650000002,0.005-0.02,15,18,6,533,5,11,test
mp-1224021,Ho3Er3MnBi2,0.0,0-0.005,189,9,4,469,5,2,test
mp-1066783,ZrBr,0.0660802674999994,0.06-0.0801,164,4,2,551,9,2,test
mp-1211093,LiCaFeF6,0.0,0-0.005,163,18,4,42,16,3,test
mp-1114690,Rb3IrF6,0.029828493000001,0.02-0.04,225,10,4,3960,100,1,test
mp-1104456,Eu2Zn2As3,0.0017359661904734,0-0.005,12,14,7,1273,25,14,test
mp-985471,Ce2ZnHg,0.046581653125,0.04-0.06,225,4,3,3960,2406,0,test
mp-20290,TbCuPb,0.0,0-0.005,186,6,3,183,88,3,test
mp-31180,DyAl4Ni,0.0,0-0.005,63,12,5,880,53,5,test
mp-574021,Ce2ZnNi2,0.0119781856666669,0.005-0.02,71,5,3,419,60,2,test
mp-1220000,Pr2CuSn4,0.0,0-0.005,38,7,7,383,23,7,test
mp-1225207,Fe3Co3B2,0.0166235708333601,0.005-0.02,4,16,8,151,1,24,test
mp-1218324,SrCrHO2,0.0,0-0.005,123,5,4,626,7,0,test
mp-1207623,Yb5(ReO6)2,0.0589289932894683,0.04-0.06,12,19,8,1273,8,15,test
mp-571619,HfAlPt,0.0,0-0.005,190,18,4,12,7,4,test
mp-12947,LaMgCu2,0.0,0-0.005,194,8,3,1129,110,1,test
mp-864889,ZrZn3,0.0,0-0.005,194,8,2,1129,439,1,test
mp-1095111,Pr(CuSn)2,0.0,0-0.005,129,10,5,472,69,3,test
mp-1187803,YbZnRh2,0.0289346146874995,0.02-0.04,225,4,3,3960,2406,0,test
mp-504746,Cu5As2,0.0496759135714288,0.04-0.06,72,14,4,111,1,5,test
mp-1216014,Zr(US2)3,0.0454963244687505,0.04-0.06,26,20,10,68,1,20,test
mp-754370,Ba3GeO5,0.0068601052777781,0.005-0.02,140,18,5,257,26,3,test
mp-542178,Nd2Zn15Ge2,0.0412662755980823,0.04-0.06,166,19,5,1076,11,5,test
mp-1099821,K2Na2Mo(WO4)3,0.0301758046874978,0.02-0.04,25,20,16,124,1,20,test
mp-5724,AlPO4,0.0031058516666817,0-0.005,4,12,6,151,4,18,test
mp-767222,LiFe2(PO4)2,0.0241543788461511,0.02-0.04,8,13,11,361,1,24,test
mp-862954,PmPd3,0.0,0-0.005,221,4,2,820,339,0,test
mp-571428,MgNi3B2,0.0,0-0.005,181,18,4,8,0,2,test
mp-777608,V6O7F5,0.032209103888892,0.02-0.04,1,18,18,470,19,54,test
mp-10270,ScCo3C,0.0,0-0.005,221,5,3,820,273,0,test
mp-22987,BiIO,0.0,0-0.005,129,6,3,472,177,2,test
mp-4729,Er(MnSi)2,0.0,0-0.005,139,5,3,1233,443,1,test
mp-865497,V2ReOs,0.0,0-0.005,225,4,3,3960,2406,0,test
mp-1217394,ThURe4,0.0512156604166662,0.04-0.06,164,12,5,551,17,4,test
mp-22788,Eu(PRu)2,0.0,0-0.005,139,5,3,1233,443,1,test
mp-1186698,PmPrIn2,0.0,0-0.005,225,4,3,3960,2406,0,test
mp-11372,ErSn3,0.0308842683333336,0.02-0.04,221,4,2,820,339,0,test
mp-571353,BaSn5,0.0262177941666665,0.02-0.04,191,6,3,355,62,1,test
mp-1103656,Nb2O2F3,0.0,0-0.005,15,14,4,533,2,10,test
mp-1223882,HoFeNi4,0.0547886445833327,0.04-0.06,187,6,4,312,37,1,test
mp-1104175,Ho(CoGe)6,0.0183381999999996,0.005-0.02,191,13,5,355,30,2,test
mp-773114,Ce2U3O10,0.0078175230175467,0.005-0.02,12,15,6,1273,6,11,test
mp-543001,Zr5Sn4,0.0,0-0.005,193,18,4,238,5,2,test
mp-1246314,Mg2Sc3TiS8,0.0324236789285672,0.02-0.04,166,14,5,1076,78,4,test
mp-1225842,Cu2NiSnS4,0.0258567789583361,0.02-0.04,82,8,5,145,20,3,test
mp-999126,NaTbS2,0.0,0-0.005,166,4,3,1076,280,1,test
mp-7050,ZrTlCuSe3,0.0,0-0.005,63,12,5,880,63,5,test
mp-567724,TaSe2,0.0296477333333324,0.02-0.04,166,3,2,1076,42,1,test
mp-7878,Ca(AgGe)2,0.0,0-0.005,139,5,3,1233,443,1,test
mp-991652,VCu3Te4,0.0,0-0.005,215,8,3,25,11,1,test
mp-30759,LiMg2Tl,0.0268197761098654,0.02-0.04,225,4,3,3960,2406,0,test
mp-1184527,GdDyTl2,0.0,0-0.005,225,4,3,3960,2406,0,test
mp-1078597,ZnCd3Se4,0.0079969662500003,0.005-0.02,215,8,3,25,11,1,test
mp-1101237,V6O7F5,0.0411835666666711,0.04-0.06,8,18,15,361,2,33,test
mp-3618,Sc2FeSi2,0.0,0-0.005,12,10,5,1273,46,10,test
mp-1065793,PuPt,0.0,0-0.005,63,4,2,880,83,2,test
mp-754360,Li3FeO4,0.06132772625,0.06-0.0801,139,8,5,1233,6,1,test
mp-1112490,Cs2TlInCl6,0.0,0-0.005,225,10,4,3960,923,1,test
mp-11749,Tm5(SiSb)2,0.0,0-0.005,64,18,4,82,8,6,test
mp-722516,Zn2PHO5,0.0019036695833278,0-0.005,2,18,9,676,8,27,test
mp-19270,TiFeO3,0.0317750249999981,0.02-0.04,161,10,3,40,34,5,test
mp-1206659,HfIr,0.0378143924999996,0.02-0.04,123,2,2,626,49,0,test
mp-550898,BaCo2(PO4)2,0.0262751253846147,0.02-0.04,2,13,7,676,7,18,test
mp-989578,Rb2NaInF6,0.0,0-0.005,225,10,4,3960,923,1,test
mp-19996,Ba2GdNbO6,0.0050569280000001,0.005-0.02,225,10,4,3960,923,1,test
mp-27661,U2Cl5O2,0.0,0-0.005,65,9,4,265,1,4,test
mp-1219968,Pr2Al2CuNi,0.0103952738888883,0.005-0.02,6,18,18,163,4,36,test
mp-982613,Pm2InHg,0.0,0-0.005,225,4,3,3960,2406,0,test
mp-1208861,Sm3HfSb5,0.0082297820833323,0.005-0.02,193,18,4,238,124,2,test
mp-865178,Hf2IrRh,0.0,0-0.005,225,4,3,3960,2406,0,test
mp-1222913,LaCeRu4,0.0,0-0.005,216,6,3,538,136,1,test
mp-1188913,CsS3,0.0,0-0.005,2,16,8,676,7,24,test
mp-1018808,MgCoGe,0.0,0-0.005,129,6,3,472,177,2,test
mp-1285136,Li(CoO2)2,0.06612433910714,0.06-0.0801,2,7,5,676,15,6,test
mp-643706,Cs3MnH5,0.0,0-0.005,140,18,5,257,26,3,test
mp-1023507,Mg15Mn,0.0656050870458231,0.06-0.0801,187,16,6,312,8,5,test
mp-1209066,Sb2AsS2,0.0183592589999994,0.005-0.02,12,10,5,1273,46,10,test
mp-1019253,SmSe2,0.0,0-0.005,129,6,3,472,37,2,test
mp-862424,Sc2TcNi,0.0463069693750002,0.04-0.06,225,4,3,3960,2406,0,test
mp-1289702,Co3O4,0.0303817107142858,0.02-0.04,74,14,5,299,1,5,test
mp-20389,Na2CdPb,0.0,0-0.005,216,4,4,538,51,0,test
mp-1185959,MgS2,0.0,0-0.005,166,3,2,1076,42,1,test
mp-756537,Li4Ni3WO8,0.0724512696875008,0.06-0.0801,166,16,6,1076,23,3,test
mp-11444,YGa2Ni,0.0,0-0.005,63,8,3,880,158,4,test
mp-5372,RbFeS2,0.0,0-0.005,15,8,3,533,25,5,test
mp-1397,Rb2Te,0.0191987474999999,0.005-0.02,62,12,3,1187,102,6,test
mp-23227,CuBr,0.0410045649999997,0.04-0.06,194,4,2,1129,52,0,test
mp-1186538,PmAu3,0.0127580074999995,0.005-0.02,225,4,3,3960,122,0,test
mp-1210722,MgTeMoO6,0.0112807009722111,0.005-0.02,18,18,6,6,3,12,test
mp-570707,NdSe2,0.0,0-0.005,14,12,3,575,31,9,test
mp-4952,La2MgNi2,0.0,0-0.005,127,10,3,246,156,2,test
mp-9371,ErF3,0.0,0-0.005,62,16,3,1187,80,7,test
mp-505597,Tb(Ni2P)2,0.0,0-0.005,136,14,3,167,35,3,test
mp-2123,Nb3Au2,0.0,0-0.005,139,5,3,1233,4,2,test
mp-5213,CdSnP2,0.0,0-0.005,122,8,3,126,51,1,test
mp-567354,TiCl3,0.0283683475000007,0.02-0.04,162,8,2,43,1,2,test
mp-9063,RbSe,0.0,0-0.005,189,12,4,469,11,4,test
mp-1218373,Sr2ZnSb2,0.0596367258181826,0.04-0.06,187,5,4,312,2,1,test
mp-1182375,BaMn4O8,0.0577570448397448,0.04-0.06,12,13,7,1273,15,12,test
mp-1094601,Li2Mg,0.0058528616666668,0.005-0.02,12,6,3,1273,77,6,test
mp-996987,LiCuO2,0.0215940262499998,0.02-0.04,58,8,3,59,2,2,test
mp-1208826,Sm3Ga2Sn3,0.0,0-0.005,63,16,5,880,31,7,test
mp-1187514,Ti3Nb,0.0778540474999989,0.06-0.0801,194,8,2,1129,439,1,test
mp-1183995,GaCu3,0.0,0-0.005,221,4,2,820,339,0,test
mp-28357,NbHg3F6,0.0,0-0.005,162,10,4,43,1,2,test
mp-3342,ZnPS3,0.0255224345306093,0.02-0.04,12,10,4,1273,24,8,test
mp-1187363,TbGdRh2,0.0086153274999993,0.005-0.02,225,4,3,3960,2406,0,test
mp-7800,LiSmO2,0.0087160707812499,0.005-0.02,14,16,4,575,40,12,test
mp-4692,Dy(SiNi)2,0.0,0-0.005,139,5,3,1233,443,1,test
mp-1080814,Lu2InCu2,0.0,0-0.005,127,10,3,246,156,2,test
mp-1103947,La2H5,0.0002610385714287,0-0.005,109,14,4,46,0,6,test
mp-1226789,CdFe4NiO8,0.0409912332142861,0.04-0.06,160,14,8,311,6,11,test
mp-1229029,Al3Ni9C,0.0442625576923081,0.04-0.06,123,13,7,626,0,3,test
mp-864922,MgZnAu2,0.0,0-0.005,225,4,3,3960,2406,0,test
mp-1218008,Ta2Cr3Si,0.0,0-0.005,194,12,3,1129,48,2,test
mp-3398,Ho2Ni2Pb,0.0,0-0.005,65,5,3,265,10,2,test
mp-1185518,LuNpRu2,0.0063897703124986,0.005-0.02,225,4,3,3960,2406,0,test
mp-1186407,PaSnRu2,0.0,0-0.005,225,4,3,3960,2406,0,test
mp-1008376,CeH3,0.0,0-0.005,225,4,3,3960,122,0,test
mp-1079584,U2InIr2,0.0,0-0.005,127,10,3,246,156,2,test
mp-776457,LiV4OF11,0.0481599292646972,0.04-0.06,1,17,17,470,0,51,test
mp-761716,MnFe2O3,0.0338130661111097,0.02-0.04,65,12,8,265,12,4,test
mp-1189510,Zr5Sn3S,0.0,0-0.005,193,18,4,238,124,2,test
mp-1029775,BaMnN2,0.0,0-0.005,64,16,4,82,7,7,test
mp-1103766,DyWClO4,0.0201614742261941,0.02-0.04,12,14,6,1273,11,13,test
mp-11037,Lu(Al2Fe)4,0.0,0-0.005,139,13,4,1233,45,2,test
mp-21067,ScInCu2,0.0,0-0.005,225,4,3,3960,2406,0,test
mp-1223551,KLaF4,0.0122665055555497,0.005-0.02,8,18,14,361,2,32,test
mp-21242,LiYbPb,0.0,0-0.005,187,9,6,312,88,3,test
mp-1111574,K2MnTlF6,0.0670570926875102,0.06-0.0801,225,10,4,3960,923,1,test
mp-29091,Ti(CuS)4,0.0,0-0.005,121,9,4,101,0,3,test
mp-607450,In3Ru,0.0,0-0.005,136,16,3,167,9,3,test
mp-21272,ErNiSb,0.0,0-0.005,216,3,3,538,99,0,test
mp-8426,K2Se,0.0,0-0.005,225,3,2,3960,55,0,test
mp-1025181,Tm2Cr2C3,0.0,0-0.005,12,7,4,1273,25,6,test
mp-510569,CsCeCuS3,0.0,0-0.005,63,12,5,880,63,5,test
mp-642804,KCu2P2H3(O4F)2,0.0109530623148019,0.005-0.02,12,18,9,1273,0,13,test
mp-1009088,BeGeAs2,0.0,0-0.005,122,8,3,126,51,1,test
mp-636316,EuIn2,0.0,0-0.005,194,6,2,1129,127,1,test
mp-1224193,HfZrMo4,0.0,0-0.005,216,6,3,538,136,1,test
mp-1226574,CeY4Mg5,0.0242310100000002,0.02-0.04,123,10,6,626,8,4,test
mp-1080480,CeSi2Ag,0.0,0-0.005,63,8,4,880,158,4,test
mp-9027,TiS2,0.0202320058333391,0.02-0.04,227,12,2,303,132,1,test
mp-1187497,TiGeRh2,0.0459375550000009,0.04-0.06,225,4,3,3960,2406,0,test
mp-1188051,Zr3Bi,0.0584372956249996,0.04-0.06,194,8,2,1129,439,1,test
mp-14763,Ca3MnN3,0.0,0-0.005,63,14,5,880,9,7,test
mp-1245680,Cu3As,0.0515541487500001,0.04-0.06,59,8,3,106,20,4,test
mp-29145,H3N,0.0,0-0.005,198,16,2,67,0,4,test
mp-20196,NbTe4,0.0154074177499996,0.005-0.02,124,10,2,15,2,2,test
mp-972520,SmSnRh2,0.0,0-0.005,225,4,3,3960,2406,0,test
mp-1206233,TbAlGe,0.0,0-0.005,63,6,3,880,28,2,test
mp-866146,LiSm2Ir,0.0029024104166675,0-0.005,225,4,3,3960,2406,0,test
mp-754829,Na4VO4,0.0,0-0.005,2,18,9,676,23,27,test
mp-978833,SmYIn2,0.0,0-0.005,225,4,3,3960,2406,0,test
mp-1519191,Ba2PrWO6,0.0692678017291612,0.06-0.0801,225,10,4,3960,923,1,test
mp-3829,CdSnAs2,0.0,0-0.005,122,8,3,126,51,1,test
mp-27852,Hg3(TeCl)2,0.0,0-0.005,199,14,3,12,5,3,test
mp-4299,HoInPd,0.0,0-0.005,189,9,4,469,305,2,test
mp-542846,AsS,0.0036949621874997,0-0.005,15,16,5,533,8,11,test
mp-1013558,Ca3BiP,0.0,0-0.005,221,5,3,820,273,0,test
mvc-5666,Ca2SnIrO6,0.0666861799999978,0.06-0.0801,14,20,6,575,188,12,test
mp-413,UP2,0.0027715100000005,0-0.005,129,6,3,472,37,2,test
mp-1221750,Mn3Co2As3Rh,0.015450000555556,0.005-0.02,38,9,6,383,1,9,test
mp-11176,Ca3(SiIr)4,0.0,0-0.005,217,11,3,20,6,2,test
mp-19177,CrO2,0.0,0-0.005,136,6,2,167,43,1,test
mp-560710,Cs2TlMoF6,0.0,0-0.005,225,10,4,3960,923,1,test
mp-976032,PrHoZn2,0.0107773850000003,0.005-0.02,225,4,3,3960,2406,0,test
mp-867749,CaBiO3,0.0208404195000113,0.02-0.04,148,10,3,351,48,5,test
mp-1095292,GeF2,0.0170847541666674,0.005-0.02,62,12,3,1187,102,4,test
mp-849271,AgIO3,0.0274698734999985,0.02-0.04,62,20,4,1187,318,7,test
mp-1078544,Sc2InCu2,0.0,0-0.005,127,10,3,246,156,2,test
mp-1641880,CaLaFeSnO6,0.0254887082500072,0.02-0.04,7,20,10,106,38,30,test
mp-755978,Ni3OF5,0.074429437685187,0.06-0.0801,12,18,9,1273,19,14,test
mp-1210761,Li2NiN,0.0,0-0.005,191,4,3,355,0,0,test
mp-1188613,MnPbO3,0.0601381378846275,0.06-0.0801,13,20,7,57,2,13,test
mp-505663,CsTi2Cl7,0.0,0-0.005,11,20,7,277,3,17,test
mp-1184649,Ho2ZnPd,0.023035095,0.02-0.04,225,4,3,3960,2406,0,test
mp-22941,CaCuBi,0.0535448102777791,0.04-0.06,194,6,3,1129,168,0,test
mp-1519016,BaEuHfNbO6,0.0520691210000023,0.04-0.06,216,10,5,538,130,1,test
mp-863732,Pm2PtRh,0.0,0-0.005,225,4,3,3960,2406,0,test
mp-694946,CsCoW(OF)3,0.0472560744444292,0.04-0.06,15,18,7,533,2,9,test
mp-1187909,Yb3P,0.0,0-0.005,221,4,2,820,339,0,test
mp-754546,LiNbFeO4,0.0560341257142855,0.04-0.06,74,14,5,299,53,5,test
mp-14172,SrSi2,0.0030904724999993,0-0.005,213,12,2,5,0,1,test
mp-1215682,YbBO3,0.0607334570000004,0.06-0.0801,40,10,4,40,9,8,test
mp-1114636,Rb3TlBr6,0.0,0-0.005,225,10,4,3960,100,1,test
mp-1228948,AlGa(PO4)2,0.0058838108333265,0.005-0.02,5,12,7,274,2,17,test
mp-1215499,YbTmB12,0.0272209431696426,0.02-0.04,225,14,3,3960,6,1,test
mp-29403,GaCuI4,0.0,0-0.005,82,6,3,145,6,3,test
mp-1237338,Rb3BiF6,0.0712823884999993,0.06-0.0801,2,10,7,676,11,9,test
mp-1184136,DyYMg2,0.0023281575,0-0.005,225,4,3,3960,2406,0,test
mp-30867,ScRu,0.0,0-0.005,221,2,2,820,168,0,test
mp-774520,TiAlO3,0.0660473694999836,0.06-0.0801,148,10,3,351,48,5,test
mp-19737,LaMnSi,0.0,0-0.005,129,6,3,472,177,2,test
mp-1187281,Tb3Er,0.0208964649999998,0.02-0.04,221,4,2,820,339,0,test
mp-567727,Pr2Co2I,0.0,0-0.005,194,10,3,1129,25,2,test
mp-568040,La2AlNi9,0.0,0-0.005,65,12,6,265,0,3,test
mp-1077151,EuZnGe,0.0487645800000002,0.04-0.06,71,6,3,419,4,3,test
mp-1209357,Rb3Y(PO4)2,0.0,0-0.005,164,14,6,551,30,5,test
mp-1188518,Pr2Ge5Ir3,0.0,0-0.005,72,20,6,111,33,7,test
mp-4412,La4Se3O4,0.0,0-0.005,38,11,8,383,4,11,test
mvc-12181,Ca(CoO2)4,0.0632578884615391,0.06-0.0801,8,13,13,361,0,26,test
mp-20677,Gd(CuSi)2,0.0,0-0.005,139,5,3,1233,443,1,test
mp-1223215,La2MgAl3,0.0106953598611134,0.005-0.02,166,6,3,1076,53,1,test
mp-1079255,Tb(BIr)2,0.0,0-0.005,70,10,3,87,16,2,test
mp-2187,TiSb,0.0,0-0.005,194,4,2,1129,52,0,test
mp-1206691,TbCu4Pd,0.0,0-0.005,216,6,3,538,136,1,test
mp-1104786,Ca6Cr2HN6,0.0,0-0.005,148,15,4,351,1,7,test
mp-1177448,Li4Cr(TeO4)3,0.0425245706562504,0.04-0.06,3,20,14,42,8,26,test
mp-1206882,LaSiPt3,0.0,0-0.005,99,5,4,88,14,4,test
mp-23039,Er6MnBi2,0.0,0-0.005,189,9,4,469,57,2,test
mp-1205903,NdMgAu,0.0,0-0.005,189,9,4,469,305,2,test
mp-1087238,Y(CuSn)2,0.0483453856666669,0.04-0.06,129,10,5,472,69,3,test
mp-1112015,K2ScInBr6,0.0209031550000005,0.02-0.04,225,10,4,3960,923,1,test
mp-1217577,TbFe6Co5W,0.0700139464663465,0.06-0.0801,44,13,8,187,1,12,test
mp-672,CdS,0.0,0-0.005,186,4,2,183,27,2,test
mp-1106237,DyAl3,0.0047684859999996,0-0.005,166,20,6,1076,53,6,test
mp-1519221,BaSrEuSbO6,0.0031915557499999,0-0.005,2,20,12,676,52,24,test
mp-1111601,K2RbCoF6,0.0385881425,0.02-0.04,225,10,4,3960,923,1,test
mp-770635,LiNiO2,0.0150719462500008,0.005-0.02,141,8,3,181,50,1,test
mp-1225734,Dy4CoSn8,0.0130121766666677,0.005-0.02,25,13,13,124,19,13,test
mp-1205918,Nd2NiGe6,0.0269049697222207,0.02-0.04,38,9,9,383,39,9,test
mp-1183890,Eu2AgSn,0.0,0-0.005,225,4,3,3960,2406,0,test
mp-14192,Na2UF6,0.0277678277777768,0.02-0.04,150,9,4,21,2,3,test
mp-1519157,SrCaLaBiO6,0.0,0-0.005,7,20,10,106,38,30,test
mp-1019280,SrZnPb,0.0173978000641024,0.005-0.02,194,6,3,1129,168,0,test
mp-864791,PaAgTe2,0.0,0-0.005,225,4,3,3960,2406,0,test
mp-1080650,BaCuSF,0.0039838331249972,0-0.005,129,8,4,472,52,2,test
mp-556506,MnCdF5,0.004048412142855,0-0.005,15,14,5,533,30,8,test
mp-25426,MnPO4F,0.0329846155952431,0.02-0.04,2,14,8,676,9,18,test
mp-1223099,LaCeSi2,0.0410153856250001,0.04-0.06,26,8,4,68,22,8,test
mp-1228363,Ba2Tl2CuO6,0.0110571762373687,0.005-0.02,12,11,6,1273,5,8,test
mp-1183053,AcGaO3,0.0,0-0.005,221,5,3,820,273,0,test
mp-16245,CaSbAu,0.0,0-0.005,194,6,3,1129,168,0,test
mp-1114632,Rb3ScBr6,0.0441290209999993,0.04-0.06,225,10,4,3960,100,1,test
mp-1186447,PdAu3,0.0097378537499999,0.005-0.02,194,8,2,1129,439,1,test
mp-23507,InSn2Br5,0.0062877256250004,0.005-0.02,140,16,4,257,52,3,test
mp-976358,Nd3Al,0.0318986825000005,0.02-0.04,221,4,2,820,339,0,test
mp-1105618,KBe2BO3F2,3.862777783858462e-06,0-0.005,167,18,5,77,0,3,test
mp-10021,Ga,0.0172106375000002,0.005-0.02,63,2,1,880,10,1,test
mp-1095431,YbGaNi,0.0,0-0.005,62,12,3,1187,413,6,test
mp-31066,LiUN2,0.0,0-0.005,141,8,3,181,50,1,test
mp-756684,Sr2Li2Nb3O10,0.006927495073544,0.005-0.02,42,17,8,42,0,15,test
mp-30585,HoCu5,0.0,0-0.005,191,6,3,355,62,0,test
mp-1189800,Yb5Ir3,0.0,0-0.005,193,16,3,238,93,2,test
mp-1188465,Cs3CdBr5,9.137638889145094e-05,0-0.005,140,18,5,257,26,3,test
mp-849292,V4O5F7,0.0238674487499999,0.02-0.04,1,16,16,470,7,48,test
mp-623827,EuRh2,0.0,0-0.005,227,6,2,303,132,0,test
mp-1219164,Sm2MnRhO6,0.0175397289999992,0.005-0.02,14,20,6,575,188,12,test
mp-1080643,LaFeSi2,0.0,0-0.005,63,8,4,880,158,4,test
mp-759876,Na5SbO5,0.0009991731818193,0-0.005,5,11,7,274,0,15,test
mp-11609,Sb(MoS)2,0.0,0-0.005,11,10,5,277,5,10,test
mp-1190095,HoSiPt2,0.0,0-0.005,62,16,3,1187,107,7,test
mp-1180547,LiAlH4,0.0218717563888897,0.02-0.04,15,12,4,533,49,8,test
mp-754919,VOF3,0.0216159474999999,0.02-0.04,7,10,5,106,0,15,test
mp-1206874,CoH,0.0,0-0.005,225,2,2,3960,145,0,test
mp-1246245,Ba8Fe3N8,0.053744208596492,0.04-0.06,12,19,10,1273,1,18,test
mp-1226488,CeZrO4,0.0616828199999996,0.06-0.0801,166,6,4,1076,11,2,test
mp-978266,Mg2ZnPt,0.0177453214285705,0.005-0.02,225,4,3,3960,2406,0,test
mp-1227306,BaSrN,0.0100921533333337,0.005-0.02,160,3,3,311,3,3,test
mp-760941,Co3OF5,0.0662699291666681,0.06-0.0801,12,18,9,1273,19,14,test
mp-19764,Pr3In,0.0,0-0.005,221,4,2,820,339,0,test
mp-19148,K2Mn2O3,0.0,0-0.005,14,14,4,575,16,9,test
mp-560923,AgPb4ClO4,0.0113016183020908,0.005-0.02,85,20,4,5,0,8,test
mp-1206485,LaSiPt,0.0,0-0.005,109,6,3,46,26,3,test
mp-1078777,U2TlSe6,0.0,0-0.005,71,9,4,419,43,4,test
mp-760546,LiCu2(CO3)2,0.0658241184090906,0.06-0.0801,1,11,11,470,0,33,test
mp-1218996,SmTh,0.0335678324999992,0.02-0.04,166,2,2,1076,44,0,test
mp-1221364,MnNiTe2,0.0334084305172401,0.02-0.04,164,4,3,551,25,1,test
mp-8770,Cs2CoSe2,0.0212579015555549,0.02-0.04,72,10,3,111,26,4,test
mp-1094815,CeMg2,0.0667321066666661,0.06-0.0801,38,6,6,383,4,6,test
mp-1080793,PuTe3,0.0,0-0.005,63,8,4,880,33,4,test
mp-978921,Tb(BIr)4,0.0,0-0.005,86,18,3,18,17,6,test
mp-1186006,MnV2Ru,0.0051965474999988,0.005-0.02,225,4,3,3960,2406,0,test
mp-1185124,LaNd3,0.0197540862499998,0.005-0.02,139,4,3,1233,236,0,test
mp-1189358,U(Ge3Pt)4,0.0583196532352952,0.04-0.06,204,17,3,122,40,2,test
mp-862720,Sr2CdIn,0.0,0-0.005,225,4,3,3960,2406,0,test
mp-1185602,La2GaAg,0.0071047175000007,0.005-0.02,225,4,3,3960,2406,0,test
mp-1222754,LaYMg6,0.006314104999999,0.005-0.02,166,8,5,1076,15,3,test
mp-26575,Li3Fe(PO4)2,0.0306417637500011,0.02-0.04,12,14,7,1273,15,11,test
mp-1080163,Mo3W(SeS)4,0.0767852058333327,0.06-0.0801,156,12,12,302,17,12,test
mp-569331,Li(Sn3Pd)2,0.0,0-0.005,127,18,4,246,0,4,test
mp-996941,Cs2RbInBr6,0.0129045105000002,0.005-0.02,225,10,4,3960,923,1,test
mp-1102167,CaNi3,2.671666666653749e-05,0-0.005,166,12,5,1076,53,4,test
mp-2644,CoSb,0.0,0-0.005,194,4,2,1129,52,0,test
mp-865869,Be2CuPt,0.0,0-0.005,225,4,3,3960,2406,0,test
mp-30180,Al4Mo,0.0669210421025638,0.06-0.0801,8,15,9,361,2,24,test
mp-1186390,PaAlV2,0.0164250262500003,0.005-0.02,225,4,3,3960,2406,0,test
mp-1106295,Rb2Gd4Cu4S9,0.0100241031578951,0.005-0.02,12,19,10,1273,2,18,test
mp-443,CaAu2,0.0,0-0.005,74,6,2,299,44,3,test
mp-27173,P4Ru,0.0,0-0.005,2,15,8,676,3,21,test
mp-1208338,TiMnSn4,0.0261448438194449,0.02-0.04,180,18,4,23,3,2,test
mp-984104,Dy2IrAu,0.0114101452678578,0.005-0.02,225,4,3,3960,2406,0,test
mp-30996,RbAuBr4,0.0,0-0.005,14,12,4,575,22,6,test
mp-1113303,Cs2HgBiI6,0.0361100849999997,0.02-0.04,225,10,4,3960,923,1,test
mp-1173103,TbCuTe2,0.0189091599999997,0.005-0.02,156,4,4,302,33,4,test
mp-1541458,Mg(ReO4)2,0.0,0-0.005,164,11,4,551,3,4,test
mp-31243,BaAs2,0.0,0-0.005,7,18,9,106,3,27,test
mp-20905,OsS2,0.0,0-0.005,205,12,2,31,30,1,test
mp-1188302,Pr5Pb3,0.0,0-0.005,193,16,3,238,93,2,test
mp-16502,Ho2Al,0.0,0-0.005,62,12,3,1187,102,6,test
mp-20197,Cr2GaC,0.0,0-0.005,194,8,3,1129,110,1,test
mp-1103298,LiH3IN,0.0,0-0.005,4,12,6,151,4,18,test
mp-1104760,Li2UN2,0.044438707666667,0.04-0.06,147,15,4,40,0,7,test
mp-1222325,LuCuPbS3,0.0,0-0.005,36,12,6,174,8,12,test
mp-1205915,Rb3TbF6,0.0438308064999999,0.04-0.06,139,10,5,1233,7,2,test
mp-1114449,Rb2NaNdI6,0.0412991124999999,0.04-0.06,225,10,4,3960,923,1,test
mp-753227,LiCrO2,0.0340431731250001,0.02-0.04,186,8,4,183,4,4,test
mp-1216911,TmCuPbS3,0.0,0-0.005,36,12,6,174,8,12,test
mp-3736,ZrAlCu2,0.0031277009403662,0-0.005,225,4,3,3960,2406,0,test
mp-1184202,ErLuCu2,0.0,0-0.005,225,4,3,3960,2406,0,test
mp-27166,Hf3Ni7,0.032368249400001,0.02-0.04,2,20,11,676,0,27,test
mp-1223654,InPb,0.0242910866666665,0.02-0.04,166,2,2,1076,44,0,test
mp-977416,Er2AgIr,0.0189231999999996,0.005-0.02,225,4,3,3960,2406,0,test
mp-1217900,TaSiGe,0.0479649926190468,0.04-0.06,153,9,3,1,1,3,test
mp-1214793,AsOsS,0.0,0-0.005,14,12,3,575,42,9,test
mp-1216629,TmGaAg,0.0008851940555554,0-0.005,12,6,3,1273,58,6,test
mp-23807,AlHO2,0.0343228637499981,0.02-0.04,31,8,4,112,8,8,test
mp-21278,CeIn2Ir,0.0357396199999993,0.02-0.04,63,8,3,880,158,4,test
mp-21041,Tb(FeP3)4,0.0,0-0.005,204,17,3,122,40,2,test
mp-1221485,Mo2SeS3,0.0074892175000007,0.005-0.02,156,6,6,302,20,6,test
mp-1215540,ZnSiAsP,0.0101079174999991,0.005-0.02,24,8,4,13,6,4,test
mp-1102029,CsUTe3Au,0.0,0-0.005,63,12,5,880,63,5,test
mp-1080123,Ba2LaIrO6,0.0023581520000055,0-0.005,225,10,4,3960,923,1,test
mp-1112992,Cs2NaCeF6,0.0,0-0.005,225,10,4,3960,923,1,test
mp-975887,PrNd3,0.0146530675000002,0.005-0.02,139,4,3,1233,236,0,test
mp-1189077,HoGePd2,0.0,0-0.005,62,16,3,1187,107,7,test
mp-1219021,Sn7Ir2Os,0.0016286101250004,0-0.005,42,20,9,42,0,18,test
mp-10927,SrC2(SN)2,0.0390283451020412,0.02-0.04,15,14,4,533,1,10,test
mp-1542014,La2MgNiO6,0.0,0-0.005,148,10,4,351,38,4,test
mp-550306,YCu2Bi2(SeO2)2,0.0,0-0.005,139,11,5,1233,0,3,test
mp-20029,SrCrO3,0.0725450819374975,0.06-0.0801,221,5,3,820,273,0,test
mp-1185908,MgNi,0.0486793832638885,0.04-0.06,221,2,2,820,168,0,test
mp-1106373,Sm5Si3,0.0,0-0.005,193,16,3,238,93,2,test
mp-754652,V4O7F5,0.043708849236121,0.04-0.06,1,16,16,470,7,48,test
mp-30671,Ti2Ga,0.0,0-0.005,194,6,3,1129,127,0,test
mp-8146,SrPuO4,0.0,0-0.005,166,6,4,1076,11,2,test
mp-1232208,Pm2MgSe4,0.0799183446428593,0.06-0.0801,122,14,3,126,68,4,test
mvc-5889,IrWO6,0.0255271468750013,0.02-0.04,14,16,5,575,4,9,test
mp-8843,SrSiPd,0.0,0-0.005,198,12,3,67,48,3,test
mp-11382,NdFe5,0.0396590483333332,0.02-0.04,191,6,3,355,62,0,test
mp-1018053,InCu,0.0652829771428575,0.06-0.0801,194,4,2,1129,52,0,test
mp-1080043,K,0.0636228944999999,0.06-0.0801,62,8,2,1187,4,4,test
mp-976356,NdSc3,0.0431944512500006,0.04-0.06,194,8,2,1129,439,1,test
mp-1078863,Gd3(CoGe2)2,0.0123397511111154,0.005-0.02,12,9,5,1273,25,8,test
mp-865284,Tm2CdOs,0.0636738987500002,0.06-0.0801,225,4,3,3960,2406,0,test
mp-1025340,Cu2WSe4,0.0,0-0.005,121,7,3,101,13,2,test
mp-1102268,YSiIr,0.0,0-0.005,62,12,3,1187,413,6,test
mp-22879,PuBi,0.0236983906250003,0.02-0.04,225,2,2,3960,145,0,test
mp-20650,CeCrGe3,0.0,0-0.005,194,10,3,1129,53,1,test
mp-1224284,HfZr2UC4,0.011149211250002,0.005-0.02,160,8,8,311,5,8,test
mp-1103130,SrAl9Ni2,0.0109550427777822,0.005-0.02,191,12,4,355,4,1,test
mp-865323,Tm2Mg,0.0,0-0.005,63,6,3,880,64,3,test
mp-867207,Sr2HgPb,0.0,0-0.005,225,4,3,3960,2406,0,test
mp-545529,NdBi2ClO4,0.0,0-0.005,123,8,4,626,30,2,test
mp-1188494,Eu2MgIrO6,0.0,0-0.005,14,20,6,575,188,12,test
mp-756920,Li2MgNi3O8,0.0683925855465394,0.06-0.0801,12,14,8,1273,15,7,test
mp-1213701,Cs3PdF5,0.0,0-0.005,127,18,5,246,2,3,test
mp-1214123,Ca(Sb3Os)4,0.026917146176471,0.02-0.04,204,17,3,122,40,2,test
mp-976982,Li2Mg,0.0164920699999999,0.005-0.02,63,6,3,880,64,3,test
mp-1183416,BeCrFe2,0.0,0-0.005,225,4,3,3960,2406,0,test
mp-505740,Eu2GeSe4,0.0408961242857133,0.04-0.06,11,14,6,277,18,13,test
mp-24971,BaDyFe2O5,0.0276875850396747,0.02-0.04,123,9,5,626,13,2,test
mp-23438,BaBiO3,0.024886167,0.02-0.04,221,5,3,820,273,0,test
mp-1215847,Yb2Al3Cu,0.0126894305555556,0.005-0.02,166,6,3,1076,53,1,test
mp-756201,LiVFeO4,0.0103230422618878,0.005-0.02,63,14,5,880,15,6,test
mp-1205716,Pr2MgPd2,0.0079656456666654,0.005-0.02,127,10,3,246,156,2,test
mp-764005,Li4TiV3O8,0.020228368984374,0.02-0.04,12,16,9,1273,36,7,test
mp-1009581,CrSe2,0.0,0-0.005,164,3,2,551,74,1,test
mp-567769,Ca(SiPd)2,0.0,0-0.005,139,5,3,1233,443,1,test
mp-1102373,YGeIr,0.0,0-0.005,62,12,3,1187,413,6,test
mp-1221590,MnHg3S4,0.0591404318749999,0.04-0.06,160,8,8,311,5,8,test
mp-999265,RbYS2,0.0,0-0.005,166,4,3,1076,280,1,test
mp-1205465,Ce4Mg7Ge6,0.0,0-0.005,12,17,9,1273,1,16,test
mp-1097860,TiO2,0.0372219766666663,0.02-0.04,136,6,2,167,43,1,test
mp-1030453,Te6Mo3WSe2,0.0653219070833328,0.06-0.0801,156,12,12,302,36,12,test
mp-559766,Cs3LiF4,0.0131233818750002,0.005-0.02,12,16,8,1273,11,15,test
mp-1223888,InAgSnSe4,0.0007466757142884,0-0.005,82,7,4,145,14,3,test
mp-1226292,Cr4(SeS)3,0.0033066025000003,0-0.005,146,10,6,73,0,10,test
mp-755095,V2O3F,0.0618749316666615,0.06-0.0801,38,6,5,383,10,6,test
mp-559492,Tl(NiS)2,0.0369039613888864,0.02-0.04,139,5,3,1233,443,1,test
mp-1227647,BaSrYCu3PbO7,0.0292989702544677,0.02-0.04,8,14,14,361,0,28,test
mp-1518357,Eu2HfNbO6,0.0422619039999823,0.04-0.06,225,10,4,3960,923,1,test
mp-1212890,DyCrSe3,0.0375016654999997,0.02-0.04,62,20,5,1187,318,10,test
mp-604908,CoSe,0.0099130908333311,0.005-0.02,129,4,2,472,22,1,test
mp-862722,LiHoAu2,0.0020673458333333,0-0.005,225,4,3,3960,2406,0,test
mp-1002107,LaRh,0.0,0-0.005,63,4,2,880,83,2,test
mp-1111246,K2LiSbBr6,0.0249601457499997,0.02-0.04,225,10,4,3960,923,1,test
mp-691106,MnSnO3,0.0223063910000211,0.02-0.04,161,10,3,40,34,5,test
mp-12070,CuAs,0.0539966600000001,0.04-0.06,194,4,2,1129,52,0,test
mp-21267,Yb2InPd2,0.0135788856666687,0.005-0.02,127,10,3,246,156,2,test
mp-1105663,Pr3Sb4Pt3,0.0,0-0.005,220,20,3,111,40,1,test
mp-10167,Na3SbS4,0.0067054743749999,0.005-0.02,217,8,3,20,7,1,test
mp-15147,K2VCuS4,0.0,0-0.005,70,16,4,87,18,4,test
mp-1207213,K2LiCuF6,0.0,0-0.005,225,10,4,3960,923,1,test
mp-1216162,YFe5Co5Mo2,0.0382940378846132,0.02-0.04,2,13,9,676,0,12,test
mp-1184526,GdYHg2,0.014699395,0.005-0.02,225,4,3,3960,2406,0,test
mp-1218969,SmYB12,0.0159285575000014,0.005-0.02,123,14,5,626,8,4,test
mp-510262,Cs3O,0.0,0-0.005,193,8,2,238,9,1,test
mp-560490,La2C2N4O,0.0,0-0.005,15,18,5,533,4,13,test
mp-20258,GdIn3,0.0,0-0.005,221,4,2,820,339,0,test
mp-1209874,Nd3Co6Sn5,0.0646463669642969,0.06-0.0801,71,14,6,419,4,6,test
mp-1183627,CdAg3,0.0,0-0.005,221,4,2,820,339,0,test
mvc-10006,Mg(NiO2)2,0.050435785079367,0.04-0.06,160,14,8,311,11,11,test
mp-865169,CaErRh2,0.005065217986111,0.005-0.02,225,4,3,3960,2406,0,test
mp-25976,Cu(PO3)2,0.0297547677777769,0.02-0.04,15,18,5,533,36,13,test
mp-1080624,YInCu,0.0,0-0.005,189,9,4,469,305,2,test
mp-1079632,Ba2CeNbO6,0.0087267009999969,0.005-0.02,12,10,5,1273,36,7,test
mp-1280895,SrLaFeCoO6,0.0113814806774161,0.005-0.02,216,10,5,538,130,1,test
mp-11020,GaAgO2,0.0,0-0.005,194,8,3,1129,110,1,test
mp-1076711,SrCuO3,0.0083965315000025,0.005-0.02,221,5,3,820,273,0,test
mp-2480,OsSe2,0.0,0-0.005,205,12,2,31,30,1,test
mp-977207,Li2Mg,0.0231168950000002,0.02-0.04,194,6,2,1129,127,1,test
mp-863701,Ho2Mg,0.0037171716666666,0-0.005,63,6,3,880,64,3,test
mp-1218964,SnBi,0.0565166274999997,0.04-0.06,119,2,2,124,1,0,test
mp-21496,LiLa4CuO8,0.0143939401785697,0.005-0.02,65,14,7,265,7,6,test
mp-1104962,Eu2Cd2As3,0.0155358383333323,0.005-0.02,12,14,7,1273,25,14,test
mp-11470,Hg2Pt,0.0206351983333332,0.02-0.04,123,3,2,626,3,0,test
mp-1226679,CeZr3Mn8,0.0655258190948266,0.06-0.0801,156,12,8,302,12,10,test
mp-1187713,VGaOs2,0.0,0-0.005,225,4,3,3960,2406,0,test
mp-753858,TiOF2,0.0532173678124987,0.04-0.06,4,16,8,151,7,24,test
mp-22566,TlInS2,0.0136078771874998,0.005-0.02,166,4,3,1076,280,1,test
mp-28002,Rb3Mn2Br7,0.0242320385416645,0.02-0.04,139,12,6,1233,14,4,test
mp-2938,Tm(FeSi)2,0.0,0-0.005,139,5,3,1233,443,1,test
mp-1225386,Dy2Ga3Ni,0.0169029650000007,0.005-0.02,156,6,6,302,20,6,test
mp-8869,Y2S2O,0.011216984999999,0.005-0.02,14,20,5,575,21,15,test
mp-1214851,Al3Co3Si4,0.0,0-0.005,229,20,3,95,0,2,test
mp-20707,Gd(CuO2)2,0.0,0-0.005,88,14,3,63,14,3,test
mp-1186015,MnZnPt2,0.0098517749999995,0.005-0.02,225,4,3,3960,2406,0,test
mp-1079406,Eu(SnPd)2,0.0,0-0.005,129,10,5,472,69,3,test
mp-1111153,K3YBr6,0.0544298099999993,0.04-0.06,225,10,4,3960,100,1,test
mp-1027051,Mo3W(SeS)4,0.0588642583333323,0.04-0.06,156,12,12,302,17,12,test
mp-1214646,Ba2NaUO6,0.0,0-0.005,58,20,5,59,0,7,test
mp-30726,YHg3,0.0,0-0.005,194,8,2,1129,439,1,test
mp-1076424,Sr3Ca(FeO3)4,0.0151110273749992,0.005-0.02,123,20,8,626,4,3,test
mp-1186255,Nd2TlHg,0.0079026749999999,0.005-0.02,225,4,3,3960,2406,0,test
mp-5157,Ca(PRu)2,0.0,0-0.005,139,5,3,1233,443,1,test
mp-1288751,SrLaVFeO6,0.0650975208333353,0.06-0.0801,1,10,10,470,4,30,test
mp-1178505,BaSrI4,0.0234996425,0.02-0.04,88,12,3,63,44,3,test
mp-3332,NaCrSe2,0.0,0-0.005,166,4,3,1076,280,1,test
mp-1207192,NdHSe,0.0,0-0.005,194,6,3,1129,168,0,test
mp-699363,SrLaMnRuO6,0.0783552443166577,0.06-0.0801,7,20,10,106,38,30,test
mp-10607,Lu3TlC,0.0,0-0.005,221,5,3,820,273,0,test
mp-605437,FeHO2,0.0,0-0.005,62,16,4,1187,107,8,test
mp-1260,SrPd5,0.0,0-0.005,191,6,3,355,62,0,test
mvc-13624,CaLa2TiO6,0.0631166717500004,0.06-0.0801,148,10,4,351,38,4,test
mp-4192,Ca3AsN,0.0,0-0.005,62,20,4,1187,318,7,test
mp-39249,BaLaMgRuO6,0.0199204510000061,0.005-0.02,82,10,6,145,5,4,test
mp-1518099,BaSrLaSbO6,0.0131284004999994,0.005-0.02,2,20,12,676,52,24,test
mp-974341,RuRh3,0.0476879574999999,0.04-0.06,194,8,2,1129,439,1,test
mp-11366,ZrZnCu2,0.0,0-0.005,225,4,3,3960,2406,0,test
mp-9248,Cu2SiS3,0.0109584847222219,0.005-0.02,36,12,4,174,30,10,test
mp-626276,MnHO2,0.0475429086718737,0.04-0.06,26,16,8,68,22,16,test
mp-1224123,HoAlNi4,0.0652136683333264,0.06-0.0801,187,6,4,312,37,1,test
mp-865873,TmCdAg2,0.0,0-0.005,225,4,3,3960,2406,0,test
mp-1205920,Er3Al3CoGe2,0.0,0-0.005,189,9,4,469,5,2,test
mp-1225039,DyYC4,0.0622392922013901,0.06-0.0801,65,6,4,265,53,2,test
mp-977547,MgZnRh2,0.0,0-0.005,225,4,3,3960,2406,0,test
mp-1747,K2Te,0.0,0-0.005,225,3,2,3960,55,0,test
mp-1216821,Tm4Zr3O12,0.0,0-0.005,2,19,10,676,5,27,test
mp-1187121,Sr2MgIn,0.0,0-0.005,225,4,3,3960,2406,0,test
mp-1182786,CsLi2(HO)3,0.0031168933333338,0-0.005,11,18,8,277,2,17,test
mp-1219440,Sc2FeB2Ru2Rh3,0.024211443416668,0.02-0.04,55,20,6,40,1,8,test
mp-984717,BeNi3,0.0729110324999995,0.06-0.0801,221,4,2,820,339,0,test
mp-20675,HoSiRh,0.0,0-0.005,62,12,3,1187,413,6,test
mp-20316,PPbSe3,0.0,0-0.005,14,20,5,575,61,15,test
mp-1218865,Sr2Al3In,0.0125972899999995,0.005-0.02,8,6,6,361,21,12,test
mp-865970,Yb3Ni13B2,0.0,0-0.005,191,18,6,355,8,3,test
mp-1215922,YSiBRh3,0.0762318612500134,0.06-0.0801,187,6,4,312,0,1,test
mp-1014013,P,0.0450431941666664,0.04-0.06,53,4,1,7,0,2,test
mp-1225938,CsMgCoF6,0.0,0-0.005,74,18,6,299,30,6,test
mp-1025232,V2CrSe4,0.0067998238095228,0.005-0.02,12,7,4,1273,64,6,test
mp-1104306,Rb3(SeO4)2,0.0386065159615345,0.02-0.04,166,13,5,1076,12,5,test
mp-980752,Sm3Co,0.0,0-0.005,62,16,3,1187,80,7,test
mp-1174498,Li5Mn3O8,0.0366069721875002,0.02-0.04,12,16,8,1273,3,10,test
mp-10321,La2ZnRhO6,0.0,0-0.005,14,20,6,575,188,12,test
mp-1114687,Rb3AsF6,0.0,0-0.005,225,10,4,3960,100,1,test
mp-1209329,PrVO3,0.0,0-0.005,62,20,4,1187,318,7,test
mp-1186780,SrYb3,0.0482792533333333,0.04-0.06,194,8,2,1129,439,1,test
mp-1220213,NdErFe17,0.0362925808771947,0.02-0.04,160,19,8,311,7,13,test
mp-1207718,TmNiSn4,0.0442308606944452,0.04-0.06,65,12,7,265,53,5,test
mp-867248,LaBi3,0.0,0-0.005,221,4,2,820,339,0,test
mp-545436,Ba2YbBiO6,0.0,0-0.005,148,10,4,351,38,4,test
mp-1101139,Th2CuTe6,0.0,0-0.005,6,9,9,163,0,18,test
mp-1186626,PmPrMg2,0.0059562425000003,0.005-0.02,225,4,3,3960,2406,0,test
mp-1102146,CsDyZnSe3,0.0,0-0.005,63,12,5,880,63,5,test
mp-19816,Sm2In,0.0,0-0.005,194,6,3,1129,127,0,test
mp-768412,Li2CoSnO4,0.0221173887499981,0.02-0.04,74,16,6,299,11,4,test
mp-754515,BaMgGe,0.0,0-0.005,129,6,3,472,177,2,test
mp-1206060,LaMgAu,0.0,0-0.005,189,9,4,469,305,2,test
mp-1643875,CaLaFeCuO6,0.0456814033749957,0.04-0.06,7,20,10,106,38,30,test
mp-972534,SmDy3,0.0202048000000001,0.02-0.04,194,8,2,1129,439,1,test
mp-753759,VF4,0.0451712070000089,0.04-0.06,65,5,3,265,1,2,test
mp-569867,SrP3,0.0,0-0.005,12,16,6,1273,15,14,test
mp-569790,BaAg2GeSe4,0.0,0-0.005,23,8,4,4,2,4,test
mp-721,TbCd,0.0,0-0.005,221,2,2,820,168,0,test
mp-569871,Tm6CoBi2,0.0038356686666674,0-0.005,189,9,4,469,57,2,test
mp-568002,HfI3,0.0,0-0.005,193,8,2,238,9,1,test
mp-1187008,SmGaRh2,0.0028851749999994,0-0.005,225,4,3,3960,2406,0,test
mp-1187053,Sm3Eu,0.0760261550000001,0.06-0.0801,221,4,2,820,339,0,test
mp-21115,CeSi,0.0,0-0.005,62,8,2,1187,70,4,test
mp-866037,GaNiRh2,0.0,0-0.005,225,4,3,3960,2406,0,test
mp-542475,CsFe2S3,0.0,0-0.005,63,12,4,880,24,5,test
mp-505166,ErCu(WO4)2,0.0376670834375048,0.02-0.04,2,12,7,676,3,15,test
mp-1187630,YbHoZn2,0.0015932724999996,0-0.005,225,4,3,3960,2406,0,test
mp-1188532,Lu2S3,0.0321620979999996,0.02-0.04,62,20,5,1187,37,10,test
mp-1095255,Ba3ThSe7,0.0,0-0.005,44,11,7,187,0,11,test
mp-1006885,KNdS2,0.0,0-0.005,166,4,3,1076,280,1,test
mp-862715,Al2PdRu,0.0,0-0.005,225,4,3,3960,2406,0,test
mp-1188271,Er6IrI10,4.38583333366438e-05,0-0.005,2,17,9,676,20,24,test
mp-1211377,KSbCl6,0.0,0-0.005,15,16,5,533,11,10,test
mp-19181,BaHo2NiO5,0.0100976349999983,0.005-0.02,71,9,5,419,10,3,test
mp-1206133,Ba2MgOsO6,0.0,0-0.005,225,10,4,3960,923,1,test
mp-1219789,Rb2BaCl4,0.0255715878571418,0.02-0.04,122,14,3,126,68,4,test
mp-4158,Nd2CuO4,0.0009497997619085,0-0.005,139,7,4,1233,76,1,test
mp-864765,Na3HfF8,0.0521219956249998,0.04-0.06,139,12,4,1233,6,2,test
mp-1078058,Ti(CrS2)2,0.0074289357142864,0.005-0.02,12,7,4,1273,64,6,test
mp-567369,Nd4Mg3Co2,0.0,0-0.005,10,9,5,138,0,8,test
mp-1225197,Fe3Ge2,0.0421216809999993,0.04-0.06,187,5,4,312,1,1,test
mp-1205937,PrMgTl,0.0,0-0.005,189,9,4,469,305,2,test
mp-15742,Nd2CuO4,0.0758793269047659,0.06-0.0801,64,14,4,82,17,5,test
mp-22637,HfNbP,0.0,0-0.005,62,12,3,1187,413,6,test
mp-22304,Cd(InSe2)2,0.0,0-0.005,82,7,4,145,22,3,test
mp-1188611,ErFe4(CuO4)3,0.0478415672812495,0.04-0.06,204,20,4,122,42,2,test
mp-1039434,Mg5Cd,0.0710042556164385,0.06-0.0801,187,6,4,312,8,2,test
mp-69,Sm,0.0,0-0.005,194,4,2,1129,60,0,test
mp-1183527,CaCeCd2,0.0171894381249999,0.005-0.02,225,4,3,3960,2406,0,test
mp-1218889,Sr(SiPt)2,0.0,0-0.005,139,5,3,1233,443,1,test
mp-1105730,CaU(PbO3)2,0.028575485812496,0.02-0.04,14,20,6,575,188,12,test
mp-675146,Pr2PbSe4,0.0211575991071457,0.02-0.04,122,14,3,126,68,4,test
mp-1228494,Ba2PrPbO6,0.0556740474375088,0.04-0.06,12,10,5,1273,36,7,test
mp-1227251,CaMnFeGe2,0.0,0-0.005,119,5,4,124,29,1,test
mp-1112482,Cs2YTlF6,0.0,0-0.005,225,10,4,3960,923,1,test
mp-752824,VOF3,0.0292761775000007,0.02-0.04,29,20,5,10,0,15,test
mp-1220663,Nb3MoSe8,0.011014493958334,0.005-0.02,6,12,12,163,0,24,test
mp-1228455,Al2Zn(SeS)2,0.052487935357143,0.04-0.06,6,7,7,163,0,14,test
mp-1225046,Er2BPd6,0.0,0-0.005,123,9,5,626,6,2,test
mp-1025198,NpGa5Ni,0.0,0-0.005,123,7,4,626,55,1,test
mp-1228135,Al5CuMo2,0.0318500726736123,0.02-0.04,123,8,5,626,3,1,test
mp-1224084,Ho2(CoNi)5,0.0783006708796314,0.06-0.0801,47,12,7,83,10,4,test
mp-30381,Li2GaAu,0.0,0-0.005,216,4,4,538,51,0,test
mp-1413,P2Ru,0.0,0-0.005,58,6,2,59,33,2,test
mp-867293,LiCo2Si,0.0,0-0.005,225,4,3,3960,2406,0,test
mp-1174173,Li4Mn3CoO8,0.0325992835937505,0.02-0.04,10,16,9,138,8,9,test
mp-862910,PmH3,0.0,0-0.005,225,4,3,3960,122,0,test
mp-1102077,NaAlF4,0.0,0-0.005,63,12,5,880,53,5,test
mp-755686,Li2VF6,0.0720814544444756,0.06-0.0801,63,18,6,880,4,8,test
mp-556592,TlBi(PS3)2,0.0,0-0.005,4,20,10,151,10,30,test
mp-1206645,Sr2TiMnO6,0.0,0-0.005,87,10,5,101,33,3,test
mp-976599,LiHg3,0.0188766499999999,0.005-0.02,221,4,2,820,339,0,test
mp-1007857,Ga,0.0153933750000003,0.005-0.02,139,1,1,1233,14,0,test
mp-1078508,HoTe3,0.0,0-0.005,63,8,4,880,33,4,test
mp-1520386,Sr2ZrFeO6,0.0524901237500001,0.04-0.06,225,10,4,3960,923,1,test
mp-21399,CeMnGe,0.0589571371264341,0.04-0.06,129,6,3,472,177,2,test
mp-1104018,Nd5(MnB3)2,0.0119136123846166,0.005-0.02,166,13,5,1076,4,4,test
mp-1216827,TmIn2Sn,0.0151303843749999,0.005-0.02,123,4,3,626,136,0,test
mp-1205648,Rb2NiAs2,0.0,0-0.005,63,10,4,880,13,4,test
mp-1228048,Ba4Ta2TiZnO12,0.0190900444999986,0.005-0.02,123,20,9,626,2,5,test
mp-1215478,Zr2VCo3,0.0,0-0.005,166,6,3,1076,53,1,test
mp-1228416,Ba2AlIn3,0.0168451403787872,0.005-0.02,8,6,6,361,21,12,test
mp-1215693,YbGd(PO4)2,0.0,0-0.005,119,12,6,124,9,4,test
mp-569175,ZrCl4,0.0,0-0.005,13,10,3,57,3,7,test
mp-1186473,Pm2PdAu,0.0,0-0.005,225,4,3,3960,2406,0,test
mp-1068775,NdSi3Os,0.0,0-0.005,107,5,4,158,75,4,test
mp-1102662,CaMgPd,0.0,0-0.005,62,12,3,1187,413,6,test
mp-862929,Li2PmAl,0.0,0-0.005,225,4,3,3960,2406,0,test
mp-762289,Li2P2WO8,0.0357844519230781,0.02-0.04,147,13,5,40,4,6,test
mp-7120,Sm(AlSi)2,0.0136305290000002,0.005-0.02,164,5,3,551,130,2,test
mp-7449,Cs2Se3,0.0,0-0.005,36,10,4,174,7,9,test
mp-1211573,La5Pb3C,0.0248643829365056,0.02-0.04,193,18,4,238,124,2,test
mp-1228427,Ba2CeBiO6,0.0174739263333316,0.005-0.02,14,20,6,575,188,12,test
mp-1223860,IrRu,0.0408627868749977,0.04-0.06,166,2,2,1076,44,0,test
mp-416,Cr3Os,0.025919120000001,0.02-0.04,223,8,2,54,37,0,test
mp-1226004,CoNiPt2,0.0,0-0.005,123,4,3,626,136,1,test
mp-864898,Na2TlBi,0.0,0-0.005,225,4,3,3960,2406,0,test
mp-1018103,ZrAu2,0.0,0-0.005,139,3,2,1233,82,1,test
mp-1189670,GdSiPt2,0.0,0-0.005,62,16,3,1187,107,7,test
mp-1228758,AsPRh4,0.0109171287499991,0.005-0.02,166,6,4,1076,11,2,test
mp-8200,AgP2,0.0152476358838393,0.005-0.02,14,12,3,575,31,9,test
mp-1185350,LiCa3,0.068196458125,0.06-0.0801,194,8,2,1129,439,1,test
mp-1185251,LiY2Hg,0.0182824744444447,0.005-0.02,225,4,3,3960,2406,0,test
mp-1080386,PrSiPt,0.0,0-0.005,109,6,3,46,26,3,test
mp-1094174,LaMg3,0.0010185325000002,0-0.005,139,4,3,1233,236,0,test
mp-1078676,Tl2SnHgSe4,0.0024018664062497,0-0.005,121,8,4,101,48,2,test
mp-758053,NbCrO4,0.0064276173214512,0.005-0.02,109,12,4,46,7,6,test
mp-9272,TlPt2S3,0.0,0-0.005,164,12,4,551,47,3,test
mp-1217142,Ti2CN,0.0,0-0.005,166,4,3,1076,280,1,test
mp-10893,MnAlPt2,0.0057285018750006,0.005-0.02,225,4,3,3960,2406,0,test
mp-755089,ZrO2,0.0224180025000002,0.02-0.04,62,12,3,1187,102,6,test
mp-1114372,Rb2TlVF6,0.0084161657499972,0.005-0.02,225,10,4,3960,923,1,test
mp-1222387,LuAlFe,0.0097522816666657,0.005-0.02,38,12,7,383,68,12,test
mp-1218279,SrEuSe2,0.0100001350000002,0.005-0.02,166,4,3,1076,280,1,test
mp-1228114,Ba3SrYb2(ReO6)2,0.0069093106999975,0.005-0.02,160,20,12,311,3,16,test
mp-20473,Mn2Ge,0.0530531770833322,0.04-0.06,194,6,3,1129,127,0,test
mp-1210673,Mn6Mo6P7,0.0219116952631566,0.02-0.04,174,19,7,12,0,12,test
mp-675077,Mn2CrO4,0.0327055992857143,0.02-0.04,74,14,5,299,45,5,test
mp-29288,TlGeI3,0.0165211719999986,0.005-0.02,62,20,5,1187,318,10,test
mp-20661,Ti2PbC,0.0,0-0.005,194,8,3,1129,110,1,test
mp-1184116,DyTmCd2,0.0055480874999997,0.005-0.02,225,4,3,3960,2406,0,test
mp-21217,URhS3,0.0481831524545475,0.04-0.06,62,20,4,1187,318,7,test
mp-1113057,Cs2KAlI6,0.0431931637499998,0.04-0.06,225,10,4,3960,923,1,test
mp-28159,As(BrF2)3,0.0,0-0.005,2,20,10,676,11,30,test
mp-569674,La(CoAs)2,0.0,0-0.005,139,5,3,1233,443,1,test
mp-16842,Nb5Ge3,0.0033134656250002,0-0.005,140,16,4,257,42,3,test
mp-754960,SmIO,0.0771302633333332,0.06-0.0801,166,6,3,1076,18,3,test
mp-1186940,Sc2CoCu,0.0142822174999999,0.005-0.02,225,4,3,3960,2406,0,test
mp-1227822,BaSi2(NO)2,0.0004821985714267,0-0.005,36,14,4,174,0,11,test
mp-2369,SnPd,0.0,0-0.005,62,8,2,1187,70,4,test
mp-553964,WO3,0.0015720518749997,0-0.005,57,16,4,31,1,6,test
mp-1078797,SmMnSi2,0.0,0-0.005,63,8,4,880,158,4,test
mp-697181,CsLi2(HO)3,0.0,0-0.005,11,18,8,277,2,17,test
mp-1220742,Nb12Al3Ga,0.047785281593752,0.04-0.06,47,16,8,83,7,7,test
mp-1008626,VTe2,0.0184884588888882,0.005-0.02,164,3,2,551,74,1,test
mp-1223332,La3Y(MnSi)4,0.0105289394252858,0.005-0.02,99,12,10,88,4,10,test
mp-16340,GdPPt,0.0,0-0.005,187,3,3,312,88,0,test
mp-1209921,Nd2Si5Ni3,0.0178995902499954,0.005-0.02,72,20,6,111,33,7,test
mp-24154,NbH2,0.0,0-0.005,225,3,2,3960,55,0,test
mp-1205535,Tl3VF6,0.0479642312499954,0.04-0.06,225,10,4,3960,100,1,test
mp-1113426,CsRb2AsBr6,0.0617574667500009,0.06-0.0801,225,10,4,3960,923,1,test
mp-30477,LiCaSn,0.0,0-0.005,156,9,9,302,23,9,test
mp-2800,USi3,0.0,0-0.005,221,4,2,820,339,0,test
mp-1025344,V(CrTe2)2,0.0178414545714264,0.005-0.02,12,7,4,1273,64,6,test
mp-1522474,Sr2ZrSnO6,0.0250158354999978,0.02-0.04,225,10,4,3960,923,1,test
mp-10318,Tb2Co3Si5,0.0,0-0.005,15,20,7,533,18,13,test
mp-1183748,Ce3Cd,0.0707303156250001,0.06-0.0801,139,4,3,1233,236,0,test
mp-1206472,K2TcBr6,0.0,0-0.005,225,9,3,3960,89,1,test
mp-18732,TiNiO3,0.0,0-0.005,148,10,3,351,48,5,test
mp-1228740,Ba(AlSe2)2,0.0,0-0.005,66,14,4,18,13,5,test
mp-974492,ReTc3,0.0,0-0.005,194,8,2,1129,439,1,test
mp-552857,TbBi2IO4,0.0,0-0.005,123,8,4,626,30,2,test
mp-972601,SmLuMg2,0.0026418975000002,0-0.005,225,4,3,3960,2406,0,test
mp-1217129,Ti3NbO8,0.0331784595619755,0.02-0.04,10,12,7,138,1,10,test
mp-30388,HoInAu2,0.0,0-0.005,225,4,3,3960,2406,0,test
mp-1183493,Ca2PdPt,0.0060953366666671,0.005-0.02,225,4,3,3960,2406,0,test
mvc-10023,Ho(BiO3)2,0.078238484097219,0.06-0.0801,31,18,6,112,1,15,test
mp-1068340,CsGeBr3,0.0,0-0.005,160,5,3,311,23,4,test
mp-1112165,K2AlCuF6,0.0760935614999969,0.06-0.0801,225,10,4,3960,923,1,test
mp-972908,La3Dy,0.0327667787500001,0.02-0.04,139,4,3,1233,236,0,test
mp-13380,HoZnRh,0.0,0-0.005,62,12,3,1187,413,6,test
mp-1209145,RePbBrO4,0.0127726267857228,0.005-0.02,31,14,6,112,2,13,test
mp-1208326,TbGa3(BO3)4,0.0140867376666671,0.005-0.02,155,20,7,75,15,7,test
mp-7233,La2SeO2,0.0,0-0.005,164,5,3,551,130,2,test
mp-18870,Mn3Cd2O8,0.0,0-0.005,12,13,6,1273,16,10,test
mp-1181711,CrWO4,0.0627148816666665,0.06-0.0801,65,6,4,265,53,2,test
mp-1216222,YIn7Cu5,0.0569232362637341,0.04-0.06,44,13,8,187,19,12,test
mp-1206471,Lu7(TeRh)2,0.0037331824675339,0-0.005,44,11,7,187,8,11,test
mp-570561,Dy2MgSi2,0.0,0-0.005,127,10,3,246,156,2,test
mp-1087480,LuAlAu,0.0,0-0.005,189,9,4,469,305,2,test
mp-1218349,SrAg3Pd2,0.0,0-0.005,191,6,3,355,109,0,test
mp-865004,Dy2ZnOs,0.0301863198749998,0.02-0.04,225,4,3,3960,2406,0,test
mp-7726,Rb2UO4,0.0,0-0.005,139,7,4,1233,76,2,test
mp-1186184,NaSr3,0.0417693008620689,0.04-0.06,194,8,2,1129,439,1,test
mp-9692,K2GeSe3,0.0,0-0.005,2,12,6,676,8,18,test
mp-1205914,ErBiRh,0.0,0-0.005,189,9,4,469,305,2,test
mp-1206719,NdNiBi,0.0,0-0.005,216,3,3,538,99,0,test
mp-567681,CsPbBr3,0.0,0-0.005,62,20,5,1187,318,10,test
mp-1221710,MnCr2(SeS)2,0.0005854153571398,0-0.005,216,14,5,538,3,3,test
mp-1210295,NaCe(CO3)2,0.0,0-0.005,26,20,8,68,11,18,test
mp-676555,Ag8GeTe6,0.0746179991666649,0.06-0.0801,1,15,15,470,2,45,test
mp-8467,YNiGe3,0.0,0-0.005,65,10,5,265,13,5,test
mp-1105304,Ca2FeOsO6,0.0061021153749978,0.005-0.02,14,20,6,575,188,12,test
mp-1112569,Cs2NaAlF6,0.0158312425,0.005-0.02,225,10,4,3960,923,1,test
mp-1104514,Lu3Ge4,0.0,0-0.005,63,14,5,880,3,6,test
mp-1205847,Cs2PdBr6,0.0,0-0.005,225,9,3,3960,89,1,test
mp-1227620,Ca3YTi4O12,0.0,0-0.005,6,20,14,163,35,34,test
mp-1206464,Ce3(NiGe)4,0.045968521363636,0.04-0.06,71,11,6,419,49,5,test
mp-1206905,Sm2MgCu2,0.0,0-0.005,127,10,3,246,156,2,test
mp-1184362,Gd2CdHg,0.0119433999999998,0.005-0.02,225,4,3,3960,2406,0,test
mp-1225325,Dy2Ga3Cu,0.0,0-0.005,156,6,6,302,20,6,test
mp-763983,V2O3F,0.004177756666662,0-0.005,38,18,10,383,10,17,test
mp-1102318,LiCdBO3,0.0003327483333368,0-0.005,2,12,6,676,6,18,test
mp-1225602,Er4ThCN4,0.0516754989999945,0.04-0.06,139,10,6,1233,1,4,test
mp-12418,SrCaGe,0.0,0-0.005,62,12,3,1187,413,6,test
mp-23155,Ar,0.0,0-0.005,225,1,1,3960,26,0,test
mp-7206,TcAgO4,0.0,0-0.005,88,12,3,63,44,3,test
mp-5938,SrCu2O3,0.018112117500002,0.005-0.02,65,6,4,265,12,2,test
mp-1217840,Tb(AlFe)6,0.0,0-0.005,71,13,6,419,31,4,test
mp-1206264,SmNiSb,0.0,0-0.005,194,6,3,1129,168,0,test
mp-9783,Ba3(AsO4)2,0.0,0-0.005,166,13,5,1076,12,5,test
mp-1218254,SrLa3(NiO4)2,0.0115169022321417,0.005-0.02,38,14,11,383,12,13,test
mp-20025,Mn(GaS2)2,0.0,0-0.005,82,7,4,145,22,3,test
mp-1209793,Np(FeP3)4,0.0,0-0.005,204,17,3,122,40,2,test
mp-757242,Li5AuO4,0.0006062235000001,0-0.005,70,20,5,87,0,5,test
mp-636619,Gd2MnGa6,0.0,0-0.005,225,9,3,3960,89,1,test
mp-1208835,Sr2AlSbO6,0.0104762386979126,0.005-0.02,225,10,4,3960,923,1,test
mp-1217151,Ti2Cr3Si,0.0197401136111086,0.005-0.02,194,12,3,1129,48,2,test
mp-21207,LaInNi2,0.0,0-0.005,51,8,4,70,11,3,test
mp-28611,ThTa2O7,0.0,0-0.005,12,20,10,1273,2,20,test
mp-975144,RbZn4As3,0.0,0-0.005,123,8,4,626,21,2,test
mp-1104420,Tb5Ru2,0.0,0-0.005,15,14,4,533,21,10,test
mp-11517,NbRu3,0.0,0-0.005,221,4,2,820,339,0,test
mp-29174,SiCl2,0.0609667504166679,0.06-0.0801,19,12,3,49,4,9,test
mp-1079861,TmCoGe2,0.0533233514583342,0.04-0.06,63,8,4,880,158,4,test
mp-20708,In2Ni3S2,0.0,0-0.005,166,7,4,1076,16,1,test
mp-756602,Li3Mn4CrO8,0.0391636568749973,0.02-0.04,12,16,9,1273,36,7,test
mp-30799,NdTlPd,0.0,0-0.005,189,9,4,469,305,2,test
mp-1018762,Li3CeBi2,0.0,0-0.005,164,6,4,551,47,2,test
mp-1018793,LuSe2,0.0018035996093743,0-0.005,129,6,3,472,37,2,test
mp-1224820,GaAgSeS,0.005698029374999,0.005-0.02,9,8,4,107,0,12,test
mp-1071478,CeInPt4,0.0,0-0.005,216,6,3,538,136,1,test
mp-1027646,Mo3W(SeS3)2,0.0337950570833349,0.02-0.04,156,12,12,302,36,12,test
mp-6621,Ba2ErRuO6,0.0,0-0.005,225,10,4,3960,923,1,test
mp-135,Li,0.0051269066666665,0.005-0.02,229,1,1,95,16,0,test
mp-861960,CaInAu2,0.0052413844711538,0.005-0.02,225,4,3,3960,2406,0,test
mvc-605,Ba2YTi3O8,0.0307192041740904,0.02-0.04,123,14,7,626,4,4,test
mvc-586,YAg(WO4)2,0.0364852029166673,0.02-0.04,2,12,7,676,3,15,test
mp-27865,KMgCl3,0.0027899565,0-0.005,62,20,4,1187,318,7,test
mp-21023,Ti3SnC2,0.0,0-0.005,194,12,4,1129,48,2,test
mp-1114566,Rb2LiErCl6,0.0001862600499995,0-0.005,225,10,4,3960,923,1,test
mp-1080712,LiSmSn2,0.0508595331250001,0.04-0.06,63,8,4,880,158,4,test
mp-560242,NaMnF3,0.0,0-0.005,62,20,4,1187,318,7,test
mp-1226081,Cr12As4C3N,0.0612392860208341,0.06-0.0801,12,20,11,1273,5,18,test
mp-1215988,YGaAg,0.0,0-0.005,12,6,3,1273,58,6,test
mp-1099619,EuMnO3,0.0488960984999824,0.04-0.06,221,5,3,820,273,0,test
mp-1102822,ThB4W,0.0,0-0.005,65,12,5,265,53,6,test
mp-862588,LiDy2Tc,0.0312841966666663,0.02-0.04,225,4,3,3960,2406,0,test
mp-1521867,KBaNdWO6,0.0,0-0.005,216,10,5,538,130,1,test
mp-7500,Na4SiO4,0.0,0-0.005,2,18,9,676,23,27,test
mp-1104717,Na2AgF4,0.0,0-0.005,14,14,4,575,11,9,test
mp-15724,KNa2Sb,0.0,0-0.005,225,4,3,3960,2406,0,test
mp-1228803,AlNiGe,0.0306033549999993,0.02-0.04,216,3,3,538,99,0,test
mp-998568,KAgBr3,0.0047181869999999,0-0.005,99,5,4,88,14,4,test
mp-754513,ZrMnO3,0.0214785050000028,0.02-0.04,161,10,3,40,34,5,test
mp-21209,Cu3(AsO4)2,0.0,0-0.005,2,13,7,676,6,18,test
mp-1263325,AlNiF5,0.0543763221428541,0.04-0.06,71,7,5,419,4,2,test
mp-1105286,Eu3Pd2,0.0,0-0.005,148,15,4,351,14,7,test
mp-1018674,DyAlZn,0.0,0-0.005,194,6,3,1129,168,0,test
mp-1102603,YGaNi,0.0,0-0.005,62,12,3,1187,413,6,test
mp-570184,ThPd3,0.0,0-0.005,194,16,4,1129,439,1,test
mp-1018059,GaSb,0.0129535550000001,0.005-0.02,186,4,2,183,27,2,test
mp-21089,Ce(MnGe)2,0.0,0-0.005,139,5,3,1233,443,1,test
mp-758567,Li3Co2(SiO4)2,0.0641371326666657,0.06-0.0801,1,15,15,470,5,45,test
mp-1214570,Ba2YbCu3O7,0.0449042496153833,0.04-0.06,47,13,8,83,9,5,test
mp-103,Hf,0.0,0-0.005,194,2,1,1129,60,0,test
mp-559025,BaErAgS3,0.0037675177083338,0-0.005,12,12,7,1273,12,10,test
mp-505149,CsCr5Se8,0.0,0-0.005,12,14,8,1273,28,12,test
mp-862944,Er2CuRu,0.0,0-0.005,225,4,3,3960,2406,0,test
mp-553919,Ag6Mo2ClO7F3,0.0,0-0.005,156,19,9,302,0,14,test
mp-1215689,Zr2Ga3Ni,0.0212655966481456,0.02-0.04,8,6,6,361,21,12,test
mp-754716,Li2CuNiO4,0.0148762143749987,0.005-0.02,119,8,6,124,13,2,test
mp-1205526,TbMn2SiC,0.0,0-0.005,63,10,4,880,44,4,test
mp-1359,NbIr,0.0,0-0.005,123,2,2,626,49,0,test
mp-1206532,Tl2NiF4,0.0,0-0.005,139,7,4,1233,76,2,test
mp-1228703,BSbPbS4,0.0,0-0.005,4,14,7,151,7,21,test
mp-630851,Cs3NaPb4,0.0,0-0.005,63,16,5,880,11,7,test
mp-761104,LiV2OF5,0.0623464769444384,0.06-0.0801,1,9,9,470,1,27,test
mp-756134,ZrSeO,0.0506891466666665,0.04-0.06,129,6,3,472,177,2,test
mp-1226473,CeYFe4,0.0632291441666677,0.06-0.0801,216,6,3,538,136,1,test
mp-1246563,LuMg2Cr3S8,0.0356813944642828,0.02-0.04,166,14,5,1076,78,4,test
mp-754579,Li2FeF4,0.0259265071428567,0.02-0.04,55,14,4,40,14,6,test
mp-1018027,VN,0.0,0-0.005,187,2,2,312,64,0,test
mp-567604,GeBr4,0.0,0-0.005,14,20,5,575,17,15,test
mp-1536,KSb,0.0,0-0.005,14,16,4,575,11,12,test
mp-1222813,LuGa2Ni3,0.0,0-0.005,189,18,6,469,8,5,test
mp-1205977,Ba2ErReO6,0.0,0-0.005,225,10,4,3960,923,1,test
mp-1188625,LuFe4(CuO4)3,0.060458731531253,0.06-0.0801,204,20,4,122,42,2,test
mp-977398,TbCdAg2,0.0,0-0.005,225,4,3,3960,2406,0,test
mp-1223393,KRb2W(OF)3,0.0145178701999899,0.005-0.02,42,10,7,42,1,9,test
mp-1213865,Ce3Al11,0.0,0-0.005,71,14,6,419,10,6,test
mp-505803,MnFeAs,0.0568866016666671,0.04-0.06,129,6,3,472,177,2,test
mp-1220322,NbRe,0.0,0-0.005,65,2,2,265,21,0,test
mp-1218010,SrNdNiO4,0.0140485257142852,0.005-0.02,63,14,6,880,15,5,test
mp-27187,Be2TlF5,0.0,0-0.005,15,16,5,533,18,10,test
mp-1018809,MoS2,0.001275351666667,0-0.005,194,6,2,1129,127,1,test
mp-2642,CdAg,0.0066506789473683,0.005-0.02,221,2,2,820,168,0,test
mp-1208896,SmSbRh,0.0,0-0.005,62,12,3,1187,413,6,test
mp-1025288,TbGa5Co,0.0,0-0.005,123,7,4,626,55,1,test
mp-1183048,ZrSnRu2,0.0,0-0.005,225,4,3,3960,2406,0,test
mp-1304693,Co2NiO4,0.0627370533673401,0.06-0.0801,15,14,5,533,11,7,test
mp-1317991,Li3Ti(NiO2)4,0.022645713552631,0.02-0.04,2,16,12,676,13,12,test
mp-998421,KCaCl3,0.0041596315000003,0-0.005,148,10,3,351,48,5,test
mp-1174185,Li4Mn3CoO8,0.0464056785937501,0.04-0.06,12,16,9,1273,36,14,test
mp-30620,DyRh5,0.0760148799999997,0.06-0.0801,191,6,3,355,62,0,test
mp-865270,TmTaOs2,0.0216585547916654,0.02-0.04,225,4,3,3960,2406,0,test
mp-19052,K3VO4,0.0215336784375006,0.02-0.04,121,8,4,101,7,2,test
mp-1113596,Rb2CuBiI6,0.0735804210000017,0.06-0.0801,225,10,4,3960,923,1,test
mp-1094669,MgSn,0.0559214087499997,0.04-0.06,221,2,2,820,168,0,test
mp-793,Ca5Si3,0.0,0-0.005,140,16,4,257,42,3,test
mp-19843,CeAlO3,0.0,0-0.005,74,10,4,299,14,3,test
mp-699173,CsHIF7,0.0,0-0.005,2,20,10,676,3,30,test
mp-1103974,La(Mo3S4)2,0.0,0-0.005,148,15,4,351,37,7,test
mp-1217028,TiB2Mo,0.0,0-0.005,38,4,4,383,41,4,test
mp-30599,Ti2Cu3,0.0464394966874994,0.04-0.06,139,5,3,1233,4,2,test
mp-1184994,KHg3,0.0204953954166665,0.02-0.04,225,4,3,3960,122,0,test
mp-764949,MnF3,0.0057501749999993,0.005-0.02,55,8,3,40,0,2,test
mp-868007,Li3CuNi3O8,0.0766079092500024,0.06-0.0801,166,15,5,1076,15,3,test
mp-1114330,Na3GaF6,0.0408682596666674,0.04-0.06,225,10,4,3960,100,1,test
mp-1220749,NaVWO6,0.038125058333339,0.02-0.04,8,9,9,361,3,18,test
mp-1104698,Eu3Pt2,0.0,0-0.005,148,15,4,351,14,7,test
mp-13815,Rb2NaErF6,0.0,0-0.005,225,10,4,3960,923,1,test
mp-1289129,Li2MnNiO4,0.0797716843750002,0.06-0.0801,119,8,6,124,13,2,test
mp-1068797,Nd(GeAu)2,0.0,0-0.005,139,5,3,1233,443,1,test
mp-1018154,Hf2Hg,0.0,0-0.005,139,3,2,1233,82,1,test
mp-644514,MnO2,0.0165672641666674,0.005-0.02,12,9,5,1273,77,8,test
mp-9697,Cs6GaSb3,0.0,0-0.005,11,20,10,277,19,20,test
mp-1219923,Pr2CuSi3Rh2,0.0,0-0.005,38,8,8,383,2,8,test
mp-27770,RhCl3,0.0,0-0.005,12,8,3,1273,15,6,test
mp-37297,U2PS,0.0,0-0.005,141,8,3,181,50,1,test
mp-996978,CuAuO2,0.0,0-0.005,12,4,3,1273,42,2,test
mp-774621,Li5MnO4,0.0413952140000013,0.04-0.06,41,20,6,8,0,14,test
mp-974883,Rb3Na,0.042503687737069,0.04-0.06,225,4,3,3960,122,0,test
mp-555718,SrNiF6,0.0,0-0.005,166,8,3,1076,15,2,test
mp-1025059,LaAg2,0.0,0-0.005,74,6,2,299,44,3,test
mp-1226677,CeHo4S7,0.040427564722262,0.04-0.06,12,12,7,1273,1,10,test
mp-1206551,Ge2Bi2Te5,0.0145781511111113,0.005-0.02,164,9,5,551,7,4,test
mp-1185445,LiTbIn2,0.011591618392857,0.005-0.02,225,4,3,3960,2406,0,test
mp-1218467,SrCaV2O6,0.021430178886904,0.02-0.04,26,20,7,68,11,17,test
mp-862589,Re3Pt,0.0,0-0.005,194,8,2,1129,439,1,test
mp-1025359,Fe(NiSe2)2,0.0603730983333337,0.06-0.0801,12,7,4,1273,64,6,test
mp-24073,Gd(HO)3,0.0169443532142841,0.005-0.02,176,14,3,74,42,4,test
mp-623043,GdInRh,0.0,0-0.005,189,9,4,469,305,2,test
mp-15009,La3(GeRh)4,0.0,0-0.005,71,11,6,419,49,5,test
mp-1205873,MgHg3,0.0285468549999999,0.02-0.04,194,8,3,1129,439,1,test
mp-545659,Ba2DyBiO6,0.0026259049999994,0-0.005,225,10,4,3960,923,1,test
mp-5326,Yb(CoSi)2,0.0,0-0.005,139,5,3,1233,443,1,test
mp-31120,DyScO3,0.0258335093749995,0.02-0.04,62,20,4,1187,318,7,test
mp-1188668,FePH2O5,0.0,0-0.005,15,18,6,533,5,11,test
mp-1520564,Ba2CaSeO6,0.0,0-0.005,225,10,4,3960,923,1,test
mp-1215494,YbZnCuP2,0.0,0-0.005,156,5,5,302,21,5,test
mp-1147544,Ba2TlCu3O7,0.0668505374359007,0.06-0.0801,47,13,8,83,9,5,test
mp-1080816,Cr3PN,0.012799570000002,0.005-0.02,63,10,4,880,54,4,test
mp-552567,Ba2NiMoO6,0.0,0-0.005,225,10,4,3960,923,1,test
mp-9348,KRb2ScF6,0.002375369500001,0-0.005,87,10,5,101,33,3,test
mp-1225983,Cs4InSbCl12,0.0,0-0.005,123,18,7,626,4,5,test
mp-570886,BeI2,0.0,0-0.005,72,6,2,111,5,2,test
mp-1025067,ReGe2,0.010466161190477,0.005-0.02,12,6,3,1273,77,6,test
mp-1268195,InAgSe2,0.0113356724999995,0.005-0.02,33,16,4,47,21,12,test
mp-1147563,Sr4Fe3ClO8,0.0637516022265582,0.06-0.0801,123,16,8,626,1,5,test
mp-4664,MnGeRh2,0.0,0-0.005,225,4,3,3960,2406,0,test
mp-1238817,Li(CrS2)2,0.0,0-0.005,10,7,5,138,16,4,test
mp-555101,K3Co2F7,0.0,0-0.005,139,12,6,1233,14,4,test
mp-756682,Li2TiFe2O5,0.0594441080000018,0.04-0.06,5,20,15,274,3,25,test
mp-7434,NaCuTe,0.0093802575000001,0.005-0.02,129,6,3,472,177,2,test
mp-1111242,K2LiTlBr6,0.0694732847499994,0.06-0.0801,225,10,4,3960,923,1,test
mp-1118,SiNi2,0.0,0-0.005,62,12,3,1187,102,6,test
mp-1080579,NdCd2Pd,0.0,0-0.005,63,8,3,880,158,4,test
mp-1068685,U2PtC2,0.0,0-0.005,139,5,3,1233,443,2,test
mp-8963,Cs2HgF4,0.0,0-0.005,139,7,4,1233,76,2,test
mp-7457,SnF2,0.0,0-0.005,92,12,2,12,3,4,test
mp-1186427,Pd,0.0067209850000002,0.005-0.02,194,4,2,1129,60,0,test
mp-1212830,Dy7(TePd)2,0.0484599396969702,0.04-0.06,44,11,7,187,8,11,test
mp-1205545,HoRe2SiC,0.0,0-0.005,63,10,4,880,44,4,test
mp-1629,Th2Au,0.0,0-0.005,140,6,2,257,38,1,test
mp-1025351,Sr4Bi2O,0.000607055714286,0-0.005,139,7,4,1233,76,2,test
mp-1206704,MoPd2,0.0,0-0.005,71,3,2,419,13,1,test
mp-1025382,Th2Fe2Si2C,0.0,0-0.005,12,7,4,1273,17,6,test
mp-775462,LiFeCuO4,0.0364397857916678,0.02-0.04,74,14,5,299,53,5,test
mp-20652,PbF3,0.0,0-0.005,132,16,4,7,0,3,test
mp-10089,Ba5Sb4,0.0,0-0.005,64,18,4,82,1,6,test
mp-8609,Li6UO6,0.0,0-0.005,166,13,3,1076,0,3,test
mp-27758,AlTl2F5,0.0009720793749998,0-0.005,63,16,5,880,30,6,test
mp-1221626,MnFeP2,0.0126614218750003,0.005-0.02,26,8,4,68,22,8,test
mp-1225508,Er2Se3,0.061710960500001,0.06-0.0801,115,5,3,112,1,2,test
mp-867242,Sc2ZnGa,0.0,0-0.005,225,4,3,3960,2406,0,test
mp-1077802,UGaCu,0.0,0-0.005,194,6,3,1129,168,0,test
mp-1205595,Ba2TmMoO6,0.0,0-0.005,225,10,4,3960,923,1,test
mp-4342,KNbO3,0.0021344660000028,0-0.005,99,5,4,88,14,4,test
mp-1104930,KLaTiO4,0.0,0-0.005,129,14,6,472,5,6,test
mp-1078836,KI,0.0192983875000001,0.005-0.02,63,4,2,880,83,1,test
mp-971979,Tm2ZnAg,0.0106322249999997,0.005-0.02,225,4,3,3960,2406,0,test
mp-1103605,VFeP,0.0,0-0.005,62,12,3,1187,413,6,test
mp-8361,CsTe,0.0,0-0.005,55,8,2,40,1,4,test
mp-975655,PrNiGe2,0.0,0-0.005,63,8,4,880,158,4,test
mp-979057,Sm2ZnAg,0.0055762699999997,0.005-0.02,225,4,3,3960,2406,0,test
mp-1007923,CrNi3,3.586999999960483e-05,0-0.005,139,4,3,1233,236,0,test
mp-643749,KCaF3,0.0020267369999995,0-0.005,11,20,8,277,33,14,test
mp-5919,SmTiGe,0.0,0-0.005,129,6,3,472,177,2,test
mp-773982,Mg3Fe4O7,0.020382357142858,0.02-0.04,44,14,8,187,1,14,test
mp-558796,Ag(Bi2S3)3,0.029379677083333,0.02-0.04,12,16,9,1273,0,14,test
mp-1003311,CaMn2O4,0.0393498989285703,0.02-0.04,2,7,4,676,15,9,test
mp-1519753,Sr2HfZrO6,0.04406771825,0.04-0.06,225,10,4,3960,923,1,test
mp-982872,Hg,0.020471135,0.02-0.04,166,1,1,1076,27,0,test
mp-23593,Sr3Co2Cl2O5,0.0750691980902491,0.06-0.0801,139,12,6,1233,2,4,test
mp-1225608,Er3Sc2S7,0.0,0-0.005,12,12,7,1273,2,10,test
mp-1070135,Er2Mg2Ru,0.0,0-0.005,139,5,3,1233,443,2,test
mp-1212073,HoZnGe,0.0,0-0.005,194,12,4,1129,168,2,test
mp-761415,CuNi3O4,0.0644255637499995,0.06-0.0801,65,8,5,265,13,2,test
mp-1206990,Sm3SnN,0.0,0-0.005,221,5,3,820,273,0,test
mp-760512,LiCuCO3,0.0789925854166657,0.06-0.0801,2,12,6,676,6,18,test
mp-1184268,Ga3Hg,0.0750038381250002,0.06-0.0801,139,4,3,1233,236,0,test
mp-1222139,Mg4CdAg5,0.0,0-0.005,123,10,6,626,8,4,test
mp-1077244,GdZnGa,0.0,0-0.005,194,6,3,1129,168,0,test
mp-1080017,Cs2NaLaCl6,0.0038553120000006,0-0.005,225,10,4,3960,923,1,test
mp-5699,K2CuF4,0.0074122221428574,0.005-0.02,139,7,4,1233,76,2,test
mp-568630,LuRu2,0.0,0-0.005,194,12,3,1129,127,2,test
mp-867206,LiCd2Pt,0.0,0-0.005,225,4,3,3960,2406,0,test
mp-1220339,Nd2CdSb4,0.0,0-0.005,115,7,5,112,15,2,test
mp-1184658,HgPd3,0.0,0-0.005,139,4,3,1233,236,0,test
mp-1208919,Sm2MgPtO6,0.0031827230624985,0-0.005,14,20,6,575,188,12,test
mp-31427,ErInNi,0.0,0-0.005,189,9,4,469,305,2,test
mp-1212101,HoSbIr,0.0229443746666664,0.02-0.04,62,12,3,1187,413,6,test
mp-28683,Ta(ICl)2,0.0,0-0.005,71,10,4,419,60,5,test
mp-1183812,CePmMg2,0.0759521624999997,0.06-0.0801,225,4,3,3960,2406,0,test
mp-35208,NdOF,0.0543011066666672,0.04-0.06,216,3,3,538,99,0,test
mp-1516294,BaSrZrSnO6,0.0161803592499971,0.005-0.02,216,10,5,538,130,1,test
mp-1184787,HoErMg2,0.0024548924999998,0-0.005,225,4,3,3960,2406,0,test
mp-863698,Pm2MgAl,0.0,0-0.005,225,4,3,3960,2406,0,test
mp-1094105,Na4ZnSe3,0.0544877485714279,0.04-0.06,9,16,8,107,7,24,test
mp-570452,Y(SiAu)2,0.0,0-0.005,139,5,3,1233,443,1,test
mp-626000,NaHO,0.0,0-0.005,4,6,3,151,4,9,test
mp-1184700,Hg3Pb,0.0559245525,0.04-0.06,194,8,2,1129,439,1,test
mp-972954,MgCd2,0.045124125,0.04-0.06,189,6,3,469,20,1,test
mp-756202,Ba2SrI6,0.0187649891666668,0.005-0.02,14,18,5,575,19,12,test
mp-760292,V3(O2F)2,0.0446914094444466,0.04-0.06,2,18,10,676,16,24,test
mp-1190112,Sm2Ge5Rh3,0.0,0-0.005,15,20,7,533,18,13,test
mp-4763,ZnSiP2,0.0,0-0.005,122,8,3,126,51,1,test
mp-867235,LiY2Ir,0.0,0-0.005,225,4,3,3960,2406,0,test
mp-1184839,HoInRh2,0.0,0-0.005,225,4,3,3960,2406,0,test
mp-865520,YCdPd2,0.0,0-0.005,225,4,3,3960,2406,0,test
mp-15659,Sb2Pt3,0.0485077280000005,0.04-0.06,72,10,3,111,0,4,test
mp-1216498,V3S5,0.0262297240625004,0.02-0.04,2,16,9,676,2,21,test
mp-1068782,SmSi3Os,0.0,0-0.005,107,5,4,158,75,4,test
mp-19357,LaCrO3,0.0074264814999995,0.005-0.02,167,10,3,77,29,1,test
mp-1114538,KRb2GdCl6,0.0303455490000006,0.02-0.04,225,10,4,3960,923,1,test
mp-30251,YAuO2,0.002037365260417,0-0.005,194,8,3,1129,110,1,test
mp-18942,VP2O7,0.0411832125,0.04-0.06,15,20,6,533,7,14,test
mp-2213,FeNi,0.0,0-0.005,123,2,2,626,49,0,test
mp-754905,Ni3OF5,0.0729350415740759,0.06-0.0801,10,18,10,138,6,16,test
mp-1173720,NaHo2F7,0.0776973290000055,0.06-0.0801,1,10,10,470,2,30,test
mp-569610,CoI2,0.0,0-0.005,164,3,2,551,74,1,test
mp-560029,Y3BrO4,0.0,0-0.005,63,16,6,880,11,7,test
mp-861881,LiGeAu2,0.0,0-0.005,225,4,3,3960,2406,0,test
mp-7904,CdP4,0.0108665836666697,0.005-0.02,14,10,3,575,17,6,test
mp-1094292,Sr5Mg,0.0671837491666667,0.06-0.0801,189,6,3,469,23,1,test
mp-1104257,Ba6Os2N6O,0.0,0-0.005,148,15,4,351,1,7,test
mp-7113,CrAuS2,0.0,0-0.005,166,4,3,1076,280,1,test
mp-864948,MnGaPt2,0.009056024374999,0.005-0.02,225,4,3,3960,2406,0,test
mp-20944,Sr2PbO4,0.0,0-0.005,55,14,4,40,14,6,test
mp-1215529,ZnCu3,0.0249720950000003,0.02-0.04,166,4,3,1076,53,1,test
mp-28497,Cs2CrCl4,0.0349863723809509,0.02-0.04,139,7,4,1233,76,2,test
mp-1225473,ErSiPd,0.0636859579166664,0.06-0.0801,12,6,3,1273,58,6,test
mp-614502,Gd,0.0484146600000006,0.04-0.06,225,1,1,3960,26,0,test
mp-2964,NaNO2,0.0181702189062447,0.005-0.02,44,4,3,187,5,4,test
mp-11580,TiCrP,0.0,0-0.005,189,9,4,469,305,2,test
mp-1206736,Cs2KLaF6,0.0,0-0.005,225,10,4,3960,923,1,test
mp-1214794,AsRuSe,0.0,0-0.005,14,12,3,575,42,9,test
mp-8958,RbPd2F5,0.0,0-0.005,74,16,5,299,2,5,test
mp-1007652,InAs,0.0062740575000002,0.005-0.02,186,4,2,183,27,2,test
mp-865193,Co3Pt,0.0,0-0.005,194,8,2,1129,439,1,test
mp-2677,ScPd3,0.0,0-0.005,221,4,2,820,339,0,test
mp-765601,Li3V4O11F,0.0729049115789495,0.06-0.0801,1,19,19,470,8,57,test
mp-1186288,Nd5Mg,0.0737119349999995,0.06-0.0801,38,6,6,383,20,6,test
mp-973056,Na2CdHg,0.0139506813749998,0.005-0.02,225,4,3,3960,2406,0,test
mp-801,Mo3Os,0.0111346537500001,0.005-0.02,223,8,2,54,37,0,test
mp-1105360,NbBRu,0.0109769271717148,0.005-0.02,51,18,6,70,2,9,test
mp-1187935,ZnGaNi2,0.0,0-0.005,225,4,3,3960,2406,0,test
mp-1078708,TcCl3,0.0709252183333326,0.06-0.0801,12,8,3,1273,15,6,test
mp-1841,SiIr3,0.0,0-0.005,140,8,3,257,5,1,test
mp-1216565,TmBeCu4,0.0113659158333332,0.005-0.02,160,6,4,311,1,5,test
mp-1223391,KNiSbO4,0.0282276571428576,0.02-0.04,8,7,7,361,6,14,test
mp-1222182,Mg(InTe2)2,0.0,0-0.005,82,7,4,145,22,3,test
mp-677489,CsTiCuOF5,0.0540506121256108,0.04-0.06,74,18,6,299,3,6,test
mp-1219982,Pr2In3Cu,0.0261045533854149,0.02-0.04,156,6,6,302,20,6,test
mp-1205707,Tb2MgCu2,0.0,0-0.005,127,10,3,246,156,2,test
mp-755413,Na2O,0.0789475316666661,0.06-0.0801,166,6,3,1076,42,3,test
mp-1215855,Zr10NiSnSb4,0.0109547990624987,0.005-0.02,97,16,5,29,0,4,test
mp-1276338,BaYCrCuO5,0.0666628457638935,0.06-0.0801,99,9,7,88,10,7,test
mp-11412,ScGa2,0.0008795489583324,0-0.005,74,6,2,299,44,3,test
mp-864882,Yb2PdRh,0.0,0-0.005,225,4,3,3960,2406,0,test
mp-28319,PtI2,0.0,0-0.005,14,12,3,575,31,9,test
mp-19942,BaGdAuSe3,3.855124999940784e-05,0-0.005,63,12,5,880,63,5,test
mp-18977,Ba2CaWO6,0.0030547949999997,0-0.005,225,10,4,3960,923,1,test
mp-1101092,Y2In8Co,0.0112789671212096,0.005-0.02,123,11,5,626,22,3,test
mp-2443,DyHg,0.0,0-0.005,221,2,2,820,168,0,test
mp-1184891,HoLuCu2,0.0,0-0.005,225,4,3,3960,2406,0,test
mp-1214401,Ca2ZnAs2(H2O5)2,0.0018042015601498,0-0.005,2,19,10,676,5,27,test
mp-1216993,U2Co3CuGe4,0.0395292179285613,0.02-0.04,115,10,7,112,18,3,test
mp-19208,La2MnCoO6,0.0,0-0.005,14,20,6,575,188,12,test
mp-5370,ErNbO4,0.0,0-0.005,15,12,4,533,49,8,test
mp-1214600,Ba2NdCoCu2O7,0.0230506935256373,0.02-0.04,47,13,8,83,7,5,test
mp-1207382,ZrSiAs,0.0612450533333319,0.06-0.0801,62,12,3,1187,413,6,test
mp-1213975,CaB4,0.0,0-0.005,127,20,4,246,11,5,test
mp-23730,NaMgH3,0.0,0-0.005,62,20,4,1187,318,7,test
mp-865659,Y2ZnIr,0.0163188139583363,0.005-0.02,225,4,3,3960,2406,0,test
mp-1219931,Pr2AlZn,0.0183719374999999,0.005-0.02,123,4,3,626,136,1,test
mp-987,ZnCu,0.0,0-0.005,221,2,2,820,168,0,test
mp-1018125,Ti2Re,0.0,0-0.005,164,3,2,551,74,1,test
mp-1186724,Pr3Nd,0.0144554750000009,0.005-0.02,139,4,3,1233,236,0,test
mp-1025549,Tl3VSe4,0.0,0-0.005,217,8,3,20,7,1,test
mp-985806,Al2Cu,0.0,0-0.005,225,3,2,3960,55,0,test
mp-865566,LuZnRh2,0.0,0-0.005,225,4,3,3960,2406,0,test
mp-1518601,BaSrEuWO6,0.0631243255000004,0.06-0.0801,216,10,5,538,130,1,test
mp-1227285,BiPd3,0.0255642893749996,0.02-0.04,225,4,3,3960,122,0,test
mp-1181839,Cs4Sr(SnSe3)3,0.0,0-0.005,146,17,7,73,0,17,test
mp-1223829,Ho4Si3Ge,0.0127849687500001,0.005-0.02,25,8,8,124,23,8,test
mp-21897,YbIn4Pt,0.009880133333334,0.005-0.02,63,12,5,880,53,5,test
mp-1447,SmSe,0.0,0-0.005,225,2,2,3960,145,0,test
mp-630976,In3Ir,0.0015168893749999,0-0.005,136,16,3,167,9,3,test
mp-1079075,YGa2Pd,0.0,0-0.005,63,8,3,880,158,4,test
mp-1227381,Ca2TiAlSi2O9F,0.0105973410937494,0.005-0.02,1,16,16,470,0,48,test
mp-759410,V4O5F7,0.0353648468749998,0.02-0.04,5,16,9,274,2,23,test
mp-560071,KRb2CoF6,0.0,0-0.005,225,10,4,3960,923,1,test
mp-7744,LiSO3F,0.0,0-0.005,12,12,5,1273,12,10,test
mp-37680,LiGdSe2,0.0200092225000005,0.02-0.04,141,8,3,181,50,1,test
mp-1147639,Cd(Cu3O4)2,0.0148180159999995,0.005-0.02,225,15,3,3960,14,1,test
mp-1025326,Tb2Mo2C3,0.0,0-0.005,12,7,4,1273,25,6,test
mp-1208259,Ti3CoS6,0.0593433728888808,0.04-0.06,182,20,4,27,17,4,test
mp-37480,LiSbSe2,0.0,0-0.005,141,8,3,181,50,1,test
mp-8415,K2HfF6,0.0604356483333337,0.06-0.0801,189,9,4,469,57,2,test
mp-1068325,Sr(InHg)2,0.02292003,0.02-0.04,139,5,3,1233,443,1,test
mp-1078431,LaBiSe2O,0.0170703360000024,0.005-0.02,129,10,5,472,3,4,test
mp-754655,Eu2SeO2,0.0,0-0.005,164,5,3,551,130,2,test
mp-15472,Ba4LiCu(CO5)2,0.0,0-0.005,121,18,7,101,1,7,test
mp-1212894,DySbRh,0.0,0-0.005,62,12,3,1187,413,6,test
mp-7291,CrP2,0.0,0-0.005,12,6,3,1273,77,6,test
mp-756358,LiFe2O2F3,0.0783038143055563,0.06-0.0801,1,16,16,470,0,48,test
mp-9201,K4Ge2Au7,0.0,0-0.005,166,13,5,1076,2,5,test
mp-752426,Li3SbS4,0.0622387824999997,0.06-0.0801,13,16,6,57,6,10,test
mp-1018157,CrN,0.0287355300000005,0.02-0.04,216,2,2,538,32,0,test
mp-1101169,Y3AlO6,0.0521365886500007,0.04-0.06,148,20,5,351,26,9,test
mp-1221813,MnCr4CdS8,0.0036773507142866,0-0.005,216,14,5,538,21,3,test
mp-13191,Sc6ReO12,0.0373130671710537,0.02-0.04,148,19,4,351,11,9,test
mp-865029,LiPaRu2,0.0,0-0.005,225,4,3,3960,2406,0,test
mp-7118,Rb4SnO4,0.0,0-0.005,2,18,9,676,23,27,test
mp-1216218,Y(Co5Mo)2,0.0529480143195257,0.04-0.06,71,13,6,419,38,4,test
mp-1290617,LiFe2O3,0.0666685112499996,0.06-0.0801,1,6,6,470,7,18,test
mp-19023,YbCrO4,0.0,0-0.005,141,12,3,181,58,2,test
mp-625939,Co(HO)2,0.0504399800000037,0.04-0.06,5,5,3,274,7,7,test
mp-1214673,Ba2La2TlCu2O9,0.0302009014409616,0.02-0.04,139,16,8,1233,0,6,test
mp-1219180,Sm2SbO2,0.0,0-0.005,139,5,3,1233,443,1,test
mp-1206183,TbSiOs2C,0.0,0-0.005,63,10,4,880,44,4,test
mp-1113875,Rb2AgAuF6,0.0547965134999999,0.04-0.06,225,10,4,3960,923,1,test
mp-977548,Nd2MgGe2,0.0,0-0.005,127,10,3,246,156,2,test
mp-1178405,Cs2HfO3,0.0,0-0.005,63,12,4,880,24,5,test
mp-553310,CsCuO2,0.0,0-0.005,63,8,3,880,158,4,test
mp-1225375,Dy(Fe5Si)2,0.0118185199999993,0.005-0.02,71,13,6,419,38,4,test
mp-639789,Fe2Re3,0.0,0-0.005,213,20,2,5,1,2,test
mp-1216768,Tl2FeCu3Te4,0.0538525514090899,0.04-0.06,115,10,7,112,18,3,test
mp-1281,VIr,0.0280913100000006,0.02-0.04,123,2,2,626,49,0,test
mp-861983,Ti2MnFe,0.0,0-0.005,225,4,3,3960,2406,0,test
mp-8182,As3Rh,0.0,0-0.005,204,16,2,122,7,2,test
mp-2591,Ti3O,0.0,0-0.005,163,16,3,42,1,3,test
mp-1105968,BH6N,0.0469341006249939,0.04-0.06,36,16,6,174,1,14,test
mvc-11284,Mg(CrS2)4,0.019845143461552,0.005-0.02,166,13,5,1076,17,3,test
mp-989642,Cs2NaAlH6,0.0,0-0.005,225,10,4,3960,923,1,test
mp-1056985,TiPd,0.0142706487500001,0.005-0.02,123,2,2,626,49,0,test
mp-1221642,MnAl2Co,0.0051502950000008,0.005-0.02,123,4,3,626,136,1,test
mp-1186205,Nb2MoOs,0.0,0-0.005,225,4,3,3960,2406,0,test
mp-865624,Li2HoTl,0.0,0-0.005,225,4,3,3960,2406,0,test
mp-1187401,ThAgHg2,0.0092204628186283,0.005-0.02,225,4,3,3960,2406,0,test
mp-7127,Ba2YbTaO6,0.0,0-0.005,225,10,4,3960,923,1,test
mp-862734,Pm2ZnSn,0.0,0-0.005,225,4,3,3960,2406,0,test
mp-1227952,CeGa2Ni3,0.0,0-0.005,189,18,6,469,8,5,test
mp-28897,BIrPd,0.0,0-0.005,43,12,3,40,1,9,test
mp-1112100,K2AgBiI6,0.0759369005000003,0.06-0.0801,225,10,4,3960,923,1,test
mp-1206993,Nd(AlSi)2,0.0181891530000033,0.005-0.02,164,5,3,551,130,2,test
mp-1114702,Rb2LiScF6,0.0,0-0.005,225,10,4,3960,923,1,test
mp-1113376,Rb2AgAsCl6,0.0,0-0.005,225,10,4,3960,923,1,test
mp-1094922,CaMg3,0.0561394095153044,0.04-0.06,221,4,2,820,339,0,test
mvc-6405,Mg(NiO2)2,0.0652865315079385,0.06-0.0801,63,14,5,880,24,6,test
mp-1079853,SrMg2Pd,0.0,0-0.005,63,8,3,880,158,4,test
mp-1185766,Mg2IrRh,0.0392252831547619,0.02-0.04,225,4,3,3960,2406,0,test
mp-777349,MnOF,0.0713369837500002,0.06-0.0801,2,18,10,676,2,24,test
mp-1218077,Ta2NiS4,0.0453951744423868,0.04-0.06,164,7,4,551,5,3,test
mp-22922,AgCl,0.0,0-0.005,225,2,2,3960,145,0,test
mp-19138,BaNiO3,0.000139646,0-0.005,194,10,3,1129,53,1,test
mp-568655,In7Pd3,0.0,0-0.005,229,20,3,95,8,2,test
mp-1113699,Rb2TlAgI6,0.0727563228750005,0.06-0.0801,225,10,4,3960,923,1,test
mp-28786,Zn(BIr)2,0.0,0-0.005,139,5,3,1233,443,1,test
mp-30019,ZrCu2Te3,0.0,0-0.005,12,12,6,1273,51,12,test
mp-1187013,SmErIr2,0.0418773482499981,0.04-0.06,225,4,3,3960,2406,0,test
mp-1189811,Ce(Sb3Ru)4,0.0,0-0.005,204,17,3,122,40,2,test
mp-7257,K3NaP2(O3F)2,0.0013888562499984,0-0.005,164,14,6,551,0,5,test
mp-558552,Ta6S,0.006627083571427,0.005-0.02,2,14,8,676,0,18,test
mp-1206043,TbAgAs2,0.0098482820833334,0.005-0.02,129,8,4,472,65,2,test
mp-850187,Li2V3CrO8,0.0328212834821393,0.02-0.04,166,14,5,1076,78,4,test
mp-1227226,CaErAl4,0.0238049600000009,0.02-0.04,216,6,3,538,136,1,test
mp-752524,Li2CrSiO4,0.0583590497916723,0.04-0.06,31,16,6,112,21,14,test
mp-8688,V4GeS8,0.0,0-0.005,216,13,4,538,14,3,test
mp-569320,Sm3Ge5,0.0,0-0.005,190,16,4,12,0,3,test
mp-1215592,Zr2CN,0.0,0-0.005,166,4,3,1076,280,1,test
mp-1227433,BaSrY(CuO2)4,0.0014832483333373,0-0.005,38,15,15,383,0,15,test
mp-1095517,EuPIr,0.0,0-0.005,198,12,3,67,48,3,test
mp-36031,Ca(LaTe2)2,0.013000886249987,0.005-0.02,122,14,3,126,68,4,test
mp-1025191,ScGa5Ni,0.0,0-0.005,123,7,4,626,55,1,test
mp-1078182,Nd2Fe2Se2O3,0.0400359030555517,0.04-0.06,139,9,5,1233,7,2,test
mp-568516,K3Bi,0.0222467983333332,0.02-0.04,225,4,3,3960,122,0,test
mp-5175,NaInO2,0.0,0-0.005,166,4,3,1076,280,1,test
mp-30578,DyCu5,0.0044446483333331,0-0.005,216,6,3,538,10,1,test
mp-21287,Gd(SiAg)2,0.0,0-0.005,139,5,3,1233,443,1,test
mp-1103629,CeNiP,0.0,0-0.005,194,12,4,1129,168,2,test
mp-754020,LiCoCuO4,0.063268132315474,0.06-0.0801,2,14,10,676,9,12,test
mp-1218226,SrLaGaCuO5,0.0362293262500017,0.02-0.04,8,18,11,361,2,29,test
mp-756507,LiFePHO5,0.0,0-0.005,2,18,10,676,4,24,test
mp-15887,Sr2YIrO6,0.0,0-0.005,14,20,6,575,188,12,test
mp-1225157,EuCu3Pd2,0.0,0-0.005,191,6,3,355,109,0,test
mp-1298536,LiFe2O3,0.0273454029166666,0.02-0.04,164,6,4,551,47,3,test
mp-1187176,SrCa3,0.0297884233333334,0.02-0.04,194,8,2,1129,439,1,test
mp-862802,CsNpCuS3,0.0,0-0.005,63,12,5,880,63,5,test
mp-1095258,SrMgF4,0.024641040833333,0.02-0.04,36,12,6,174,12,12,test
mp-1056920,CsI,0.0324614700000003,0.02-0.04,221,2,2,820,168,0,test
mp-1224097,K4N2O5,0.0229961561931766,0.02-0.04,71,11,6,419,1,4,test
mp-23763,SnH8(NCl3)2,0.0,0-0.005,225,17,4,3960,5,2,test
mp-1221385,Na2BrCl,0.0057547099999997,0.005-0.02,166,4,3,1076,280,1,test
mp-1078649,U(NiAs)2,0.0669057288437509,0.06-0.0801,129,10,5,472,69,3,test
mp-867870,SmAl3,0.0,0-0.005,194,8,2,1129,439,1,test
mp-1186944,Sc2CoRh,0.0223292424999996,0.02-0.04,225,4,3,3960,2406,0,test
mp-19022,Na4FeO4,0.0,0-0.005,2,18,9,676,23,27,test
mp-865897,Li2AcIn,0.0,0-0.005,225,4,3,3960,2406,0,test
mp-867318,Eu3Tl,0.0,0-0.005,194,8,2,1129,439,1,test
mp-1078823,Cs2Zr(AgTe2)2,0.0,0-0.005,21,9,5,14,0,4,test
mp-5419,LiGa2Ir,0.0,0-0.005,225,4,3,3960,2406,0,test
mp-1209960,NaYCl4,0.0131017650000027,0.005-0.02,2,12,6,676,16,18,test
mp-1239420,CaTi2O5,0.0578566814062497,0.04-0.06,63,16,5,880,30,8,test
mp-756123,Tm6WO12,0.0,0-0.005,148,19,4,351,11,9,test
mp-865928,Ti2TcPt,0.0,0-0.005,225,4,3,3960,2406,0,test
mp-1209011,Sc3B2Ir5,0.0,0-0.005,127,20,5,246,6,4,test
mp-1079181,LiOsF6,0.0,0-0.005,148,8,3,351,67,3,test
mp-1080729,CePRu2C,0.0,0-0.005,63,10,4,880,44,4,test
mp-4471,ScAlO3,0.0280202173749994,0.02-0.04,62,20,4,1187,318,7,test
mp-1080818,Ho2CoGe2,0.0,0-0.005,12,10,5,1273,46,10,test
mp-1105905,HoGa2Co3,0.0,0-0.005,191,18,5,355,109,2,test
mp-8966,K2Sn2Se5,0.0,0-0.005,15,18,5,533,5,13,test
mp-1224702,Fe2PtRh,0.0771143475000002,0.06-0.0801,123,4,3,626,136,1,test
mp-1225490,ErAlGa,0.0078572050000005,0.005-0.02,187,3,3,312,88,0,test
mp-513,ErGe3,0.0083759983333324,0.005-0.02,63,8,4,880,33,4,test
mp-1221683,Mn6PtRh,0.0,0-0.005,123,8,5,626,26,1,test
mp-1223590,KMgMn2AlGe3(O5F)2,0.0,0-0.005,1,20,20,470,1,60,test
mp-675022,CsPbCl3,0.0117529949999934,0.005-0.02,155,5,3,75,2,1,test
mp-22786,ThNiSn,0.0,0-0.005,216,3,3,538,99,0,test
mp-6635,Ba2CaReO6,0.0001838670000005,0-0.005,225,10,4,3960,923,1,test
mp-980662,YTmAl2,0.0157885450000003,0.005-0.02,225,4,3,3960,2406,0,test
mp-1225179,Fe12Ge3As2,0.0684617305882344,0.06-0.0801,155,17,6,75,0,7,test
mp-11338,Sc3Si3Ni2,0.0,0-0.005,63,16,5,880,31,8,test
mp-554072,K2CO3,0.0022891379166667,0-0.005,15,12,5,533,20,6,test
mp-977362,ZnGaRh2,0.0,0-0.005,225,4,3,3960,2406,0,test
mp-1114697,Rb2LiAlF6,0.0006329308333334,0-0.005,225,10,4,3960,923,1,test
mp-864933,Mg2AgRh,0.0,0-0.005,225,4,3,3960,2406,0,test
mp-1226254,CrMoAs2,0.0518029929464276,0.04-0.06,26,8,4,68,22,8,test
mp-557233,AlTlF4,0.0011003433333334,0-0.005,140,12,4,257,17,2,test
mp-1221089,NaCaMgAl(SiO3)4,0.0185937102812561,0.005-0.02,5,20,12,274,1,28,test
mp-863656,PmH,0.0,0-0.005,186,4,2,183,27,2,test
mp-1039383,CaMg3,0.0317759057653046,0.02-0.04,194,8,2,1129,439,1,test
mp-849538,Mn6O7F5,0.0799211974305587,0.06-0.0801,1,18,18,470,19,54,test
mp-30326,Ti5FeSb2,0.0223836481249994,0.02-0.04,140,16,4,257,52,3,test
mp-1103985,Nd3Pt2,0.0069270509166674,0.005-0.02,148,15,4,351,14,7,test
mp-866668,Rb2SbBr6,0.0,0-0.005,225,9,3,3960,89,1,test
mp-1239022,Li2CuO2,0.030522797250005,0.02-0.04,12,5,3,1273,46,4,test
mp-10733,Sm2O3,0.0395161342499985,0.02-0.04,164,5,3,551,21,2,test
mp-7420,KHgAs,0.0,0-0.005,194,6,3,1129,168,0,test
mp-555327,MnSeO4,0.0,0-0.005,63,12,4,880,53,5,test
mp-3040,TbCo3B2,0.0,0-0.005,191,6,3,355,109,0,test
mp-1179918,Pr(BRh)4,0.0080902422222219,0.005-0.02,137,18,3,24,15,4,test
mp-984049,CeYZn2,0.020468025625,0.02-0.04,225,4,3,3960,2406,0,test
mp-1186784,PrY3,0.0145624224999991,0.005-0.02,194,8,2,1129,439,1,test
mp-977559,Dy2MgGe2,0.0,0-0.005,127,10,3,246,156,2,test
mp-753738,V3CoO8,0.0382882562499968,0.02-0.04,1,12,12,470,1,36,test
mp-567558,CsAgCl2,0.0,0-0.005,129,8,4,472,65,3,test
mp-977396,TbMgRh2,0.0,0-0.005,225,4,3,3960,2406,0,test
mp-2159,DyTe,0.0,0-0.005,225,2,2,3960,145,0,test
mp-1215441,YbYAl4,0.0131945366666661,0.005-0.02,216,6,3,538,136,1,test
mp-23011,RbClO3,0.0651709064999979,0.06-0.0801,160,5,3,311,23,4,test
mp-31114,Ho3GaO6,0.0039742558000011,0-0.005,36,20,7,174,16,17,test
mp-866193,Li2LaIn,0.0,0-0.005,225,4,3,3960,2406,0,test
mp-569675,Tl2Hg2PdCl8,0.0,0-0.005,12,13,6,1273,4,11,test
mp-690760,TiH,0.0016626141666664,0-0.005,131,4,2,15,3,0,test
mp-1226340,Cr2SbAs,0.0606460775000003,0.06-0.0801,187,4,3,312,11,1,test
mp-756952,Li4MnF8,0.0447043741025625,0.04-0.06,3,13,9,42,1,17,test
mp-4515,Ag3SbS3,0.0010358592857144,0-0.005,161,14,3,40,3,7,test
mp-780303,Li4Fe3SbO8,0.0150127204687464,0.005-0.02,12,16,9,1273,36,7,test
mp-1078907,Ba2GdMoO6,0.0317321779999932,0.02-0.04,87,10,5,101,33,3,test
mp-1523183,KEuNb2O6,0.0,0-0.005,225,10,4,3960,923,0,test
mp-864614,LiMg2Pt,0.0,0-0.005,225,4,3,3960,2406,0,test
mp-850135,Li3V2Cr2O8,0.057106236395839,0.04-0.06,2,15,11,676,4,12,test
mp-559377,IOF3,0.0,0-0.005,19,20,5,49,5,15,test
mp-1106115,Nd7Pd3,0.0,0-0.005,186,20,4,183,33,7,test
mp-9999,Ni(BMo)2,0.0,0-0.005,71,5,3,419,60,2,test
mp-621348,TiInAu2,0.0643037306250002,0.06-0.0801,225,4,3,3960,2406,0,test
mp-753574,MnF4,0.0569128195000008,0.04-0.06,14,10,3,575,17,6,test
mp-1009756,Ca2Pb,0.0360097700000001,0.02-0.04,225,3,2,3960,55,0,test
mp-2571,Rb2O3,0.052709308499999,0.04-0.06,220,20,2,111,13,2,test
mp-1105808,Er7IrI12,0.0,0-0.005,148,20,5,351,17,9,test
mp-1225839,Cu2SiS3,0.0259677447222221,0.02-0.04,9,12,6,107,11,18,test
mp-6526,NaGeSbO5,0.0,0-0.005,15,16,6,533,8,9,test
mp-1222074,Mn2In2Se5,0.0072736753703681,0.005-0.02,166,9,5,1076,2,4,test
mp-1069815,In3Pt2,0.0049427360000002,0-0.005,164,5,3,551,21,2,test
mp-1224942,Gd3ErNi4,0.0033846509374999,0-0.005,25,8,8,124,23,8,test
mp-1519203,SrCeEuSbO6,0.0587679701666701,0.04-0.06,2,20,12,676,52,24,test
mp-1483,SiRh,0.0328595762499999,0.02-0.04,198,8,2,67,13,2,test
mp-1078887,Sr2MnNbO6,0.0309331030000006,0.02-0.04,225,10,4,3960,923,1,test
mp-12975,Sm2CdPd2,0.0,0-0.005,127,10,3,246,156,2,test
mp-1111969,K2TlCuCl6,0.0309459886979133,0.02-0.04,225,10,4,3960,923,1,test
mp-1185365,LiMg2Au,0.0,0-0.005,225,4,3,3960,2406,0,test
mp-1094612,Mg5Ga,0.0566909804436857,0.04-0.06,8,6,6,361,13,12,test
mp-7048,Al2O3,0.009381222,0.005-0.02,12,10,5,1273,35,10,test
mp-1102464,SmGaPt,0.0,0-0.005,62,12,3,1187,413,6,test
mp-11918,Ca(BeN)2,0.0,0-0.005,140,10,3,257,2,2,test
mp-1080791,UCuBi2,0.0448753037500004,0.04-0.06,129,8,4,472,65,2,test
mp-1225840,CuAgSe,0.0500758792592583,0.04-0.06,129,6,3,472,177,2,test
mp-1186238,Nd2GaAg,0.01423429,0.005-0.02,225,4,3,3960,2406,0,test
mp-1111166,K3SbBr6,0.0551491187500006,0.04-0.06,225,10,4,3960,100,1,test
mp-634859,CaO2,0.0,0-0.005,139,3,2,1233,82,1,test
mp-755777,Ce2S2O,0.0346798805000041,0.02-0.04,14,20,5,575,21,15,test
mp-1104467,Lu(CoGe)6,0.003273056153846,0-0.005,191,13,5,355,30,2,test
mp-761177,VOF3,0.0580749630000001,0.04-0.06,76,20,5,2,1,15,test
mp-1147669,Ba3Fe2TeO5,0.0367992337012976,0.02-0.04,123,11,6,626,0,3,test
mp-505034,Cs2MnS2,0.0,0-0.005,72,10,3,111,26,4,test
mp-1312535,LiCoSnO4,0.0611964635714246,0.06-0.0801,12,14,7,1273,11,9,test
mp-998761,TlNiF3,0.0108618620000005,0.005-0.02,221,5,3,820,273,0,test
mp-1018755,LaTlZn,0.0274309249999995,0.02-0.04,194,6,3,1129,168,0,test
mp-8313,Cs2Li2GeO4,0.0,0-0.005,2,18,9,676,4,27,test
mp-1224138,In2CuAgS4,0.0055719024999998,0.005-0.02,82,8,5,145,20,3,test
mp-753693,Ho2Ge2O7,0.0060196988636347,0.005-0.02,12,11,5,1273,18,8,test
mp-1206954,TmPd2Pb,0.0165175987499974,0.005-0.02,225,4,3,3960,2406,0,test
mp-984550,CsGaH4,0.0009521129166669,0-0.005,137,12,3,24,2,2,test
mp-1025504,TmGa2Ni,0.0,0-0.005,63,8,3,880,158,4,test
mp-755640,V4O5F7,0.0070786118749985,0.005-0.02,1,16,16,470,7,48,test
mp-1226713,CeDy4S7,0.0302740116667044,0.02-0.04,8,12,12,361,25,24,test
mp-1215843,Yb2Al3Ga,0.0210381649999997,0.02-0.04,166,6,3,1076,53,1,test
mp-1079680,CaFeO2,0.0378862968750004,0.02-0.04,113,8,3,19,3,3,test
mp-1213747,Cr3As,0.0214678593750008,0.02-0.04,223,8,2,54,37,0,test
mp-989631,LaMoN3,0.0,0-0.005,15,20,6,533,36,14,test
mp-1228728,Al4InAgTe8,0.0108375544642869,0.005-0.02,5,14,9,274,3,19,test
mp-1220054,NiRh,0.0702039499999997,0.06-0.0801,166,2,2,1076,44,0,test
mp-677242,K2SO4,0.0143010496428575,0.005-0.02,63,14,5,880,24,6,test
mp-1187827,TlIn3,0.0451075679166663,0.04-0.06,194,8,2,1129,439,1,test
mp-16534,BaSm2FeS5,0.0718712191666668,0.06-0.0801,140,18,5,257,11,3,test
mp-1226791,CaAl3Au,0.0,0-0.005,107,5,4,158,75,4,test
mp-866295,DyLuMg2,0.0016232975000001,0-0.005,225,4,3,3960,2406,0,test
mp-973910,PaAlCu2,0.0135352912499993,0.005-0.02,225,4,3,3960,2406,0,test
mp-1018019,PbS,0.0619734349999996,0.06-0.0801,194,4,2,1129,52,0,test
mp-1101819,DyFe3,0.0,0-0.005,166,12,5,1076,53,4,test
mp-27718,CsHgBr3,0.0415368539999994,0.04-0.06,221,5,3,820,273,0,test
mp-7576,CrSi,0.0704808552500004,0.06-0.0801,198,8,2,67,13,2,test
mp-1218153,SrLiAlSb2,0.0294596144999994,0.02-0.04,156,5,5,302,21,5,test
mp-977403,Na3Tl,0.0174069105495691,0.005-0.02,139,4,3,1233,236,0,test
mp-1183354,Ba3Yb,0.0344413487499999,0.02-0.04,194,8,2,1129,439,1,test
mp-764935,Li(CoO2)2,0.0709537248214262,0.06-0.0801,2,14,7,676,15,21,test
mp-1186759,Ta2OsRu,0.0264765387499998,0.02-0.04,225,4,3,3960,2406,0,test
mp-24084,KH,0.0,0-0.005,225,2,2,3960,145,0,test
mp-1183227,AgAu,0.0068466049999997,0.005-0.02,187,2,2,312,64,0,test
mp-1185346,LiCeZn2,0.0380646741666663,0.02-0.04,225,4,3,3960,2406,0,test
mp-1114437,Rb2NaCeF6,0.0,0-0.005,225,10,4,3960,923,1,test
mp-1270,Dy2S3,0.0,0-0.005,62,20,5,1187,37,10,test
mp-676398,Rb2CrCl4,0.0038380442857137,0-0.005,12,7,4,1273,64,4,test
mp-1112435,K2AsAuBr6,0.0715260809999995,0.06-0.0801,225,10,4,3960,923,1,test
mp-1229167,As2SeS2,0.0747146498333357,0.06-0.0801,14,20,5,575,21,15,test
mp-12600,Pr2Tl,0.0170002416666665,0.005-0.02,194,6,3,1129,127,0,test
mp-1206538,BaSr(CuO2)2,0.0447992949999997,0.04-0.06,123,8,4,626,30,2,test
mp-756675,Li5Fe3(SnO5)2,0.0192635036249999,0.005-0.02,2,20,11,676,15,27,test
mp-864661,ZnCuPd2,0.0,0-0.005,225,4,3,3960,2406,0,test
mp-1184100,Dy3Er,0.0250396100000003,0.02-0.04,221,4,2,820,339,0,test
mp-555084,GdWClO4,0.0076115667857159,0.005-0.02,12,14,6,1273,11,13,test
mp-1541018,TiPO4F,0.0,0-0.005,15,14,5,533,2,8,test
mp-1224809,Ga2Se3,0.0106310010000001,0.005-0.02,44,5,3,187,9,5,test
mp-20292,Np(SiRh)2,0.0,0-0.005,139,5,3,1233,443,1,test
mp-1079999,Zr2NiP2,0.0,0-0.005,194,10,4,1129,25,1,test
mp-1068661,ZrBRh3,0.0,0-0.005,221,5,3,820,273,0,test
mp-11809,TiAl2,0.0021820908333305,0-0.005,65,6,4,265,8,2,test
mp-1114378,Rb3TlCl6,0.0626628070000001,0.06-0.0801,225,10,4,3960,100,1,test
mp-775175,LiVFeO4,0.0424190022618882,0.04-0.06,74,14,5,299,53,5,test
mp-999298,Pd3Au,0.0,0-0.005,221,4,2,820,339,0,test
mp-1226529,CePr2O6,0.063918887083334,0.06-0.0801,139,9,4,1233,6,2,test
mp-13027,YbZnAu,0.0,0-0.005,62,12,3,1187,413,6,test
mp-1207100,ScIn,0.0,0-0.005,123,2,2,626,49,0,test
mp-1222319,LuGaAu,0.0,0-0.005,12,6,3,1273,58,6,test
mp-1019547,BaLi2Mg(PO4)2,0.0088473773214357,0.005-0.02,147,14,6,40,1,6,test
mp-1216802,Tl(V3S4)2,0.0107068738888891,0.005-0.02,147,15,4,40,21,7,test
mp-1187846,YHoIn2,0.0,0-0.005,225,4,3,3960,2406,0,test
mp-675620,Nd2PbS4,0.0324799125000021,0.02-0.04,122,14,3,126,68,4,test
mp-755693,LiFeF4,0.0724853215740752,0.06-0.0801,160,18,5,311,1,11,test
mp-1222183,Mg4B3Ir2,0.0,0-0.005,5,9,6,274,7,12,test
mp-1223443,KBiS2,0.0,0-0.005,166,4,3,1076,280,1,test
mp-1518146,KBaCeWO6,0.04633832216666,0.04-0.06,216,10,5,538,130,1,test
mp-570756,Cs3Li2Cl5,0.0265627245000006,0.02-0.04,8,10,6,361,2,16,test
mp-27742,K2CdO2,0.0,0-0.005,60,20,3,18,2,7,test
mp-12444,SrCuSF,0.0,0-0.005,129,8,4,472,52,2,test
mp-753849,VOF2,0.0283651437500527,0.02-0.04,2,16,9,676,16,21,test
mp-1187858,YLuRu2,0.0306326857812502,0.02-0.04,225,4,3,3960,2406,0,test
mp-554168,KRb2MoF6,0.0,0-0.005,225,10,4,3960,923,1,test
mp-569628,CaCdAu,0.0,0-0.005,62,12,3,1187,413,6,test
mp-18940,Sr2NiMoO6,0.0,0-0.005,87,10,5,101,33,3,test
mp-1222091,MgTi2Pb4WO12,0.029601336625002,0.02-0.04,139,20,8,1233,2,5,test
mp-19118,BaNd2CoO5,0.0,0-0.005,71,9,5,419,10,3,test
mp-1212805,Er(ZnP)3,0.0,0-0.005,194,14,5,1129,10,2,test
mp-1208321,TbAl3(BO3)4,0.0057193207916679,0.005-0.02,155,20,7,75,15,7,test
mp-739,TiP,0.0,0-0.005,194,8,3,1129,52,1,test
mp-1226646,CeU3Al8,0.0437439297916668,0.04-0.06,160,12,8,311,19,10,test
mp-9987,Nb2PC,0.0,0-0.005,194,8,3,1129,110,1,test
mp-1227046,CaSiAu,0.0,0-0.005,187,3,3,312,88,0,test
mp-1173979,Li5Mn2CoO8,0.0469084181249996,0.04-0.06,12,16,8,1273,3,10,test
mp-865357,Zn3Pd,0.0,0-0.005,139,4,3,1233,236,0,test
mp-1102486,SmPO4,0.0,0-0.005,141,12,3,181,58,2,test
mp-1147650,KCuH3,0.0,0-0.005,140,10,4,257,11,1,test
mp-696347,NaH3SO5,0.0076946382499905,0.005-0.02,9,20,10,107,0,30,test
mp-1186196,NaYTl2,0.00617390640625,0.005-0.02,225,4,3,3960,2406,0,test
mp-1027339,Te2Mo2SeS,0.0574479724999994,0.04-0.06,156,12,12,302,24,12,test
mp-1221932,MgZnAg2,0.0213790799999999,0.02-0.04,123,4,3,626,136,1,test
mp-9791,Tl3AsS3,0.0096120205357164,0.005-0.02,160,7,3,311,2,5,test
mp-756339,Tm2TeO6,0.0495273105555567,0.04-0.06,136,18,4,167,33,4,test
mp-1228004,Ce5Nd5Si6,0.0165823146874997,0.005-0.02,8,16,11,361,5,27,test
mp-20459,TiPbO3,0.0,0-0.005,99,5,4,88,14,4,test
mp-1206568,Cs2PdCl6,0.0,0-0.005,225,9,3,3960,89,1,test
mp-866062,HfSiRu2,0.0,0-0.005,225,4,3,3960,2406,0,test
mp-755414,LiTiS2,0.0321876893750001,0.02-0.04,227,16,3,303,15,1,test
mp-972522,SmTmZn2,0.0082026324999997,0.005-0.02,225,4,3,3960,2406,0,test
mp-1112934,Cs2YAgBr6,0.0049135978124978,0-0.005,225,10,4,3960,923,1,test
mp-2592,Si2Mo,0.0,0-0.005,139,3,2,1233,82,1,test
mp-1187272,Tb2CuIr,0.0235507862500004,0.02-0.04,225,4,3,3960,2406,0,test
mp-1209153,RbAlH4,0.0579454458333335,0.04-0.06,36,12,6,174,12,12,test
mp-1207436,Zr9Pd11,0.0408319592499992,0.04-0.06,87,20,6,101,1,7,test
mp-921,YRh2,0.0,0-0.005,227,6,2,303,132,0,test
mp-1226307,CrCo4SbO8,0.0097173525000009,0.005-0.02,12,14,7,1273,2,9,test
mp-1220159,NdGa3Pd,0.0,0-0.005,119,5,4,124,19,1,test
mp-1214569,Ba3CaNb2O9,0.0,0-0.005,164,15,6,551,19,4,test
mp-1222815,LaGd(BrO)2,0.0158109024999983,0.005-0.02,99,6,5,88,3,5,test
mp-979751,TaTiFe2,0.0184739903846153,0.005-0.02,225,4,3,3960,2406,0,test
mp-27259,CsCrI3,0.059197816000001,0.04-0.06,194,10,3,1129,53,1,test
mp-989532,Rb2TlInF6,0.0,0-0.005,225,10,4,3960,923,1,test
mp-1225588,DyErC4,0.065882200222223,0.06-0.0801,123,6,4,626,37,2,test
mp-756269,V3(O2F)2,0.0282996138888904,0.02-0.04,5,18,11,274,7,25,test
mp-1039397,Ca2Mg,0.0351603979166668,0.02-0.04,12,6,3,1273,77,6,test
mp-1228961,AlCuSnS4,0.0,0-0.005,74,14,5,299,53,5,test
mp-1161,LaSe,0.0,0-0.005,225,2,2,3960,145,0,test
mp-1113557,Cs2AgMoBr6,0.0513120246249956,0.04-0.06,225,10,4,3960,923,1,test
mp-1214842,Al8Cr4Si3,0.0794522607777779,0.06-0.0801,2,15,8,676,0,21,test
mp-985608,Nd2O5,0.028243616428571,0.02-0.04,15,14,4,533,21,10,test
mp-867151,ScPaOs2,0.0,0-0.005,225,4,3,3960,2406,0,test
mp-863679,ErTaRu2,0.0,0-0.005,225,4,3,3960,2406,0,test
mp-569788,LiZnGe,0.0,0-0.005,187,9,6,312,88,3,test
mp-1206682,SmNiBi,0.0,0-0.005,216,3,3,538,99,0,test
mp-603912,Nd2MoC2,0.0,0-0.005,136,20,4,167,21,4,test
mp-1105563,GdB4,0.0,0-0.005,127,20,4,246,11,5,test
mp-11718,RbF,0.0,0-0.005,225,2,2,3960,145,0,test
mp-1176776,LiCoS2,0.0525181912499945,0.04-0.06,227,16,3,303,15,1,test
mp-867306,AlCuAu2,0.0,0-0.005,225,4,3,3960,2406,0,test
mp-24809,CaH2,0.0558995050000001,0.04-0.06,194,6,3,1129,127,0,test
mp-1187722,Y2TlHg,0.0,0-0.005,225,4,3,3960,2406,0,test
mp-861984,Er2IrPd,0.0,0-0.005,225,4,3,3960,2406,0,test
mp-10835,RbSm2CuS4,0.0,0-0.005,63,16,6,880,13,7,test
mp-1079688,Hf4CuSi4,0.0,0-0.005,12,9,5,1273,2,8,test
mp-1185943,MgRu2W,0.0,0-0.005,225,4,3,3960,2406,0,test
mp-9978,ErSe2,0.0,0-0.005,129,6,3,472,37,2,test
mp-672259,AlFe2Mo,0.0379300245833356,0.02-0.04,225,4,3,3960,2406,0,test
mp-1247748,NbCr3S8,0.0554583490277664,0.04-0.06,166,12,4,1076,11,3,test
mp-505515,Sr(CuSb)2,0.0,0-0.005,129,10,5,472,69,3,test
mp-625447,Pr(HO)3,0.0,0-0.005,176,14,3,74,42,4,test
mp-1187443,Ti2GaRe,0.0124400149999992,0.005-0.02,225,4,3,3960,2406,0,test
mp-10620,LiPrO2,0.0092653348437501,0.005-0.02,14,16,4,575,40,12,test
mp-554669,Ba3Ta2CdO9,0.0,0-0.005,164,15,6,551,19,4,test
mp-27438,TlBiTe2,0.0,0-0.005,166,4,3,1076,280,1,test
mp-1111691,K3TlF6,0.0474914417500009,0.04-0.06,225,10,4,3960,100,1,test
mp-759488,W3O7F,0.0364941872027984,0.02-0.04,65,11,6,265,4,4,test
mp-1205929,Ba2GdPaO6,0.0,0-0.005,225,10,4,3960,923,1,test
mp-1078539,Sr2MgMoO6,0.0,0-0.005,87,10,5,101,33,3,test
mp-1030104,Te6MoW3Se2,0.0594734437499999,0.04-0.06,156,12,12,302,36,12,test
mp-1105749,Y3Si3Rh2,0.0,0-0.005,63,16,5,880,31,8,test
mp-1226959,Cd2InAgTe4,0.00295958875,0-0.005,121,8,4,101,48,2,test
mp-865847,Lu2CuPt,0.0,0-0.005,225,4,3,3960,2406,0,test
mp-15781,KLaS2,0.0,0-0.005,166,4,3,1076,280,1,test
mp-1104610,Eu5Pd2,0.0,0-0.005,15,14,4,533,21,10,test
mp-756077,VOF3,0.0263820639999998,0.02-0.04,1,20,20,470,28,60,test
mp-27205,TlCl2,0.0,0-0.005,88,12,3,63,0,3,test
mp-1187668,U3Ge,0.0217866749999995,0.02-0.04,139,4,3,1233,236,0,test
mp-550950,LuCoO3,0.0372040118392851,0.02-0.04,62,20,4,1187,318,7,test
mp-1221406,NaEuF4,0.0,0-0.005,1,18,18,470,5,54,test
mp-677430,NaLiLa2Ti4O12,0.0308587422374877,0.02-0.04,1,20,20,470,11,60,test
mp-23101,Nb2Bi2PbO9,0.0405007824234697,0.04-0.06,139,14,7,1233,1,4,test
mp-1216227,Y(Fe5Re)2,0.0167462571153844,0.005-0.02,71,13,6,419,38,4,test
mp-19829,YbCrSb3,0.0205145665000019,0.02-0.04,57,20,5,31,11,8,test
mp-1210441,Na3LuBr6,0.0,0-0.005,14,20,6,575,35,12,test
mp-7439,K3Cu3P2,0.0,0-0.005,166,8,4,1076,3,2,test
mp-11184,Nd3Sb4Pt7,0.0337321278571431,0.02-0.04,12,14,8,1273,3,12,test
mp-865320,Lu2PdRu,0.0,0-0.005,225,4,3,3960,2406,0,test
mp-36864,Li2TiO3,0.0107921458333315,0.005-0.02,15,12,5,533,20,6,test
mp-1219783,Rb4FeSbCl12,0.0228825656944446,0.02-0.04,123,18,7,626,4,5,test
mp-364,AlRh,0.0,0-0.005,221,2,2,820,168,0,test
mp-1245444,Sr3NbN3,0.0636386972619051,0.06-0.0801,176,14,3,74,42,4,test
mp-1224651,K3(FeSe)8,0.0261754386842119,0.02-0.04,2,19,10,676,0,27,test
mp-4298,Tm(MnSn)6,0.0,0-0.005,191,13,5,355,30,2,test
mp-769962,Li4TiFe3O8,0.029877081875,0.02-0.04,12,16,9,1273,36,7,test
mp-980198,TmLuZn2,0.0007788025000001,0-0.005,225,4,3,3960,2406,0,test
mp-1222569,Lu3Ga10Ni,0.0541033667857102,0.04-0.06,8,14,14,361,0,28,test
mp-757056,TeWO6,0.0450038531250003,0.04-0.06,148,8,3,351,67,3,test
mp-1078286,CeMnAsO,0.0526876264655182,0.04-0.06,129,8,4,472,52,2,test
mp-1217935,TaFe4W,0.0,0-0.005,164,12,5,551,17,4,test
mp-753431,LiMn2O2F3,0.0323021134374972,0.02-0.04,5,16,9,274,5,23,test
mp-1228907,AlGa(CuS2)2,0.0014529381249994,0-0.005,82,8,5,145,20,3,test
mp-622268,Ba2ZnAg2(SeO)2,0.0153097685185183,0.005-0.02,64,18,5,82,0,5,test
mp-756389,Lu2TeO6,0.0416500655555562,0.04-0.06,136,18,4,167,33,4,test
mp-1219502,SbPbBrO2,0.0658700619999992,0.06-0.0801,107,5,4,158,10,4,test
mp-1215683,Zr10(AlSb)3,0.0,0-0.005,189,16,5,469,6,5,test
mp-1106404,Nd(FeB)4,0.0,0-0.005,86,18,3,18,17,6,test
mp-754940,Ba3SiO,0.0515042530000009,0.04-0.06,221,5,3,820,273,0,test
mp-1226596,CeNd3Si8,0.0036302262500003,0-0.005,115,12,7,112,1,5,test
mp-1185817,Mg5In,0.0337785278767126,0.02-0.04,189,6,3,469,23,1,test
mp-1186542,Pm3Tm,0.0228004639583332,0.02-0.04,194,8,2,1129,439,1,test
mp-926,PuP,0.0,0-0.005,225,2,2,3960,145,0,test
mp-1190156,Ba2GdGaSe5,1.3042777776917092e-05,0-0.005,2,18,9,676,8,27,test
mp-9842,RbSm(CO3)2,0.0,0-0.005,15,20,6,533,54,14,test
mp-567419,SrLa6OsI12,0.0,0-0.005,148,20,5,351,2,9,test
mp-1223780,K5Br4Cl,0.0037969540000002,0-0.005,87,10,4,101,8,4,test
mp-1224354,Hf4CuSi3,0.0435905268749952,0.04-0.06,25,8,8,124,23,8,test
mp-753664,V4P2O13,0.0190392536842161,0.005-0.02,1,19,19,470,0,57,test
mp-1186823,PuPt3,0.0,0-0.005,194,8,2,1129,439,1,test
mp-1223176,LaCeSn6,0.0049289712499946,0-0.005,123,8,5,626,26,1,test
mp-20817,GePtSe,0.0,0-0.005,29,12,3,10,4,9,test
mp-22444,Ta4FeP,0.0551845182236796,0.04-0.06,124,12,3,15,13,2,test
mp-558514,RbZrCdF7,0.0,0-0.005,63,20,7,880,8,9,test
mp-15671,Re3B,0.0,0-0.005,63,8,3,880,33,4,test
mp-1179530,SmInCu,0.0,0-0.005,189,9,4,469,305,2,test
mp-1187702,VW3,0.0,0-0.005,225,4,3,3960,122,0,test
mp-22051,LuGeRu,0.0,0-0.005,62,12,3,1187,413,6,test
mp-1219734,PtRh,0.0086604866666659,0.005-0.02,166,2,2,1076,44,0,test
mp-1517357,Sr2CeNiO6,0.072027998999995,0.06-0.0801,225,10,4,3960,923,1,test
mp-972455,TmLuIn2,0.0,0-0.005,225,4,3,3960,2406,0,test
mp-1185816,Mg5Pd,0.0472417313926945,0.04-0.06,189,6,3,469,23,1,test
mp-754955,LuSiRu,0.0,0-0.005,62,12,3,1187,413,6,test
mp-22903,RbI,0.0,0-0.005,225,2,2,3960,145,0,test
mp-1106376,Sm2Te3,0.0,0-0.005,62,20,5,1187,37,10,test
mp-22992,TiClO,0.0257493272222237,0.02-0.04,59,6,3,106,23,3,test
mp-1104294,Ce3Pt4,0.0,0-0.005,148,14,4,351,23,6,test
mp-1226900,Ce3(MgRh2)2,0.0435284299999958,0.04-0.06,38,9,6,383,4,9,test
mp-753418,SrNd2O4,0.0324500110714263,0.02-0.04,227,14,3,303,127,1,test
mp-4247,NaZnSb,0.0,0-0.005,129,6,3,472,177,2,test
mp-755390,NbFeO4,0.0358633700000332,0.02-0.04,119,6,4,124,10,2,test
mp-1077108,SmCuSn,0.0245604866666671,0.02-0.04,194,6,3,1129,168,0,test
mp-3236,Pr2SO2,0.0,0-0.005,164,5,3,551,130,2,test
mp-1187815,YbZn3,0.0784711257499999,0.06-0.0801,194,8,2,1129,439,1,test
mp-973539,LuAl3,0.0203697949999996,0.02-0.04,194,8,2,1129,439,1,test
mp-21009,EuSe,0.0,0-0.005,225,2,2,3960,145,0,test
mp-1105737,Dy5Ge3,0.0,0-0.005,193,16,3,238,93,2,test
mp-1102589,SrNiGe,0.0,0-0.005,62,12,3,1187,413,6,test
mp-1187306,Tb3Tm,0.0217765608333335,0.02-0.04,221,4,2,820,339,0,test
mp-1078755,SbPt3,0.0183710799999996,0.005-0.02,139,8,4,1233,236,2,test
mp-675100,Nd2PbSe4,0.0248086883928593,0.02-0.04,122,14,3,126,68,4,test
mp-2370,PrNi5,0.0,0-0.005,191,6,3,355,62,0,test
mp-2472,SrO,0.0,0-0.005,225,2,2,3960,145,0,test
mp-1187661,YbMg3,0.0288548958503387,0.02-0.04,225,4,3,3960,122,0,test
mp-1215765,YUS2,0.012658097500001,0.005-0.02,166,4,3,1076,280,1,test
mp-555052,MnSb2F12,0.0,0-0.005,2,15,8,676,6,21,test
mp-1220358,Nb6GaSb,0.0511727571875013,0.04-0.06,200,8,3,33,27,1,test
mp-4177,Dy(SiRu)2,0.0,0-0.005,139,5,3,1233,443,1,test
mp-630923,Ba3Pb5,0.0,0-0.005,63,16,5,880,26,7,test
mp-1226666,CeAl(CuNi)2,0.0166497415972219,0.005-0.02,65,6,4,265,0,1,test
mp-2828,HfN,0.0,0-0.005,225,2,2,3960,145,0,test
mp-1286807,AlV2O4,0.0,0-0.005,74,14,5,299,45,5,test
mp-1105883,Tb4HfAl15,0.0323342959999992,0.02-0.04,166,20,6,1076,1,6,test
mp-776740,Li2MnWO6,0.054368170900001,0.04-0.06,146,10,6,73,21,10,test
mp-769228,Cs5YO4,0.0139427510000027,0.005-0.02,59,20,5,106,7,9,test
mp-1103153,CeSbSe,0.0,0-0.005,129,6,3,472,177,2,test
mp-755471,LuCrO3,0.0,0-0.005,62,20,4,1187,318,7,test
mp-556645,RbNbAsClO5,0.0,0-0.005,129,18,6,472,10,5,test
mp-978809,SmAs2Au,0.0011749706250006,0-0.005,62,16,4,1187,107,8,test
mp-1106087,Ce3Ga2,0.0174674075000007,0.005-0.02,136,20,4,167,9,4,test
mp-754980,ZrMnO3,0.0259074510000036,0.02-0.04,148,10,3,351,48,5,test
mp-861874,LiHoHg2,0.0,0-0.005,225,4,3,3960,2406,0,test
mp-6000,La2Ti3(AgO5)2,0.0585844399999953,0.04-0.06,139,17,8,1233,5,6,test
mp-12920,CePIr,0.0,0-0.005,109,6,3,46,26,3,test
mp-1077791,ZrSc2,0.0,0-0.005,12,6,3,1273,77,6,test
mp-1222847,LaY3Sc4O12,0.0279490265625028,0.02-0.04,6,20,14,163,35,34,test
mp-674348,Gd2MnS4,0.063825590357144,0.06-0.0801,122,14,3,126,68,4,test
mp-867330,Al2FeNi,0.0244080050000006,0.02-0.04,225,4,3,3960,2406,0,test
mp-977053,Pm3Er,0.0226447006250003,0.02-0.04,194,8,2,1129,439,1,test
mp-557655,GdTlS2,0.0,0-0.005,166,4,3,1076,280,1,test
mp-7285,HfNi3,0.0019843296666657,0-0.005,166,12,4,1076,53,3,test
mp-1217915,TaS2,0.0029726016666664,0-0.005,63,6,2,880,64,3,test
mp-1112095,K2InAgI6,0.0777221842500006,0.06-0.0801,225,10,4,3960,923,1,test
mp-21078,Fe3Ge,0.0095206512499999,0.005-0.02,194,8,2,1129,439,1,test
mp-12049,Nd2Sb,0.0103751061111116,0.005-0.02,139,6,3,1233,82,2,test
mp-1029267,CaZrN2,0.0,0-0.005,166,4,3,1076,280,1,test
mp-33932,NbHO3,0.033637553535744,0.02-0.04,1,20,20,470,28,60,test
mp-1208000,Tm2Cu(GeO3)4,0.0070707787280692,0.005-0.02,2,19,10,676,10,27,test
mp-978953,SrAcTl2,0.0,0-0.005,225,4,3,3960,2406,0,test
mp-1113028,Cs2KYBr6,0.0,0-0.005,225,10,4,3960,923,1,test
mp-505618,Ba2CuWO6,0.0396052942499771,0.02-0.04,87,10,5,101,33,3,test
mp-23133,Sr2Cu3(BrO2)2,0.0090920090909065,0.005-0.02,139,11,5,1233,3,2,test
mp-861736,LiSbPd2,0.0,0-0.005,225,4,3,3960,2406,0,test
mp-1187358,TbNd3,0.0289556074999994,0.02-0.04,194,8,2,1129,439,1,test
mp-1008280,CrCo3,0.0629424287500004,0.06-0.0801,221,4,2,820,339,0,test
mp-1189506,Ce5Ge3C,0.0,0-0.005,193,18,4,238,124,2,test
mp-1220941,NaIn(MoSe)6,0.0433225728571446,0.04-0.06,174,14,6,12,1,8,test
mp-1104260,Ho(Mo3Se4)2,0.0560800898333315,0.04-0.06,148,15,4,351,37,7,test
mp-1228392,Ba2CePbO6,0.0,0-0.005,148,10,4,351,38,4,test
mp-676260,Ag9Te4Br3,0.0591235744485296,0.04-0.06,1,16,16,470,4,48,test
mp-759680,LiSi2BiO6,0.0376282181249951,0.02-0.04,15,20,6,533,54,14,test
mp-862778,AlSiRu2,0.0,0-0.005,225,4,3,3960,2406,0,test
mp-1205710,Ce2InRh2,0.0,0-0.005,127,10,3,246,156,2,test
mp-1225258,Eu3Si4,0.0208147200000006,0.02-0.04,44,7,4,187,0,7,test
mp-862492,LiErTl2,0.0,0-0.005,225,4,3,3960,2406,0,test
mp-1223500,KBa3(BiO3)4,0.0,0-0.005,25,20,12,124,2,18,test
mp-23879,Ca(HO)2,0.0,0-0.005,164,5,3,551,130,2,test
mp-1225013,FeMo3As4,0.0779031912500007,0.06-0.0801,6,8,8,163,18,16,test
mp-1207953,Tm5(GeSb)2,0.0,0-0.005,64,18,4,82,8,6,test
mp-1185931,Mn3Pt,0.0107481210344833,0.005-0.02,194,8,2,1129,439,1,test
mp-1221442,MoPd4,0.0113043519999997,0.005-0.02,166,5,3,1076,14,2,test
mp-1216707,TiNbC2,0.0,0-0.005,166,4,3,1076,280,1,test
mp-1188620,Nb3NiSe6,0.0118507717499989,0.005-0.02,182,20,4,27,17,4,test
mp-569344,Zr(CoSi)2,0.0,0-0.005,139,5,3,1233,443,1,test
mp-1519208,KSrNdWO6,0.04896892541666,0.04-0.06,216,10,5,538,130,1,test
mp-157,P,0.0374005591666666,0.02-0.04,64,4,1,82,8,2,test
mp-1184894,In3Sn,0.0332779312500002,0.02-0.04,221,4,2,820,339,0,test
mp-1027492,MoSeS,0.0142055666666669,0.005-0.02,164,12,6,551,19,6,test
mp-675941,Li7IN2,0.0,0-0.005,8,20,15,361,1,35,test
mp-11844,Ho6GaCo2,0.0,0-0.005,71,18,7,419,43,8,test
mp-22808,Dy3(AgSn)4,0.0090043968577067,0.005-0.02,71,11,5,419,49,5,test
mp-1222282,LiNdSe2,0.0644541198437496,0.06-0.0801,123,4,4,626,136,0,test
mp-20443,Ca2Mn2O5,0.0623529247222167,0.06-0.0801,55,18,5,40,6,8,test
mp-863714,Pm2NiRh,0.0,0-0.005,225,4,3,3960,2406,0,test
mp-1393,Sn4Au,0.0049967017500041,0-0.005,68,10,2,1,1,3,test
mp-972327,Zr2CoOs,0.0,0-0.005,225,4,3,3960,2406,0,test
mp-1103651,NdSbSe,0.0,0-0.005,129,6,3,472,177,2,test
mp-23022,KClO3,0.0509303468749999,0.04-0.06,11,10,4,277,33,9,test
mp-971634,NaNiO2,0.0281544393750001,0.02-0.04,194,8,3,1129,110,1,test
mp-755615,Li3Ti4O8,0.0611792663333368,0.06-0.0801,6,15,15,163,0,30,test
mp-1186589,PmHoTl2,0.0,0-0.005,225,4,3,3960,2406,0,test
mp-1690,TaS2,0.0224923466666666,0.02-0.04,164,3,2,551,74,1,test
mp-753945,ClOF3,0.0,0-0.005,2,20,10,676,39,30,test
mp-867812,LiAlNi2,0.0,0-0.005,225,4,3,3960,2406,0,test
mp-124,Ag,0.0036091633333334,0-0.005,225,1,1,3960,26,0,test
mp-7930,Zr3(Cu2Si)2,0.0,0-0.005,189,9,4,469,3,2,test
mp-19373,LiVO3,0.0196741134999998,0.005-0.02,15,20,6,533,36,14,test
mp-1187929,Yb2ZnIn,0.0063862349999999,0.005-0.02,225,4,3,3960,2406,0,test
mp-31164,Ce7Ru3,0.0023293283333325,0-0.005,186,20,4,183,33,7,test
mp-1185147,La3Sm,0.0256690024999999,0.02-0.04,139,4,3,1233,236,0,test
mp-9628,KCdF3,0.0,0-0.005,62,20,4,1187,318,7,test
mp-568625,La3(SiPd)4,0.0257699697727256,0.02-0.04,71,11,6,419,49,5,test
mp-1189265,NaCl3,0.0,0-0.005,62,16,4,1187,80,8,test
mp-1232055,Nd2MgSe4,0.0511492062500007,0.04-0.06,227,14,3,303,127,1,test
mp-1185511,LuHfCo2,0.0,0-0.005,225,4,3,3960,2406,0,test
mp-1207968,TmHfF7,0.0,0-0.005,4,18,9,151,21,27,test
mp-1097916,CsCaCl3,0.0,0-0.005,221,5,3,820,273,0,test
mp-1186252,Nd2Mg,0.0304318050000005,0.02-0.04,12,6,3,1273,77,6,test
mp-32994,Hf4N3,0.0418390357142861,0.04-0.06,139,7,4,1233,3,1,test
mp-22678,Ce2Sb,0.0,0-0.005,139,6,3,1233,82,2,test
mp-1101912,BaSiPt,0.0,0-0.005,198,12,3,67,48,3,test
mp-1080098,Nd3Al,0.0209355025000004,0.02-0.04,194,8,2,1129,439,1,test
mp-1220163,NdGa3Ni,0.0730478160000007,0.06-0.0801,119,5,4,124,19,1,test
mp-1228490,Ba2La2MgTi3O12,0.0399788153750009,0.02-0.04,166,20,7,1076,1,7,test
mp-1220461,NdFe5Co5Mo2,0.0520964101595442,0.04-0.06,2,13,9,676,0,12,test
mp-9882,Y2Si5Rh3,0.0,0-0.005,15,20,7,533,18,13,test
mp-560904,CdHg2SO6,0.0,0-0.005,2,20,10,676,23,30,test
mp-1217418,Te4Mo2Ru,0.0,0-0.005,1,14,14,470,4,42,test
mp-754296,Eu3WO6,0.0496626122000094,0.04-0.06,225,10,4,3960,100,1,test
mp-1212812,Dy4C5,0.0,0-0.005,55,18,5,40,1,8,test
mp-1178550,AlInO3,0.0630337659999993,0.06-0.0801,62,20,4,1187,318,7,test
mp-1225280,DyCuSi,0.0343417366666658,0.02-0.04,187,3,3,312,88,0,test
mp-1227450,Bi3Pd12Pb,0.0157614595312498,0.005-0.02,25,16,9,124,3,15,test
mp-1026911,MoW(SeS)2,0.0760687149999981,0.06-0.0801,156,12,12,302,24,12,test
mp-557030,NaW2(Br3O)2,0.0750780366666665,0.06-0.0801,12,11,6,1273,5,10,test
mp-16726,LiB,0.0772397725000004,0.06-0.0801,74,4,2,299,1,1,test
mp-1184285,GaSn3,0.0636249143749996,0.06-0.0801,194,8,2,1129,439,1,test
mp-561187,NdGa3(BO3)4,0.0142849611354165,0.005-0.02,155,20,7,75,15,7,test
mp-1111421,K3LuCl6,0.0,0-0.005,225,10,4,3960,100,1,test
mp-14036,KRb2RhF6,0.0,0-0.005,225,10,4,3960,923,1,test
mp-24338,Sr5As3H,0.0,0-0.005,193,18,4,238,124,2,test
mp-754358,ZnSeO4,0.0061884533333369,0.005-0.02,63,12,4,880,53,5,test
mp-15236,CrSbSe3,0.0,0-0.005,62,20,5,1187,318,10,test
mp-1216122,Y4Zr3O12,0.0084621631578958,0.005-0.02,1,19,19,470,0,57,test
mp-27361,Nb(SeCl)2,0.007665599966665,0.005-0.02,2,10,5,676,6,15,test
mp-1209465,Rb2Mo(OF2)2,0.0,0-0.005,40,18,7,40,0,16,test
mp-865796,LuCdRh2,0.0,0-0.005,225,4,3,3960,2406,0,test
mp-943,Co3S4,0.0,0-0.005,227,14,3,303,6,1,test
mp-1220509,Nd2CuTe4,0.0335200528571446,0.02-0.04,4,14,7,151,6,21,test
mp-770767,SmCuO3,0.0,0-0.005,62,20,4,1187,318,7,test
mp-16260,Ca(GePd)2,0.0,0-0.005,139,5,3,1233,443,1,test
mp-1245640,Pb4SBr6,0.0340959168181815,0.02-0.04,44,11,7,187,1,11,test
mp-1208576,TaCoAs,0.0,0-0.005,62,12,3,1187,413,6,test
mp-1225626,ErMn4(FeSn3)2,0.0113408941666657,0.005-0.02,35,13,9,17,3,11,test
mp-984720,Ba2AgSb,0.0244805316071436,0.02-0.04,225,4,3,3960,2406,0,test
mp-917,CaC2,0.0131850333333343,0.005-0.02,12,6,3,1273,77,6,test
mp-556233,KAs4ClO6,0.0,0-0.005,191,12,4,355,3,2,test
mp-1095201,ZrCuGe2,0.0,0-0.005,129,8,4,472,65,2,test
mp-1039467,Ca2Mg,0.0133818162499999,0.005-0.02,12,6,3,1273,77,6,test
mp-976344,Nd2ZnGa,0.0054263149999997,0.005-0.02,225,4,3,3960,2406,0,test
mp-959,LaAl3,0.0,0-0.005,194,8,2,1129,439,1,test
mp-1224898,GaAg(GeSe3)2,0.0088576179999986,0.005-0.02,9,20,10,107,6,30,test
mp-1221632,MnCdS2,0.0005573225000006,0-0.005,160,4,4,311,32,4,test
mp-1113045,Cs2KInI6,0.0562625697499998,0.04-0.06,225,10,4,3960,923,1,test
mp-865912,LiZn2Rh,0.0,0-0.005,225,4,3,3960,2406,0,test
mp-1212052,In2Hg5Te8,0.0064569106666665,0.005-0.02,119,15,5,124,0,6,test
mp-3474,LaCuO3,0.0,0-0.005,167,10,3,77,29,1,test
mp-997043,PbAuO2,0.0174533475000009,0.005-0.02,12,8,5,1273,42,6,test
mp-1213201,Er5SbPt2,0.0205331987500008,0.02-0.04,140,16,4,257,52,3,test
mp-1220614,Nb6PbS8,0.0310530793333345,0.02-0.04,147,15,4,40,21,7,test
mp-19770,Fe2O3,0.0,0-0.005,167,10,2,77,25,2,test
mp-1187385,Tc3Ge,0.0621413962500003,0.06-0.0801,225,4,3,3960,122,0,test
mp-1222615,Li2MgSn,0.0,0-0.005,216,4,4,538,51,0,test
mp-1215192,ZrTiCuS4,0.0081184971428598,0.005-0.02,74,14,5,299,53,5,test
mp-862376,Sc2CuTc,0.0017289106249993,0-0.005,225,4,3,3960,2406,0,test
mp-1281376,NiPtO2,0.0369421735000017,0.02-0.04,166,4,3,1076,280,1,test
mp-867927,LiVIr2,0.0,0-0.005,225,4,3,3960,2406,0,test
mp-1186964,Sc3Bi,0.0732820883333333,0.06-0.0801,194,8,2,1129,439,1,test
mp-1183147,Al2FeRh,0.0113899599999998,0.005-0.02,225,4,3,3960,2406,0,test
mp-1218419,SrCaHf2O6,0.0094401060000013,0.005-0.02,26,20,7,68,11,17,test
mp-1103894,Er(CoGe)6,0.0142498569230733,0.005-0.02,191,13,5,355,30,2,test
mp-1224286,HfTiN2,0.0189886149999995,0.005-0.02,166,4,3,1076,280,1,test
mp-1183344,BaSrEu2,0.0655106568750003,0.06-0.0801,225,4,3,3960,2406,0,test
mp-1218979,SmZnAgP2,0.0433964934791655,0.04-0.06,156,5,5,302,21,5,test
mp-7276,ScUS3,0.0280006710000009,0.02-0.04,63,10,4,880,54,4,test
mp-1184495,GdMgHg2,0.0,0-0.005,225,4,3,3960,2406,0,test
mp-1079944,LuCuAs2,0.0,0-0.005,129,8,4,472,65,2,test
mp-779339,Fe3OF5,0.0793886757407333,0.06-0.0801,38,18,10,383,3,17,test
mp-1208706,Sm(Ge3Pt)4,0.0218811596568651,0.02-0.04,204,17,3,122,40,2,test
mp-1104230,Ho3Ga8Ag3,0.0,0-0.005,71,14,6,419,12,6,test
mp-765691,Mn6O5F7,0.0437076906249984,0.04-0.06,38,18,10,383,2,17,test
mp-6754,TmNi2B2C,0.0,0-0.005,139,6,4,1233,23,1,test
mp-1095152,Lu2InAu2,0.0,0-0.005,127,10,3,246,156,2,test
mp-558382,Li2SO4,0.0549303374999974,0.04-0.06,63,14,5,880,24,6,test
mp-1187880,YTm3,0.0080265895833342,0.005-0.02,194,8,2,1129,439,1,test
mp-1025919,MoW2(SeS2)2,0.0656947750000016,0.06-0.0801,156,9,9,302,12,9,test
mp-1178350,ErClO,0.0200952966666676,0.02-0.04,129,6,3,472,177,2,test
mp-1205723,Ce2ScSi2,0.014022354719998,0.005-0.02,127,10,3,246,156,2,test
mp-1020122,MgS2O7,0.0,0-0.005,2,20,11,676,10,27,test
mp-1228331,Ba2Tl3Au,0.0316686112500002,0.02-0.04,8,6,6,361,21,12,test
mp-1315251,Ca3LaMn4O12,0.0785128144250091,0.06-0.0801,1,20,20,470,24,60,test
mp-1219665,PuPaO4,0.0,0-0.005,123,6,3,626,37,1,test
mp-558059,LiMnF4,0.0,0-0.005,14,12,4,575,22,6,test
mp-1024,CaGe2,0.0081965333333329,0.005-0.02,166,6,3,1076,42,3,test
mp-1184532,GdTmIr2,0.0,0-0.005,225,4,3,3960,2406,0,test
mp-1223625,KBa3(FeAs)8,0.0102233117499999,0.005-0.02,2,20,11,676,0,27,test
mp-1104825,Ca2Ni3Ge2,0.0,0-0.005,51,14,6,70,0,5,test
mp-1183847,CoPd3,0.0470537987499994,0.04-0.06,194,8,2,1129,439,1,test
mp-1069147,PrFeGe3,0.0,0-0.005,107,5,4,158,75,4,test
mp-1071216,Pr2Co2SiC,0.0,0-0.005,71,6,4,419,1,2,test
mp-1217811,TaW,0.0,0-0.005,65,2,2,265,21,0,test
mp-861894,Li2LaSn,0.0,0-0.005,225,4,3,3960,2406,0,test
mp-28571,La2Br5,0.0,0-0.005,11,14,7,277,4,14,test
mp-7918,HfGeS,0.0,0-0.005,129,6,3,472,177,2,test
mp-556084,KClO3,0.050906849375,0.04-0.06,62,20,4,1187,318,9,test
mp-2656,Nd3S4,0.0354187832142862,0.02-0.04,220,14,2,111,56,1,test
mp-9592,Yb(MnAs)2,0.0396503868103428,0.02-0.04,164,5,3,551,130,2,test
mp-21244,Cr3RhN,0.0266288446666695,0.02-0.04,221,5,3,820,273,0,test
mp-989194,SnBrCl,0.0734484504166661,0.06-0.0801,129,6,3,472,177,2,test
mp-7147,KCrP2S7,0.0,0-0.005,5,11,7,274,16,15,test
mp-865879,Li2AgAu,0.0,0-0.005,225,4,3,3960,2406,0,test
mp-1220888,NaSr2(SnAs)6,0.0,0-0.005,12,15,6,1273,3,11,test
mp-756371,LiMn2O4,0.0464569104761922,0.04-0.06,160,14,8,311,11,11,test
mp-680754,Ca5CuPb3,0.0494948656666656,0.04-0.06,193,18,4,238,124,2,test
mp-862875,ThGaAu2,0.0165265359558848,0.005-0.02,225,4,3,3960,2406,0,test
mp-867502,Eu2PtAu,0.0177158736458338,0.005-0.02,225,4,3,3960,2406,0,test
mp-1212214,Ho5Tl3,0.0200550281250002,0.02-0.04,140,16,4,257,42,3,test
mp-1224655,GdY(FeO3)2,0.0075857152749954,0.005-0.02,26,20,7,68,11,17,test
mp-1217422,TcRh,0.0071433549999984,0.005-0.02,187,2,2,312,64,0,test
mp-2028,Be2Nb,0.0217831695238084,0.02-0.04,227,6,2,303,132,0,test
mp-1216390,VCrC,0.0458303949074068,0.04-0.06,18,12,4,6,0,8,test
mp-676498,Gd2PbS4,0.0537925474999987,0.04-0.06,122,14,3,126,68,4,test
mp-980392,TmScHg2,0.008122189999999,0.005-0.02,225,4,3,3960,2406,0,test
mp-1223078,La4PtO7,0.0161945342447893,0.005-0.02,1,12,12,470,4,36,test
mp-20449,CeInIr,0.0,0-0.005,189,9,4,469,305,2,test
mp-1111219,K2NaYBr6,0.026533088999999,0.02-0.04,225,10,4,3960,923,1,test
mp-31009,Ho(NiB)2,0.0,0-0.005,15,10,3,533,17,7,test
mp-864977,Dy2AgOs,0.0284206071249997,0.02-0.04,225,4,3,3960,2406,0,test
mp-972351,Tl,0.0,0-0.005,166,3,2,1076,27,1,test
mp-1217958,TaCrB4,0.0180707975000036,0.005-0.02,191,6,3,355,37,1,test
mp-1227383,Ca2AlZn16,0.0,0-0.005,160,19,8,311,8,13,test
mp-1025399,LaAu,0.0009285512500003,0-0.005,62,8,2,1187,70,4,test
mp-1222767,Li2AlCoO4,0.0270725903124988,0.02-0.04,12,8,5,1273,14,6,test
mp-761037,Hg(ClO3)2,0.0,0-0.005,4,18,9,151,7,27,test
mp-672253,CuHgSCl,0.0237823189583332,0.02-0.04,51,16,6,70,3,7,test
mp-20712,EuGe,0.0,0-0.005,63,4,2,880,83,2,test
mp-1306409,Li3Fe2(SiO4)2,0.0439558096666727,0.04-0.06,1,15,15,470,5,45,test
mp-1228405,Ba2AlGa3,0.0142879716666666,0.005-0.02,8,6,6,361,21,12,test
mp-1518599,NaEuHfSbO6,0.0332788046874981,0.02-0.04,216,10,5,538,130,1,test
mp-1217531,ThU3Re8,0.0232951839583339,0.02-0.04,8,12,10,361,6,22,test
mp-19213,Ba2Mn2Sb2O,0.0,0-0.005,194,14,5,1129,1,2,test
mp-1105622,Cs3CoCl5,0.0,0-0.005,140,18,5,257,26,3,test
mp-8974,Ba3Dy4O9,0.0111142768749994,0.005-0.02,146,16,10,73,1,16,test
mp-1206245,Ba2TbPaO6,0.0,0-0.005,225,10,4,3960,923,1,test
mp-1516922,BaSrInWO6,0.0284725473541733,0.02-0.04,2,20,12,676,52,24,test
mp-1027409,Mo3W(SeS)4,0.0765074533333329,0.06-0.0801,156,12,12,302,17,12,test
mp-17207,Tl4GeS4,0.0,0-0.005,9,18,9,107,1,27,test
mp-1103088,DyAl3,0.000969603333333,0-0.005,166,12,4,1076,53,3,test
mp-1221883,Mn2InAgTe4,0.0,0-0.005,121,8,4,101,48,2,test
mp-1143,Al2O3,0.0,0-0.005,167,10,2,77,25,2,test
mp-450,NbB2,0.0,0-0.005,191,3,2,355,57,0,test
mp-19012,CaMoO3,0.0063622724999987,0.005-0.02,62,20,4,1187,318,7,test
mp-1039574,CeMg,0.0507251316666668,0.04-0.06,187,6,4,312,64,2,test
mp-867857,SmH3,0.0484678004166658,0.04-0.06,225,4,3,3960,122,0,test
mp-1184772,Hf3Pb,0.0,0-0.005,139,4,3,1233,236,0,test
mp-989555,Tl2InGaF6,0.0,0-0.005,225,10,4,3960,923,1,test
mp-13064,Dy2O3,0.0619169799999994,0.06-0.0801,164,5,3,551,21,2,test
mp-756505,Cs3ScO3,0.0053540571428563,0.005-0.02,12,14,6,1273,22,11,test
mp-1228402,Ba2NdTlCu2O7,0.0,0-0.005,25,13,8,124,3,13,test
mp-649950,RuC3Br2O3,0.0575779492592598,0.04-0.06,12,18,7,1273,1,15,test
mp-38605,Sn(BiTe2)2,0.0,0-0.005,166,7,4,1076,22,3,test
mp-756261,Ni3OF5,0.0696638582407427,0.06-0.0801,1,18,18,470,24,54,test
mp-568469,Ca4TiN4,0.0,0-0.005,2,18,9,676,23,27,test
mp-542445,K2PaF7,0.0,0-0.005,15,20,6,533,7,14,test
mp-1223977,In5Pt11,0.0203754795833335,0.02-0.04,10,16,10,138,0,12,test
mp-1187269,Tb2TlHg,0.0,0-0.005,225,4,3,3960,2406,0,test
mp-1296745,La2MgFeO6,0.0101391715624989,0.005-0.02,148,10,4,351,38,4,test
mp-12277,CaAgP,0.0,0-0.005,189,9,4,469,305,2,test
mp-5305,CuAsS,0.0,0-0.005,62,12,3,1187,413,6,test
mp-865783,YbHoRh2,0.0,0-0.005,225,4,3,3960,2406,0,test
mp-1183691,CrN,0.0,0-0.005,187,2,2,312,64,0,test
mp-866292,Ba2TlCd,0.0,0-0.005,225,4,3,3960,2406,0,test
mp-1218342,SrCdSn,0.0,0-0.005,12,6,3,1273,58,6,test
mp-1217334,TeMo2S3,0.0537185424999995,0.04-0.06,156,6,6,302,20,6,test
mp-1206592,DyPd2Pb,0.0173718312500001,0.005-0.02,225,4,3,3960,2406,0,test
mp-20022,CeGeIr,0.0,0-0.005,62,12,3,1187,413,6,test
mp-27726,SO2,0.0,0-0.005,41,6,2,8,1,4,test
mp-1177391,Li4MnV3O8,0.0473034076562512,0.04-0.06,12,16,9,1273,36,7,test
mp-1187384,TbTmIn2,0.0,0-0.005,225,4,3,3960,2406,0,test
mp-1228984,AlCu(PSe3)2,0.0,0-0.005,146,10,6,73,21,10,test
mp-1106395,Pr3Ir,0.0,0-0.005,62,16,3,1187,80,7,test
mp-1232,Mo3Pt,0.0468418224999993,0.04-0.06,223,8,2,54,37,0,test
mp-1025393,TmSi2Ni,0.0,0-0.005,63,8,4,880,158,4,test
mp-641923,Cs2SnBr6,0.0,0-0.005,225,9,3,3960,89,1,test
mp-756596,Li2Mn3CuO8,0.0187173421071467,0.005-0.02,166,14,5,1076,78,4,test
mp-1103227,HfCoSi,0.0,0-0.005,62,12,3,1187,413,6,test
mp-1024940,DyInCo4,0.0465786430392149,0.04-0.06,216,6,3,538,136,1,test
mp-12516,NdZnSbO,0.0,0-0.005,129,8,4,472,52,2,test
mp-1186977,ScAu3,0.0631405999999987,0.06-0.0801,225,4,3,3960,122,0,test
mp-1187549,YbPm3,0.0635585568750003,0.06-0.0801,139,4,3,1233,236,0,test
mp-1222832,LaPr(CoP)4,0.0015064326666651,0-0.005,123,10,5,626,12,3,test
mp-862696,CeGa3,0.0,0-0.005,194,8,2,1129,439,1,test
mp-1018690,ErZnGa,0.0213668649999996,0.02-0.04,194,6,3,1129,168,0,test
mp-14726,Na4TiO4,0.0,0-0.005,2,18,9,676,23,27,test
mp-1184672,HfTi3,0.0216615987499988,0.02-0.04,194,8,2,1129,439,1,test
mp-2134,ErAl3,0.0,0-0.005,221,4,2,820,339,0,test
mp-985443,Ag3Hg,0.0211861612500001,0.02-0.04,221,4,2,820,339,0,test
mp-1205865,Rb2NaPdF6,0.0,0-0.005,139,10,5,1233,15,2,test
mp-567458,Ho(PRu)2,0.0,0-0.005,139,5,3,1233,443,1,test
mp-27793,Nb2Se,0.0,0-0.005,12,12,6,1273,77,12,test
mp-1177706,Li3Fe3WO8,0.0740351646666654,0.06-0.0801,12,15,8,1273,6,7,test
mp-1211293,La(YS2)3,0.0,0-0.005,11,20,10,277,19,20,test
mp-1226249,CrCoSi2,0.0763733857500001,0.06-0.0801,4,8,4,151,7,12,test
mp-861941,Ho2PdRu,0.0,0-0.005,225,4,3,3960,2406,0,test
mp-1209635,Pr5Sn3Au,0.0046517968333326,0-0.005,193,18,4,238,124,2,test
mp-1095527,GdGeRh,0.0,0-0.005,62,12,3,1187,413,6,test
mp-1187777,Xe,0.0044498924999999,0-0.005,69,2,1,46,1,1,test
mp-1101822,EuSbPd,0.0,0-0.005,62,12,3,1187,413,6,test
mp-561849,Gd2S2O,0.0142379932499956,0.005-0.02,14,20,5,575,21,15,test
mp-1105625,Ho2Ge5Ru3,0.0,0-0.005,72,20,6,111,33,7,test
mp-1206289,PuAl3Pd2,0.01102045875,0.005-0.02,191,6,3,355,109,0,test
mp-1187870,YTmTl2,0.0,0-0.005,225,4,3,3960,2406,0,test
mp-1218434,SrBi3I3O4,0.0554531795454549,0.04-0.06,107,11,9,158,1,9,test
mp-998152,TlAgF3,0.0163072830000015,0.005-0.02,8,5,4,361,27,9,test
mp-754392,BaEuO2,0.0298471049999999,0.02-0.04,166,4,3,1076,280,1,test
mp-1212118,HoSbRh,0.0,0-0.005,62,12,3,1187,413,6,test
mp-2616,NpO2,0.0,0-0.005,225,3,2,3960,55,0,test
mp-28698,Na4IrO4,0.0,0-0.005,87,9,3,101,2,4,test
mp-1226945,CdFeCu4(SnSe4)2,0.0323029974375002,0.02-0.04,111,16,7,18,1,5,test
mp-779466,Mn4O7F,0.0662049328125,0.06-0.0801,1,12,12,470,4,36,test
mp-9740,BaDy2PdO5,0.0119741094444458,0.005-0.02,127,18,5,246,9,3,test
mp-1228054,Ba3SrMg2(TeO6)2,0.0,0-0.005,160,20,12,311,3,16,test
mp-865854,Yb2CuRh,0.0,0-0.005,225,4,3,3960,2406,0,test
mp-9753,Na2NbF6,0.0,0-0.005,136,18,4,167,33,4,test
mp-1186861,Rb3Na,0.039646477737069,0.02-0.04,194,8,2,1129,439,1,test
mp-756698,Gd(BiO2)4,0.0585689065384515,0.04-0.06,8,13,13,361,0,26,test
mp-753661,SbOF,0.057094096250001,0.04-0.06,14,12,3,575,42,9,test
mp-8323,Dy2S2O,0.0126516434999972,0.005-0.02,62,20,5,1187,26,10,test
mp-1227268,Ce4Ge7,0.0779366313636362,0.06-0.0801,25,11,11,124,0,11,test
mp-1221440,Na(WO3)2,0.0122916049790369,0.005-0.02,139,18,5,1233,6,3,test
mp-23382,Y4CI5,0.0,0-0.005,12,10,6,1273,10,8,test
mp-3166,Th(SiOs)2,0.0,0-0.005,139,5,3,1233,443,1,test
mp-571310,ZrInPt2,0.046393768068178,0.04-0.06,225,4,3,3960,2406,0,test
mp-1210002,NaNbS6,0.0,0-0.005,9,16,8,107,2,24,test
mp-552651,La2Fe2Se2O3,0.0004374173611116,0-0.005,139,9,5,1233,7,2,test
mp-1227088,Ca6Ag3Ge5,0.0,0-0.005,8,14,14,361,0,28,test
mp-553875,Zr2SN2,0.0128058640000006,0.005-0.02,164,5,3,551,130,2,test
mp-1105337,Sm3B(SO)3,0.0,0-0.005,2,20,10,676,0,30,test
mp-1207190,SmBiPd,0.0,0-0.005,216,3,3,538,99,0,test
mp-556777,Li2CO3,0.0668995308333331,0.06-0.0801,193,12,3,238,0,1,test
mp-1227194,CaLa3(FeO3)4,0.0126017478750011,0.005-0.02,6,20,14,163,35,34,test
mp-753677,Li3BiS3,0.048692212142857,0.04-0.06,161,14,3,40,3,7,test
mp-866002,YbTl2Cd,0.0,0-0.005,225,4,3,3960,2406,0,test
mp-7916,HfSiS,0.0,0-0.005,129,6,3,472,177,2,test
mp-1020057,LiLaO2,0.0219134426562481,0.02-0.04,14,16,4,575,40,12,test
mp-18737,Nd2NiO4,0.0739964510714275,0.06-0.0801,64,14,4,82,17,5,test
mp-1224835,Fe2Pb3WO9,0.0345988188749979,0.02-0.04,164,15,6,551,19,4,test
mp-1105165,Sr2YbMoO6,0.0,0-0.005,14,20,6,575,188,12,test
mp-5020,BaTiO3,0.0,0-0.005,160,5,3,311,23,4,test
mp-15252,Cu2GeS3,3.029083333316862e-05,0-0.005,9,12,6,107,11,18,test
mp-1080183,La(PRh)2,0.0,0-0.005,129,10,5,472,69,3,test
mp-9080,CsPrS2,0.0013968000000001,0-0.005,166,4,3,1076,280,1,test
mp-1475,Be12Mo,0.0,0-0.005,139,13,4,1233,22,2,test
mp-19953,ZrCuSi2,0.0173797659375019,0.005-0.02,129,8,4,472,65,2,test
mp-1106218,Sr2ScSbO6,0.0,0-0.005,14,20,6,575,188,12,test
mp-1222167,Mn3Ni4Sb,0.0703037102586199,0.06-0.0801,51,16,6,70,0,5,test
mp-2273,Ag3Sb,0.0508994350000002,0.04-0.06,25,4,4,124,2,4,test
mp-557118,SiO2,0.0200444824999994,0.02-0.04,20,12,4,22,1,8,test
mp-1078672,Ce2CdCu2,0.0288140394999993,0.02-0.04,12,10,4,1273,46,8,test
mp-31303,Pr4Se3N2,0.0,0-0.005,15,18,5,533,21,13,test
mp-1205506,NdSiRu2C,0.0,0-0.005,63,10,4,880,44,4,test
mp-1183304,Ba3Na,0.0549905760416666,0.04-0.06,221,4,2,820,339,0,test
mp-1213161,ErFe6(Sn2Ge)2,0.0064694429487186,0.005-0.02,191,13,5,355,7,2,test
mp-1105239,DyTl(PSe3)2,0.0,0-0.005,4,20,10,151,10,30,test
mp-1079166,Tb(GePt)2,0.0,0-0.005,31,10,5,112,4,10,test
mp-1247753,PmNdTl2,0.0,0-0.005,225,4,3,3960,2406,0,test
mp-753330,Ba2MnO4,0.0210585897618686,0.02-0.04,139,7,4,1233,76,2,test
mp-761128,BaNb5O8,0.0,0-0.005,83,14,5,10,0,6,test
mp-640956,Eu(Sb3Os)4,0.0476220902941184,0.04-0.06,204,17,3,122,40,2,test
mp-510494,La5Sn3,0.0,0-0.005,140,16,4,257,42,3,test
mp-1185326,LiDy2Pt,0.0449081222916669,0.04-0.06,225,4,3,3960,2406,0,test
mp-864808,TbInPd2,0.0,0-0.005,225,4,3,3960,2406,0,test
mp-1217393,U3(CoNi2)2,0.0367546107122507,0.02-0.04,2,18,11,676,16,21,test
mp-1190462,Gd2Al3Ge4,0.0107060650000025,0.005-0.02,64,18,5,82,8,6,test
mp-20152,In(MoSe)3,0.0091664292857132,0.005-0.02,176,14,3,74,42,4,test
mp-561097,Ti2MnO4,0.0750636524384251,0.06-0.0801,227,14,3,303,127,1,test
mp-1212634,ErTeAs,0.0,0-0.005,62,12,3,1187,413,6,test
mp-21253,EuMg,0.0158914750000001,0.005-0.02,221,2,2,820,168,0,test
mp-1018737,KMgP,0.0,0-0.005,129,6,3,472,177,2,test
mp-1214029,Ca3NbO6,0.051933779875001,0.04-0.06,14,20,6,575,35,12,test
mp-1186261,Nd2TlIn,0.0041292750000003,0-0.005,225,4,3,3960,2406,0,test
mp-37693,Nd2EuS4,0.0,0-0.005,122,14,3,126,68,4,test
mp-561722,CsTmCoS3,0.0648076300694446,0.06-0.0801,63,12,5,880,63,5,test
mp-570196,Zr5Sb4,0.0196422619444431,0.005-0.02,193,18,4,238,5,2,test
mp-8429,K4IrO4,0.0,0-0.005,12,9,4,1273,2,7,test
mp-1221704,MnCoPt2,0.0797292095833359,0.06-0.0801,123,4,3,626,136,1,test
mp-862798,Pt3W,0.0115340550000002,0.005-0.02,139,4,3,1233,236,0,test
mp-30401,KAu2,0.0015702113095241,0-0.005,194,12,3,1129,127,2,test
mp-568320,Y4Sb3,0.0192914167857152,0.005-0.02,220,14,2,111,56,1,test
mp-1206977,GdNiAs,0.0,0-0.005,187,3,3,312,88,0,test
mp-1188079,Zr2InNi2,0.0004392639999988,0-0.005,136,20,4,167,21,4,test
mp-1114577,Rb2LiSbI6,0.0522666195000018,0.04-0.06,225,10,4,3960,923,1,test
mp-674,LaPd3,0.0,0-0.005,221,4,2,820,339,0,test
mp-1219248,Sm2CuTe4,0.0358834192857155,0.02-0.04,4,14,7,151,6,21,test
mp-756365,CaCeO3,0.0590732549999994,0.04-0.06,62,20,4,1187,318,7,test
mp-20184,USiRh,0.0,0-0.005,62,12,3,1187,413,6,test
mp-568914,K2WCl6,0.0,0-0.005,225,9,3,3960,89,1,test
mp-19973,LaCoGe3,0.0,0-0.005,107,5,4,158,75,4,test
mp-1105812,Dy2Ge5Ru3,0.0,0-0.005,72,20,6,111,33,7,test
mp-10063,CdSnSb2,0.0,0-0.005,122,8,3,126,51,1,test
mp-546011,YZnAsO,0.0,0-0.005,129,8,4,472,52,2,test
mp-610972,MnGePd,0.0260839688194485,0.02-0.04,189,9,4,469,305,2,test
mp-28614,NaBPt3,0.0,0-0.005,191,10,4,355,0,1,test
mp-1224810,FeNiSb4,0.0162507171666659,0.005-0.02,10,6,4,138,10,4,test
mp-644225,Sr2MgH6,0.0062075636111114,0.005-0.02,164,9,3,551,31,3,test
mp-1224947,FeNiPt6,0.0,0-0.005,123,8,5,626,26,1,test
mp-1185784,Mg3Hg,0.0,0-0.005,194,8,2,1129,439,1,test
mp-1102541,YSi2Rh3,0.0,0-0.005,74,12,4,299,9,4,test
mp-1078712,Hf2TlC,0.0,0-0.005,194,8,3,1129,110,1,test
mp-674355,Co(NiS2)2,0.0,0-0.005,74,14,5,299,45,5,test
mp-755934,LiMnSnO4,0.0017612257142731,0-0.005,74,14,5,299,53,5,test
mp-1104779,Mg(NiGe)6,0.0550237501923076,0.04-0.06,191,13,5,355,30,2,test
mp-35591,LiErS2,0.0102922874999995,0.005-0.02,141,8,3,181,50,1,test
mp-13520,Na2ZnGe,0.0,0-0.005,63,8,3,880,158,3,test
mp-1078192,Eu4Sb2O,0.0,0-0.005,139,7,4,1233,76,2,test
mp-1220728,NaLi(AsS2)2,0.0085843796875,0.005-0.02,1,8,8,470,6,24,test
mp-1224460,HoGa2Ni3,0.0,0-0.005,189,18,6,469,8,5,test
mp-1025572,WSe2,0.0002586850000012,0-0.005,187,9,5,312,17,4,test
mp-1188660,Ba2LuIrO6,0.0018687270000006,0-0.005,225,10,4,3960,923,1,test
mp-754403,ZrO2,0.0148914466666667,0.005-0.02,141,6,2,181,29,1,test
mp-1422,GdPt2,0.0,0-0.005,227,6,2,303,132,0,test
mp-1183209,AgPt,0.0127072400000001,0.005-0.02,187,2,2,312,64,0,test
mp-1225880,CsTaSe3,0.0,0-0.005,186,10,3,183,5,4,test
mp-1221036,NaErF4,0.001684609166662,0-0.005,123,6,3,626,37,1,test
mp-13155,Hf2Ag,0.0,0-0.005,139,3,2,1233,82,1,test
mp-972224,TaGeRh,0.0,0-0.005,62,12,3,1187,413,6,test
mp-22646,InPd2,0.0,0-0.005,62,12,3,1187,102,6,test
mp-1218938,SnPbSe2,0.0037110768749997,0-0.005,166,4,3,1076,280,1,test
mp-1183844,DyHo3,0.01326180625,0.005-0.02,194,8,2,1129,439,1,test
mp-1216445,V9Cr3B8,0.0,0-0.005,10,20,11,138,0,18,test
mp-643658,Na3MgP2HO8,0.0,0-0.005,2,15,9,676,1,18,test
mp-1094760,CeMg3,0.0431134912499997,0.04-0.06,194,8,2,1129,439,1,test
mp-1078623,Zr2BIr6,0.0,0-0.005,225,9,3,3960,89,1,test
mp-1025551,GaPt,0.0,0-0.005,198,8,2,67,13,2,test
mp-7130,ScRu3C,0.0,0-0.005,221,5,3,820,273,0,test
mp-1216671,TmCuTe2,0.027340691458332,0.02-0.04,156,4,4,302,33,4,test
mp-867712,LiAgF4,0.0048227250000003,0-0.005,12,6,4,1273,22,3,test
mp-1217929,TaNb(Cu3Te4)2,0.0001433281250005,0-0.005,115,16,7,112,1,5,test
mp-1113,BW2,0.0,0-0.005,140,6,2,257,38,1,test
mp-26220,MnPO4,0.011608090000001,0.005-0.02,63,12,4,880,53,5,test
mp-1222645,Lu4Ge8Ru,0.0708448780769224,0.06-0.0801,25,13,13,124,19,13,test
mp-865079,TiZnPd2,0.0,0-0.005,225,4,3,3960,2406,0,test
mp-20913,UGeS,0.0,0-0.005,129,6,3,472,177,2,test
mp-755559,LiNbO3,0.0551661699999996,0.04-0.06,12,10,4,1273,24,7,test
mp-1078355,ScNiSn,0.0,0-0.005,189,9,4,469,305,2,test
mp-1205869,Lu2CdPd2,0.0,0-0.005,127,10,3,246,156,2,test
mp-977353,Ta2ReMo,0.0,0-0.005,225,4,3,3960,2406,0,test
mp-1222280,LiInSn,0.0055069500000004,0.005-0.02,216,3,3,538,99,0,test
mp-644492,LuNbO4,0.0,0-0.005,15,12,4,533,49,8,test
mp-1112166,Cs2RbRuF6,0.0,0-0.005,225,10,4,3960,923,1,test
mp-1103307,CaPtPb,0.0,0-0.005,62,12,3,1187,413,6,test
mp-1217017,TiAl6Mo,0.0026239685576898,0-0.005,123,8,5,626,26,1,test
mp-1104820,Ho5Ru2,0.0,0-0.005,15,14,4,533,21,10,test
mp-1208204,Ti5SiSb2,0.0,0-0.005,140,16,4,257,52,3,test
mp-1222310,Lu2C,0.0,0-0.005,166,3,2,1076,42,1,test
mp-11124,CsLaHgSe3,0.0,0-0.005,63,12,5,880,63,5,test
mp-1219490,ReW2,0.0646764416666645,0.06-0.0801,69,3,2,46,3,1,test
mp-1224400,InCuSeS,0.0065481737499997,0.005-0.02,24,8,4,13,6,4,test
mp-1221697,Mn3Si,0.0739209799999986,0.06-0.0801,123,4,3,626,15,1,test
mp-754352,Na3CuO2,0.0229761600000006,0.02-0.04,72,12,4,111,6,3,test
mp-1215297,ZrTi(PbO3)2,0.0330488379062376,0.02-0.04,160,10,6,311,1,8,test
mp-1189327,Sm2Si5Ni3,0.0126212872499991,0.005-0.02,72,20,6,111,33,7,test
mp-1103553,Tm(GaFe)6,0.0,0-0.005,71,13,6,419,31,4,test
mp-4288,TbNiGe2,0.0,0-0.005,63,8,4,880,158,4,test
mp-1205561,Tb2CdPd2,0.0,0-0.005,127,10,3,246,156,2,test
mp-558244,As(IF3)2,0.0,0-0.005,12,18,6,1273,22,15,test
mp-864659,Nd2NiIr,0.0760637180952406,0.06-0.0801,225,4,3,3960,2406,0,test
mp-1225885,Cu2NiSnSe4,0.0432288418958322,0.04-0.06,82,8,5,145,20,3,test
mp-690733,H2SO4,0.0004650000000001,0-0.005,15,14,4,533,11,10,test
mp-1218926,SnPtSe,0.0,0-0.005,198,12,3,67,48,3,test
mp-20743,LaInPd2,0.0,0-0.005,194,8,3,1129,110,1,test
mp-625397,Nd(HO)3,0.0,0-0.005,176,14,3,74,42,4,test
mp-974370,PtRh3,0.0047081408333333,0-0.005,221,4,2,820,339,0,test
mp-1217040,TiAlPd2,0.0303553749999947,0.02-0.04,123,4,3,626,136,1,test
mp-753809,BaCaI4,0.0275185320833335,0.02-0.04,13,12,4,57,23,8,test
mp-1029288,Mg2MnN3,0.0194485940972235,0.005-0.02,36,12,4,174,30,10,test
mp-626062,U3(HO5)2,0.0368582035000049,0.02-0.04,2,15,8,676,2,21,test
mp-1111233,K2NaCeI6,0.0698798617500005,0.06-0.0801,225,10,4,3960,923,1,test
mp-1216171,Y2MnFeO6,0.0285217056041684,0.02-0.04,14,20,6,575,188,12,test
mp-1217733,Tb2Ga3Co14,0.0,0-0.005,160,19,8,311,0,13,test
mp-1217411,Th3U3P8,0.0516232235714273,0.04-0.06,5,14,8,274,2,20,test
mp-973685,NdHo3,0.0188554149999999,0.005-0.02,194,8,2,1129,439,1,test
mp-1185390,LiNdZn2,0.0089976254166668,0.005-0.02,225,4,3,3960,2406,0,test
mp-23044,VBiO4,0.0161012733333194,0.005-0.02,88,12,3,63,44,3,test
mp-1186598,PmHoIr2,0.0,0-0.005,225,4,3,3960,2406,0,test
mp-1449,Pr3S4,0.0312354771428582,0.02-0.04,220,14,2,111,56,1,test
mp-5135,Dy(CoB)2,0.0,0-0.005,139,5,3,1233,443,1,test
mp-866169,KTl2Bi,0.0,0-0.005,225,4,3,3960,2406,0,test
mp-23285,CeBi,0.0,0-0.005,225,2,2,3960,145,0,test
mp-1206662,Cs2TiI6,0.0,0-0.005,225,9,3,3960,89,1,test
mp-570197,Bi2Pd,0.0262050349999993,0.02-0.04,139,3,2,1233,82,1,test
mp-1101628,KNbCl6,0.0014090056250006,0-0.005,31,16,6,112,0,14,test
mp-1220083,Ni9(SnS)2,0.0041428207692311,0-0.005,119,13,7,124,0,6,test
mp-1220634,Nb2Tc,0.0,0-0.005,69,3,2,46,3,1,test
mp-862905,PmGaAu2,0.0012468925000002,0-0.005,225,4,3,3960,2406,0,test
mp-978256,Mg2TlPb,0.0,0-0.005,225,4,3,3960,2406,0,test
mp-1216756,Tm2(B2Rh3)3,0.0014309988529408,0-0.005,191,17,5,355,8,3,test
mp-867854,Ca2ZnRh,0.0196790459722224,0.005-0.02,225,4,3,3960,2406,0,test
mp-10510,BaAlBO3F2,0.0001493524999993,0-0.005,176,16,5,74,3,3,test
mp-1018051,KTiS2,0.0562099268750007,0.04-0.06,166,4,3,1076,280,1,test
mp-1174186,Li4Mn3CoO8,0.0589187392187504,0.04-0.06,12,16,8,1273,36,10,test
mp-865337,Lu2NiIr,0.0,0-0.005,225,4,3,3960,2406,0,test
mp-1215350,ZrFeRe,0.0484678675000029,0.04-0.06,38,12,7,383,68,12,test
mp-1078880,UGaRu,0.0,0-0.005,189,9,4,469,305,2,test
mp-1138,LiF,0.0,0-0.005,225,2,2,3960,145,0,test
mp-348,TmPd,0.0,0-0.005,221,2,2,820,168,0,test
mp-758441,Li4(NiO2)5,0.0653574330921058,0.06-0.0801,2,19,10,676,1,27,test
mp-582618,Eu2C(NCl)2,0.0,0-0.005,12,7,4,1273,17,6,test
mp-1216397,VCrAs2,0.0176291937500003,0.005-0.02,26,8,4,68,22,8,test
mp-685969,Ag8GeTe6,0.0218380378333318,0.02-0.04,1,15,15,470,2,45,test
mp-1225671,DyTiCo11,0.0121661339160841,0.005-0.02,44,13,8,187,13,12,test
mp-756342,AgBrO4,0.0569348688194457,0.04-0.06,88,12,3,63,44,3,test
mp-1183897,Cs,0.0386768960689655,0.02-0.04,213,20,2,5,4,2,test
mp-9407,Nb3SnS6,0.0001446074999966,0-0.005,193,20,4,238,3,2,test
mp-10523,CeSiO4,0.0335839333333485,0.02-0.04,141,12,3,181,58,2,test
mp-540998,FeTeBr7,0.0,0-0.005,1,18,18,470,1,54,test
mp-1220193,NdGaSb2,0.0150366812499997,0.005-0.02,122,16,5,126,51,3,test
mp-759790,Ag2Hg5,0.079788250952381,0.06-0.0801,127,14,3,246,5,3,test
mp-1186670,PuAs3,0.0329861599999992,0.02-0.04,221,4,2,820,339,0,test
mp-8375,Th(SiTc)2,0.0,0-0.005,139,5,3,1233,443,1,test
mp-6521,LiLaTiO4,0.0287709680357171,0.02-0.04,129,14,6,472,5,5,test
mp-24121,Tb(HO)3,0.0163348739285691,0.005-0.02,176,14,3,74,42,4,test
mp-1222533,Li4SiGe3O10,0.0415562924999948,0.04-0.06,1,18,18,470,1,54,test
mp-1209825,NdMgAg,0.0,0-0.005,189,9,4,469,305,2,test
mp-1101445,NbVO4,0.0660048257589505,0.06-0.0801,15,12,4,533,49,8,test
mp-1221536,Mn2SnPd3,0.0,0-0.005,164,12,7,551,47,5,test
mp-1172870,K2Ho4Cu4S9,0.0,0-0.005,12,19,10,1273,2,18,test
mp-1104693,LiCa2HC3,0.0,0-0.005,127,14,5,246,0,2,test
mp-1189729,Ba2SmGaTe5,0.0105326898611091,0.005-0.02,2,18,9,676,8,27,test
mp-28448,DyCl3,0.0,0-0.005,63,8,3,880,33,4,test
mp-19815,Eu2VO4,0.0,0-0.005,139,7,4,1233,76,2,test
mp-1219493,ReMo3,0.0651010393749977,0.06-0.0801,65,4,3,265,13,1,test
mp-570822,Tb3AlC,0.0,0-0.005,221,5,3,820,273,0,test
mp-27355,Pb2OF2,0.0,0-0.005,137,20,3,24,1,4,test
mp-753390,Li3VF6,0.0313148184999994,0.02-0.04,14,20,6,575,35,12,test
mp-12674,MnAu,0.0729270930172418,0.06-0.0801,221,2,2,820,168,0,test
mp-764086,V4OF11,0.0022126002083275,0-0.005,1,16,16,470,6,48,test
mp-1018121,TiPd2,0.0012809466666654,0-0.005,139,3,2,1233,82,1,test
mp-28230,TlSbS2,0.0,0-0.005,2,16,8,676,16,24,test
mp-1207986,Tm5SbPd2,0.0,0-0.005,140,16,4,257,52,3,test
mp-1216687,TiVH4,0.0098949999999993,0.005-0.02,166,6,4,1076,11,2,test
mp-6145,Ba2LuRuO6,0.0,0-0.005,225,10,4,3960,923,1,test
mp-1072598,ErCdNi4,0.0,0-0.005,216,6,3,538,136,1,test
mp-26982,MnP2O7,0.0077395152499999,0.005-0.02,4,20,10,151,9,30,test
mp-12105,RbO2,0.0,0-0.005,139,3,2,1233,82,1,test
mp-861621,Eu2Fe2O5,0.0684725567592661,0.06-0.0801,123,9,5,626,10,2,test
mp-27182,GdBr3,0.0,0-0.005,12,8,3,1273,15,6,test
mp-1519128,NaSrDyWO6,0.0335913222410715,0.02-0.04,216,10,5,538,130,1,test
mp-1039124,MgCd,0.0111503149999998,0.005-0.02,123,2,2,626,49,0,test
mp-1206971,Tm2FeSi2,0.0,0-0.005,12,10,5,1273,46,10,test
mp-1226753,CdBiIO2,0.031678744625001,0.02-0.04,107,5,4,158,10,4,test
mp-1186244,PmNd3,0.0130691681249999,0.005-0.02,139,4,3,1233,236,0,test
mp-1177575,Li3Nb(FeO2)4,0.0401857092187505,0.04-0.06,12,16,9,1273,36,7,test
mp-1184858,InCu3,0.024725454166667,0.02-0.04,194,8,2,1129,439,1,test
mp-1205803,Ba2ErTaO6,0.0,0-0.005,225,10,4,3960,923,1,test
mp-1101803,NdGaPd,0.0,0-0.005,62,12,3,1187,413,6,test
mp-1226017,CoNiTe2,0.0492923380468743,0.04-0.06,164,4,3,551,25,1,test
mp-1105347,Eu5(MoO6)2,0.0707225303947467,0.06-0.0801,12,19,8,1273,8,15,test
mp-1221333,MnNiSb2,0.0395741687499997,0.02-0.04,164,4,3,551,25,1,test
mp-23361,Li5CrCl8,0.0114315385714292,0.005-0.02,65,14,6,265,3,5,test
mp-1001833,InBi,0.0259400624999996,0.02-0.04,216,2,2,538,32,0,test
mp-11461,HoHg2,0.0184334575,0.005-0.02,191,3,2,355,57,0,test
mp-865165,HfScCo2,0.0,0-0.005,225,4,3,3960,2406,0,test
mp-1205942,Tm2NiGe6,0.0144684525,0.005-0.02,38,9,9,383,39,9,test
mp-541226,CsBrF6,0.0,0-0.005,148,8,3,351,67,3,test
mp-768600,Al(NiO2)2,0.0130756192857104,0.005-0.02,227,14,3,303,127,1,test
mp-1078918,ZnCu2SnSe4,0.0053447316874999,0.005-0.02,82,8,5,145,20,3,test
mp-867181,SmMgHg2,0.0,0-0.005,225,4,3,3960,2406,0,test
mp-867928,ScGaRh2,0.0,0-0.005,225,4,3,3960,2406,0,test
mp-998397,KCrCl3,0.0198709826666663,0.005-0.02,161,10,3,40,34,5,test
mp-9297,Ba(AuO2)2,0.0,0-0.005,88,14,3,63,14,3,test
mp-1298582,Mg2MnWO6,0.0,0-0.005,146,10,6,73,21,10,test
mp-1007910,NaEuS2,0.0,0-0.005,166,4,3,1076,280,1,test
mp-19390,WO3,0.0017776675000007,0-0.005,221,4,2,820,339,0,test
mp-11449,HfMn2,0.0,0-0.005,194,12,3,1129,127,2,test
mp-15753,Ba3(LiAs)4,0.0,0-0.005,71,11,5,419,49,5,test
mp-10184,MgSbPt,0.0,0-0.005,216,3,3,538,99,0,test
mp-569227,NpAl2Pd5,0.0,0-0.005,139,8,4,1233,3,2,test
mp-1238789,CsPb2I5,0.0376138621874999,0.02-0.04,140,16,4,257,52,3,test
mp-1077796,LaInPt4,0.0,0-0.005,216,6,3,538,136,1,test
mp-862725,ScTc2W,0.0,0-0.005,225,4,3,3960,2406,0,test
mp-1018638,Tb3AlN,0.0,0-0.005,221,5,3,820,273,0,test
mp-554199,RbSnIO6,0.0,0-0.005,182,18,4,27,0,3,test
mp-1184075,Er2AgHg,0.0036461850000004,0-0.005,225,4,3,3960,2406,0,test
mp-985287,AgAu3,0.0073798312500001,0.005-0.02,194,8,2,1129,439,1,test
mp-1225565,Dy4CrGe8,0.0760718699999998,0.06-0.0801,25,13,13,124,19,13,test
mp-978548,SmEr3,0.0278663387499999,0.02-0.04,139,4,3,1233,236,0,test
mp-1226605,CeCuSi2Ni,0.0,0-0.005,119,5,4,124,29,1,test
mp-8934,Cs2SnAs2,0.0,0-0.005,72,10,3,111,26,4,test
mp-675020,Li4MoO5,0.0266285440000011,0.02-0.04,79,10,4,4,0,8,test
mp-571021,K5InPb8,0.0,0-0.005,166,14,6,1076,3,5,test
mp-1256,HoGa2,0.0,0-0.005,191,3,2,355,57,0,test
mp-20783,YFeO3,0.0118179143750012,0.005-0.02,62,20,4,1187,318,7,test
mp-579544,Ca6Cu2Sn7,0.0,0-0.005,12,15,8,1273,3,14,test
mp-1219557,RbMnCuS2,0.0,0-0.005,119,5,4,124,29,1,test
mp-1207841,V5Si3N,0.0,0-0.005,193,18,4,238,124,2,test
mp-1219428,Sc2FeB2RuRh4,0.0,0-0.005,127,20,5,246,0,4,test
mp-777888,LiFeF3,0.0362696869999989,0.02-0.04,146,20,8,73,8,20,test
mp-1101891,LaSbSe,0.0,0-0.005,14,12,3,575,42,9,test
mp-1516448,SrEuNb4O12,0.0724415722222229,0.06-0.0801,38,18,8,383,5,16,test
mp-1209080,RbTaCl6,0.0,0-0.005,15,16,5,533,11,10,test
mp-1377,ThCu2,0.0,0-0.005,191,3,2,355,57,0,test
mp-1274483,NaNiO2,0.0127534043750001,0.005-0.02,11,8,3,277,20,5,test
mp-7352,MgCuP,0.0,0-0.005,62,12,3,1187,413,6,test
mp-1087511,UFeAs2,0.0,0-0.005,129,8,4,472,65,2,test
mp-865148,PaAlTc2,0.0,0-0.005,225,4,3,3960,2406,0,test
mp-21119,CeNiSn,0.0,0-0.005,62,12,3,1187,413,6,test
mp-757162,Bi3O4F,0.0207465743749999,0.02-0.04,13,16,5,57,6,11,test
mp-1206296,Y2CoSi2,0.0144764137500006,0.005-0.02,12,10,5,1273,46,10,test
mp-752454,VOF,0.0386032216666656,0.02-0.04,6,18,18,163,5,36,test
mp-13660,Ca4Sb2O,0.0,0-0.005,139,7,4,1233,76,2,test
mp-1094576,Li2Mg,0.0136749150000001,0.005-0.02,189,6,3,469,20,1,test
mp-1105695,Er3Sb4Au3,0.0,0-0.005,220,20,3,111,40,1,test
mp-600561,LiRh,0.0,0-0.005,187,2,2,312,64,0,test
mp-982376,SrHg3,0.0166754037499998,0.005-0.02,59,8,3,106,20,4,test
mp-597,TiNi,0.0227007616666661,0.02-0.04,157,18,8,6,1,12,test
mp-11204,Tm6FeSb2,0.0,0-0.005,189,9,4,469,57,2,test
mp-1207009,Ba2HfUO6,0.0315239690000037,0.02-0.04,225,10,4,3960,923,1,test
mp-29345,LiGaI3,0.0,0-0.005,11,20,8,277,33,14,test
mp-582572,ErNiGe2,0.0,0-0.005,71,16,6,419,20,8,test
mp-21880,NaFeO2,0.0270229725000001,0.02-0.04,92,16,3,12,3,5,test
mp-1206981,BaYb2F8,0.0127707080681815,0.005-0.02,12,11,5,1273,7,7,test
mp-2500,AlCu,0.0,0-0.005,12,10,6,1273,24,8,test
mp-1224833,Gd2MnCoO6,0.0,0-0.005,14,20,6,575,188,12,test
mp-9,Y,0.0239633433333334,0.02-0.04,225,1,1,3960,26,0,test
mp-1217779,Ta2BiO6F,0.0497197606111026,0.04-0.06,74,20,7,299,1,6,test
mp-1103932,Dy2Te5,0.0610079357142856,0.06-0.0801,63,14,7,880,6,7,test
mp-1112939,Cs2SmAgCl6,0.0,0-0.005,225,10,4,3960,923,1,test
mp-1209180,RbSc(MoO4)2,0.0,0-0.005,164,12,5,551,18,4,test
mp-11200,LaMg2Ni,0.0,0-0.005,63,8,3,880,158,4,test
mp-23264,TiI3,0.0,0-0.005,59,16,5,106,20,8,test
mp-1100961,U5P3Se2,0.0,0-0.005,15,20,8,533,18,11,test
mp-1183185,AcYbAu2,0.0,0-0.005,225,4,3,3960,2406,0,test
mp-567258,LaZn2,0.0,0-0.005,74,6,2,299,44,3,test
mp-12497,CsSmCdTe3,0.0,0-0.005,63,12,5,880,63,5,test
mp-1190111,GaHCl2,0.0,0-0.005,15,16,4,533,25,12,test
mp-1520042,SrEuInSbO6,0.070960640619031,0.06-0.0801,216,10,5,538,130,1,test
mp-567408,Sm(SiOs)2,0.0,0-0.005,139,5,3,1233,443,1,test
mp-1025925,Mo3(SeS2)2,0.0129400266666666,0.005-0.02,187,9,5,312,5,4,test
mp-1222397,Lu4MnS7,0.0439559091666668,0.04-0.06,8,12,12,361,25,24,test
mp-636403,PuNi3,0.0,0-0.005,166,12,5,1076,53,4,test
mp-864745,Na3ZrF8,0.0198471464583338,0.005-0.02,139,12,4,1233,6,2,test
mp-9089,CsTmS2,0.00180721125,0-0.005,166,4,3,1076,280,1,test
mp-862986,PmBr3,0.0,0-0.005,194,8,2,1129,439,1,test
mp-1209056,Sc2NiB2Ir5,0.0,0-0.005,127,20,5,246,18,4,test
mp-1102104,Ho2Pt,0.0,0-0.005,62,12,3,1187,102,6,test
mp-1076970,LaScSb,0.0,0-0.005,139,6,3,1233,40,2,test
mp-757205,Y2Th5O13,0.0565520474375009,0.04-0.06,160,20,20,311,4,20,test
mp-6309,La3Cu4(P2O)2,0.0,0-0.005,139,13,6,1233,3,4,test
mp-849086,CuS2,0.0,0-0.005,58,6,2,59,33,2,test
mp-242,SrB6,0.0,0-0.005,221,7,2,820,12,1,test
mp-973267,KTcO3,0.0,0-0.005,221,5,3,820,273,0,test
mp-753219,Li3MnNi3O8,0.0216586622500027,0.02-0.04,12,15,8,1273,6,7,test
mp-972502,Sm3Dy,0.0116087337499992,0.005-0.02,221,4,2,820,339,0,test
mp-34195,BaCO3,0.0353595899999996,0.02-0.04,11,10,4,277,33,9,test
mp-41191,Na3Ti2P2O10F,0.0052636478935088,0.005-0.02,42,18,8,42,0,15,test
mp-1183620,CaEu3,0.0455504762499998,0.04-0.06,139,4,3,1233,236,0,test
mp-1103008,EuMgPb,0.0,0-0.005,62,12,3,1187,413,6,test
mp-20032,VPbO3,0.0220541723124982,0.02-0.04,99,5,4,88,14,4,test
mp-1216919,UGaAu,0.0,0-0.005,71,6,3,419,4,3,test
mp-989586,SrTcN3,0.0199077949999999,0.005-0.02,20,10,4,22,1,6,test
mp-1095568,CeMgSn,0.0,0-0.005,62,12,3,1187,413,6,test
mp-29299,TeSeO4,0.0018294408333332,0-0.005,9,12,6,107,1,18,test
mp-569529,Ba2Bi3,0.0,0-0.005,71,5,3,419,4,2,test
mp-1223986,In2(HgTe2)3,0.006608232727272,0.005-0.02,5,11,6,274,2,16,test
mp-542704,CsHCO2,0.0663004608333359,0.06-0.0801,57,20,5,31,2,9,test
mp-568865,ZrTe,0.0241048112499937,0.02-0.04,62,8,2,1187,70,4,test
mp-1100346,Ca2Sn3S8,0.0411428548076884,0.04-0.06,166,13,4,1076,12,4,test
mp-753491,Fe3(OF)2,0.0435287442857124,0.04-0.06,14,14,4,575,16,9,test
mp-2391,YbPd3,0.0,0-0.005,221,4,2,820,339,0,test
mp-1187298,Sr3Eu,0.0429952787499998,0.04-0.06,194,8,2,1129,439,1,test
mp-1104435,La3Pd4,0.0,0-0.005,148,14,4,351,23,6,test
mp-1258028,ZnSi2NiO6,0.0282111182499971,0.02-0.04,15,20,6,533,54,14,test
mp-1219965,PrMn2SiGe,0.0268299252500012,0.02-0.04,107,5,4,158,10,4,test
mp-9166,MgCN2,0.0,0-0.005,166,4,3,1076,280,1,test
mp-1239271,NbCr3(AgS4)2,0.0437283952018701,0.04-0.06,10,14,7,138,3,9,test
mp-694931,Sr2CoWO6,0.0012705765000129,0-0.005,12,10,5,1273,36,7,test
mp-1221804,Mn3NiP2,0.0,0-0.005,26,12,6,68,2,12,test
mp-663,NdGe,0.0,0-0.005,63,4,2,880,83,2,test
mp-1212446,Na6FeCl8,0.0133019986666678,0.005-0.02,225,15,4,3960,14,1,test
mp-1105330,Cs5U2S4ICl8,0.0,0-0.005,71,20,7,419,0,9,test
mp-1212992,Eu2ZnPtO6,0.0129922841874936,0.005-0.02,14,20,6,575,188,12,test
mp-11465,Mg5Hg3,0.0,0-0.005,193,16,3,238,93,2,test
mp-1030354,Te4Mo3WS4,0.0792362783333331,0.06-0.0801,156,12,12,302,17,12,test
mvc-12764,Ca3Fe2(MoO6)2,0.0753085357236909,0.06-0.0801,1,19,19,470,2,57,test
mp-1609,Cr3Ir,0.0183214725000002,0.005-0.02,223,8,2,54,37,0,test
mp-753112,LiMn3O6,0.0496499883749965,0.04-0.06,9,20,10,107,2,30,test
mp-1184448,Gd2TlHg,0.0,0-0.005,225,4,3,3960,2406,0,test
mp-542791,ZrNCl,0.0008090233333248,0-0.005,166,6,3,1076,18,3,test
mp-675011,CsPF6,0.0,0-0.005,166,8,3,1076,15,2,test
mp-1184522,GdLuCu2,0.0,0-0.005,225,4,3,3960,2406,0,test
mp-14207,Ba(ZnSb)2,0.0,0-0.005,62,20,5,1187,26,10,test
mp-1222146,MgIn2Ga2CuO8,0.0316988582142823,0.02-0.04,6,14,14,163,0,28,test
mp-1102030,YTc2,0.0,0-0.005,194,12,3,1129,127,2,test
mp-8152,Li2CeAs2,0.0,0-0.005,164,5,3,551,130,2,test
mp-1220782,Nb12Ga3Ge,0.0567814077604165,0.04-0.06,47,16,8,83,7,7,test
mp-755348,Li2TiNi2O5,0.0452681219999995,0.04-0.06,15,20,8,533,3,11,test
mp-840,SmRh2,0.0,0-0.005,227,6,2,303,132,0,test
mp-1205706,Ba2LuBiO6,0.0016597259999997,0-0.005,225,10,4,3960,923,1,test
mp-5365,DyCuSi,0.0,0-0.005,194,6,3,1129,168,0,test
mp-1096942,CsBiSe2,0.07610959325,0.06-0.0801,156,4,4,302,33,4,test
mp-865382,V3Ru,0.0,0-0.005,225,4,3,3960,122,0,test
mp-3197,TbAlPd,0.0026296802777778,0-0.005,189,9,4,469,305,2,test
mp-7891,Mg3As2,0.0195709829999986,0.005-0.02,164,5,3,551,21,2,test
mp-1187154,SrIn3,0.0525737615000001,0.04-0.06,221,4,2,820,339,0,test
mp-1080399,ThB2Rh2C,0.0,0-0.005,139,6,4,1233,23,1,test
mp-510076,Rb7Au5O2,0.0,0-0.005,71,14,7,419,1,6,test
mp-555821,Na4Cu(AsO4)2,0.0160873710000011,0.005-0.02,2,15,8,676,3,21,test
mp-1095660,EuIn4Cu,0.0,0-0.005,63,12,5,880,53,5,test
mp-571306,Ca2Zn2CuP3,0.0,0-0.005,194,16,5,1129,1,3,test
mp-21413,RbMnP,0.0220648099999989,0.02-0.04,129,6,3,472,177,2,test
mp-1229038,AlGaCu2(SeS)2,0.0316486943749998,0.02-0.04,5,8,6,274,4,10,test
mp-1095552,La(Ge2Rh3)2,0.0,0-0.005,187,11,5,312,11,3,test
mp-759512,NaNi3O4,0.0400436271875026,0.04-0.06,2,16,9,676,5,21,test
mp-2673,YbPb,0.0,0-0.005,123,2,2,626,49,0,test
mp-31426,HoInNi,0.0,0-0.005,189,9,4,469,305,2,test
mp-1232144,Gd2MgSe4,0.0758411453571437,0.06-0.0801,122,14,3,126,68,4,test
mp-27471,NbPS,0.0625578009444414,0.06-0.0801,71,6,3,419,4,3,test
mp-1030518,TeMoWSeS2,0.0769197229166653,0.06-0.0801,156,12,12,302,1,12,test
mp-30027,RbCrCl3,0.0195884428333315,0.005-0.02,15,20,6,533,36,13,test
mp-1021466,CsPPb(IF3)2,0.0798190779545526,0.06-0.0801,123,11,6,626,0,2,test
mp-560008,PNF2,0.0,0-0.005,36,8,3,174,6,7,test
mp-865885,CeAgHg2,0.0,0-0.005,225,4,3,3960,2406,0,test
mp-568053,Tb4Ga12Pt,0.0,0-0.005,229,17,4,95,20,1,test
mp-1227217,CaTaNO2,0.0597119573000046,0.04-0.06,14,20,6,575,2,12,test
mp-1221421,Na(Nb3S4)2,0.001505007081298,0-0.005,147,15,4,40,21,7,test
mp-1096952,Eu2SnSe5,0.0145641637500002,0.005-0.02,55,16,5,40,2,6,test
mp-978528,SmMg2Sc,0.0151970443749998,0.005-0.02,225,4,3,3960,2406,0,test
mp-1228646,Ba(GeAu)2,0.0,0-0.005,139,5,3,1233,443,1,test
mp-1216156,Y2(CuNi)5,0.0,0-0.005,47,12,7,83,10,4,test
mp-980426,TmAlAg2,0.0,0-0.005,225,4,3,3960,2406,0,test
mp-1018139,HoNiBi,0.0,0-0.005,216,3,3,538,99,0,test
mp-19318,Ag2MoO4,0.0010243624999999,0-0.005,227,14,3,303,127,1,test
mp-19934,CeMgPt,0.0,0-0.005,189,9,4,469,305,2,test
mp-570595,DySiRu2C,0.0,0-0.005,63,10,4,880,44,4,test
mp-1187962,YbBiRh2,0.009898620300925,0.005-0.02,225,4,3,3960,2406,0,test
mp-4008,ZnGeAs2,0.0,0-0.005,122,8,3,126,51,1,test
mp-1185419,LiSiPt2,0.0173017635937497,0.005-0.02,225,4,3,3960,2406,0,test
mp-1101796,TbCrO4,0.0232051799999997,0.02-0.04,88,12,3,63,44,3,test
mp-1094582,LiMg2,0.042908778333333,0.04-0.06,194,6,2,1129,127,1,test
mp-16764,RbYTe2,0.0,0-0.005,194,8,3,1129,110,1,test
mp-1114489,Rb3AlCl6,0.0651218190000006,0.06-0.0801,225,10,4,3960,100,1,test
mp-1224291,HfTaB2,0.0151397595833326,0.005-0.02,38,4,4,383,41,4,test
mp-22881,CdCl2,0.0,0-0.005,166,3,2,1076,42,1,test
mp-775295,Li2MnCr3O8,0.0208277058730139,0.02-0.04,166,14,5,1076,78,4,test
mp-30245,Mg3H4O5,0.0144077966666698,0.005-0.02,164,12,7,551,0,5,test
mp-1080757,Ta2CrB2,0.0,0-0.005,127,10,3,246,156,2,test
mp-30100,Li2B2Se5,0.0,0-0.005,15,18,5,533,5,13,test
mp-1226134,Cs4TlSbCl12,0.0011955216666668,0-0.005,123,18,7,626,4,5,test
mp-1221753,MnCr4CdSe8,0.0,0-0.005,216,14,5,538,21,3,test
mp-1186343,NdGdHg2,0.0042658774999999,0-0.005,225,4,3,3960,2406,0,test
mp-753496,LiCoSnO4,0.0577815971428536,0.04-0.06,74,14,5,299,53,5,test
mp-1208994,ScTl(SO4)2,0.0049328805208315,0-0.005,150,12,5,21,12,5,test
mp-1188656,Nd3Os,0.0,0-0.005,62,16,3,1187,80,7,test
mp-1219367,ScMn6GaGe5,0.0005485217663876,0-0.005,187,13,7,312,3,3,test
mvc-15694,CaSbF6,0.0590407920312507,0.04-0.06,148,8,3,351,67,3,test
mp-20706,EuPPd,0.0,0-0.005,194,6,3,1129,168,0,test
mp-1104297,Yb3Ga9Pd2,0.0,0-0.005,71,14,6,419,9,6,test
mp-1111502,K3AlCl6,0.0775806874999989,0.06-0.0801,225,10,4,3960,100,1,test
mp-608321,Eu3As4,0.0197977719047646,0.005-0.02,9,14,7,107,0,21,test
mp-8194,Ba2GeP2,0.0,0-0.005,14,20,5,575,21,15,test
mp-1104173,Sr2GdCu2RuO8,0.0484253107142587,0.04-0.06,123,14,7,626,6,4,test
mp-7560,LuBO3,0.0,0-0.005,167,10,3,77,29,1,test
mp-1080073,MnTe,0.0124822917672418,0.005-0.02,194,4,2,1129,52,0,test
mp-1079860,HfGaNi,0.0,0-0.005,189,9,4,469,305,2,test
mp-21249,YMnSi,0.0,0-0.005,129,6,3,472,177,2,test
mp-1106245,Zr5AlSb3,0.0,0-0.005,193,18,4,238,124,2,test
mp-1183873,CeEuZn2,0.0392338556250004,0.02-0.04,225,4,3,3960,2406,0,test
mp-675677,Yb(SmS2)2,0.0010949625000025,0-0.005,122,14,3,126,68,4,test
mp-102,Co,0.0161139949999995,0.005-0.02,225,1,1,3960,26,0,test
mp-3553,KTeAu,0.0,0-0.005,194,6,3,1129,168,0,test
mp-1095454,HoVO4,0.0365190158333348,0.02-0.04,88,12,3,63,44,3,test
mp-1183162,AlFe3,0.0,0-0.005,221,4,2,820,339,0,test
mp-505066,NaFeF3,0.0,0-0.005,62,20,4,1187,318,7,test
mp-1225262,DyAgSn2,0.0160123689130422,0.005-0.02,123,4,3,626,136,0,test
mp-747,BaPt2,0.0,0-0.005,227,6,2,303,132,0,test
mp-31328,MnInPd2,0.0,0-0.005,225,4,3,3960,2406,0,test
mp-1223493,KBa2Nb3O9,0.0,0-0.005,164,15,6,551,19,4,test
mp-16343,LiInGe,0.0,0-0.005,216,3,3,538,99,0,test
mp-1184872,HoTmCd2,0.0065097924999997,0.005-0.02,225,4,3,3960,2406,0,test
mp-1219430,Sc2AlCo3,0.0397276066666663,0.02-0.04,166,6,3,1076,53,1,test
mp-1102534,POsS,0.0,0-0.005,14,12,3,575,42,9,test
mp-19456,AlV2O4,0.0531973842857134,0.04-0.06,227,14,3,303,127,1,test
mp-755493,CrSbO4,0.0675516529166664,0.06-0.0801,119,6,4,124,10,2,test
mp-4022,Zr2CoSi2,0.0,0-0.005,12,10,5,1273,46,10,test
mp-1232372,ScBC,0.0009335483333323,0-0.005,194,6,3,1129,168,0,test
mp-975880,PrSmMg2,0.0065581249999997,0.005-0.02,225,4,3,3960,2406,0,test
mp-1220086,Ni3Mo2P,0.0190493283333275,0.005-0.02,194,12,3,1129,48,2,test
mp-998949,TiPt,0.0,0-0.005,51,4,2,70,26,2,test
mp-1077032,CeZn2,0.0042199316666664,0-0.005,74,6,2,299,44,3,test
mp-568137,Cs3Mg2Cl7,0.022663858333332,0.02-0.04,139,12,6,1233,14,4,test
mp-7186,NdAl3Ni2,0.0,0-0.005,191,6,3,355,109,0,test
mp-1079266,Pr3Al,0.0239947762500003,0.02-0.04,194,8,2,1129,439,1,test
mp-12701,NdSn2,0.0,0-0.005,65,6,4,265,8,2,test
mp-18896,V6O13,0.0180963634210655,0.005-0.02,12,19,10,1273,0,18,test
mp-999177,SmGa,0.0,0-0.005,63,4,2,880,83,2,test
mp-1277718,Cr4OF11,0.0404397492291668,0.04-0.06,1,16,16,470,6,48,test
mp-15733,CaTaAlO5,0.0,0-0.005,15,16,6,533,8,9,test
mp-989645,YWN3,0.0145567045000003,0.005-0.02,11,10,5,277,33,10,test
mp-1094987,MgAl,0.0546824187500027,0.04-0.06,51,4,2,70,26,2,test
mp-1522463,BaSrCaSeO6,0.0221191277499954,0.02-0.04,216,10,5,538,130,1,test
mp-1103625,Np2Se5,0.0,0-0.005,137,14,3,24,0,3,test
mp-1224476,Ho3(NiRu2)2,0.0,0-0.005,2,18,11,676,16,21,test
mp-770830,HoBiO3,0.035860140375,0.02-0.04,62,20,4,1187,318,7,test
mp-2199,Fe3Si,0.0,0-0.005,225,4,3,3960,122,0,test
mp-10999,LuGeIr,0.0,0-0.005,62,12,3,1187,413,6,test
mp-675283,TlPF6,0.0008159437499992,0-0.005,166,8,3,1076,15,2,test
mp-11799,PrNi,0.0,0-0.005,63,4,2,880,83,2,test
mp-1012640,CrFeCoNi,0.0652126676250004,0.06-0.0801,6,8,8,163,0,16,test
mp-22394,ThRu3C,0.0,0-0.005,221,5,3,820,273,0,test
mp-9521,Th7Te12,0.0,0-0.005,174,19,7,12,3,12,test
mp-20353,GdGa,0.0,0-0.005,63,4,2,880,83,2,test
mp-1205948,FeAg3F6,0.0414235435000005,0.04-0.06,139,10,5,1233,7,2,test
mp-610430,BiBr3,0.0614041424999998,0.06-0.0801,14,16,4,575,13,12,test
mp-1101193,VF4,0.0586532625000089,0.04-0.06,14,20,5,575,17,15,test
mp-1079720,AgO,0.0397118949999999,0.02-0.04,14,8,3,575,11,3,test
mp-22152,NaFeAs,0.0,0-0.005,129,6,3,472,177,2,test
mp-2847,ErB4,0.0,0-0.005,127,20,4,246,11,5,test
mp-12052,Er4Sb3,0.0270775871428581,0.02-0.04,220,14,2,111,56,1,test
mp-675374,Al2PbSe4,0.0,0-0.005,66,14,4,18,13,5,test
mp-1215698,Zr3Fe8Mo,0.0429565413425923,0.04-0.06,160,12,8,311,19,10,test
mp-756939,Li4Mn3TeO12,0.0714467704375039,0.06-0.0801,3,20,14,42,8,26,test
mp-1183463,Ca2ZnGa,0.0029541010937501,0-0.005,225,4,3,3960,2406,0,test
mp-573037,Tb2MnNiO6,0.0,0-0.005,14,20,6,575,188,12,test
mp-971744,ZnCo3,0.0757064585227276,0.06-0.0801,225,4,3,3960,122,0,test
mp-979258,Tm2CdHg,0.0112642000000002,0.005-0.02,225,4,3,3960,2406,0,test
mp-865979,AcMgCd2,0.0,0-0.005,225,4,3,3960,2406,0,test
mp-551830,SrTiO3,0.0005822479999988,0-0.005,221,5,3,820,273,0,test
mp-1216075,Y2US3O2,0.0248933028124991,0.02-0.04,107,8,7,158,2,7,test
mp-10752,Er,0.0269157099999999,0.02-0.04,225,1,1,3960,26,0,test
mp-1183192,AcYbTl2,0.0,0-0.005,225,4,3,3960,2406,0,test
mp-23095,Ca3Cu2(ClO2)2,0.0099745459090918,0.005-0.02,139,11,5,1233,3,4,test
mp-1101504,LiMo(PO4)2,0.0629456481250265,0.06-0.0801,1,12,12,470,4,36,test
mp-1539400,Sr2TaCrO6,0.0,0-0.005,12,10,5,1273,36,7,test
mp-1220826,NaLaF4,0.0,0-0.005,1,18,18,470,5,54,test
mp-754196,Ba2SrI6,0.0392651286111109,0.02-0.04,162,9,3,43,18,2,test
mp-1184013,GaHg3,0.0665849393750001,0.06-0.0801,139,4,3,1233,236,0,test
mp-1113881,Rb2MnCuF6,0.0109178339999989,0.005-0.02,225,10,4,3960,923,1,test
mp-1078858,U3Si,0.0046022974999999,0-0.005,139,8,3,1233,236,2,test
mp-1187197,Ta3Os,0.0,0-0.005,225,4,3,3960,122,0,test
mp-19449,NaVCdO4,0.0,0-0.005,63,14,5,880,15,6,test
mp-1186809,PuAl3,0.0038661616666662,0-0.005,194,8,2,1129,439,1,test
mp-776433,LiV4O5F7,0.0424424356699262,0.04-0.06,1,17,17,470,1,51,test
mp-1105395,Ca2ScOsO6,0.0,0-0.005,14,20,6,575,188,12,test
mp-1222400,Lu2Ga3Ni,0.0273687052083344,0.02-0.04,8,6,6,361,21,12,test
mp-1206425,Co4N,0.0416952669999934,0.04-0.06,221,5,3,820,3,0,test
mp-27236,Sb2I2F11,0.0168813055958345,0.005-0.02,5,15,8,274,0,22,test
mp-22108,HoTiGe,0.0,0-0.005,129,6,3,472,177,2,test
mp-555235,SiO2,0.003351508333333,0-0.005,9,12,6,107,0,18,test
mp-1216739,TiP4W3,0.0159623731250011,0.005-0.02,6,8,8,163,18,16,test
mp-1179677,Re2Cl5O4,0.0037371172727267,0-0.005,1,11,11,470,1,33,test
mp-4513,Ho2Ga8Co,0.0069101736363617,0.005-0.02,123,11,5,626,22,3,test
mp-864945,MnBe2Rh,0.0,0-0.005,225,4,3,3960,2406,0,test
mp-642821,K3H5Pt,0.0,0-0.005,127,18,5,246,2,3,test
mp-1186576,PmGePd2,0.015661453749999,0.005-0.02,225,4,3,3960,2406,0,test
mp-1128,SiIr,0.0,0-0.005,62,8,2,1187,70,4,test
mp-38417,Ba(CeS2)2,0.0486322800000023,0.04-0.06,122,14,3,126,68,4,test
mp-981214,SrMg5,0.0167712175000001,0.005-0.02,191,6,3,355,62,0,test
mp-1219661,Rb(GePt)4,0.0,0-0.005,79,9,3,4,0,7,test
mp-1086668,LaSn2Rh,0.0371651074999999,0.02-0.04,63,8,4,880,158,4,test
mp-1751,ThSb,0.0,0-0.005,225,2,2,3960,145,0,test
mp-1185850,MgCdPd2,0.0010542950000007,0-0.005,225,4,3,3960,2406,0,test
mp-1077900,CeNiSn,0.0487668249999995,0.04-0.06,194,6,3,1129,168,0,test
mp-1223962,Ho4MgS7,0.020594948611107,0.02-0.04,8,12,12,361,25,24,test
mp-1217270,Ti(CrSi3)2,0.0535970433333341,0.04-0.06,21,9,4,14,4,5,test
mp-1104585,HoB12,0.0,0-0.005,225,13,2,3960,11,1,test
mp-764379,V2O2F3,0.0605409428571492,0.06-0.0801,9,14,7,107,0,21,test
mp-23054,NaBiO3,0.0,0-0.005,148,10,3,351,48,5,test
mp-1187301,Tb3Pr,0.0222172762500001,0.02-0.04,139,4,3,1233,236,0,test
mp-756350,TiNbO4,0.0421843038461755,0.04-0.06,8,18,15,361,2,33,test
mp-1219013,SmMn2Ni3,0.0652002362452099,0.06-0.0801,191,6,3,355,109,0,test
mp-2572,SrMg2,0.0123011325000002,0.005-0.02,194,12,3,1129,127,2,test
mp-1225173,EuAlSi,0.0,0-0.005,187,3,3,312,88,0,test
mp-1103938,Sc(FeSn)6,0.0109740998076901,0.005-0.02,191,13,5,355,30,2,test
mp-1216078,Y2Cu3Si,0.0461187808333329,0.04-0.06,25,6,6,124,29,6,test
mp-1352,ZrN,0.0,0-0.005,225,2,2,3960,145,0,test
mp-1229,CuF2,0.0,0-0.005,14,6,2,575,31,3,test
mp-28711,Sb2S2O,0.0010988941666676,0-0.005,2,20,10,676,6,30,test
mp-1104792,MnBe12,0.0,0-0.005,139,13,4,1233,22,2,test
mp-1222338,LiTiAlO4,0.0400640318571428,0.04-0.06,74,14,5,299,53,5,test
mp-973636,Lu2ZnGa,0.0111112662499999,0.005-0.02,225,4,3,3960,2406,0,test
mp-1103643,NiS2,0.0601746433333341,0.06-0.0801,62,12,3,1187,102,6,test
mp-505421,Mn2CuO4,0.0427080738392788,0.04-0.06,227,14,3,303,127,1,test
mp-740,NdTe3,0.0,0-0.005,63,8,4,880,33,4,test
mp-756592,Li3Fe4CoO8,0.0250419980468752,0.02-0.04,12,16,9,1273,36,7,test
mp-1220210,NdGaCo4,0.0309016907843142,0.02-0.04,187,6,4,312,37,1,test
mp-1095499,CsAuCl4,0.0,0-0.005,15,12,4,533,49,7,test
mp-982511,HoGa2Pd,0.0,0-0.005,63,8,3,880,158,4,test
mp-1112892,Cs2InBiBr6,0.0018839166666673,0-0.005,225,10,4,3960,923,1,test
mp-10486,Cd2As2O7,0.0131471264772677,0.005-0.02,12,11,5,1273,18,8,test
mp-996966,KAgO2,0.0260826825000002,0.02-0.04,47,4,3,83,7,1,test
mp-1112413,Rb2YCuBr6,0.0358594080000003,0.02-0.04,225,10,4,3960,923,1,test
mp-1025140,USiSe,0.0556785227777787,0.04-0.06,139,6,3,1233,40,2,test
mp-1184303,ErLuPd2,0.0028612300000006,0-0.005,225,4,3,3960,2406,0,test
mp-862945,NaPmTe2,0.0,0-0.005,225,4,3,3960,2406,0,test
mp-1176792,LiAgF2,0.0234367625000002,0.02-0.04,166,4,3,1076,280,1,test
mp-1219170,Sm2P3Pt4,0.0004461903174606,0-0.005,119,9,5,124,1,4,test
mp-36248,H4BrN,0.0105398558333336,0.005-0.02,215,6,3,25,1,1,test
mp-559695,Cs2RbBiF6,0.0,0-0.005,225,10,4,3960,923,1,test
mp-753465,LiNi5O5F,0.0596750304166677,0.04-0.06,123,12,8,626,0,4,test
mp-758096,SbOF3,0.0397079129000035,0.02-0.04,113,20,4,19,4,9,test
mp-972831,SiGeN2O,0.0452644109999953,0.04-0.06,4,10,5,151,2,15,test
mp-866097,CuH6BrN2,0.0022880208333342,0-0.005,15,20,6,533,54,13,test
mp-1217006,USeS,0.0337831358333344,0.02-0.04,62,12,3,1187,413,6,test
mp-981212,TmMg2,0.0,0-0.005,191,3,2,355,57,0,test
mp-1069357,Eu(CuSn)2,0.0,0-0.005,12,5,3,1273,46,4,test
mp-1205372,VCl4,0.0,0-0.005,14,20,5,575,17,15,test
mp-1185984,MnBeRu2,0.0123402308836206,0.005-0.02,225,4,3,3960,2406,0,test
mp-2131,SrN6,0.0,0-0.005,70,14,3,87,2,4,test
mp-865893,LiZr2Tc,0.0,0-0.005,225,4,3,3960,2406,0,test
mp-4107,Li(CoGe)6,0.0,0-0.005,191,13,5,355,30,2,test
mp-1211714,K3HoF6,0.0,0-0.005,14,20,6,575,35,12,test
mp-1111297,K3YF6,0.0706539129999992,0.06-0.0801,225,10,4,3960,100,1,test
mp-23047,Ho6MnBi2,0.0,0-0.005,189,9,4,469,57,2,test
mp-1038972,MgCd,0.0417047849999998,0.04-0.06,166,2,2,1076,44,0,test
mp-1223950,HoGaAg,0.0039275939927505,0-0.005,12,6,3,1273,58,6,test
mp-1183425,Be3Co,0.0,0-0.005,194,8,2,1129,439,1,test
mp-776200,GdAsO4,0.0,0-0.005,141,12,3,181,58,2,test
mvc-15840,CaFeF6,0.019604683333334,0.005-0.02,148,8,3,351,67,3,test
mp-1025426,CeI3,0.0,0-0.005,63,8,3,880,33,4,test
mp-862953,PmSbAu2,0.0,0-0.005,225,4,3,3960,2406,0,test
mp-1205834,Er2Al4NiGe2,0.0,0-0.005,139,9,4,1233,6,3,test
mp-8267,KPS3,0.0,0-0.005,71,10,4,419,4,5,test
mp-1189376,Ba2SmGaSe5,0.0,0-0.005,2,18,9,676,8,27,test
mp-556459,VPO5,0.0025983260714284,0-0.005,9,14,7,107,3,21,test
mp-1224041,Ho2(Fe3Si)3,0.0627419224999945,0.06-0.0801,38,14,9,383,0,14,test
mp-573855,La7Ni3,0.0,0-0.005,186,20,4,183,33,7,test
mp-997183,MnAuO2,0.0,0-0.005,12,4,3,1273,42,2,test
mp-6259,SrLi2Ta2O7,0.0020497820833327,0-0.005,139,12,6,1233,9,3,test
mvc-14349,CaMnF4,0.0328841458333331,0.02-0.04,140,12,3,257,17,2,test
mp-1222370,LiGdS2,0.0,0-0.005,166,4,3,1076,280,1,test
mp-30031,CaI2,0.0,0-0.005,164,3,2,551,74,1,test
mp-761161,Li3MnF5,0.0495497577777772,0.04-0.06,2,18,10,676,16,24,test
mp-571212,Yb5Ag3,0.0,0-0.005,140,16,4,257,42,3,test
mp-863648,CaHg3,0.0,0-0.005,194,8,2,1129,439,1,test
mp-865789,YbInAg2,0.0,0-0.005,225,4,3,3960,2406,0,test
mp-1217259,Th2SbNO,0.0,0-0.005,119,5,4,124,29,1,test
mp-1207993,Tm5Ga3,0.0139183147395831,0.005-0.02,12,16,6,1273,3,12,test
mp-10931,HoSF,0.0,0-0.005,129,6,3,472,177,2,test
mp-760483,Li2PdO3,0.0,0-0.005,12,12,6,1273,51,7,test
mp-5124,MnNi2Sb,0.0682193983333316,0.06-0.0801,225,4,3,3960,2406,0,test
mp-1215195,ZrUC2,0.0,0-0.005,166,4,3,1076,280,1,test
mp-1539101,TeSeO4,0.0,0-0.005,46,12,5,58,1,11,test
mp-1018803,MnCoSb,0.0551435629166663,0.04-0.06,129,6,3,472,177,2,test
mp-20471,U4Si6Tc7,0.0,0-0.005,229,17,4,95,20,1,test
mp-638253,EuIn4,0.031358409,0.02-0.04,12,10,5,1273,9,10,test
mvc-7276,Ca(BiO2)2,0.0224701182142856,0.02-0.04,12,14,7,1273,64,14,test
mp-867699,Li4TiS4,0.0093230411111102,0.005-0.02,121,9,4,101,0,3,test
mp-11301,HoCd2,0.0,0-0.005,191,3,2,355,57,0,test
mp-569607,Pr(GeRu)2,0.0,0-0.005,139,5,3,1233,443,1,test
mp-1105522,CoBi3,0.0474219412499987,0.04-0.06,62,16,4,1187,80,8,test
mp-551203,Sr2I2O,0.0,0-0.005,72,10,3,111,26,4,test
mp-9391,TaNi2Te3,0.0,0-0.005,11,12,6,277,2,12,test
mp-1030161,Te3MoWSe,0.0521033229166665,0.04-0.06,156,12,12,302,22,12,test
mp-556983,LaGaO3,0.0375847591428408,0.02-0.04,74,10,4,299,14,3,test
mp-672299,YInNi,0.0,0-0.005,189,9,4,469,305,2,test
mp-1208602,SrZrF6,0.0,0-0.005,67,16,4,11,2,6,test
mp-1114426,Rb2LiNiF6,0.0476555710000035,0.04-0.06,225,10,4,3960,923,1,test
mp-1227385,Ca(HoTe2)2,0.0095441235714295,0.005-0.02,10,7,5,138,16,4,test
mp-174,Tl5Te3,0.0108760027059657,0.005-0.02,140,16,4,257,42,3,test
mp-571457,Ti4NiBi2,0.0,0-0.005,140,14,3,257,10,3,test
mp-37183,Sr(GdS2)2,0.0235232925000001,0.02-0.04,122,14,3,126,68,4,test
mp-1208810,Sr2LiTeO6,0.0207836635125016,0.02-0.04,14,20,6,575,188,12,test
mp-1520765,Ba2TbZrO6,0.0564457884375091,0.04-0.06,225,10,4,3960,923,1,test
mvc-16769,Y(CrS2)2,0.0653504233333315,0.06-0.0801,74,14,5,299,45,4,test
mp-753258,Li3CrO4,0.058345090625,0.04-0.06,1,16,16,470,2,48,test
mp-1215994,YLu(BRh)8,0.0196990377222388,0.005-0.02,115,18,6,112,5,8,test
mp-1207582,YbCrO3,0.0,0-0.005,62,20,4,1187,318,7,test
mp-1072199,PuB2Ir3,0.0,0-0.005,191,6,3,355,109,0,test
mp-5541,ZrVSi,0.0,0-0.005,129,6,3,472,177,2,test
mp-3998,LaTaO4,0.0092664545833329,0.005-0.02,36,12,6,174,12,12,test
mp-21198,DyAgSn,0.0,0-0.005,186,6,3,183,88,3,test
mp-27539,La2ReO5,0.0,0-0.005,87,16,4,101,1,6,test
mp-1210837,LuHfF7,0.0,0-0.005,4,18,9,151,21,27,test
mp-16533,BaNd2FeS5,0.0520014444444454,0.04-0.06,140,18,5,257,11,3,test
mp-1188693,Hf5NiSb3,0.0,0-0.005,193,18,4,238,124,2,test
mp-1227257,CaC2,0.0543275500000008,0.04-0.06,166,3,2,1076,42,1,test
mp-1207064,Ba2TbTaO6,0.0,0-0.005,87,10,5,101,33,3,test
mp-1205743,NaSr2IO6,0.039334581500011,0.02-0.04,225,10,4,3960,923,1,test
mp-672238,CeCuSb2,0.0,0-0.005,129,8,4,472,65,2,test
mp-2225,Be2Fe,0.0,0-0.005,194,12,3,1129,127,2,test
mp-696512,NaH4IO2,0.0141860481249995,0.005-0.02,2,16,8,676,12,24,test
mp-28329,TlI3,0.0,0-0.005,62,16,4,1187,80,8,test
mp-1112608,Cs2KSbF6,0.0238341799999988,0.02-0.04,225,10,4,3960,923,1,test
mp-20991,BaPbO3,0.0028414070000035,0-0.005,140,10,4,257,11,1,test
mp-559701,LiV2F6,0.0,0-0.005,136,18,4,167,33,4,test
mp-5690,GdScO3,0.0117445718749955,0.005-0.02,62,20,4,1187,318,7,test
mp-1105095,BaP2,0.0,0-0.005,14,18,5,575,31,12,test
mp-9416,La(CuO2)2,0.0,0-0.005,88,14,3,63,14,3,test
mp-1207780,Y3Rh,0.0,0-0.005,62,16,3,1187,80,7,test
mp-1114084,Rb2InCuF6,0.0499964725535697,0.04-0.06,225,10,4,3960,923,1,test
mp-1217356,ThCo2Ni3,0.0082865202124162,0.005-0.02,65,6,4,265,12,1,test
mp-690552,SrLaMnMoO6,0.0535356772166668,0.04-0.06,7,20,10,106,38,30,test
mp-1523339,BaSrGdSbO6,0.0093649906249986,0.005-0.02,2,20,12,676,52,24,test
mp-865173,CaAcHg2,0.0,0-0.005,225,4,3,3960,2406,0,test
mp-1222246,Mg2Cu3Ge,0.078077308333333,0.06-0.0801,38,12,7,383,10,12,test
mp-1216205,Y4Mn3NiO12,0.0155653006666671,0.005-0.02,2,20,12,676,10,24,test
mp-13964,HfGeTe,0.0,0-0.005,129,6,3,472,177,2,test
mp-758967,VOF,0.0024931377777779,0-0.005,31,18,6,112,5,15,test
mp-756130,LiMnF3,0.0662536344999997,0.06-0.0801,163,20,4,42,1,4,test
mp-1225665,Dy(AlCu)6,0.0,0-0.005,71,13,6,419,31,4,test
mp-1102657,Y2Pt,0.0,0-0.005,62,12,3,1187,102,6,test
mp-20735,Ce3Sn,0.0,0-0.005,221,4,2,820,339,0,test
mp-863720,HgPd3,0.0199623474999999,0.005-0.02,221,4,2,820,339,0,test
mp-1113523,Cs2LaCuCl6,0.0525838418749975,0.04-0.06,225,10,4,3960,923,1,test
mp-1219577,RbTa2O6,0.035272412916667,0.02-0.04,46,18,7,58,1,15,test
mp-865255,LuNbRu2,0.0,0-0.005,225,4,3,3960,2406,0,test
mp-1114568,Rb2LiMnF6,0.061861961000015,0.06-0.0801,225,10,4,3960,923,1,test
mp-1187388,TbTmIr2,0.0168371248214285,0.005-0.02,225,4,3,3960,2406,0,test
mp-1206810,Ho2GaCo2,0.0,0-0.005,71,5,3,419,60,2,test
mp-1220178,NdCu4Pd,0.0106485933333377,0.005-0.02,160,6,4,311,1,5,test
mp-1210667,MnSi(AgTe2)2,0.025147867031249,0.02-0.04,31,16,6,112,21,14,test
mp-9323,Tb2S3,0.0,0-0.005,62,20,5,1187,37,10,test
mp-23008,PbBrF,0.0,0-0.005,129,6,3,472,177,2,test
mp-550469,TiZn(BiO3)2,0.0721848204999977,0.06-0.0801,99,10,8,88,6,8,test
mp-1218250,SrLiPrTeO6,0.0119050791666657,0.005-0.02,7,20,10,106,38,30,test
mp-1216363,VCu3(SeS)2,0.0,0-0.005,35,8,5,17,4,7,test
mp-1078358,LiOsO3,0.0,0-0.005,161,10,3,40,34,5,test
mp-1216781,UNbO5,0.0011390458333142,0-0.005,17,14,6,0,0,8,test
mp-1105819,InRhO3,0.0739175047499944,0.06-0.0801,62,20,4,1187,318,7,test
mp-999193,SmAu,0.0004739949999992,0-0.005,63,4,2,880,83,2,test
mp-1227648,Ca(InCu)6,0.0,0-0.005,71,13,6,419,31,4,test
mp-1018084,CrAgTe2,0.0434500066666663,0.04-0.06,160,4,4,311,32,4,test
mp-1227403,Bi(SbTe2)3,0.0016051044999998,0-0.005,160,10,10,311,1,10,test
mp-1215863,Yb(ErSe2)2,0.0090512417857162,0.005-0.02,10,7,5,138,16,4,test
mp-867843,RbUTe3Au,0.0,0-0.005,63,12,5,880,63,5,test
mp-23803,GaHO2,0.0153367812499993,0.005-0.02,31,8,4,112,8,8,test
mp-12631,SrTcO3,0.0021140334999998,0-0.005,221,5,3,820,273,0,test
mp-2701,NbN,0.0402211124999993,0.04-0.06,194,4,2,1129,52,0,test
mp-1220371,NbAlVC,0.0389756893750004,0.02-0.04,164,8,5,551,2,3,test
mp-1228050,Ba3SrCa2(MoO6)2,0.0199579528749946,0.005-0.02,115,20,9,112,0,7,test
mp-20728,GdNi2B2C,0.0,0-0.005,139,6,4,1233,23,1,test
mp-1217317,ThMnCo4,0.025156212055557,0.02-0.04,187,6,4,312,37,1,test
mp-1222096,Mn2GaCo4Ge,0.0,0-0.005,166,8,5,1076,10,3,test
mp-8007,LiUO3,0.0,0-0.005,161,10,3,40,34,5,test
mp-541155,VS4,0.0,0-0.005,15,20,5,533,8,15,test
mp-1068048,BaSn3Au,0.0,0-0.005,107,5,4,158,75,4,test
mp-1217773,Ta(Si5W2)2,0.0581559608888877,0.04-0.06,139,15,8,1233,5,7,test
mp-1205718,LaSiOs2C,0.0,0-0.005,63,10,4,880,44,4,test
mp-1208832,SmLuSe3,0.0024817747499996,0-0.005,11,20,10,277,33,20,test
mp-1584,YbIr2,0.0,0-0.005,227,6,2,303,132,0,test
mp-754082,Li6Mn2OF11,0.0393475832916703,0.02-0.04,1,20,20,470,1,60,test
mp-1079803,Th(BOs)2,0.0,0-0.005,70,10,3,87,16,2,test
mp-1104719,Gd(Al2Fe)4,0.0,0-0.005,139,13,4,1233,45,2,test
mp-20372,Ce,0.0428389375,0.04-0.06,194,4,2,1129,60,0,test
mp-22504,Eu2SiS4,0.0,0-0.005,11,14,6,277,18,13,test
mp-1209774,PHPbO4,0.0006149028571433,0-0.005,13,14,5,57,1,8,test
mp-766325,BaCaI4,0.0518388462500003,0.04-0.06,8,6,5,361,2,11,test
mp-506,MgPd,0.0,0-0.005,221,2,2,820,168,0,test
mp-1111126,K2LiLuCl6,0.0,0-0.005,225,10,4,3960,923,1,test
mp-1222023,MgGaCu,0.0,0-0.005,38,12,7,383,68,12,test
mp-1223557,KU2SbSe8,0.008536846562495,0.005-0.02,8,12,8,361,1,20,test
mp-976075,Li3Ca,0.0543530429166683,0.04-0.06,139,4,3,1233,236,0,test
mp-4841,LaCuS2,0.0,0-0.005,14,16,4,575,40,12,test
mp-1246974,MgScVS4,0.0756956276785683,0.06-0.0801,74,14,5,299,53,5,test
mp-1071690,Be5Co,0.0,0-0.005,216,6,3,538,10,1,test
mp-1208839,Sr2H6Pt,0.0,0-0.005,64,18,5,82,9,5,test
mp-13245,Tb(P3Ru)4,0.0260903572058781,0.02-0.04,204,17,3,122,40,2,test
mp-31077,Tl2TeI6,0.0,0-0.005,14,18,5,575,19,12,test
mp-2676,TaBe2,0.0354141964285732,0.02-0.04,227,6,2,303,132,0,test
mp-10335,Ba2CuTeO6,0.0184028185000002,0.005-0.02,87,10,5,101,33,3,test
mp-1106250,Gd5Pb3,0.0,0-0.005,193,16,3,238,93,2,test
mp-866041,Ga2IrRu,0.0,0-0.005,225,4,3,3960,2406,0,test
mp-768613,Zr(MnSn)6,0.0,0-0.005,191,13,5,355,30,2,test
mp-1186258,Nd2ZnRu,0.0385878987499994,0.02-0.04,225,4,3,3960,2406,0,test
mp-570948,LiCaGaN2,0.0,0-0.005,14,20,5,575,2,15,test
mp-558911,Cs2Co3S4,0.0256299364285705,0.02-0.04,72,18,4,111,13,6,test
mp-1235877,LiO8,0.0092396244444445,0.005-0.02,12,9,4,1273,0,7,test
mp-21424,TbNiGe,0.0,0-0.005,62,12,3,1187,413,6,test
mp-1028769,W2Se3S,0.0114957329166669,0.005-0.02,156,12,12,302,20,12,test
mp-756870,Li3Mn(NiO2)4,0.0184213244901298,0.005-0.02,12,16,9,1273,36,7,test
mp-1223283,KV5S8,0.0207366857142892,0.02-0.04,5,14,8,274,6,20,test
mp-12769,YSi2,0.0438692750000004,0.04-0.06,141,6,2,181,29,1,test
mp-1025069,PrSn2,0.0,0-0.005,65,6,4,265,8,2,test
mp-25284,LiMn2NiO6,0.0688288805000008,0.06-0.0801,15,20,6,533,54,13,test
mp-1080703,PrAlPd,0.0,0-0.005,189,9,4,469,305,2,test
mp-1219678,PrAlZn,0.0,0-0.005,12,6,3,1273,58,6,test
mp-12778,VOs,0.003738096666666,0-0.005,221,2,2,820,168,0,test
mp-862985,PmAu3,0.0,0-0.005,194,8,2,1129,439,1,test
mp-1227459,BiPb4,0.0323387500000009,0.02-0.04,166,5,3,1076,14,2,test
mp-257,DyIn,0.0,0-0.005,221,2,2,820,168,0,test
mp-1213460,Dy12Ni6Pb,0.0,0-0.005,204,19,3,122,16,3,test
mp-1095125,LuNiGe2,0.0420832424999995,0.04-0.06,63,8,4,880,158,4,test
mp-11754,Sc6Te2Os,0.0738075283101835,0.06-0.0801,189,9,4,469,57,2,test
mp-1025100,LaGe5,0.0540088668750016,0.04-0.06,71,6,3,419,1,2,test
mp-1095158,HfGaCo,0.0,0-0.005,189,9,4,469,305,2,test
mp-753675,LiVF4,0.0079921049999969,0.005-0.02,65,6,4,265,53,2,test
mp-867852,Sm2NiIr,0.0597666381944579,0.04-0.06,225,4,3,3960,2406,0,test
mp-7377,Ba3(AlSn)2,0.0070399249999995,0.005-0.02,71,7,4,419,5,3,test
mp-1188811,Lu4Ge6Os7,0.0,0-0.005,229,17,4,95,20,1,test
mp-1104605,Nd5Ir2,0.0,0-0.005,15,14,4,533,21,10,test
mp-8450,Rb2Li2GeO4,0.0,0-0.005,2,18,9,676,4,27,test
mp-14307,Mg(ScS2)2,0.0,0-0.005,227,14,3,303,127,1,test
mp-30760,Li3Pb,0.0,0-0.005,225,4,3,3960,122,0,test
mp-7461,Hg2SO4,0.0,0-0.005,13,14,4,57,3,10,test
mp-20766,CeCuGe,0.0,0-0.005,194,6,3,1129,168,0,test
mp-1215619,ZnCr4CuSe8,0.0048601624999999,0-0.005,216,14,5,538,21,3,test
mp-1025241,ScGa5Fe,0.0052720002142834,0.005-0.02,123,7,4,626,55,1,test
mp-1228998,Al2Ga(PO4)3,0.0116994516666677,0.005-0.02,5,18,10,274,2,26,test
mp-1214894,Al11Cr4,0.0025670378666662,0-0.005,2,15,8,676,1,21,test
mp-861487,PrHg3,0.0,0-0.005,194,8,2,1129,439,1,test
mp-1222768,LaY(MnSi)2,0.0664975173735644,0.06-0.0801,99,6,5,88,3,5,test
mp-1222903,LaAl2Pt3,0.0,0-0.005,191,6,3,355,109,0,test
mp-759458,LiV2F5,0.0761745287500001,0.06-0.0801,15,16,5,533,18,10,test
mp-13202,YCuSn,0.0,0-0.005,186,6,3,183,88,3,test
mp-1105294,Ca5(GePd)6,0.0,0-0.005,229,17,4,95,0,1,test
mp-1112503,Cs2TlAsF6,0.0050426027499979,0.005-0.02,225,10,4,3960,923,1,test
mp-1222821,Li(NiO2)3,0.0599307228958334,0.04-0.06,12,10,5,1273,11,6,test
mp-867243,Sc2ZnOs,0.0,0-0.005,225,4,3,3960,2406,0,test
mp-989531,Cs2KGaF6,0.0,0-0.005,225,10,4,3960,923,1,test
mp-1205541,NaScTl2F6,0.0,0-0.005,225,10,4,3960,923,1,test
mp-685941,In4SbTe3,0.0221447650000001,0.02-0.04,8,8,6,361,2,14,test
mp-753537,LiMnPO4,0.0791121353571506,0.06-0.0801,40,14,6,40,2,12,test
mp-1185466,LiThPt2,0.0565435409374996,0.04-0.06,225,4,3,3960,2406,0,test
mp-33112,Sc2H5,0.0642023928571422,0.06-0.0801,59,14,5,106,5,7,test
mp-6088,LaCuSO,0.0,0-0.005,129,8,4,472,52,2,test
mp-1104295,Nd(Mo3Se4)2,0.0355390072916659,0.02-0.04,148,15,4,351,37,7,test
mp-1186433,Pm2AgHg,0.0,0-0.005,225,4,3,3960,2406,0,test
mp-1103853,Tb(Mo3S4)2,0.0094127685833313,0.005-0.02,148,15,4,351,37,7,test
mp-1216682,TiNi4GeO8,0.0,0-0.005,216,14,5,538,21,3,test
mp-753861,Li2VF6,0.0,0-0.005,136,18,4,167,33,4,test
mp-28592,Li7Br3O2,0.0255237008333333,0.02-0.04,139,12,6,1233,14,4,test
mp-1221519,Mo2CN,0.0,0-0.005,25,4,4,124,5,4,test
mp-1224904,Ga2Fe(PO4)3,0.0121975522222221,0.005-0.02,5,18,10,274,2,26,test
mp-1217866,Tb(Fe5Mo)2,0.0141750788888899,0.005-0.02,71,13,6,419,38,4,test
mp-1213167,Dy2OsC2,0.0,0-0.005,62,20,5,1187,26,10,test
mp-5692,TbRhO3,0.0,0-0.005,62,20,4,1187,318,7,test
mp-1184390,Gd2TlZn,0.0002895699999996,0-0.005,225,4,3,3960,2406,0,test
mvc-4369,Mg2TaMoO6,0.0761384080625013,0.06-0.0801,11,20,8,277,15,14,test
mvc-4415,Ta2O5,0.0011086514285629,0-0.005,59,14,4,106,5,7,test
mp-1216574,Tm2CoGe4,0.0200121676785727,0.02-0.04,38,7,7,383,23,7,test
mp-11082,CeCdAu,0.0,0-0.005,189,9,4,469,305,2,test
mp-614481,GdBi,0.0,0-0.005,225,2,2,3960,145,0,test
mp-1290585,LiVOF2,0.0228140157499883,0.02-0.04,2,20,10,676,3,30,test
mp-1184554,Hg,0.0,0-0.005,194,2,1,1129,60,0,test
mp-2108,Ti5Si3,0.0,0-0.005,193,16,3,238,93,2,test
mp-1018055,HfIr,0.019095394999999,0.005-0.02,51,4,2,70,26,2,test
mp-1218459,Sr3Sm(CoO4)2,0.0180387459970221,0.005-0.02,38,14,11,383,12,13,test
mp-867788,TaGaOs2,0.0,0-0.005,225,4,3,3960,2406,0,test
mp-11753,Lu7(TePd)2,0.0205594266233761,0.02-0.04,44,11,7,187,8,11,test
mp-755692,NbVO5,0.0291776014285787,0.02-0.04,85,14,4,5,5,5,test
mp-12355,Sr2YTaO6,0.0,0-0.005,14,20,6,575,188,12,test
mp-1212695,Ga2Hg5Se8,0.0175142713333338,0.005-0.02,119,15,5,124,0,6,test
mp-1220172,NdAl2Pt3,0.0,0-0.005,191,6,3,355,109,0,test
mp-2918,YCuO2,0.0003215379687526,0-0.005,194,8,3,1129,110,1,test
mp-1217383,Te8Pd5Se2,0.0382420486666674,0.02-0.04,8,15,15,361,0,30,test
mp-1227011,Cd3(CuP5)2,0.0033022643333335,0-0.005,160,15,7,311,0,11,test
mp-4210,Sm2CuO4,0.0084157301785579,0.005-0.02,139,7,4,1233,76,1,test
mp-616573,Cs2V5O13,0.0,0-0.005,107,20,7,158,0,11,test
mp-542132,YbCuAs2,0.0,0-0.005,129,8,4,472,65,2,test
mp-1228310,Ba2TbNbO6,0.0036752359999994,0-0.005,225,10,4,3960,923,1,test
mp-1071765,USbS,0.0,0-0.005,129,6,3,472,177,2,test
mp-541384,MnF3,0.0256181774999983,0.02-0.04,167,8,2,77,10,1,test
mp-1217802,Tb4FeGe8,0.0232554708333312,0.02-0.04,25,13,13,124,19,13,test
mp-4238,MnFeAs,0.0,0-0.005,189,9,4,469,305,2,test
mp-1173887,Li2CoO3,0.0795026675000007,0.06-0.0801,2,12,7,676,8,15,test
mp-2121,ScAl3,0.0,0-0.005,221,4,2,820,339,0,test
mp-1205970,Tm2MgCu2,0.0,0-0.005,127,10,3,246,156,2,test
mp-1174822,Li6Mn3CoO10,0.0645318298750066,0.06-0.0801,1,20,20,470,4,60,test
mp-998749,KCaBr3,0.0545503660000004,0.04-0.06,8,5,4,361,27,9,test
mp-1106174,Tb7Rh3,0.0,0-0.005,186,20,4,183,33,7,test
mp-1903,BaAl4,0.0,0-0.005,139,5,3,1233,14,1,test
mp-1185119,K3Rb,0.022149215875,0.02-0.04,139,4,3,1233,236,0,test
mp-570179,TbAu2,0.0,0-0.005,139,3,2,1233,82,1,test
mp-1094573,LiMg,0.0204314466666666,0.02-0.04,38,6,6,383,9,6,test
mp-1101341,SrCaI4,0.0351036466666694,0.02-0.04,65,6,4,265,53,2,test
mp-1217381,Ti10CuSn6,0.0175757870588242,0.005-0.02,162,17,5,43,2,4,test
mp-13286,CaGe2,0.0,0-0.005,186,6,3,183,8,3,test
mp-1222684,Li2Mg3Si2,0.0115237082142836,0.005-0.02,160,7,7,311,1,7,test
mp-778554,Li2MnF4,0.0313079942857141,0.02-0.04,38,7,5,383,23,7,test
mp-8742,DyCoSi2,0.0046692783333348,0-0.005,63,8,4,880,158,4,test
mp-1207159,Cs3EuF6,0.0,0-0.005,139,10,5,1233,7,2,test
mp-867840,BeFeRh2,0.0,0-0.005,225,4,3,3960,2406,0,test
mp-607467,CaMoO3,0.0,0-0.005,14,20,6,575,61,12,test
mp-752549,LiAgF2,0.0305393450000002,0.02-0.04,12,4,3,1273,42,2,test
mp-1238815,B4C,0.0,0-0.005,8,15,11,361,2,26,test
mp-777497,Li2VO2F,0.0474747208333283,0.04-0.06,12,12,7,1273,6,10,test
mvc-13928,CaBiF5,0.0667470864285668,0.06-0.0801,15,14,5,533,30,8,test
mp-2136,Sb2O3,0.0,0-0.005,56,20,3,1,1,7,test
mp-3576,HfGaCo2,0.0,0-0.005,225,4,3,3960,2406,0,test
mp-1295221,MgMnPO5,0.0501010362499991,0.04-0.06,9,16,8,107,1,24,test
mp-3740,TiNi2Sn,0.035851553660712,0.02-0.04,225,4,3,3960,2406,0,test
mp-1187098,Sr2ZnPb,0.0206801369999998,0.02-0.04,225,4,3,3960,2406,0,test
mp-22355,Sr2InSbO6,0.0,0-0.005,14,20,6,575,188,12,test
mp-673633,In2S3,0.0171999597500009,0.005-0.02,9,10,5,107,8,15,test
mp-997041,NaCuO2,0.0,0-0.005,63,8,3,880,158,4,test
mp-976143,PrDyZn2,0.0081344425000002,0.005-0.02,225,4,3,3960,2406,0,test
mp-1223826,Ho4HfAl15,0.0111323716666662,0.005-0.02,123,20,9,626,8,6,test
mp-30383,Hf2Au,0.0,0-0.005,139,3,2,1233,82,1,test
mp-1077349,ThGeTe,0.0,0-0.005,139,6,3,1233,40,2,test
mp-676324,Li11TiP5,0.0291721941911768,0.02-0.04,8,17,17,361,2,34,test
mp-1078085,Cs2PdCl4,0.0,0-0.005,123,7,3,626,4,1,test
mp-1221599,MnV(Co2Si)2,0.0111859711197919,0.005-0.02,166,8,5,1076,10,3,test
mp-1104938,Rb3Na(MoO4)2,0.0,0-0.005,164,14,6,551,30,5,test
mp-754816,LiFeF3,0.0394821099999989,0.02-0.04,62,20,4,1187,318,7,test
mp-1177445,Li4Cr3CoO8,0.0212426525000006,0.02-0.04,166,16,6,1076,23,3,test
mp-865762,TlW2(Cl3O)2,0.0457664868181835,0.04-0.06,12,11,6,1273,5,10,test
mp-8001,LiAlO2,0.0157576081249999,0.005-0.02,166,4,3,1076,280,1,test
mp-9351,LuGeAu,0.0,0-0.005,186,6,3,183,88,3,test
mp-38280,LiTiO2,0.0,0-0.005,141,8,3,181,50,1,test
mp-865269,TmCuPbSe3,0.0021509662500047,0-0.005,36,12,6,174,8,12,test
mp-1025410,LuU2S3O2,0.0405945414062323,0.04-0.06,139,8,5,1233,4,2,test
mp-973,U2N3,0.0158007075000021,0.005-0.02,164,5,3,551,21,2,test
mp-1001034,Mg(InSe2)2,0.0357842617857149,0.02-0.04,227,14,3,303,127,1,test
mp-752457,Mn3O5F,0.0487539434722226,0.04-0.06,2,18,10,676,16,24,test
mp-864634,EuCd3,0.0,0-0.005,225,4,3,3960,122,0,test
mp-546,HoRh2,0.0,0-0.005,227,6,2,303,132,0,test
mp-1112229,K2LuCuCl6,0.0012922035000011,0-0.005,225,10,4,3960,923,1,test
mp-774945,MnV3O8,0.0588101841666688,0.04-0.06,1,12,12,470,1,36,test
mp-1029506,CaSiN2,0.0506455212499998,0.04-0.06,64,16,4,82,7,7,test
mp-865047,Mg2AlB2Ir5,0.0,0-0.005,127,20,5,246,18,4,test
mp-2324,PrCd2,0.0,0-0.005,191,3,2,355,57,0,test
mp-865631,LiNiO2,0.0,0-0.005,12,4,3,1273,42,2,test
mp-24292,Sr2H6Ru,0.0,0-0.005,225,9,3,3960,89,1,test
mp-1572,GaSe,0.0,0-0.005,187,8,4,312,64,4,test
mp-1186302,Nd3In,0.0123132762499995,0.005-0.02,194,8,2,1129,439,1,test
mp-754539,LiVSiO5,0.0541723315625004,0.04-0.06,11,16,7,277,2,13,test
mp-13240,ScInCu4,0.0,0-0.005,216,6,3,538,136,1,test
mp-9934,BaMgSi,0.0,0-0.005,129,6,3,472,177,2,test
mp-10621,RbSbS2,0.0,0-0.005,2,16,8,676,16,24,test
mp-866224,Be2NiPt,0.0,0-0.005,225,4,3,3960,2406,0,test
mp-1111926,K2LiIrF6,0.0182961650000015,0.005-0.02,225,10,4,3960,923,1,test
mp-11104,HoInRh,0.0,0-0.005,189,9,4,469,305,2,test
mp-758174,Y6O5F8,0.052710550657899,0.04-0.06,5,19,16,274,0,22,test
mp-1184118,Cs3CdH5,0.0,0-0.005,140,18,5,257,26,3,test
mp-7949,Rb2GeF6,0.0093822911111089,0.005-0.02,164,9,3,551,31,3,test
mp-1216375,VCrB4,0.0357015941666638,0.02-0.04,191,6,3,355,37,1,test
mp-1215856,Yb(HoSe2)2,0.0106322207142879,0.005-0.02,10,7,5,138,16,4,test
mvc-14217,MoF5,0.0592139000000058,0.04-0.06,15,12,4,533,3,7,test
mvc-1666,Ta2ZnO6,0.0553696559259293,0.04-0.06,31,18,6,112,1,15,test
mp-1217639,Tb4CeS7,0.0318337695833275,0.02-0.04,8,12,12,361,25,24,test
mp-752918,NaTi6O12,0.0719753625000088,0.06-0.0801,1,19,19,470,0,57,test
mp-1007786,HfIr,0.0,0-0.005,11,4,2,277,4,4,test
mp-30728,HoIn,0.0,0-0.005,221,2,2,820,168,0,test
mp-19380,CrHgO4,0.0,0-0.005,63,12,4,880,53,5,test
mp-1105776,Rb2Mn3S4,0.0,0-0.005,72,18,4,111,13,6,test
mp-30342,HoInAg2,0.0,0-0.005,225,4,3,3960,2406,0,test
mp-752635,Li(CoO2)3,0.0089999383749939,0.005-0.02,12,10,5,1273,11,6,test
mp-5916,Yb(SiNi)2,0.0,0-0.005,139,5,3,1233,443,1,test
mp-1100,YbC2,0.0610901409259252,0.06-0.0801,139,3,2,1233,82,1,test
mp-865992,YbSnRh2,0.0,0-0.005,225,4,3,3960,2406,0,test
mp-1216992,V2Bi4O11,0.0184704988235306,0.005-0.02,1,17,17,470,1,51,test
mp-1078257,Sr(SnHg)2,0.0,0-0.005,12,10,5,1273,46,10,test
mp-1209653,Pr3TiSb5,0.0088244861111093,0.005-0.02,193,18,4,238,124,2,test
mp-685991,Li5SiP3,0.0,0-0.005,9,18,9,107,1,27,test
mp-1183392,BaSr2Eu,0.0460894649999996,0.04-0.06,225,4,3,3960,2406,0,test
mp-865432,Y2NiIr,0.0261916934667976,0.02-0.04,225,4,3,3960,2406,0,test
mp-755254,LiFe2(ClO)2,0.0737219664285708,0.06-0.0801,25,7,7,124,0,7,test
mp-1111127,K2NaGaCl6,0.076632566749998,0.06-0.0801,225,10,4,3960,923,1,test
mp-554061,MnSbS2Br,0.0141439057499992,0.005-0.02,12,10,6,1273,11,8,test
mp-1220711,Nb3FeSe10,0.0218804293214276,0.02-0.04,6,14,14,163,0,28,test
mp-567290,LaN,0.0,0-0.005,186,4,2,183,27,2,test
mp-1208192,Tm12In2Fe3,0.0,0-0.005,139,17,5,1233,2,4,test
mp-1173040,In4SbTe3,0.0177712362500002,0.005-0.02,139,8,5,1233,6,1,test
mp-1224202,In2CuTe3Cl,0.0707823244642851,0.06-0.0801,1,7,7,470,3,21,test
mp-1189246,Er(CoB)4,0.0,0-0.005,137,18,3,24,15,4,test
mp-31187,TiAlFe2,0.0,0-0.005,225,4,3,3960,2406,0,test
mp-768307,BaSO3,0.0442753275000153,0.04-0.06,11,10,4,277,33,9,test
mp-1184410,EuMg,0.0228866674999999,0.02-0.04,51,4,2,70,26,2,test
mp-1225044,Er2C,0.0,0-0.005,166,3,2,1076,42,1,test
mp-1247530,Ba2CoN2,0.0530690742666672,0.04-0.06,139,5,3,1233,443,2,test
mp-570001,Al6Fe,0.0025397078571405,0-0.005,63,14,4,880,4,6,test
mp-755734,Li3Ti(FeO2)4,0.0447189282812496,0.04-0.06,12,16,9,1273,36,7,test
mp-676643,Ba2NF,0.0535195822916669,0.04-0.06,141,8,3,181,50,1,test
mp-1104368,Li2Pr2Ge3,0.0,0-0.005,63,14,5,880,8,7,test
mp-1188009,ZrCdAg2,0.0,0-0.005,225,4,3,3960,2406,0,test
mp-1187690,TlSn3,0.0676367379166653,0.06-0.0801,194,8,2,1129,439,1,test
mp-1216417,UCoNiGe2,0.011455595000001,0.005-0.02,129,10,5,472,3,3,test
mp-1104806,Gd(AlC)3,0.0,0-0.005,194,14,5,1129,10,2,test
mp-1239275,ZrCrCuS4,0.0727668896428568,0.06-0.0801,10,14,8,138,11,12,test
mp-696673,Cr7Se8,0.0646848266666664,0.06-0.0801,12,15,7,1273,0,10,test
mp-1219097,SmErNi2,0.0041065081250009,0-0.005,38,4,4,383,41,4,test
mp-1184576,HfBeIr2,0.0165117475000027,0.005-0.02,225,4,3,3960,2406,0,test
mp-1018687,ErS2,0.0528961749999874,0.04-0.06,129,6,3,472,37,2,test
mp-30876,Zr3Sn,0.0116640699999992,0.005-0.02,223,8,2,54,37,0,test
mp-1113332,Cs2TlCuCl6,0.0112597856666605,0.005-0.02,225,10,4,3960,923,1,test
mp-556194,SrSbSe2F,0.0106039295000011,0.005-0.02,129,10,5,472,3,4,test
mp-1183547,CaSbPd2,0.0603403512962961,0.06-0.0801,225,4,3,3960,2406,0,test
mp-22434,HfFeP,0.0,0-0.005,62,12,3,1187,413,6,test
mp-13634,Cs2LiAl3F12,0.0,0-0.005,166,18,5,1076,5,5,test
mp-33631,TiZn2O4,0.0467916732142823,0.04-0.06,74,14,5,299,45,5,test
mp-1222054,Mn3Fe3Ge2,0.03423370375,0.02-0.04,187,8,4,312,0,2,test
mp-2611,BaGe2,0.0251019629166666,0.02-0.04,141,6,2,181,29,1,test
mp-1094849,MgGa,0.0221383049999999,0.02-0.04,221,2,2,820,168,0,test
mp-600125,HfInCu2,0.0,0-0.005,225,4,3,3960,2406,0,test
mp-1219584,RbNO3,0.0,0-0.005,160,5,3,311,23,4,test
mp-864960,Dy2CuRh,0.0157560913392851,0.005-0.02,225,4,3,3960,2406,0,test
mp-757987,Li3Mn3NiO8,0.0327221568333273,0.02-0.04,2,15,11,676,1,12,test
mp-758590,MnV4O12,0.0688113766176474,0.06-0.0801,1,17,17,470,1,51,test
mp-6943,Ca4GdB3O10,0.0,0-0.005,8,18,11,361,4,29,test
mp-1114340,Na2LiRhF6,0.044678328749999,0.04-0.06,225,10,4,3960,923,1,test
mp-1114432,Rb2LiYF6,0.0,0-0.005,225,10,4,3960,923,1,test
mp-400,NdAl2,0.0,0-0.005,227,6,2,303,132,0,test
mp-555,Fe8N,0.0010822761111111,0-0.005,139,9,4,1233,1,2,test
mp-762266,Li2Cu2F7,0.0663906190909102,0.06-0.0801,8,11,11,361,1,22,test
mp-30528,MnTlCl3,0.0243922364999997,0.02-0.04,62,20,4,1187,318,7,test
mp-22227,ZrMnSi,0.0,0-0.005,62,12,3,1187,413,6,test
mp-1221562,MnZn(GaSe2)4,0.0006904442857234,0-0.005,81,14,7,3,1,7,test
mp-1114678,Rb2TlHgF6,0.0374869541250024,0.02-0.04,225,10,4,3960,923,1,test
mp-1218102,SrNdMn2O6,0.0097080545227434,0.005-0.02,121,10,5,101,1,2,test
mp-1212863,Dy5BiPt2,0.0,0-0.005,140,16,4,257,52,3,test
mp-417,MnRh,0.0,0-0.005,221,2,2,820,168,0,test
mp-1014160,ZrN,0.0491527324999996,0.04-0.06,164,4,3,551,9,1,test
mp-1206906,CeIn2Ru,0.0,0-0.005,63,8,3,880,158,4,test
mp-1212743,EuMgTl,0.0,0-0.005,62,12,3,1187,413,6,test
mp-10779,RbNdSe2,0.0,0-0.005,166,4,3,1076,280,1,test
mp-561461,Cs2KMnF6,0.0449731050000101,0.04-0.06,225,10,4,3960,923,1,test
mp-30478,Ca2Pb,0.0,0-0.005,62,12,3,1187,102,6,test
mp-19840,GdBRh3,0.0,0-0.005,221,5,3,820,273,0,test
mp-8096,ZrCuF6,0.0118572365624931,0.005-0.02,148,8,3,351,67,3,test
mp-1114508,Rb2LiEuCl6,0.0186855415,0.005-0.02,225,10,4,3960,923,1,test
mp-1208982,Se(OF)2,0.0192150685000012,0.005-0.02,92,20,3,12,0,7,test
mp-1186525,PrEr3,0.0197793174999993,0.005-0.02,194,8,2,1129,439,1,test
mp-571405,NdTl,0.0,0-0.005,221,2,2,820,168,0,test
mp-752975,FeOF,0.0108852630555569,0.005-0.02,26,12,6,68,1,12,test
mp-1473,Fe7W6,0.0026360507692313,0-0.005,166,13,5,1076,8,5,test
mp-1226550,CeThCN,0.0404394419444447,0.04-0.06,123,4,4,626,4,0,test
mp-10991,YCuAs2,0.0,0-0.005,129,8,4,472,65,2,test
mp-1096946,Cs2VHO4,0.0,0-0.005,36,16,7,174,4,15,test
mp-1226030,CoSeS,0.0254577108333338,0.02-0.04,198,12,3,67,48,3,test
mp-1208122,Tm2NiRuO6,0.0517963967499977,0.04-0.06,14,20,6,575,188,12,test
mp-1105800,LuB2C,0.0,0-0.005,55,16,4,40,0,8,test
mp-19725,Hf(FeGe)6,0.0,0-0.005,191,13,5,355,30,2,test
mp-9479,Mg(AlSe2)2,0.0210989425000001,0.02-0.04,166,7,4,1076,22,3,test
mp-1111035,Rb2LuCuCl6,0.0336659447500009,0.02-0.04,225,10,4,3960,923,1,test
mp-12553,PrAl3,0.0,0-0.005,194,8,2,1129,439,1,test
mp-1104100,Nd3Al11,0.0016535307142859,0-0.005,71,14,6,419,10,6,test
mp-1114419,Rb2LiInF6,0.0,0-0.005,225,10,4,3960,923,1,test
mp-361,Cu2O,0.0,0-0.005,224,6,2,3,2,0,test
mp-31213,Sr4Ti3O10,0.001071719999997,0-0.005,139,17,8,1233,4,6,test
mp-1212105,HoAl3(BO3)4,0.0063778500781257,0.005-0.02,155,20,7,75,15,7,test
mp-1222617,Li2ZnCu3,0.0,0-0.005,166,6,3,1076,53,1,test
mp-30753,LaPd5,0.0,0-0.005,191,6,3,355,62,0,test
mp-1215438,Zn2CuNi,0.0090599049999995,0.005-0.02,123,4,3,626,136,1,test
mp-1226486,CeThB12,0.0,0-0.005,123,14,5,626,8,4,test
mp-4555,Ca(AsO3)2,0.0,0-0.005,162,9,3,43,18,2,test
mp-30626,DyZn3,0.0,0-0.005,62,16,4,1187,80,8,test
mp-865229,Be2NiIr,0.0,0-0.005,225,4,3,3960,2406,0,test
mp-1024963,TbCo2B2C,0.0242087116666578,0.02-0.04,139,6,4,1233,23,1,test
mp-571584,LiMgSbPt,0.051424990000001,0.04-0.06,216,4,4,538,18,0,test
mp-1223857,In3GaTe4,0.0255320124999998,0.02-0.04,121,8,4,101,7,2,test
mp-1185409,LiPmGa2,0.0,0-0.005,225,4,3,3960,2406,0,test
mp-9157,K3AlO3,0.0,0-0.005,12,14,6,1273,22,11,test
mp-1215479,Zr2V3Fe,0.0,0-0.005,166,6,3,1076,53,1,test
mp-6449,CdCu2SiS4,0.0,0-0.005,31,16,6,112,21,14,test
mp-977442,Yb2ZnGa,0.0,0-0.005,225,4,3,3960,2406,0,test
mp-865238,Lu2MgAl,0.0,0-0.005,225,4,3,3960,2406,0,test
mp-1205715,CeCo5H4,0.0423110019999963,0.04-0.06,65,10,6,265,1,2,test
mp-1188392,LiInS2,0.0,0-0.005,33,16,4,47,21,12,test
mp-1220151,Ni(Te4Mo3)2,0.0009231562222211,0-0.005,1,15,15,470,2,45,test
mp-755147,Li3TiCr2O6,0.0575372336805442,0.04-0.06,12,12,7,1273,28,10,test
mp-1212702,Fe2As2H2PbO10,0.0185354514705888,0.005-0.02,12,17,8,1273,2,13,test
mp-1179520,Sc5Ga3,0.0078149839062504,0.005-0.02,12,16,6,1273,3,12,test
mp-7738,LaSeF,0.0,0-0.005,194,6,3,1129,168,0,test
mp-1222858,LaNi4Rh,0.0,0-0.005,65,6,4,265,53,1,test
mp-797,DyPd3,0.0,0-0.005,221,4,2,820,339,0,test
mp-1180580,LiHF2,0.0215570249999998,0.02-0.04,12,4,3,1273,42,2,test
mp-556767,ClF3,0.0051844665625009,0.005-0.02,62,16,3,1187,80,7,test
mp-1227881,BaMgIn3,0.0,0-0.005,119,5,4,124,19,1,test
mp-1185961,MgScZn2,0.0,0-0.005,225,4,3,3960,2406,0,test
mp-2018,AlFe3,0.0018312250000001,0-0.005,225,4,3,3960,122,0,test
mp-1188608,Ce3Sb4Pt3,0.0,0-0.005,220,20,3,111,40,1,test
mp-29242,Ba3PbO,0.0,0-0.005,221,5,3,820,273,0,test
mp-1077351,ZrGaCu,0.0,0-0.005,194,6,3,1129,168,0,test
mp-1211229,La(ZnP)3,0.0,0-0.005,194,14,5,1129,10,2,test
mp-30663,Ga3Pt5,0.0024903096875004,0-0.005,65,8,5,265,2,2,test
mp-1187090,Sr2LiRh,0.0083110147916665,0.005-0.02,225,4,3,3960,2406,0,test
mp-1228999,AlCr4AgS8,0.0,0-0.005,216,14,5,538,21,3,test
mp-7303,ErCd3,0.0,0-0.005,63,8,3,880,33,4,test
mp-1217587,TbBeCu4,0.0443869507051273,0.04-0.06,187,6,4,312,37,1,test
mp-1217895,TaMo,0.0,0-0.005,65,2,2,265,21,0,test
mp-1184055,GaFeRu2,0.0,0-0.005,225,4,3,3960,2406,0,test
mp-1113383,Rb2CuSbBr6,0.0406925442499996,0.04-0.06,225,10,4,3960,923,1,test
mp-1213290,Dy5CuPb3,0.0,0-0.005,193,18,4,238,124,2,test
mp-1094469,Mg2Zn,0.0708719396871992,0.06-0.0801,63,6,3,880,64,3,test
mp-1224813,GaNi3As,0.0680556366041766,0.06-0.0801,187,5,4,312,0,1,test
mp-1214922,AgPtF6,0.0,0-0.005,2,16,9,676,8,21,test
mp-1215418,ZnIn3AsSe4,0.0034937088888882,0-0.005,1,9,9,470,2,27,test
mp-1209269,RbLu(WO4)2,0.0290088191666679,0.02-0.04,164,12,5,551,18,4,test
mp-1221444,Na2BrClO6,0.0216493108333333,0.02-0.04,4,20,10,151,10,30,test
mp-974322,Ho3Mg,0.0459053800000002,0.04-0.06,194,8,2,1129,439,1,test
mp-7505,K2P2Pd,0.0,0-0.005,63,10,4,880,13,4,test
mp-1102891,EuBi2,0.0118695358333331,0.005-0.02,141,12,3,181,29,3,test
mp-8301,Gd2CF2,0.0,0-0.005,164,5,3,551,130,2,test
mp-1080771,NaCl7,0.0,0-0.005,200,8,3,33,0,1,test
mp-1182326,Ca2B5ClO10,0.0771567832292188,0.06-0.0801,1,18,18,470,0,54,test
mp-569299,Be(BC)2,0.0234447378333344,0.02-0.04,59,20,7,106,2,10,test
mp-1185091,La5Mg,0.0476064499999999,0.04-0.06,189,6,3,469,23,1,test
mp-2201,PbSe,0.0,0-0.005,225,2,2,3960,145,0,test
mp-1222214,Mg3(AlCu2)2,0.0038286772222217,0-0.005,2,18,11,676,16,21,test
mp-998306,CsPdBr3,5.905200000055899e-05,0-0.005,38,5,4,383,12,5,test
mp-1539136,CaCu2F8,0.0,0-0.005,97,11,3,29,0,3,test
mp-1027303,TeMoWS3,0.0603371800000003,0.06-0.0801,156,12,12,302,22,12,test
mp-10883,AlCrCo2,0.0575979612499999,0.04-0.06,225,4,3,3960,2406,0,test
mp-552185,AgNO3,0.0,0-0.005,161,10,3,40,34,5,test
mp-1216935,Tm(Fe5Mo)2,0.0203894242735049,0.02-0.04,71,13,6,419,38,4,test
mp-1224506,Hf(AlNi4)3,0.0036063269999999,0-0.005,123,16,8,626,3,4,test
mp-1188934,Eu5Ge3,0.0,0-0.005,140,16,4,257,42,3,test
mp-867958,TaInRu2,0.0,0-0.005,225,4,3,3960,2406,0,test
mp-1176528,LiVF6,0.050726736875001,0.04-0.06,163,16,3,42,4,3,test
mp-1187674,Tm3Sc,0.0149992212500009,0.005-0.02,194,8,2,1129,439,1,test
mp-8627,SmBO3,0.0,0-0.005,2,20,10,676,39,30,test
mp-7661,Li2RhF6,0.0,0-0.005,136,18,4,167,33,4,test
mp-9499,Sm2C(NO)2,0.0,0-0.005,164,7,4,551,7,3,test
mp-756603,Li2AlNiO4,0.0769436309374995,0.06-0.0801,7,16,8,106,17,24,test
mp-1104255,Sb2F13,0.0,0-0.005,2,15,8,676,0,21,test
mp-1104269,Er(Al2Cu)4,0.0,0-0.005,139,13,4,1233,45,2,test
mp-2512,AsPd5,0.0,0-0.005,12,12,5,1273,5,10,test
mp-1183969,Cu3Sb,0.066506673750001,0.06-0.0801,221,4,2,820,339,0,test
mp-1104686,Cs4Au6S5,0.0,0-0.005,157,15,5,6,0,9,test
mp-781050,Li4CrSb(TeO6)2,0.0475869230625001,0.04-0.06,1,20,20,470,11,60,test
mp-1205851,DyMn2SiC,0.0,0-0.005,63,10,4,880,44,4,test
mp-1189596,Pr2Zn5Pb,0.0,0-0.005,63,16,6,880,30,7,test
mp-767649,Li2VF6,0.0444053755555868,0.04-0.06,4,18,9,151,7,27,test
mp-1205603,TbSiRu2C,0.0,0-0.005,63,10,4,880,44,4,test
mp-755312,Li5Nb2Cu3O10,0.0763209609374993,0.06-0.0801,2,20,11,676,15,27,test
mp-1225017,FeCu6GeS8,0.0,0-0.005,216,16,5,538,0,3,test
mp-1105388,MnFe4B2P,0.0144929159375006,0.005-0.02,140,16,4,257,3,3,test
mp-1187942,YbAgHg2,0.0036546469642859,0-0.005,225,4,3,3960,2406,0,test
mp-757857,V3O5F,0.0401033516666533,0.04-0.06,65,18,9,265,3,8,test
mp-7226,V3Ni,0.0,0-0.005,223,8,2,54,37,0,test
mp-865843,YbNdZn2,0.0,0-0.005,225,4,3,3960,2406,0,test
mp-560874,BaPb2C2(O3F)2,0.0039539619230772,0-0.005,166,13,5,1076,0,5,test
mp-1218560,Sr3PbS4,0.0,0-0.005,47,8,6,83,2,2,test
mp-1205560,Rb2As2Pd,0.0,0-0.005,63,10,4,880,13,4,test
mp-1205608,SmMn2SiC,0.0,0-0.005,63,10,4,880,44,4,test
mp-865793,LiSc2Rh,0.0,0-0.005,225,4,3,3960,2406,0,test
mp-1039492,CeMg2,0.0239703383333327,0.02-0.04,194,6,2,1129,127,1,test
mp-1185046,LaTmTl2,0.0056063850000023,0.005-0.02,225,4,3,3960,2406,0,test
mp-557387,Sr2TmNbO6,0.0345057991250001,0.02-0.04,44,10,6,187,3,10,test
mp-1255447,ZnFe(SiO3)2,0.0270662972499984,0.02-0.04,15,20,6,533,54,14,test
mp-1077918,Sr2TcO4,0.0,0-0.005,139,7,4,1233,76,2,test
mp-19400,Sr2NiWO6,0.0104353884999994,0.005-0.02,225,10,4,3960,923,1,test
mp-1147719,BaCuS2,0.0600449799999998,0.06-0.0801,63,8,3,880,158,3,test
mp-1228899,CsVNiF6,0.0,0-0.005,74,18,6,299,30,6,test
mp-865253,LuMgPd2,0.0,0-0.005,225,4,3,3960,2406,0,test
mp-1215948,YCo3Ni2,0.0407792887745115,0.04-0.06,191,6,3,355,109,0,test
mp-4561,UAl3Pd2,0.0796314472916668,0.06-0.0801,191,6,3,355,109,0,test
mp-33406,La2PbSe4,0.0150007648214307,0.005-0.02,122,14,3,126,68,4,test
mp-764648,LiTiO2,0.0293620287499987,0.02-0.04,194,8,3,1129,110,1,test
mp-1220540,Nd2FeNiO6,0.0,0-0.005,14,20,6,575,188,12,test
mp-19928,Hf2CuSb3,0.0315616262499975,0.02-0.04,115,6,4,112,6,2,test
mp-1215301,ZrTi(CrFe)2,0.0735938125000004,0.06-0.0801,8,12,10,361,0,22,test
mp-1186735,Pr3Y,0.0150775020833338,0.005-0.02,139,4,3,1233,236,0,test
mp-1183744,CeMgHg2,0.0,0-0.005,225,4,3,3960,2406,0,test
mp-7387,KAgF4,0.0,0-0.005,140,12,3,257,17,2,test
mp-28716,Na2CrCl4,0.0403787766666674,0.04-0.06,14,14,4,575,11,9,test
mp-24409,PH4I,0.0,0-0.005,129,12,3,472,5,3,test
mp-1078721,InPd3,0.0,0-0.005,139,8,4,1233,236,2,test
mp-924129,ZrNiSn,0.0,0-0.005,216,3,3,538,99,0,test
mp-1187953,Yb3Pb,0.0480924037500001,0.04-0.06,221,4,2,820,339,0,test
mp-1215559,ZnCuP2O7,0.0295313273295505,0.02-0.04,5,11,7,274,16,15,test
mp-753184,Al(CoO2)2,0.031937336071425,0.02-0.04,74,14,5,299,45,5,test
mp-556093,CuMoF6,0.0365329512500007,0.02-0.04,148,8,3,351,67,3,test
mp-24722,HRh,0.0,0-0.005,225,2,2,3960,145,0,test
mp-1080312,CeSe2,0.0086294916666673,0.005-0.02,62,12,3,1187,102,6,test
mp-976411,Li,0.0027975391666665,0-0.005,194,4,2,1129,60,0,test
mp-1078188,LiOsO3,0.0059411039999996,0.005-0.02,167,10,3,77,29,1,test
mp-1216609,U2Si3Ru,0.0409261675000003,0.04-0.06,25,6,6,124,29,6,test
mp-1105785,LiH2N,0.0366854199999995,0.02-0.04,14,16,4,575,40,12,test
mp-772510,YTh4O10,0.0363715817916663,0.02-0.04,87,15,4,101,5,5,test
mp-1101159,Zr2N2O,0.078564909249998,0.06-0.0801,9,10,5,107,2,15,test
mp-1217327,ThMn2Ni3,0.0665668161063228,0.06-0.0801,191,6,3,355,109,0,test
mp-1147521,CsCoO2,0.0179931112500106,0.005-0.02,227,8,3,303,15,0,test
mp-1094883,MgGa,0.0168624350000001,0.005-0.02,123,2,2,626,49,0,test
mp-1223195,La2UTe5,0.0613533423437484,0.06-0.0801,5,16,9,274,4,23,test
mp-1188126,Pr2Al2Co15,0.0445944706237826,0.04-0.06,166,19,5,1076,11,5,test
mp-867233,Sc2ZnIr,0.0,0-0.005,225,4,3,3960,2406,0,test
mp-1185517,Mg(AlH4)2,0.0402258104545456,0.04-0.06,2,11,6,676,1,15,test
mp-12061,Lu(FeB)2,0.0,0-0.005,139,5,3,1233,443,1,test
mp-862775,LiInRh2,0.0058007658333352,0.005-0.02,225,4,3,3960,2406,0,test
mp-1294,YCo2,0.0,0-0.005,227,6,2,303,132,0,test
mp-1210109,NdBr2,0.0202182366666647,0.02-0.04,64,6,2,82,8,2,test
mp-38951,Mg(GaO2)2,0.0,0-0.005,74,14,5,299,45,5,test
mp-1216833,TiNbSbO6,0.0176060388888892,0.005-0.02,2,18,9,676,3,27,test
mp-1519441,BaSrMnWO6,0.0229308900000067,0.02-0.04,216,10,5,538,130,1,test
mp-1187372,TbSm,0.0230863675000003,0.02-0.04,187,2,2,312,64,0,test
mp-1225130,Er(CuTe)3,0.0428333635714288,0.04-0.06,148,14,3,351,20,7,test
mp-1103777,K(IrO2)4,0.0279725464743521,0.02-0.04,87,13,4,101,6,6,test
mp-862260,ScZn3,0.0,0-0.005,194,8,2,1129,439,1,test
mp-13039,Tm2C(NO)2,0.0,0-0.005,164,7,4,551,7,3,test
mp-1189973,TmFe4(CuO4)3,0.052382647031254,0.04-0.06,204,20,4,122,42,2,test
mp-1219133,SmAlNi,0.0769864397222219,0.06-0.0801,38,12,7,383,68,12,test
mp-757199,Li4MnNb2WO12,0.0465345357999957,0.04-0.06,1,20,20,470,11,60,test
mp-19269,NdCrO3,0.0,0-0.005,62,20,4,1187,318,7,test
mp-1183391,BaPb3,0.0441360324999999,0.04-0.06,221,4,2,820,339,0,test
mp-1215443,ZnGaPS,0.0235145439285711,0.02-0.04,160,4,4,311,13,4,test
mp-1187168,SrEu3,0.0647909145833338,0.06-0.0801,221,4,2,820,339,0,test
mp-1114109,Na2LiNiF6,0.0646307958333327,0.06-0.0801,225,10,4,3960,923,1,test
mp-1104892,PuB12,0.0,0-0.005,225,13,2,3960,11,1,test
mp-1039088,CeMg5,0.0732499883333335,0.06-0.0801,8,6,6,361,13,12,test
mp-1226742,CdInAsSe,0.0172272900000001,0.005-0.02,160,4,4,311,13,4,test
mp-567341,PrCoC2,0.0,0-0.005,9,8,4,107,11,12,test
mp-2008,FeAs2,0.0,0-0.005,58,6,2,59,33,2,test
mp-1183007,AlF3,0.0092947649999999,0.005-0.02,15,8,3,533,6,4,test
mp-1112909,Cs2YCuCl6,0.040192658500004,0.04-0.06,225,10,4,3960,923,1,test
mp-861607,KNaNdTaO5,0.0,0-0.005,129,18,6,472,10,5,test
mp-568280,Ba(NiAs)2,0.0,0-0.005,139,5,3,1233,443,1,test
mp-580192,HoGe2Pt,0.0,0-0.005,71,16,6,419,20,8,test
mp-9273,K3Sb2Au3,0.0,0-0.005,166,8,4,1076,3,2,test
mp-1185886,MgHg2,0.0234389999999999,0.02-0.04,15,6,2,533,20,4,test
mp-1102259,Dy2Ga8Fe,0.0106378540909179,0.005-0.02,123,11,5,626,22,3,test
mp-570270,NbSeCl3,0.0,0-0.005,13,20,5,57,2,15,test
mp-1079088,NaAsF6,0.0,0-0.005,148,8,3,351,67,3,test
mp-557664,Cs2TlBiF6,0.0,0-0.005,225,10,4,3960,923,1,test
mp-1112980,Cs3BiBr6,0.0424729520000011,0.04-0.06,225,10,4,3960,100,1,test
mp-1519277,Sr2MnWO6,0.0357569870000062,0.02-0.04,225,10,4,3960,923,1,test
mp-1101397,SmHO2,0.0,0-0.005,11,8,4,277,20,8,test
mp-1103229,Li4Sm3Ge4,0.0,0-0.005,71,11,5,419,49,5,test
mp-1217794,Ta10SeS3,0.0763730857142857,0.06-0.0801,99,14,14,88,0,14,test
mp-21313,Mn3GaC,0.0,0-0.005,221,5,3,820,273,0,test
mp-755114,Fe6OF11,0.0538941064814704,0.04-0.06,5,18,11,274,3,25,test
mp-1218448,SrCa3(PbO4)2,0.0053494883928602,0.005-0.02,6,14,14,163,3,28,test
mp-1181423,ErB2Ru,0.0,0-0.005,62,16,3,1187,107,7,test
mp-27281,LiH3O2,0.0016127437499999,0-0.005,12,12,5,1273,51,9,test
mp-30713,Ho2Zn17,0.0,0-0.005,166,19,5,1076,25,5,test
mp-1079069,La2Mn2Se2O3,0.0,0-0.005,139,9,5,1233,7,2,test
mp-1225754,DyGaNi,0.0083553541666701,0.005-0.02,12,6,3,1273,58,6,test
mp-1079337,FeNi3,0.0163202325,0.005-0.02,59,8,3,106,20,4,test
mp-19039,CdMoO4,0.0,0-0.005,88,12,3,63,44,3,test
mp-977576,NdZnAu2,0.0283772526782168,0.02-0.04,225,4,3,3960,2406,0,test
mp-568077,TaFe2,0.0,0-0.005,194,12,3,1129,127,2,test
mp-685137,Ce2SbO2,0.0036004560000009,0-0.005,12,5,3,1273,46,3,test
mp-1223469,KLiZn3O4,0.0,0-0.005,8,9,9,361,4,18,test
mp-1077228,PrInPt4,0.0,0-0.005,216,6,3,538,136,1,test
mp-1217130,Ti2CuNi,0.0571076599999997,0.04-0.06,25,4,4,124,5,4,test
mp-1224845,GaAgSeS,0.0075146393749996,0.005-0.02,24,8,4,13,6,4,test
mp-1219072,SmErFe4,0.0224704069444445,0.02-0.04,216,6,3,538,136,1,test
mp-1104699,Nb5PbSe8,0.0718963749107102,0.06-0.0801,12,14,8,1273,28,12,test
mp-1105605,Tb7FeI12,0.0,0-0.005,148,20,5,351,17,9,test
mp-7841,Ba(GaSe2)2,0.0,0-0.005,66,14,4,18,13,5,test
mp-9630,TlCrS2,0.0163266697685209,0.005-0.02,160,4,4,311,32,4,test
mp-2286,Li2Se,0.0,0-0.005,225,3,2,3960,55,0,test
mp-20732,EuAsPt,0.0,0-0.005,109,6,3,46,26,3,test
mp-973878,Lu3Ga5Ni,0.0,0-0.005,189,9,4,469,1,2,test
mp-1113201,Cs2InGaCl6,0.0405637155000007,0.04-0.06,225,10,4,3960,923,1,test
mp-1025238,Tm(TiGa2)2,0.0,0-0.005,139,7,3,1233,76,1,test
mp-1189018,Na5Hf2F13,0.0077789513888868,0.005-0.02,12,20,8,1273,1,15,test
mp-13549,CeZnAu,0.0,0-0.005,62,12,3,1187,413,6,test
mp-1189290,Ce(HoS2)3,0.0,0-0.005,11,20,10,277,19,20,test
mp-1190398,MnVGaCo,0.0,0-0.005,215,16,6,25,0,2,test
mp-1206844,RbPaO3,0.0,0-0.005,221,5,3,820,273,0,test
mp-1021328,H4C,0.0,0-0.005,217,5,2,20,1,1,test
mp-1185439,LiYbTl2,0.0053801449999997,0.005-0.02,225,4,3,3960,2406,0,test
mp-30156,LiMgN,0.0007149016666661,0-0.005,62,12,3,1187,413,6,test
mp-1104137,Tb(NbSn)6,0.0,0-0.005,191,13,5,355,30,2,test
mp-11551,Tb2Pt,0.0,0-0.005,62,12,3,1187,102,6,test
mp-759542,V4(OF3)3,0.0342308950000003,0.02-0.04,3,16,10,42,0,22,test
mp-570837,Cs(AsRu)2,0.0,0-0.005,139,5,3,1233,443,1,test
mp-1018768,Li3LaBi2,0.0,0-0.005,164,6,4,551,47,2,test
mp-1103510,Al2HgSe4,0.0418830435714276,0.04-0.06,227,14,3,303,127,1,test
mp-1208105,UTeSe,0.0269823574999996,0.02-0.04,62,12,3,1187,413,6,test
mp-1219233,Sm2Ge3Pt,0.038198617916664,0.02-0.04,25,6,6,124,29,6,test
mp-2092,CePd3,0.0,0-0.005,221,4,2,820,339,0,test
mp-4366,Na2PtC2,0.055823383034486,0.04-0.06,164,5,3,551,130,2,test
mp-1215274,ZrAu,0.0111395750000005,0.005-0.02,123,2,2,626,49,0,test
mp-1182169,BaO6,0.0394772121428577,0.02-0.04,15,14,4,533,4,10,test
mp-569157,BiI3,0.0006250012499999,0-0.005,162,8,2,43,1,2,test
mp-1224327,Hf2Al3Au,0.0,0-0.005,166,6,3,1076,53,1,test
mp-977392,Ho2MgIn,0.0,0-0.005,225,4,3,3960,2406,0,test
mp-644739,LaGa6,0.0,0-0.005,125,14,3,18,8,3,test
mp-505551,InPH2O5,0.0003501581944469,0-0.005,2,18,9,676,8,27,test
mp-22937,Na4I2O,0.0,0-0.005,139,7,4,1233,76,2,test
mp-21202,Sm3In,0.0,0-0.005,221,4,2,820,339,0,test
mp-975537,NdInRh2,0.0110173872916661,0.005-0.02,225,4,3,3960,2406,0,test
mp-392,U3Sb4,0.0,0-0.005,220,14,2,111,56,1,test
mp-753482,Li2MnCoO4,0.0342057996875038,0.02-0.04,10,8,6,138,13,4,test
mp-1223345,KNaNb2O6,0.0201302869999988,0.02-0.04,8,10,7,361,4,17,test
mp-1213756,Cr7Te8,0.0737428106666655,0.06-0.0801,12,15,7,1273,0,10,test
mp-973261,Mg2SnO4,0.0277889478571431,0.02-0.04,227,14,3,303,127,1,test
mp-1226009,CoNiAs2,0.0372188230113632,0.02-0.04,164,4,3,551,25,1,test
mp-24165,Li2H2SeO5,0.0092727274166692,0.005-0.02,4,20,10,151,2,30,test
mvc-15933,Ca2Bi3O8,0.0578088827884615,0.04-0.06,12,13,6,1273,16,10,test
mp-1095204,Tm2Ni2Sn,0.0,0-0.005,127,10,3,246,156,2,test
mp-1190021,TeO2,0.023990257083331,0.02-0.04,2,18,9,676,12,27,test
mp-862982,Ag2Br3,0.0,0-0.005,167,10,2,77,25,2,test
mp-1217269,TeSe2,0.0,0-0.005,5,3,2,274,2,4,test
mp-10623,ThSbRh,0.0,0-0.005,216,3,3,538,99,0,test
mp-16234,CsAg3Se2,0.0,0-0.005,12,12,6,1273,51,12,test
mp-558111,Rb2MnF6,0.0,0-0.005,225,9,3,3960,89,1,test
mp-865249,TmSnRu2,0.0,0-0.005,225,4,3,3960,2406,0,test
mp-1210681,Lu6InCo2,0.0,0-0.005,71,18,7,419,43,8,test
mp-23144,TlRe3(Se2Cl)2,0.0009734789999997,0-0.005,2,20,10,676,0,30,test
mp-1205582,Sr2CrOsO6,0.0079254990000068,0.005-0.02,225,10,4,3960,923,1,test
mp-553243,YBi2BrO4,0.0,0-0.005,123,8,4,626,30,2,test
mp-11411,ScGa,0.0,0-0.005,63,4,2,880,83,2,test
mp-10383,LaTeAs,0.0,0-0.005,62,12,3,1187,413,6,test
mp-1183601,CaGdRh2,0.0016956623749972,0-0.005,225,4,3,3960,2406,0,test
mp-1185927,MgPd3,0.0132414875000002,0.005-0.02,139,4,3,1233,236,0,test
mp-1188812,La2MnNiO6,0.0423540874916668,0.04-0.06,14,20,6,575,188,12,test
mp-28405,S(ClO)2,0.0,0-0.005,43,10,3,40,2,7,test
mp-761153,U6O11,0.042833296666668,0.04-0.06,8,17,11,361,0,28,test
mp-9835,CoSb2,0.0108719474999992,0.005-0.02,58,6,2,59,33,2,test
mp-865671,Y2ZnIn,0.0,0-0.005,225,4,3,3960,2406,0,test
mp-979428,YEr4Al15,0.0038646620000015,0-0.005,166,20,6,1076,1,6,test
mp-1114423,Rb2LiMoCl6,0.0246128910000011,0.02-0.04,225,10,4,3960,923,1,test
mp-2796,TmAg,0.0,0-0.005,221,2,2,820,168,0,test
mp-1215305,ZrCrCo,0.0268432500000024,0.02-0.04,38,12,7,383,68,12,test
mp-1079705,Ba2LuTaO6,0.0,0-0.005,225,10,4,3960,923,1,test
mp-1186635,PmPr3,0.0139841518750003,0.005-0.02,139,4,3,1233,236,0,test
mp-151,Tl,0.0106919566666667,0.005-0.02,225,1,1,3960,26,0,test
mp-1211745,K2RbScV2O8,0.0,0-0.005,164,14,6,551,11,5,test
mp-754285,Li5MnO4,0.0650168655000005,0.06-0.0801,59,20,5,106,7,9,test
mp-756829,Li4Fe3CoO8,0.0745819764062512,0.06-0.0801,1,16,16,470,9,48,test
mp-1223497,La2Ge4Pd3Pt,0.0239042472500052,0.02-0.04,115,10,7,112,18,3,test
mp-559166,Sr2UFeO6,0.0126683340000059,0.005-0.02,14,20,6,575,188,12,test
mp-866087,MgSiRh2,0.0,0-0.005,225,4,3,3960,2406,0,test
mp-1095145,TiReSi,0.0,0-0.005,189,9,4,469,305,2,test
mp-570890,SmBiRh,0.0,0-0.005,62,12,3,1187,413,6,test
mp-1226015,CoNiGe,0.0431968072222224,0.04-0.06,194,6,3,1129,168,0,test
mp-557805,MnBiS2Br,0.0003394223333303,0-0.005,12,10,6,1273,11,8,test
mp-861637,Ti2AlTc,0.0,0-0.005,225,4,3,3960,2406,0,test
mp-30302,HfBrN,0.0115167549999988,0.005-0.02,166,6,3,1076,18,3,test
mp-867887,Sm2CuIr,0.0434013526388872,0.04-0.06,225,4,3,3960,2406,0,test
mp-19065,Ho6WO12,0.0347034293421071,0.02-0.04,148,19,4,351,11,9,test
mp-1222650,Li2MgAu,0.0048487262499996,0-0.005,216,4,4,538,51,0,test
mp-1210977,LiMn2TeO6,0.0,0-0.005,1,20,20,470,22,60,test
mp-19817,Y3InC,0.0,0-0.005,221,5,3,820,273,0,test
mp-1220738,Nb2GaNi3,0.02097607686916,0.02-0.04,194,12,3,1129,48,2,test
mp-3078,CdSiAs2,0.0,0-0.005,122,8,3,126,51,1,test
mp-546142,Na2UO4,0.0357491814285753,0.02-0.04,65,7,4,265,10,2,test
mp-755657,TiVO3,0.0,0-0.005,148,10,3,351,48,5,test
mp-1274182,Mg2CoWO6,0.0174227417500052,0.005-0.02,146,10,6,73,21,10,test
mp-1187646,YbHoPd2,0.0091806099999995,0.005-0.02,225,4,3,3960,2406,0,test
mp-1228699,Al4InCuS8,0.0347509333928508,0.02-0.04,160,14,8,311,6,11,test
mp-1225578,DyErTe2,0.0,0-0.005,123,4,4,626,136,0,test
mp-567982,TaSn2,0.0,0-0.005,70,12,3,87,8,3,test
mp-569037,Y3H2,0.0154116053333339,0.005-0.02,194,10,3,1129,6,2,test
mp-1184808,K,0.03364152575,0.02-0.04,223,8,2,54,3,0,test
mvc-8200,MgBi2O5,0.063571980416679,0.06-0.0801,63,16,5,880,30,8,test
mp-1028558,W2SeS3,0.0101783154166668,0.005-0.02,156,12,12,302,20,12,test
mp-1220187,Nd4Si7,0.0190355268181825,0.005-0.02,25,11,11,124,0,11,test
mp-11495,LuRu,0.0,0-0.005,221,2,2,820,168,0,test
mp-1208415,Tb5(SiSb)2,0.0,0-0.005,64,18,4,82,8,6,test
mp-28557,Ag2PdCl4,0.0,0-0.005,64,14,4,82,17,4,test
mp-1071051,NdMgCu4,0.0,0-0.005,216,6,3,538,136,1,test
mp-1184217,ErMgRh2,0.0,0-0.005,225,4,3,3960,2406,0,test
mp-1215601,Zr2Cr3Si,0.0798020916666661,0.06-0.0801,194,12,3,1129,48,2,test
mp-1025320,Ho2Re2Si2C,0.0,0-0.005,12,7,4,1273,17,6,test
mp-1174097,Li3MnCoO5,0.0743418854999991,0.06-0.0801,2,20,11,676,5,27,test
mp-1224196,Ho3Er9(MnBi2)2,0.0108657405555554,0.005-0.02,6,18,18,163,1,36,test
mp-1027274,MoWSeS3,0.0336161129166665,0.02-0.04,156,12,12,302,22,12,test
mp-1187318,Tb3Pr,0.0250337487499994,0.02-0.04,194,8,2,1129,439,1,test
mp-979437,YPaTc2,0.0026578587500001,0-0.005,225,4,3,3960,2406,0,test
mp-1032,Ta2B,0.0363305408333367,0.02-0.04,140,6,2,257,38,1,test
mp-35417,Li3TaO4,0.0642091053125,0.06-0.0801,139,8,5,1233,6,1,test
mp-1187807,USb3,0.0091030162500009,0.005-0.02,194,8,2,1129,439,1,test
mp-1227860,BaPPd,0.0,0-0.005,14,12,3,575,42,9,test
mp-19108,Ca2MnWO6,0.0,0-0.005,14,20,6,575,188,12,test
mp-1215964,YAl7Fe5,0.0118858730769328,0.005-0.02,44,13,8,187,19,12,test
mp-12951,ZrGaAu,0.0,0-0.005,187,6,4,312,88,2,test
mp-1218961,SnPbS2,0.0425221462499969,0.04-0.06,1,8,8,470,4,24,test
mp-7443,Nb2CrSe4,0.0546867619047617,0.04-0.06,12,7,4,1273,64,6,test
mp-19417,TiFeO3,0.0120412149999982,0.005-0.02,148,10,3,351,48,5,test
mp-28231,Ti2FeO5,0.0,0-0.005,63,16,5,880,30,8,test
mp-625420,AlHO2,0.0266269337499984,0.02-0.04,62,16,4,1187,107,8,test
mp-30840,Ti2Pd3,0.0,0-0.005,63,10,3,880,4,5,test
mp-10716,YbRh3C,0.0,0-0.005,221,5,3,820,273,0,test
mp-850932,Mn3(OF2)2,0.0640494586111133,0.06-0.0801,1,18,18,470,4,54,test
mp-1103690,LuWClO4,0.0400497936904749,0.04-0.06,2,14,7,676,9,21,test
mp-2624,AlSb,0.0,0-0.005,216,2,2,538,32,0,test
mp-1279343,CoNiO3,0.0003667109999989,0-0.005,2,10,5,676,39,15,test
mp-674531,Li5GeP3,0.0100147166666673,0.005-0.02,9,18,9,107,1,27,test
mp-1225185,EuAlAg4,0.0286496633333301,0.02-0.04,187,6,4,312,37,1,test
mp-865324,LuCl3,0.0,0-0.005,194,8,2,1129,439,1,test
mp-1206417,Er(PPd)2,0.0404849154545461,0.04-0.06,139,5,3,1233,443,1,test
mp-1212387,GdHfF7,0.0,0-0.005,4,18,9,151,21,27,test
mp-505804,Ti2CuSb3,0.0571649801190439,0.04-0.06,115,6,4,112,6,2,test
mp-1211715,K4CrO4,0.0,0-0.005,2,18,9,676,23,27,test
mp-632502,Zr2InNi2,0.0,0-0.005,127,10,3,246,156,2,test
mp-1225518,Er2SbO2,0.0,0-0.005,44,5,3,187,3,5,test
mp-1185990,MgTl3,0.0383930033333332,0.02-0.04,139,4,3,1233,236,0,test
mp-702,CeHg,0.0,0-0.005,221,2,2,820,168,0,test
mp-1222871,LaNi4Pt,0.0,0-0.005,65,6,4,265,53,1,test
mp-1224853,GaAgTeSe,0.0143252606249997,0.005-0.02,24,8,4,13,6,4,test
mp-1272680,CoO2,0.0141643458333318,0.005-0.02,12,3,2,1273,77,2,test
mp-7008,GaAg(PSe3)2,0.0161459173749998,0.005-0.02,163,20,4,42,6,4,test
mp-24076,Y(HO)3,0.020098278928569,0.02-0.04,176,14,3,74,42,4,test
mp-1214755,BPd6,0.0,0-0.005,15,14,4,533,4,10,test
mp-1186791,Pu2SbAu,0.0321441970833316,0.02-0.04,225,4,3,3960,2406,0,test
mp-1184831,HoTmRu2,0.0,0-0.005,225,4,3,3960,2406,0,test
mp-1025502,TiCuF6,0.0,0-0.005,2,8,5,676,8,9,test
mp-336,SmCo2,0.0,0-0.005,227,6,2,303,132,0,test
mp-22960,YbCuBi,0.0351131466666698,0.02-0.04,194,6,3,1129,168,0,test
mp-11255,PrAu,0.0570196900000006,0.04-0.06,221,2,2,820,168,0,test
mp-32854,H11O8,0.0748776424342114,0.06-0.0801,1,19,19,470,0,57,test
mp-961682,TiSnPd,0.0,0-0.005,216,3,3,538,99,0,test
mp-2351,TmPt3,0.0,0-0.005,221,4,2,820,339,0,test
mp-1189225,Nb3RhSe6,0.0,0-0.005,182,20,4,27,17,4,test
mp-864995,DyAl3,0.0,0-0.005,194,8,2,1129,439,1,test
mp-2924,Ho(SiNi)2,0.0,0-0.005,139,5,3,1233,443,1,test
mp-545735,Ba2NdRuO6,0.0031501099999999,0-0.005,225,10,4,3960,923,1,test
mp-1217670,Tb2ZnAg,0.0,0-0.005,123,4,3,626,136,1,test
mp-1188004,Zr2TcRh,0.0,0-0.005,225,4,3,3960,2406,0,test
mp-756424,GdLuO3,0.0555969621249996,0.04-0.06,62,20,4,1187,318,7,test
mp-1208844,SmSBr,0.0,0-0.005,14,12,3,575,42,9,test
mp-1223910,HoCoNi,0.0152544516666655,0.005-0.02,74,6,3,299,50,1,test
mp-865157,Dy2ZnIn,0.0,0-0.005,225,4,3,3960,2406,0,test
mp-674478,BaCO3,0.0499068710000001,0.04-0.06,167,10,3,77,29,1,test
mp-998613,KGeCl3,0.0,0-0.005,161,10,3,40,34,5,test
mp-1094619,Mg2Ga,0.0728967494444443,0.06-0.0801,12,6,3,1273,77,6,test
mp-5327,Na4UO5,0.0,0-0.005,87,10,4,101,8,4,test
mp-755975,Li2TiV3O8,0.0204131182142823,0.02-0.04,166,14,5,1076,78,4,test
mp-1018087,CeAu,0.0,0-0.005,63,4,2,880,83,2,test
mp-1211505,LiUBr4,0.0062402069444447,0.005-0.02,162,18,6,43,0,4,test
mp-1176513,Na3NO3,0.0168997179464209,0.005-0.02,113,14,5,19,0,5,test
mp-864807,HfZnNi2,0.0,0-0.005,225,4,3,3960,2406,0,test
mp-1094524,MgSn,0.0691525870833333,0.06-0.0801,38,6,6,383,9,6,test
mp-1213649,CsHoMnSe3,0.0,0-0.005,63,12,5,880,63,5,test
mp-865149,PaAlRu2,0.0,0-0.005,225,4,3,3960,2406,0,test
mp-1173423,Nd2Th3O9,0.0510109776785707,0.04-0.06,119,14,8,124,3,6,test
mp-756879,Li2Mn3FeO8,0.0254145893121746,0.02-0.04,166,14,5,1076,78,4,test
mp-1222366,LiNiRhF6,0.0,0-0.005,102,18,6,13,8,9,test
mp-1208148,ThGeI6,0.0573149753125026,0.04-0.06,163,16,3,42,4,3,test
mp-29674,Al2B2Ru3,0.0794127178571386,0.06-0.0801,65,7,4,265,3,3,test
mp-568596,SmInAu2,0.0,0-0.005,225,4,3,3960,2406,0,test
mp-1018099,Ba2NCl,0.0,0-0.005,166,4,3,1076,280,1,test
mp-1183039,ZrTaTc2,0.0,0-0.005,225,4,3,3960,2406,0,test
mp-13495,ZrPd,0.0,0-0.005,63,4,2,880,83,2,test
mp-1173513,NaSbS2,0.0468073262500006,0.04-0.06,141,8,3,181,50,1,test
mp-867255,LiZn2Au,0.0,0-0.005,225,4,3,3960,2406,0,test
mp-1080382,ErInPt4,0.0667799216666695,0.06-0.0801,216,6,3,538,136,1,test
mp-22756,K2PbO3,0.0046115183333332,0-0.005,36,12,4,174,30,10,test
mp-1237102,NdMnFeBiO6,0.0607079739999996,0.06-0.0801,4,20,10,151,12,30,test
mp-1094514,Mg3Sn,0.0492432380612242,0.04-0.06,139,4,3,1233,236,0,test
mp-9898,BaCuAs,0.0,0-0.005,194,6,3,1129,168,0,test
mp-1215624,Zn4CdSe5,0.0097975480000003,0.005-0.02,119,10,6,124,6,4,test
mp-33104,Sm2O,0.0714680468055535,0.06-0.0801,141,6,2,181,29,1,test
mp-1188561,Pr5CuBi3,0.0055784290277758,0.005-0.02,193,18,4,238,124,2,test
mp-27549,K2AgBi,0.0,0-0.005,63,8,3,880,158,3,test
mp-7478,RbTmO2,0.0,0-0.005,166,4,3,1076,280,1,test
mp-1187660,YbEuCd2,0.00141831,0-0.005,225,4,3,3960,2406,0,test
mp-5868,Sr3Ru2O7,0.0111921316666796,0.005-0.02,139,12,6,1233,14,4,test
mp-1213155,Er5Re2C7,0.0,0-0.005,65,14,7,265,3,5,test
mp-9382,SrZrN2,0.0133323762500001,0.005-0.02,166,4,3,1076,280,1,test
mp-867767,BeSiRh2,0.0,0-0.005,225,4,3,3960,2406,0,test
mp-1106349,SmPd3S4,0.0,0-0.005,223,16,3,54,13,0,test
mp-19156,BaMnO3,0.0001483234999994,0-0.005,194,10,3,1129,53,1,test
mp-1104242,K(MoSe)3,0.0,0-0.005,176,14,3,74,42,4,test
mp-1079886,Eu(BC)2,0.0275875180000007,0.02-0.04,131,10,3,15,1,2,test
mp-764163,Li3FeO4,0.0575812300000002,0.04-0.06,38,8,6,383,5,8,test
mp-755541,Cs3YO3,0.0104606450000002,0.005-0.02,12,14,6,1273,22,11,test
mp-1541714,Cs3As2Cl9,0.0,0-0.005,164,14,5,551,6,4,test
mp-1184312,Eu3Mg,0.0656582075000002,0.06-0.0801,225,4,3,3960,122,0,test
mp-1245623,LiMn2N3,0.0251699262962947,0.02-0.04,36,12,4,174,30,10,test
mp-675623,CsClO4,0.067679994583333,0.06-0.0801,137,12,3,24,2,2,test
mp-567431,ThCl4,0.0,0-0.005,88,10,2,63,1,3,test
mp-17336,NpCuSe2,0.0293283299999993,0.02-0.04,14,16,4,575,40,12,test
mvc-5908,Ca2CrWO6,0.032742169799997,0.02-0.04,1,10,10,470,22,30,test
mp-20426,Fe2As,0.067169769999996,0.06-0.0801,129,6,3,472,37,2,test
mp-1275109,Ca3Mn2(WO6)2,0.0424087956250058,0.04-0.06,1,19,19,470,2,57,test
mp-1226346,Cr3(TeSe)2,0.0093737364285724,0.005-0.02,12,7,4,1273,25,6,test
mp-27193,RbIO3,0.0,0-0.005,160,5,3,311,23,4,test
mp-865921,MgAlIr2,0.0,0-0.005,225,4,3,3960,2406,0,test
mp-1095046,La(GeIr)2,0.0,0-0.005,129,10,5,472,69,3,test
mp-2089,ZrTe3,0.0,0-0.005,11,8,4,277,15,8,test
mp-24051,ErHCl,0.0,0-0.005,166,6,3,1076,18,3,test
mp-1103874,MnTl(VS2)4,0.0447747229761983,0.04-0.06,12,14,8,1273,2,12,test
mp-677378,TiNbTl(O2F)2,0.0388700547685507,0.02-0.04,9,18,9,107,0,27,test
mp-752949,BiOF,0.0343048933333332,0.02-0.04,166,6,3,1076,18,3,test
mp-20752,Ce(Sn3Ru2)2,0.0,0-0.005,121,11,4,101,5,4,test
mp-11578,VZn3,0.0,0-0.005,221,4,2,820,339,0,test
mp-1247,Sb2Ir,0.0,0-0.005,14,12,3,575,31,9,test
mp-10245,Hf3(CuSi)4,0.0007151605151536,0-0.005,71,11,5,419,49,5,test
mp-14093,TbOF,0.0,0-0.005,166,6,3,1076,18,3,test
mp-1178932,Te,0.0540904900000001,0.04-0.06,166,1,1,1076,27,0,test
mp-983598,Ca2AgBi,0.0273027910416683,0.02-0.04,225,4,3,3960,2406,0,test
mp-1226754,CdAsP,0.0339524975000009,0.02-0.04,24,6,3,13,1,3,test
mp-568827,Be12W,0.0,0-0.005,139,13,4,1233,22,2,test
mp-1218030,SrPrScO4,0.0387277125000018,0.02-0.04,36,14,6,174,8,13,test
mp-1218038,Ta3V7Si6,0.0181085813124983,0.005-0.02,189,16,5,469,0,5,test
mp-23279,KBi2,0.0,0-0.005,227,6,2,303,132,0,test
mp-1185332,LiGa3,0.0227826482500002,0.02-0.04,139,4,3,1233,236,0,test
mp-1023941,Te4MoW,0.0135261033333327,0.005-0.02,156,6,6,302,5,6,test
mp-761675,Li2Cr3CoO8,0.0714791083333326,0.06-0.0801,160,14,8,311,13,11,test
mp-1105278,KAsO3,0.018912803750001,0.005-0.02,19,20,5,49,5,15,test
mp-23395,Hg2ClO,0.0140142762500006,0.005-0.02,15,16,5,533,25,10,test
mp-8418,ZrCoP,0.0,0-0.005,62,12,3,1187,413,6,test
mp-978288,MgNi,0.0582995440972218,0.04-0.06,166,6,3,1076,44,1,test
mp-1184821,HoRh2Pb,0.0,0-0.005,225,4,3,3960,2406,0,test
mp-13641,TiCdO3,0.0,0-0.005,148,10,3,351,48,5,test
mp-1226835,Ce2Al3Ru,0.016551715709876,0.005-0.02,194,12,3,1129,48,2,test
mp-1102314,HfFeSi,0.0,0-0.005,62,12,3,1187,413,6,test
mp-865774,YbInRh2,0.0,0-0.005,225,4,3,3960,2406,0,test
mp-1187473,TiGaTc2,0.0149739799999988,0.005-0.02,225,4,3,3960,2406,0,test
mp-1224372,Hf2SiMo3,0.0774513104166665,0.06-0.0801,194,12,3,1129,48,2,test
mp-754959,CrAgO4,0.0028944446296286,0-0.005,63,12,4,880,53,5,test
mp-1218188,SrLaB12,0.0,0-0.005,123,14,5,626,8,4,test
mp-1205604,KVCl3,0.0,0-0.005,194,10,3,1129,53,1,test
mvc-5997,Mg(CuO2)2,0.0408040421428577,0.04-0.06,88,14,3,63,14,3,test
mp-1019599,CePO4,0.0308779244444483,0.02-0.04,141,12,3,181,58,2,test
mp-1228924,AlCr3SiMo3,0.0749230575000012,0.06-0.0801,146,8,4,73,2,8,test
mp-753176,AgCO3,0.0035800969999995,0-0.005,167,10,3,77,29,1,test
mp-755229,V4(OF3)3,0.0005058006250004,0-0.005,1,16,16,470,4,48,test
mp-567588,DyInRh,0.0,0-0.005,189,9,4,469,305,2,test
mp-777422,DyHO2,0.0079306553125002,0.005-0.02,31,8,4,112,8,8,test
mp-1078362,Ca2AlPt2,0.0,0-0.005,15,10,3,533,17,7,test
mp-1189573,Hf5Ir3,0.0171375266666657,0.005-0.02,193,16,3,238,93,2,test
mp-1216443,V6FeNi,0.0,0-0.005,200,8,3,33,27,1,test
mp-238,MnPd,0.0022246934137921,0-0.005,123,2,2,626,49,0,test
mp-625445,H2SO4,0.0303498457142854,0.02-0.04,9,14,7,107,6,21,test
mp-561553,Ba4CeMn3O12,0.0,0-0.005,166,20,7,1076,5,7,test
mp-555069,Tb2SnS5,0.0180116784374995,0.005-0.02,55,16,5,40,2,6,test
mp-1227238,CaBiIO2,0.0,0-0.005,107,5,4,158,10,4,test
mp-1079501,Tb2InAu2,0.0,0-0.005,127,10,3,246,156,2,test
mp-1025588,W3(Se2S)2,0.0128534155555586,0.005-0.02,187,9,5,312,5,4,test
mp-1208243,Ti5NiSn3,0.0161412799999993,0.005-0.02,193,18,4,238,124,2,test
mp-22018,Hf(MnGe)6,0.0,0-0.005,191,13,5,355,30,2,test
mp-1023934,MoSe2,0.0011592100000008,0-0.005,187,3,2,312,17,1,test
mp-3718,ThTeO,0.0,0-0.005,129,6,3,472,177,2,test
mp-571505,Rb2In3,0.0056279337619051,0.005-0.02,139,10,4,1233,4,3,test
mp-866166,Y2PdRu,0.0,0-0.005,225,4,3,3960,2406,0,test
mp-1111234,K2NaGdCl6,0.0393664740000021,0.02-0.04,225,10,4,3960,923,1,test
mp-24128,ReH4NO4,0.0,0-0.005,88,20,4,63,1,6,test
mp-30644,Hf3Nb2Ga3,0.0,0-0.005,193,16,3,238,3,2,test
mp-757993,Li4V2OF7,0.0620048706249951,0.06-0.0801,8,14,11,361,1,25,test
mp-7388,NaAuF4,0.0,0-0.005,140,12,3,257,17,2,test
mp-1218034,Ta2V3Cu,0.0507911091666688,0.04-0.06,194,12,3,1129,48,2,test
mp-1095445,CsFe(MoO4)2,0.0011672791666663,0-0.005,147,12,5,40,1,5,test
mp-11081,CeSnAu,0.0,0-0.005,186,6,3,183,88,3,test
mp-1226456,Cr2Se3,0.0070089575,0.005-0.02,2,20,10,676,5,30,test
mp-1212045,K(FeSb3)4,0.0,0-0.005,204,17,3,122,40,2,test
mp-1102243,Eu2Cu,0.0024709033333323,0-0.005,62,12,3,1187,102,6,test
mp-1208267,Ti5CoSb3,0.0414856566666621,0.04-0.06,193,18,4,238,124,2,test
mp-1223000,LaCeCo10,0.0267233182789849,0.02-0.04,47,12,7,83,8,4,test
mp-1217978,SrPrScO4,0.0574307260714288,0.04-0.06,107,7,6,158,20,6,test
mp-1208285,Th5Tl3,0.0597482368750004,0.04-0.06,193,16,3,238,93,2,test
mp-1228360,Ba2InCuO4,0.0,0-0.005,123,8,5,626,30,2,test
mp-1106252,Nd5Ga3,0.0148509711718753,0.005-0.02,140,16,4,257,42,3,test
mp-2940,LuPO4,0.0,0-0.005,141,12,3,181,58,2,test
mp-27396,NiCl2,0.0,0-0.005,166,3,2,1076,42,1,test
mp-1105837,La7Ir3,0.0,0-0.005,186,20,4,183,33,7,test
mp-1219156,Sm4Cu5P7,0.0374032887500002,0.02-0.04,121,16,7,101,3,5,test
mp-1220330,Nd2Al3Ge,0.015006650000001,0.005-0.02,25,6,6,124,29,6,test
mp-1103952,NdAl4,0.0681018853333332,0.06-0.0801,44,15,10,187,2,15,test
mp-1226274,Cs2KTiO2F3,0.0682327800427327,0.06-0.0801,42,9,6,42,0,8,test
mp-1095578,Ga5Ni,0.000877661111112,0-0.005,140,12,3,257,1,2,test
mp-1184229,Ga2CoIr,0.0354963841666666,0.02-0.04,225,4,3,3960,2406,0,test
mp-27710,CrB4,0.0060001740000004,0.005-0.02,71,5,2,419,1,2,test
mp-16261,Ca(GeRh)2,0.0,0-0.005,139,5,3,1233,443,1,test
mp-1112008,Cs2NaLuCl6,0.0,0-0.005,225,10,4,3960,923,1,test
mp-1215793,ZnCrFeO4,0.0,0-0.005,74,14,5,299,53,5,test
mp-1247555,Sr9(MnN4)2,0.0251212752631566,0.02-0.04,12,19,10,1273,2,18,test
mp-1215242,ZrTi2Al,0.0490588420833342,0.04-0.06,38,8,6,383,41,8,test
mp-30021,K5Sb4,0.0,0-0.005,12,9,5,1273,3,8,test
mp-1216638,TmAlNi4,0.0684165150000009,0.06-0.0801,187,6,4,312,37,1,test
mp-1210381,Nd3In4Ge,0.0226029171875001,0.02-0.04,140,16,4,257,11,3,test
mp-16307,Sr2MgIrO6,0.0,0-0.005,225,10,4,3960,923,1,test
mp-1226880,Ce2Mn3Si4Pd,0.0281871061250011,0.02-0.04,115,10,7,112,18,3,test
mp-37879,LiYSe2,0.0187525825000003,0.005-0.02,141,8,3,181,50,1,test
mp-29726,LaSi2Rh3,0.0364843841666662,0.02-0.04,191,6,3,355,109,0,test
mp-1104426,Nd3Ga10Ni,0.0128971335714274,0.005-0.02,47,14,8,83,1,6,test
mp-1184017,Cu3As,0.0486728087500001,0.04-0.06,194,8,2,1129,439,1,test
mp-1215536,Zr2SiMo3,0.0580419191666656,0.04-0.06,194,12,3,1129,48,2,test
mp-755378,NaPdO2,0.071178696375,0.06-0.0801,12,4,3,1273,42,2,test
mp-1078372,Na2MgPb,0.0,0-0.005,194,8,3,1129,110,1,test
mp-28153,Ca(AuF6)2,0.0,0-0.005,115,15,5,112,2,6,test
mp-504910,Sr(BrO3)2,0.0,0-0.005,9,18,9,107,1,27,test
mp-1226370,Cr2CoSe3S,0.0597557267989339,0.04-0.06,8,7,7,361,4,14,test
mp-1185894,MgMnIr2,0.0285137671874995,0.02-0.04,225,4,3,3960,2406,0,test
mp-864654,Zn2NiRh,0.0,0-0.005,225,4,3,3960,2406,0,test
mp-20697,ZrNiSb,0.0,0-0.005,62,12,3,1187,413,6,test
mp-643279,K2H6Pt,0.0,0-0.005,225,9,3,3960,89,1,test
mp-634977,Cs3Fe2Cl9,0.0744882435714267,0.06-0.0801,164,14,5,551,6,4,test
mp-924128,HfNiSn,0.0,0-0.005,216,3,3,538,99,0,test
mp-1247459,Sr8Cr3N8,0.0633854149122798,0.06-0.0801,12,19,10,1273,1,18,test
mp-540584,K2PdO2,0.0,0-0.005,71,5,3,419,60,2,test
mp-580748,Re3Se4Cl,0.0,0-0.005,2,16,8,676,5,24,test
mp-753212,LiVF6,0.057305995000001,0.04-0.06,156,8,4,302,0,6,test
mp-1101163,YbPrO2,0.0718012428125005,0.06-0.0801,166,4,3,1076,280,1,test
mp-1225558,ErCo3Ni2,0.0451590867129594,0.04-0.06,191,6,3,355,109,0,test
mp-1258954,CaFeSiO5,0.0655647341666672,0.06-0.0801,15,16,6,533,8,9,test
mp-1103614,Ce2In8Pt,0.0,0-0.005,123,11,5,626,22,3,test
mp-1012435,PbS,0.0564551849999999,0.04-0.06,186,4,2,183,27,2,test
mp-12895,YbGa4Ni,0.0,0-0.005,63,12,5,880,53,5,test
mp-1111916,K2NaTiF6,0.0,0-0.005,225,10,4,3960,923,1,test
mp-1095529,LuH2ClO2,0.0007875437499951,0-0.005,11,12,6,277,5,12,test
mp-1215568,Zr5Ir2Os,0.027906961302083,0.02-0.04,38,16,9,383,5,15,test
mp-23778,H4CN2O,0.0,0-0.005,113,16,5,19,2,8,test
mp-863725,Pm2PdPt,0.0,0-0.005,225,4,3,3960,2406,0,test
mp-864907,MgZrPd2,0.0,0-0.005,225,4,3,3960,2406,0,test
mp-1105734,Ho2Co7,0.0459152880303035,0.04-0.06,166,18,7,1076,21,6,test
mp-27562,Na2Pd3O4,0.0,0-0.005,71,9,4,419,4,4,test
mp-1221865,Mn2InSbPd4,0.0153106108534473,0.005-0.02,166,8,5,1076,10,3,test
mp-4156,Li2ZrO3,0.0,0-0.005,15,12,5,533,20,6,test
mp-7880,Sr(SiAg)2,0.0,0-0.005,139,5,3,1233,443,1,test
mp-867215,Sc3OsC4,0.0,0-0.005,71,8,4,419,4,3,test
mp-1103808,La4H9,0.0,0-0.005,139,13,4,1233,0,3,test
mp-8931,Rb2SnAs2,0.0,0-0.005,72,10,3,111,26,4,test
mp-23533,K2OsCl6,0.0,0-0.005,225,9,3,3960,89,1,test
mp-1217546,TbNi3Sn2,0.0028966659090921,0-0.005,189,18,6,469,8,5,test
mp-1247026,Mg2TiCr3S8,0.0476252292857175,0.04-0.06,166,14,5,1076,78,4,test
mp-1147673,Cu3O4,0.0663281730357159,0.06-0.0801,225,14,2,3960,0,1,test
mp-1206536,Ba2InSbO6,0.0,0-0.005,225,10,4,3960,923,1,test
mp-23291,PbCl2,0.0059523816666668,0.005-0.02,62,12,3,1187,102,6,test
mp-4690,K3TaO8,0.0134326370833335,0.005-0.02,121,12,5,101,3,4,test
mp-1227416,Ca2(ZnAu3)3,0.0,0-0.005,21,14,8,14,0,6,test
mp-178,ThAl,0.0188276733333339,0.005-0.02,63,4,2,880,83,2,test
mp-23720,BeAlH5,0.0170075533333351,0.005-0.02,15,14,5,533,30,8,test
mvc-13829,Mg2FeSbO6,0.0764758885833343,0.06-0.0801,11,20,8,277,15,14,test
mp-1226314,Cs2CoCu3F10,0.0733481909375042,0.06-0.0801,2,16,10,676,1,18,test
mp-1217892,TaNb,0.0001007699999995,0-0.005,65,2,2,265,21,0,test
mp-1078205,KRb2InF6,0.0159894629999994,0.005-0.02,225,10,4,3960,923,1,test
mp-1025728,Te2Mo3Se4,0.0255140066666648,0.02-0.04,187,9,5,312,5,4,test
mp-9546,Yb2C3,0.0,0-0.005,220,20,2,111,13,2,test
mp-21445,Ba3In2O5F2,0.0203181687500011,0.02-0.04,139,12,6,1233,2,4,test
mp-13063,Tb2O3,0.0559449637500009,0.04-0.06,164,5,3,551,21,2,test
mp-558674,K2NaFeF6,0.0,0-0.005,225,10,4,3960,923,1,test
mp-581786,Cu3Sn,0.0181924212500002,0.005-0.02,59,8,3,106,20,4,test
mp-754969,TmBrO,0.0,0-0.005,129,6,3,472,177,2,test
mp-8635,Zr,0.0392637399999991,0.02-0.04,225,1,1,3960,26,0,test
mp-1101476,Pr(CuO2)2,0.0,0-0.005,88,14,3,63,14,3,test
mp-695850,CdCl2,0.00171044,0-0.005,12,3,2,1273,77,2,test
mp-2196,BaSb2,0.0,0-0.005,11,18,9,277,7,18,test
mp-15985,Zr3(Cu2Ge)2,0.0,0-0.005,189,9,4,469,3,2,test
mp-26399,Li3V(PO4)2,0.0264730230357157,0.02-0.04,12,14,7,1273,15,11,test
mp-865609,LuGaRh2,0.0,0-0.005,225,4,3,3960,2406,0,test
mp-5141,Na2SeO4,0.0,0-0.005,70,14,3,87,9,4,test
mp-18331,GdCrO3,0.0,0-0.005,62,20,4,1187,318,7,test
mp-27974,PuBr3,0.0,0-0.005,63,8,3,880,33,4,test
mvc-14215,CrF5,0.0551563800000014,0.04-0.06,15,12,4,533,3,7,test
mp-567978,Pa3P4,0.0,0-0.005,220,14,2,111,56,1,test
mp-753421,Gd6WO12,0.0,0-0.005,148,19,4,351,11,9,test
mp-1057015,PbS,0.0013585549999994,0-0.005,160,2,2,311,24,2,test
mp-1641513,NaV4Cd3O12,0.0764067805000019,0.06-0.0801,1,20,20,470,24,60,test
mp-989609,YWN3,0.0224440334999993,0.02-0.04,63,10,4,880,54,5,test
mp-556958,La4S3N2,0.0,0-0.005,58,18,5,59,4,8,test
mp-1208448,Tb4Ga12Ag,0.0,0-0.005,229,17,4,95,20,1,test
mp-21255,FeGe,0.0268341345833338,0.02-0.04,198,8,2,67,13,2,test
mp-1297861,BaYMnCoO5,0.0456580107291717,0.04-0.06,35,18,12,17,0,16,test
mp-1187963,Yb5Mg,0.029488635,0.02-0.04,189,6,3,469,23,1,test
mp-570379,Cs2LiLuCl6,0.0,0-0.005,225,10,4,3960,923,1,test
mp-554023,Be2BO3F,0.0,0-0.005,167,14,4,77,0,2,test
mp-1207161,Ba2LaPuO6,0.0,0-0.005,225,10,4,3960,923,1,test
mp-1207854,UNiAs,0.0,0-0.005,194,12,4,1129,168,2,test
mp-865223,LuMgCd2,0.0,0-0.005,225,4,3,3960,2406,0,test
mp-1215983,YThCo10,0.012603719750003,0.005-0.02,47,12,7,83,8,4,test
mp-1095610,ZrGePt,0.0,0-0.005,62,12,3,1187,413,6,test
mp-1207023,Yb2AlNi2,0.0,0-0.005,71,5,3,419,60,2,test
mp-1205512,KBa2IO6,0.0,0-0.005,225,10,4,3960,923,1,test
mp-16721,TmAl,0.0,0-0.005,57,16,4,31,7,7,test
mp-30870,SmZn12,0.0,0-0.005,139,13,4,1233,22,2,test
mp-16380,Nd2Te3,0.0,0-0.005,62,20,5,1187,37,10,test
mp-1103666,CeVO4,0.0716984474999993,0.06-0.0801,88,12,3,63,44,3,test
mp-567519,NpBr3,0.0,0-0.005,63,8,3,880,33,4,test
mp-1205392,AgSbS2,0.001050926875,0-0.005,9,16,8,107,11,24,test
mp-10266,ZnFe3C,0.0242561105555489,0.02-0.04,221,5,3,820,273,0,test
mp-866209,Pm2SiNi,0.0,0-0.005,225,4,3,3960,2406,0,test
mp-11278,Ta2Be,0.0,0-0.005,140,6,2,257,38,1,test
mp-510359,CeSn2Rh,0.025817657250001,0.02-0.04,63,16,6,880,158,7,test
mp-1217096,Ti2FeCu,0.0640466224999993,0.06-0.0801,123,4,3,626,136,1,test
mp-1184836,HoLuPd2,0.0189576450000004,0.005-0.02,225,4,3,3960,2406,0,test
mp-981314,YbLuPd2,0.0066418174999993,0.005-0.02,225,4,3,3960,2406,0,test
mp-1221669,MnCoSi2,0.0342287368749998,0.02-0.04,4,8,4,151,7,12,test
mp-13984,CdPdF6,0.0,0-0.005,148,8,3,351,67,3,test
mp-1228672,B5Ir3W2,0.0,0-0.005,44,10,6,187,0,10,test
mp-754015,Li2VCrO4,0.0051536131249987,0.005-0.02,12,16,9,1273,14,14,test
mp-867250,LiZn2Pd,0.0,0-0.005,225,4,3,3960,2406,0,test
mp-1114550,KRb2SmCl6,0.0393273000000009,0.02-0.04,225,10,4,3960,923,1,test
mp-1184226,Ga3Ag,0.0729446623958334,0.06-0.0801,225,4,3,3960,122,0,test
mp-755804,Lu6TeO12,0.0,0-0.005,148,19,4,351,11,9,test
mp-1218051,Ta4MoS8,0.0758932379120871,0.06-0.0801,164,13,7,551,2,6,test
mp-7927,Nb4N5,0.0289003347777754,0.02-0.04,87,9,3,101,10,4,test
mp-3406,U(SiPt)2,0.0624341580000002,0.06-0.0801,139,5,3,1233,443,1,test
mp-862362,Sc2TcPt,0.0384075818749991,0.02-0.04,225,4,3,3960,2406,0,test
mp-1188931,PuB2Os,0.0,0-0.005,62,16,3,1187,107,7,test
mp-754815,YBr3,0.0,0-0.005,12,8,3,1273,15,6,test
mp-1205868,Cs2NaSmF6,0.0,0-0.005,225,10,4,3960,923,1,test
mp-1225514,ErGa2Cu3,0.0,0-0.005,65,6,4,265,12,1,test
mp-1025302,HgPPd5,0.0,0-0.005,123,7,4,626,55,1,test
mp-28846,TaCoTe2,0.0043344157986098,0-0.005,14,16,4,575,40,12,test
mp-1206558,Cs2As2Pt,0.0,0-0.005,63,10,4,880,13,4,test
mp-1120796,LiTi2BiO6,0.052169259562496,0.04-0.06,146,10,6,73,21,10,test
mp-549671,KLiMnO2,0.0,0-0.005,12,10,5,1273,11,10,test
mp-1779,YbTe,0.0,0-0.005,225,2,2,3960,145,0,test
mp-1080013,UAlRu,0.0667538344444445,0.06-0.0801,189,9,4,469,305,2,test
mp-1106400,Nd2Ge5Ir3,0.0,0-0.005,72,20,6,111,33,7,test
mp-1183173,AlGaNi2,0.0175141578571382,0.005-0.02,225,4,3,3960,2406,0,test
mp-504838,CsPS3,0.0,0-0.005,71,10,4,419,4,5,test
mp-568808,Tb3Se4,0.0522618132142884,0.04-0.06,220,14,2,111,56,1,test
mp-1219932,Pr2(TlIn)3,0.0125854724999983,0.005-0.02,47,8,6,83,21,2,test
mp-1273059,Zn2CoWO6,0.0528800390000023,0.04-0.06,146,10,6,73,21,10,test
mp-571263,KIn9Co2,0.0,0-0.005,191,12,4,355,4,1,test
mp-19111,NaV2O5,0.0260785825000002,0.02-0.04,59,16,5,106,2,8,test
mp-1239239,HfCrAgS4,0.0049411580952414,0-0.005,74,14,5,299,53,5,test
mp-574199,Sm(NiP)2,0.0,0-0.005,139,5,3,1233,443,1,test
mp-567177,KNb(AgSe2)2,0.0,0-0.005,40,16,7,40,16,14,test
mp-1186461,Pm2GaHg,0.0,0-0.005,225,4,3,3960,2406,0,test
mp-1226224,Cr4CdCuO8,0.0316610789285638,0.02-0.04,216,14,5,538,21,3,test
mp-1222337,LiGdS2,0.0635841174999995,0.06-0.0801,123,4,4,626,136,0,test
mp-1177857,Li2Ti2Sb2O,0.0,0-0.005,139,7,4,1233,7,2,test
mp-1189981,Zr5ZnSn3,0.0,0-0.005,193,18,4,238,124,2,test
mp-1223249,La2(TlSn)3,0.0,0-0.005,47,8,6,83,21,2,test
mp-1222963,LaFe6(CoB)6,0.053548190511897,0.04-0.06,166,19,4,1076,0,5,test
mp-1106159,Pr2Si5Pt3,0.0,0-0.005,72,20,6,111,33,7,test
mp-23774,K2LiAlH6,0.0,0-0.005,166,20,7,1076,11,7,test
mp-1224336,Ge2TeSe,0.0250018768749979,0.02-0.04,166,4,3,1076,280,1,test
mp-1013555,Sr3AsN,0.0,0-0.005,221,5,3,820,273,0,test
mp-1105942,Sm5Ga3,0.0186681992187498,0.005-0.02,140,16,4,257,42,3,test
mp-15556,Rb2As3,0.0,0-0.005,69,10,4,46,2,4,test
mp-1246416,ZrCrAgS4,0.0265823916666567,0.02-0.04,8,7,7,361,6,14,test
mp-1184161,ErCdHg2,0.0,0-0.005,225,4,3,3960,2406,0,test
mp-10533,YCuS2,0.0,0-0.005,62,16,4,1187,107,8,test
mp-1227742,BaSr(SnO3)2,0.0240537087500003,0.02-0.04,123,10,6,626,21,2,test
mp-1290054,Li2CoCuO4,0.0591459999999992,0.04-0.06,5,16,10,274,2,22,test
mp-865842,Ti2OsRu,0.0,0-0.005,225,4,3,3960,2406,0,test
mp-1186624,PmGdIn2,0.0,0-0.005,225,4,3,3960,2406,0,test
mp-12545,Er3Pd2,0.0,0-0.005,127,10,3,246,22,2,test
mp-504548,MnH4(ClO)2,0.0064008386111016,0.005-0.02,12,9,4,1273,9,6,test
mp-555014,Rb2MnF5,0.0,0-0.005,123,8,4,626,3,1,test
mp-1077378,CsMnP,0.0390176998563207,0.02-0.04,129,6,3,472,177,2,test
mp-1205635,Cs2KPdF6,0.0006634354999999,0-0.005,139,10,5,1233,15,2,test
mp-1113453,Cs2PrAgF6,0.0046986536666668,0-0.005,225,10,4,3960,923,1,test
mp-1224170,HfZrC2,0.0034744724999988,0-0.005,123,4,4,626,136,0,test
mp-569044,Bi2Te5Pb2,0.0554790977777757,0.04-0.06,164,9,5,551,7,4,test
mp-1176491,MgSnO3,0.0035945104999965,0-0.005,148,10,3,351,48,5,test
mp-765747,Li4TiCr3O8,0.0550639246354132,0.04-0.06,166,16,6,1076,23,3,test
mp-1112521,Cs2RbInI6,0.0654730957499998,0.06-0.0801,225,10,4,3960,923,1,test
mp-27819,Ag3O,0.0175663208333336,0.005-0.02,162,8,2,43,1,2,test
mp-1112678,Cs2LiNdCl6,0.0,0-0.005,225,10,4,3960,923,1,test
mp-1218355,SrCaMnGaO5,0.0082922872222441,0.005-0.02,5,18,10,274,0,26,test
mp-777894,LiVF3,0.0275804794999974,0.02-0.04,52,20,4,4,2,6,test
mp-1540145,Ca(CuO2)2,0.0,0-0.005,88,14,3,63,14,3,test
mp-982974,LiBeAu2,0.0057941406249999,0.005-0.02,225,4,3,3960,2406,0,test
mp-1217050,U2(InSn)3,0.0,0-0.005,47,8,6,83,21,2,test
mp-569442,RbAuCl4,0.0,0-0.005,15,12,4,533,49,7,test
mp-11252,MnAu2,0.0,0-0.005,139,3,2,1233,82,1,test
mp-777522,LiFeF3,0.0229207009999985,0.02-0.04,36,10,5,174,5,10,test
mp-1224464,Hf3AlGe5,0.0550338958950638,0.04-0.06,38,18,18,383,3,18,test
mp-2631,Ba4Al5,0.0,0-0.005,194,18,4,1129,1,4,test
mp-19363,HgMoO4,0.0,0-0.005,15,12,4,533,49,7,test
mp-1078574,HfNi2Sb,0.0,0-0.005,194,8,3,1129,110,1,test
mp-1019361,ThSbTe,0.0,0-0.005,129,6,3,472,177,2,test
mp-1210604,Na3EuV2O8,0.0725917889285705,0.06-0.0801,164,14,6,551,30,5,test
mp-1103507,Ho(Ni2As)2,0.0,0-0.005,136,14,3,167,35,3,test
mp-1206544,SrTl2Pt,0.0,0-0.005,63,8,3,880,158,4,test
mp-8653,CeSiRu,0.0,0-0.005,129,6,3,472,177,2,test
mp-1104316,CeSbPt5,0.0173120371428519,0.005-0.02,148,14,6,351,0,6,test
mp-1114711,Rb2MnTlF6,0.0474002437500047,0.04-0.06,225,10,4,3960,923,1,test
mp-1224371,GeAsAu,0.0,0-0.005,5,6,3,274,0,9,test
mp-1221007,Nb12InSn3,0.011671361874999,0.005-0.02,47,16,8,83,7,7,test
mp-1205759,Ba2YbUO6,0.0,0-0.005,225,10,4,3960,923,1,test
mp-975518,NdLuIn2,0.0122898223749992,0.005-0.02,225,4,3,3960,2406,0,test
mp-1078964,Mg3Au,0.0214540216666665,0.02-0.04,194,8,3,1129,439,1,test
mp-570747,N2,0.0073423150000007,0.005-0.02,136,4,1,167,1,1,test
mp-753599,LiVF6,0.0438778962500006,0.04-0.06,4,16,8,151,3,24,test
mp-1072865,HoSn2,0.0,0-0.005,63,6,3,880,64,3,test
mp-755130,LiV4O5F7,0.0407012562581616,0.04-0.06,1,17,17,470,1,51,test
mp-5353,ErCo3B2,0.0,0-0.005,191,6,3,355,109,0,test
mp-1087476,K2Mg5Sn3,0.0,0-0.005,139,10,5,1233,0,3,test
mp-34330,MgAl2O4,0.050537687857143,0.04-0.06,160,14,8,311,11,11,test
mp-1183834,CeHo3,0.0684639862500002,0.06-0.0801,221,4,2,820,339,0,test
mp-3668,CdGeP2,0.0,0-0.005,122,8,3,126,51,1,test
mp-31052,LaBPt2,0.0,0-0.005,180,12,3,23,7,1,test
mp-1184081,Er2RuAu,0.0078912560156254,0.005-0.02,225,4,3,3960,2406,0,test
mp-1187711,Y2GaAg,0.0091301387499997,0.005-0.02,225,4,3,3960,2406,0,test
mp-8675,HgPd,0.0724874674999997,0.06-0.0801,198,8,2,67,13,2,test
mp-622693,Mn2NiO4,0.0588279720833293,0.04-0.06,141,14,3,181,20,2,test
mp-1220156,NdGa3Au,0.0,0-0.005,107,5,4,158,75,4,test
mp-1078856,SmInNi,0.0,0-0.005,189,9,4,469,305,2,test
mp-27630,CrCl3,0.0009251312499998,0-0.005,12,8,3,1273,15,6,test
mp-1517195,SrCaPrSbO6,0.0734982264374979,0.06-0.0801,90,20,7,0,0,7,test
mp-1217570,TbCu2Ni3,0.0,0-0.005,191,6,3,355,109,0,test
mp-1205649,LiSc(TlCl3)2,0.0,0-0.005,225,10,4,3960,923,1,test
mp-754739,CaBe3O4,0.0625182693749994,0.06-0.0801,190,16,5,12,2,2,test
mp-1001784,LiTiS2,0.01777461,0.005-0.02,166,4,3,1076,280,1,test
mp-1079605,Dy2NiSn6,0.007366918444446,0.005-0.02,65,9,5,265,1,4,test
mp-752903,VCrO4,0.0645491503125015,0.06-0.0801,74,12,4,299,9,5,test
mp-541883,Tb3Ni13B2,0.0103638272222239,0.005-0.02,191,18,6,355,8,3,test
mp-28024,YSiPd2,0.0,0-0.005,62,16,3,1187,107,7,test
mp-984605,Ca3SnH2,0.0,0-0.005,63,12,4,880,24,5,test
mp-1222833,LaGdC4,0.034535007083333,0.02-0.04,65,6,4,265,53,2,test
mp-1038976,CeMg5,0.0033101150000001,0-0.005,187,6,4,312,8,2,test
mp-977176,NaTcO3,0.0,0-0.005,221,5,3,820,273,0,test
mp-574,Ta2Co,0.0,0-0.005,140,6,2,257,38,1,test
mp-31118,SmScO3,0.0,0-0.005,62,20,4,1187,318,7,test
mp-1208323,Ti5CuBi3,0.0,0-0.005,193,18,4,238,124,2,test
mp-561954,TmCoO3,0.0226815634642871,0.02-0.04,62,20,4,1187,318,7,test
mp-12264,LiYbF4,0.0009040741666659,0-0.005,88,12,3,63,44,3,test
mp-1518454,BaSrDyNbO6,0.008246517249999,0.005-0.02,2,20,12,676,52,24,test
mp-715584,MoO3,0.0026258215624999,0-0.005,7,16,8,106,2,24,test
mp-753624,LiMnPO4,0.0754700410714379,0.06-0.0801,148,14,5,351,1,7,test
mp-1222285,LiSbTe2,0.0721808487499995,0.06-0.0801,123,4,4,626,136,0,test
mp-30919,LaGa6Pd,0.0,0-0.005,123,8,4,626,26,2,test
mp-13071,Sc2TlC,0.0115311897222234,0.005-0.02,194,8,3,1129,110,1,test
mp-1189572,As2S3,0.0032170915000007,0-0.005,2,20,10,676,5,30,test
mp-4798,Sc(AlC)3,0.0,0-0.005,194,14,5,1129,10,2,test
mp-1227498,BaSrNdCu3O7,0.0297691852243611,0.02-0.04,25,13,13,124,1,13,test
mp-872,BaSn,0.0,0-0.005,63,4,2,880,83,2,test
mp-1223875,K2Zn3GeAs4,0.0403149805000007,0.04-0.06,21,10,6,14,2,4,test
mp-1188823,V5Si3B,0.0034944132407428,0-0.005,193,18,4,238,124,2,test
mp-4647,K3(Cu4Se3)2,0.0121148011764704,0.005-0.02,12,17,9,1273,2,16,test
mp-1113021,Cs2LiBiI6,0.0314215070000014,0.02-0.04,225,10,4,3960,923,1,test
mp-618,Pd7Se2,0.0127243612962963,0.005-0.02,14,18,5,575,0,12,test
mp-1183794,DyErRh2,0.009360945,0.005-0.02,225,4,3,3960,2406,0,test
mp-1207975,Tm3Os,0.0,0-0.005,62,16,3,1187,80,7,test
mp-1112447,K2ScAgF6,0.0261786851666681,0.02-0.04,225,10,4,3960,923,1,test
mp-562230,Rb3(Cu4S3)2,0.0,0-0.005,12,17,9,1273,2,16,test
mp-1541477,CaMoF6,0.0,0-0.005,148,8,3,351,67,3,test
mp-23498,NbSeBr3,0.0,0-0.005,13,20,5,57,2,15,test
mp-1225566,Er3Mg,0.0164901025000001,0.005-0.02,123,4,3,626,15,1,test
mp-1857,YbCd,0.0,0-0.005,221,2,2,820,168,0,test
mp-1885,AlIr,0.0,0-0.005,221,2,2,820,168,0,test
mp-4013,Nd(SiRu)2,0.0,0-0.005,139,5,3,1233,443,1,test
mp-1104070,PrGa6,0.0,0-0.005,125,14,3,18,8,3,test
mp-1226816,Ce2CuGe3,0.0220633833333288,0.02-0.04,187,6,5,312,9,1,test
mp-1189274,Er3Ru,0.0,0-0.005,62,16,3,1187,80,7,test
mp-1209090,RbTmBeF6,0.0,0-0.005,11,18,7,277,5,16,test
mp-1207079,SrH3Pd,0.0,0-0.005,221,5,3,820,273,0,test
mp-1102733,HoAsS,0.0,0-0.005,59,6,3,106,23,3,test
mp-568370,La3(SiNi)4,0.0081808263636355,0.005-0.02,71,11,6,419,49,5,test
mp-1112963,Cs3TiF6,0.0,0-0.005,225,10,4,3960,100,1,test
mp-1219090,SmDyNi2,0.0059038987499997,0.005-0.02,38,4,4,383,41,4,test
mp-1078933,NaCaH3,0.0703814949999999,0.06-0.0801,161,10,3,40,34,5,test
mp-29234,InTeI,0.0,0-0.005,14,12,3,575,42,9,test
mp-13694,PrCuO2,0.0,0-0.005,166,4,3,1076,280,1,test
mp-1207424,Zr2InAu2,0.0,0-0.005,136,20,4,167,21,4,test
mp-989615,YWN3,0.0,0-0.005,15,20,6,533,36,14,test
mp-1215757,Zr2Cr3Fe,0.0279073183333338,0.02-0.04,38,12,7,383,10,12,test
mp-1458,Nb3Ir,0.0,0-0.005,223,8,2,54,37,0,test
mp-15954,As2Rh,0.0,0-0.005,14,12,3,575,31,9,test
mp-1226489,CeZr4O10,0.0765381120000014,0.06-0.0801,139,15,6,1233,5,4,test
mp-1105683,LiBC2(O2F)2,0.0758711554166682,0.06-0.0801,63,20,6,880,0,10,test
mp-989538,Cs2InBiF6,0.0401672084999971,0.04-0.06,225,10,4,3960,923,1,test
mp-1219204,Sm2Ga3Ni,0.0194778066666669,0.005-0.02,8,6,6,361,21,12,test
mp-1232279,Tm2MgS4,0.0,0-0.005,227,14,3,303,127,1,test
mp-1308550,LiCrCoO4,0.0703489216865067,0.06-0.0801,12,14,7,1273,11,9,test
mp-1105535,Ba2P7Br,0.0,0-0.005,11,20,8,277,3,18,test
mp-1184072,Dy2PdRh,0.0043457374999995,0-0.005,225,4,3,3960,2406,0,test
mp-6200,Ba2NdRuO6,0.0,0-0.005,12,10,5,1273,36,7,test
mp-28491,Cu2SO4,0.0236733692857109,0.02-0.04,70,14,3,87,9,4,test
mp-28364,Rb2CdO2,0.0,0-0.005,60,20,3,18,2,7,test
mp-1078197,H3CBr,0.054603559000002,0.04-0.06,36,10,4,174,5,9,test
mp-1215476,ZnHgTe2,0.0290767299999998,0.02-0.04,160,4,4,311,32,4,test
mp-559663,SrLiNiF6,0.0,0-0.005,163,18,4,42,16,3,test
mp-28755,GdCBr,0.0,0-0.005,12,6,3,1273,58,6,test
mp-1095548,TaPRh,0.0204271650000045,0.02-0.04,62,12,3,1187,413,6,test
mp-1245971,SrReN2,0.0753669829166767,0.06-0.0801,64,16,4,82,7,7,test
mp-1105799,Zr3Fe2Si3,0.0118213859375,0.005-0.02,63,16,5,880,31,8,test
mp-29496,Pd(SeBr3)2,0.0767061558333326,0.06-0.0801,2,9,5,676,12,12,test
mp-17449,Tc3P,0.0,0-0.005,82,16,4,145,9,12,test
mp-1227180,CaLuMn2O6,0.026526318402773,0.02-0.04,26,20,7,68,11,17,test
mp-15901,Li2LaTa2O7,0.0448809600000235,0.04-0.06,139,12,6,1233,9,3,test
mp-18788,CrCoO4,0.0,0-0.005,63,12,4,880,53,5,test
mp-1185798,Mg2In,0.0667418383333329,0.06-0.0801,63,6,3,880,64,3,test
mp-1222101,MgCd3(CO3)4,0.0028425635000006,0-0.005,148,20,7,351,2,9,test
mp-1215460,Zn2AgAu,0.0243961874999998,0.02-0.04,123,4,3,626,136,1,test
mp-5942,NaAsS2,0.0,0-0.005,14,16,4,575,40,12,test
mp-1147662,Sr2CuCO5,0.0444555886111093,0.04-0.06,121,18,7,101,0,7,test
mp-20953,CeScS3,0.0,0-0.005,62,20,4,1187,318,7,test
mp-1106195,PW3,0.0617708950000004,0.06-0.0801,82,16,4,145,9,12,test
mp-19292,Co(AsO3)2,0.0,0-0.005,162,9,3,43,18,2,test
mp-1189565,Tb3Os,0.0,0-0.005,62,16,3,1187,80,7,test
mp-19918,GdGe,0.0,0-0.005,63,4,2,880,83,2,test
mp-995216,RbSrSiHO4,0.0183162179513862,0.005-0.02,4,16,8,151,7,24,test
mp-11203,Lu6FeSb2,0.0,0-0.005,189,9,4,469,57,2,test
mp-1114381,Rb3YF6,0.0,0-0.005,225,10,4,3960,100,1,test
mp-763429,LiFe(CoO3)2,0.068554970625005,0.06-0.0801,12,10,6,1273,36,8,test
mp-8490,LiGe,0.0059268912499996,0.005-0.02,141,12,4,181,4,2,test
mp-867350,Ca2MgIn,0.0,0-0.005,225,4,3,3960,2406,0,test
mp-949,CoPt,0.0,0-0.005,123,2,2,626,49,0,test
mp-551918,AlBiO3,0.0533350642499996,0.04-0.06,161,10,3,40,34,5,test
mp-978568,Si3MoPt2,0.021760626031746,0.02-0.04,26,12,6,68,2,12,test
mp-7498,Ti5Te4,0.0,0-0.005,87,9,3,101,10,4,test
mp-1211274,KY(CO3)2,0.0,0-0.005,15,20,6,533,54,14,test
mp-2732,PRh2,0.0,0-0.005,225,3,2,3960,55,0,test
mp-30630,EuTl2,0.0,0-0.005,194,6,2,1129,127,1,test
mp-1208293,Te(RhO3)2,0.0433535701388878,0.04-0.06,136,18,4,167,33,4,test
mp-1220356,Nb6PtAu,0.0126696025000008,0.005-0.02,200,8,3,33,27,1,test
mp-1105170,SnBr2,0.0088145399999999,0.005-0.02,176,18,3,74,0,6,test
mp-9797,K(SbSe2)2,0.0,0-0.005,2,14,7,676,15,21,test
mp-972084,TbMn12,0.0086563996021222,0.005-0.02,139,13,4,1233,22,2,test
mp-15641,CaMgGe,0.0,0-0.005,62,12,3,1187,413,6,test
mp-12558,LiMgAs,0.0,0-0.005,216,3,3,538,99,0,test
mp-1095357,BaIn9Ir2,0.0,0-0.005,191,12,4,355,4,1,test
mp-5268,U2SbN2,0.0,0-0.005,139,5,3,1233,443,1,test
mp-1316859,LiAlVO4,0.0373707925238013,0.02-0.04,12,14,7,1273,11,9,test
mp-8294,Cs2Li2TiO4,0.0,0-0.005,2,18,9,676,4,27,test
mp-983235,Tl3Pb,0.0134632533333332,0.005-0.02,194,8,2,1129,439,1,test
mp-864997,LiSiPd2,0.0,0-0.005,225,4,3,3960,2406,0,test
mp-21464,CoReB,0.0089178758333368,0.005-0.02,62,12,3,1187,413,6,test
mp-1215387,Zr4CN3,0.0,0-0.005,166,8,5,1076,20,3,test
mp-29959,TlBSe3,0.0010515212888906,0-0.005,9,10,5,107,4,15,test
mp-29850,Na3TiCl6,0.0288321220000016,0.02-0.04,14,20,6,575,35,12,test
mp-752606,Li2CuSiO4,0.0584592131250003,0.04-0.06,121,8,4,101,48,2,test
mp-1217196,Ti5MnS10,0.0254508703125004,0.02-0.04,164,16,9,551,0,7,test
mp-1800,Nd2C3,0.0,0-0.005,220,20,2,111,13,2,test
mp-1222741,LaY,0.0388361416666658,0.02-0.04,194,4,2,1129,52,0,test
mp-7288,Sc2SO2,0.0,0-0.005,194,10,3,1129,25,2,test
mp-1186658,PmTh3,0.0438623881249995,0.04-0.06,221,4,2,820,339,0,test
mp-672966,LiCu(PO3)4,0.0401943822083294,0.04-0.06,1,18,18,470,1,54,test
mp-1215189,ZrTiS4,0.0326458683333337,0.02-0.04,164,6,4,551,17,2,test
mp-1206689,Cs2NiAs2,0.0,0-0.005,63,10,4,880,13,4,test
mp-2815,MoS2,0.0,0-0.005,194,6,2,1129,127,1,test
mp-1225251,EuAgSn,0.0,0-0.005,12,6,3,1273,58,6,test
mp-1206922,Ce3SnN,0.0,0-0.005,221,5,3,820,273,0,test
mp-35759,Li2NiF4,0.0,0-0.005,74,14,5,299,45,5,test
mp-1112893,Cs2InAsBr6,0.0272233713333327,0.02-0.04,225,10,4,3960,923,1,test
mp-867112,AcInTe2,0.0,0-0.005,225,4,3,3960,2406,0,test
mp-773505,Al2CrO5,0.0332547037500035,0.02-0.04,15,16,5,533,18,10,test
mp-1079560,Nb2CrB2,0.0,0-0.005,127,10,3,246,156,2,test
mp-1104739,Ho(GaFe)6,0.0,0-0.005,71,13,6,419,31,4,test
mp-1214008,Ca4NdB3O10,0.0,0-0.005,8,18,11,361,4,29,test
mp-1039019,MgAl,0.0637880137500026,0.06-0.0801,187,2,2,312,64,0,test
mp-1218327,SrCaSi4,0.0132360474999995,0.005-0.02,119,6,4,124,10,2,test
mp-1222735,Li2VCrS4,0.0194218344642873,0.005-0.02,12,8,5,1273,14,6,test
mp-1205930,Li5Ga4,0.0,0-0.005,164,9,5,551,1,4,test
mvc-8156,ZnSn(GeO3)2,0.0741690955833362,0.06-0.0801,15,20,6,533,54,14,test
mp-9473,Ba(NiP)2,0.0,0-0.005,139,5,3,1233,443,1,test
mp-1105941,Ba3InSe4Cl,0.0347207248611107,0.02-0.04,140,18,5,257,7,3,test
mp-1103744,CsYZnTe3,0.0,0-0.005,63,12,5,880,63,5,test
mp-1189839,Dy5Pt3,0.0247161553124994,0.02-0.04,193,16,3,238,93,2,test
mp-9312,PrNiC2,0.0,0-0.005,38,4,3,383,41,4,test
mp-1103885,Nb6Fe7,0.0017899439053241,0-0.005,166,13,5,1076,8,5,test
mvc-4983,Mg2MoWO6,0.0389923988750027,0.02-0.04,14,20,6,575,188,12,test
mp-12491,CsLaCdTe3,0.0,0-0.005,63,12,5,880,63,5,test
mp-21460,CeIn2Pd,0.025852490770438,0.02-0.04,63,8,3,880,158,4,test
mp-754617,Na3FeO4,0.0334472322916665,0.02-0.04,31,16,6,112,14,14,test
mp-1185391,LiPr2Al,0.0054691754166662,0.005-0.02,225,4,3,3960,2406,0,test
mp-12691,Lu2InPd2,0.0,0-0.005,127,10,3,246,156,2,test
mp-1078912,Sr2HfFeO6,0.0420104779999981,0.04-0.06,225,10,4,3960,923,1,test
mp-4822,Y(SiPd)2,0.0,0-0.005,139,5,3,1233,443,1,test
mp-1220026,PrErCo17,0.0016015642105271,0-0.005,160,19,8,311,7,13,test
mp-1206640,Rb2FeF4,0.0,0-0.005,139,7,4,1233,76,2,test
mp-1213004,Er3RuI3,0.0,0-0.005,11,14,7,277,12,14,test
mp-1028487,W2SeS3,0.0113942912499993,0.005-0.02,156,12,12,302,20,12,test
mp-541667,Nb(SeBr)2,0.0003361842333271,0-0.005,2,10,5,676,6,15,test
mp-1216106,Y3SOF5,0.0091989736250033,0.005-0.02,6,20,20,163,4,40,test
mp-1077534,PaPt5,0.0,0-0.005,216,6,3,538,10,1,test
mp-505343,U(CoB)4,0.0261182170370393,0.02-0.04,137,18,3,24,15,4,test
mp-1076936,ThSiSe,0.0,0-0.005,139,6,3,1233,40,2,test
mp-35264,Pr5AgSe8,0.0159149639099727,0.005-0.02,82,14,5,145,22,9,test
mp-976828,MgPb3,0.0120811812500005,0.005-0.02,187,4,3,312,20,1,test
mp-1027801,TeMo2Se2S,0.0396746458333341,0.02-0.04,156,12,12,302,24,12,test
mp-1078949,BaMnSbF,0.0118768721839073,0.005-0.02,129,8,4,472,52,2,test
mp-23049,KMnCl3,0.012893541999996,0.005-0.02,62,20,4,1187,318,7,test
mp-7639,Na2CuP,0.0,0-0.005,63,8,3,880,158,3,test
mp-1520652,BaSmEuBiO6,0.0772824504999993,0.06-0.0801,2,20,12,676,52,24,test
mp-1104680,Cr2FeO4,0.0,0-0.005,141,14,3,181,20,2,test
mp-1004373,LiMnO2,0.0176289581249999,0.005-0.02,62,16,4,1187,107,8,test
mp-560878,Rb2CoF6,0.0,0-0.005,225,9,3,3960,89,1,test
mp-6972,YCuO2,0.0010764967187526,0-0.005,166,4,3,1076,280,1,test
mp-676799,Ag8GeTe6,0.0367987391666653,0.02-0.04,1,15,15,470,2,45,test
mp-1186558,PmBr2,0.0452078530555555,0.04-0.06,136,6,2,167,43,1,test
mp-1223648,K2BrCl,0.0034221799999998,0-0.005,166,4,3,1076,280,1,test
mp-1114578,Rb2LiSmCl6,0.0199484964999996,0.005-0.02,225,10,4,3960,923,1,test
mp-31080,YAlSi,0.0,0-0.005,63,6,3,880,28,2,test
mp-4322,Pr(CoB)2,0.0,0-0.005,139,5,3,1233,443,1,test
mp-1178393,CsLiO,0.0584064166666662,0.04-0.06,62,12,3,1187,413,6,test
mp-10860,CeNi2B2C,0.0,0-0.005,139,6,4,1233,23,1,test
mp-11628,Tb2Al6Si4Pt,0.0,0-0.005,166,13,7,1076,5,6,test
mp-1106277,ErAl3(BO3)4,0.0069012901562501,0.005-0.02,155,20,7,75,15,7,test
mp-760778,Li2AgF5,0.0382807187499967,0.02-0.04,15,16,5,533,18,10,test
mp-1070394,CeSi3Rh,0.0,0-0.005,107,5,4,158,75,4,test
mp-1222912,LaCeB12,0.0017596421428569,0-0.005,123,14,5,626,8,4,test
mp-1079127,Ti2H3,0.0091925166666664,0.005-0.02,132,10,3,7,0,1,test
mp-30692,GdTlPd,0.0,0-0.005,189,9,4,469,305,2,test
mp-570418,YbI2,0.0,0-0.005,164,3,2,551,74,1,test
mp-1184089,Dy2AgAu,0.0101395924999998,0.005-0.02,225,4,3,3960,2406,0,test
mp-5831,Cu(SbO3)2,0.0,0-0.005,136,18,4,167,33,4,test
mp-755591,Dy2TeO6,0.0683416866666668,0.06-0.0801,136,18,4,167,33,4,test
mp-29266,CsS,0.0,0-0.005,71,4,2,419,5,2,test
mp-9367,RbErS2,0.0,0-0.005,166,4,3,1076,280,1,test
mp-974558,Na,0.0108875034482758,0.005-0.02,225,1,1,3960,26,0,test
mp-1223984,HgPb3,0.0321800462500001,0.02-0.04,123,4,3,626,15,1,test
mp-1187457,ThSc3,0.0363430412500003,0.02-0.04,139,4,3,1233,236,0,test
mp-16508,Lu3Al2,0.0,0-0.005,136,20,4,167,9,4,test
mp-23186,Sc7Cl12,0.0488048418045119,0.04-0.06,148,19,4,351,2,9,test
mp-760206,Li4Mn3NiO8,0.0261440671874977,0.02-0.04,12,16,9,1273,36,7,test
mp-3194,Tb2Al3Si2,0.0,0-0.005,12,7,4,1273,25,6,test
mp-621667,Eu3Ag2,0.0,0-0.005,127,10,3,246,22,2,test
mp-989515,LaMoN3,0.0416448979999994,0.04-0.06,99,5,4,88,14,4,test
mp-1019256,SmTlZn,0.0199126116666623,0.005-0.02,194,6,3,1129,168,0,test
mp-1027352,Te4Mo3WS4,0.0792835199999997,0.06-0.0801,156,12,12,302,17,12,test
mp-1221548,MnTlRh2,0.0570106641666665,0.04-0.06,123,4,3,626,136,1,test
mp-1225481,LaCuSn,0.0432585250000041,0.04-0.06,187,3,3,312,88,0,test
mp-865159,Dy2AlZn,0.0011431953124998,0-0.005,225,4,3,3960,2406,0,test
mp-1222713,LaUS2,0.0453155125000019,0.04-0.06,166,4,3,1076,280,1,test
mp-979972,SmAlCu,0.0,0-0.005,189,9,4,469,305,2,test
mp-19070,Sr3Mn2O7,0.0280495223611092,0.02-0.04,139,12,6,1233,14,4,test
mp-1186968,Sc3Ga,0.0239474471875,0.02-0.04,194,8,2,1129,439,1,test
mp-1189893,Sc2Co3Si5,0.0146026409999997,0.005-0.02,72,20,6,111,33,7,test
mp-1215656,ZnFe4CuO8,0.0788447892857062,0.06-0.0801,160,14,8,311,6,11,test
mp-20236,DyIn3,0.0,0-0.005,221,4,2,820,339,0,test
mp-755003,LaBiO3,0.0406504896000008,0.04-0.06,148,10,3,351,48,5,test
mp-1206392,UCoSi2,0.0,0-0.005,63,8,4,880,158,4,test
mp-978988,TbTmHg2,0.0066798525,0.005-0.02,225,4,3,3960,2406,0,test
mp-1103450,SmAlPt,0.0,0-0.005,62,12,3,1187,413,6,test
mp-1189196,BiI3,0.0263746550000001,0.02-0.04,62,16,3,1187,80,7,test
mp-11725,CO2,0.0069448400000009,0.005-0.02,136,6,2,167,43,1,test
mp-1210778,Li2Sm2Si3,0.0,0-0.005,63,14,5,880,8,7,test
mp-569114,BaAg2SnSe4,0.0,0-0.005,23,8,4,4,2,4,test
mp-1205366,LuRhO3,0.0,0-0.005,62,20,4,1187,318,7,test
mp-1105078,Hf3In4,0.076611879714286,0.06-0.0801,127,14,3,246,0,3,test
mp-1278131,Rb2CoO3,0.0,0-0.005,63,12,4,880,24,5,test
mp-3679,NiSbS,0.0,0-0.005,198,12,3,67,48,3,test
mp-542881,Ce3(CuSn)4,0.0,0-0.005,71,11,5,419,49,5,test
mp-558211,Cs2NaCoF6,0.0,0-0.005,166,20,7,1076,11,7,test
mp-10804,NaYPO4F,0.0031421600000083,0-0.005,12,16,7,1273,1,14,test
mp-1208317,TbGa2Ag,0.0,0-0.005,62,16,4,1187,107,8,test
mp-30298,KAsO2,0.0,0-0.005,57,16,4,31,2,7,test
mp-12735,KAg2,0.0,0-0.005,194,12,3,1129,127,2,test
mp-669354,LaNb2CuClO7,0.0655892099107191,0.06-0.0801,123,12,7,626,3,3,test
mp-1079310,CeHgPd,0.0,0-0.005,189,9,4,469,305,2,test
mp-558212,KNaNdNbO5,0.0,0-0.005,129,18,6,472,10,5,test
mp-1216817,USiAu,0.053742181875001,0.04-0.06,12,6,3,1273,58,6,test
mp-1112125,Cs2RbInCl6,0.002692799500001,0-0.005,225,10,4,3960,923,1,test
mp-28229,Bi4Te3,0.0,0-0.005,166,7,4,1076,10,3,test
mp-22036,ZrSbPd,0.0246386946153851,0.02-0.04,62,12,3,1187,413,6,test
mp-1207054,CeZn2Co,0.0352988260227267,0.02-0.04,63,8,3,880,158,4,test
mp-673682,Tb2YbS4,0.0069370246428581,0.005-0.02,122,14,3,126,68,4,test
mp-989570,Cs2CaSnCl6,0.015876133999999,0.005-0.02,225,10,4,3960,923,1,test
mp-1225289,Dy2TeS2,0.0,0-0.005,71,5,3,419,60,2,test
mp-1079778,Sr2ZnWO6,0.0030979467499996,0-0.005,87,10,5,101,33,3,test
mp-1180504,LiH2IO,0.0,0-0.005,51,10,4,70,1,4,test
mp-1218542,Sr3CaV4O12,0.0740448541249811,0.06-0.0801,47,20,11,83,1,7,test
mp-1183197,AcSnHg2,0.0,0-0.005,225,4,3,3960,2406,0,test
mp-979431,YLuZn2,0.0023718800000001,0-0.005,225,4,3,3960,2406,0,test
mp-30466,YbBiPd,0.0,0-0.005,216,3,3,538,99,0,test
mp-4275,Sm(SiPd)2,0.0,0-0.005,139,5,3,1233,443,1,test
mp-23199,BaCl2,0.023995535,0.02-0.04,62,12,3,1187,102,6,test
mp-997051,PdAuO2,0.0130234483333335,0.005-0.02,166,4,3,1076,280,1,test
mp-1079050,LaAsO3,0.0,0-0.005,11,10,4,277,33,9,test
mp-1105681,In2O3,0.0495181169999998,0.04-0.06,60,20,3,18,3,7,test
mp-1185264,La3Eu,0.0644895174999993,0.06-0.0801,139,4,3,1233,236,0,test
mp-1518310,SrEuMgWO6,0.0059322990000154,0.005-0.02,216,10,5,538,130,1,test
mp-777454,V5FeO12,0.0693011023611092,0.06-0.0801,5,18,10,274,3,26,test
mp-570872,CeCo3,0.0234734367307707,0.02-0.04,166,12,5,1076,53,4,test
mp-1219294,ScNb2B2Ru5,0.0,0-0.005,65,20,9,265,0,8,test
mp-1215332,ZrMn6(GaSn2)2,0.0717480152475689,0.06-0.0801,191,13,5,355,7,2,test
mp-1215840,Yb3DySb3,0.0,0-0.005,9,14,7,107,2,21,test
mp-1187849,YHo3,0.0279804908333334,0.02-0.04,139,4,3,1233,236,0,test
mp-10336,BaYCuTe3,0.0,0-0.005,63,12,5,880,63,5,test
mp-1649,Fe3Pt,0.0430730300000004,0.04-0.06,221,4,2,820,339,0,test
mp-866007,DyMgTl2,0.0389805402777772,0.02-0.04,225,4,3,3960,2406,0,test
mp-1185255,Li3Rh,0.0344228420833334,0.02-0.04,194,8,2,1129,439,1,test
mp-861504,PrBO3,0.0,0-0.005,62,20,4,1187,318,9,test
mp-674333,Na3PO4,0.0,0-0.005,6,16,12,163,18,28,test
mp-567655,Sr2C(NCl)2,0.0,0-0.005,12,7,4,1273,17,6,test
mp-16486,Ce(Al2Fe)4,0.0,0-0.005,139,13,4,1233,45,2,test
mp-1087483,ThCuPO,0.0,0-0.005,129,8,4,472,52,2,test
mp-669573,EuBi2IO4,0.0,0-0.005,123,8,4,626,30,2,test
mp-21298,NpSi2,0.0,0-0.005,141,6,2,181,29,1,test
mp-1028642,MoW3(Se3S)2,0.0727969645833344,0.06-0.0801,156,12,12,302,36,12,test
mp-1226714,CeEr4S7,0.0605733192708344,0.06-0.0801,8,12,12,361,25,24,test
mp-28742,Ca4Ni3C5,0.0,0-0.005,12,12,7,1273,0,10,test
mp-13473,Sm(MnSi)2,0.0,0-0.005,139,5,3,1233,443,1,test
mp-1229023,Al3SiMo12,0.0081040893749992,0.005-0.02,47,16,8,83,7,7,test
mp-571642,CaCl2,0.0010991616666666,0-0.005,60,12,2,18,11,4,test
mp-909,As2Se3,0.0048000165000008,0-0.005,14,20,5,575,9,15,test
mp-861725,LiTl2Rh,0.0016574855555555,0-0.005,225,4,3,3960,2406,0,test
mp-9693,K2SnSe3,0.0,0-0.005,2,12,6,676,8,18,test
mp-1215188,ZrTiN2,0.0539596200000005,0.04-0.06,166,4,3,1076,280,1,test
mp-1018113,YAu2,0.0,0-0.005,139,3,2,1233,82,1,test
mp-985584,Na3PS4,0.0057789300000008,0.005-0.02,217,8,3,20,7,1,test
mp-1220494,Nd(Fe5Si)2,0.0323135853846148,0.02-0.04,71,13,6,419,38,4,test
mp-755674,Li4V(TeO4)3,0.0360380342812538,0.02-0.04,3,20,14,42,8,26,test
mp-160,B,0.0,0-0.005,166,12,2,1076,27,4,test
mp-1208331,TbSbIr,0.0217711783333323,0.02-0.04,62,12,3,1187,413,6,test
mp-9815,TaTl(CuS2)2,0.0006219943749989,0-0.005,40,16,7,40,16,14,test
mp-1095419,TaCrP,0.0,0-0.005,62,12,3,1187,413,6,test
mp-1517057,KSrSmWO6,0.0317278039999928,0.02-0.04,216,10,5,538,130,1,test
mp-626500,Al(HO)3,0.0537892260714301,0.04-0.06,1,14,14,470,3,42,test
mp-974065,LuScPd2,0.0082007875000007,0.005-0.02,225,4,3,3960,2406,0,test
mp-601401,KCSN,0.0429296740972233,0.04-0.06,57,16,4,31,2,8,test
mp-11460,HfTc,0.0,0-0.005,221,2,2,820,168,0,test
mp-1220157,NdFeCoSi2,0.0,0-0.005,119,5,4,124,29,1,test
mp-30070,U3Cu2Sb3,0.0521438084375001,0.04-0.06,194,16,5,1129,1,3,test
mp-614981,Ba2Nd(CuO2)3,0.0,0-0.005,123,12,6,626,5,4,test
mp-1186494,Pm3Au,0.0230085674999989,0.02-0.04,139,4,3,1233,236,0,test
mp-29481,Rb2WBr6,0.0,0-0.005,225,9,3,3960,89,1,test
mp-862697,Er2MgGe2,0.0,0-0.005,127,10,3,246,156,2,test
mp-1220556,NbBr3O,0.0,0-0.005,14,20,5,575,61,15,test
mp-865801,LuPaTc2,0.0,0-0.005,225,4,3,3960,2406,0,test
mp-17830,Rb3Ge4Au,0.0,0-0.005,59,16,5,106,5,8,test
mp-1295199,Li5Fe3(SbO5)2,0.0630895334999994,0.06-0.0801,1,20,20,470,2,60,test
mp-1522023,SrCaEuBiO6,0.0668725378437544,0.06-0.0801,90,20,7,0,0,7,test
mp-559373,Ge4PbO9,0.0061351844047745,0.005-0.02,5,14,9,274,0,19,test
mp-865336,Lu2OsPd,0.0,0-0.005,225,4,3,3960,2406,0,test
mp-772395,LiV(OF)2,0.0039135183333343,0-0.005,4,12,6,151,2,18,test
mp-1105821,Y2Se3,0.0,0-0.005,70,20,4,87,11,6,test
mp-493,Co2B,0.0236958416666661,0.02-0.04,140,6,2,257,38,1,test
mp-1112448,K2ScAgCl6,0.0160597539999987,0.005-0.02,225,10,4,3960,923,1,test
mp-1227347,BaSrSi4,0.0110130235416665,0.005-0.02,20,12,4,22,2,8,test
mp-1183399,BaYb3,0.04798246,0.04-0.06,225,4,3,3960,122,0,test
mp-1189224,DyFe4(CuO4)3,0.0399602117812492,0.02-0.04,204,20,4,122,42,2,test
mp-3466,PrAlO3,0.0,0-0.005,167,10,3,77,29,1,test
mp-1180688,KTiCu3Se4,0.0164008822222241,0.005-0.02,215,9,4,25,8,1,test
mp-1104330,Er(Mo3S4)2,0.0192081164444424,0.005-0.02,148,15,4,351,37,7,test
mp-21137,Ca2PbO4,0.0,0-0.005,55,14,4,40,14,6,test
mp-505822,TiSiRu,0.0617074813888898,0.06-0.0801,62,12,3,1187,413,6,test
mp-865896,YbPmAg2,0.0,0-0.005,225,4,3,3960,2406,0,test
mp-357,SmPd3,0.0,0-0.005,221,4,2,820,339,0,test
mp-557552,Sr2CuF6,8.099388888638259e-05,0-0.005,64,18,4,82,9,5,test
mp-714,SrSn4,0.020420718,0.02-0.04,63,10,4,880,0,4,test
mp-1105266,Sr2YbTaO6,0.0066430974166689,0.005-0.02,14,20,6,575,188,12,test
mp-10281,ZnS,0.0018144828571426,0-0.005,186,8,4,183,27,4,test
mp-1186961,Sc2TlHg,0.0,0-0.005,225,4,3,3960,2406,0,test
mp-1222288,LiZn3,0.0786714512499999,0.06-0.0801,187,4,3,312,20,1,test
mp-156,La,0.0006659949999994,0-0.005,225,1,1,3960,26,0,test
mp-779593,Na5LaO4,0.0616595220000011,0.06-0.0801,59,20,5,106,7,9,test
mp-1220521,Nd2CoSn4,0.0,0-0.005,38,7,7,383,23,7,test
mp-1225109,DyY(FeO3)2,0.0091216279375014,0.005-0.02,26,20,7,68,11,17,test
mp-1219911,PrHoAl4,0.0126747391666661,0.005-0.02,216,6,3,538,136,1,test
mp-558446,AgHgSI,0.0010655050000001,0-0.005,51,16,6,70,3,7,test
mp-1227733,BaSnF4,0.0580944808333345,0.04-0.06,166,6,4,1076,11,2,test
mp-1184137,DyTmIn2,0.0,0-0.005,225,4,3,3960,2406,0,test
mp-574438,ThRu2,0.0384871966666633,0.02-0.04,227,6,2,303,132,0,test
mp-1211098,LiCrCdF6,0.0,0-0.005,163,18,4,42,16,3,test
mp-1227938,BaCa,0.040789055,0.04-0.06,65,2,2,265,21,0,test
mp-1186593,PmI,0.0223307141666673,0.02-0.04,187,2,2,312,64,0,test
mp-772597,Li2CuNiO4,0.021365457499999,0.02-0.04,15,16,6,533,7,6,test
mp-753156,La2Th2O7,0.0572958714772724,0.04-0.06,115,11,7,112,1,4,test
mp-1025922,Mo2WS6,0.00210962111111,0-0.005,156,9,9,302,3,9,test
mp-1077191,Li2Tl,0.0,0-0.005,63,6,3,880,64,3,test
mp-35841,Li2CuGe,0.0,0-0.005,216,4,4,538,51,0,test
mp-1219169,Sm2ZnSb4,0.0,0-0.005,115,7,5,112,15,2,test
mp-1228817,AlReGe,0.0,0-0.005,107,3,3,158,2,3,test
mp-1094054,Sr2FeCoO6,0.0201683786774156,0.02-0.04,225,10,4,3960,923,1,test
mp-11892,NaNd2RuO6,0.0375609177500049,0.02-0.04,14,20,6,575,188,12,test
mp-1183067,Ac2ZnHg,0.0,0-0.005,225,4,3,3960,2406,0,test
mp-862311,Sc2GaRu,0.0,0-0.005,225,4,3,3960,2406,0,test
mp-1221686,MnCu(SeO3)2,0.0579233257500106,0.04-0.06,14,20,6,575,188,12,test
mp-1095690,Tm2Au,0.0,0-0.005,62,12,3,1187,102,6,test
mp-29163,Ag2TeS3,0.0,0-0.005,9,12,6,107,11,18,test
mp-643265,ReF7,0.0,0-0.005,2,16,8,676,0,24,test
mp-23517,RbPbI3,0.0,0-0.005,62,20,5,1187,318,10,test
mp-1222083,MgFe4NiO8,0.0598803607142848,0.04-0.06,12,14,7,1273,2,9,test
mp-19729,EuAsAu,0.0,0-0.005,194,6,3,1129,168,0,test
mp-22177,DyInAu,0.0,0-0.005,189,9,4,469,305,2,test
mp-1190207,NbFeGe,0.0,0-0.005,46,18,7,58,17,15,test
mp-3934,Cu3PS4,0.0,0-0.005,31,16,6,112,14,14,test
mp-1218752,Sr2LaMn2O7,0.0794606840972376,0.06-0.0801,107,12,10,158,2,10,test
mp-22194,NbFeO4,0.0628421733333652,0.06-0.0801,13,12,4,57,23,8,test
mp-580154,GdMgAu,0.0,0-0.005,189,9,4,469,305,2,test
mp-19756,GdB2Rh2C,0.0,0-0.005,139,6,4,1233,23,1,test
mp-865914,TiVTc2,0.0,0-0.005,225,4,3,3960,2406,0,test
mp-1217064,TiCoNi2,0.0190549883333348,0.005-0.02,38,16,9,383,41,15,test
mp-1639387,CaCr4(CuO4)3,0.0163974414999854,0.005-0.02,204,20,4,122,42,2,test
mp-569752,UPt,0.0,0-0.005,63,4,2,880,83,2,test
mp-568719,SmInAg2,0.0,0-0.005,225,4,3,3960,2406,0,test
mp-1102955,LaSi2Rh3,0.0,0-0.005,74,12,4,299,9,4,test
mp-1102792,Gd(Ge2Rh3)2,0.0,0-0.005,187,11,5,312,11,3,test
mp-1221787,Mn8Nb3Si,0.0534131306561302,0.04-0.06,156,12,8,302,12,10,test
mp-4875,GdTaO4,0.0,0-0.005,13,12,4,57,23,8,test
mp-1080055,NpH3,0.0259869000000003,0.02-0.04,194,8,3,1129,439,1,test
mp-1215715,Zr10(GaSb)3,0.0,0-0.005,189,16,5,469,6,5,test
mp-752477,K3NaFeCl6,0.0518402553030288,0.04-0.06,166,11,4,1076,0,2,test
mp-1229019,AgSbS2,0.0573476225,0.04-0.06,166,4,3,1076,280,1,test
mp-1030418,Te2Mo3W(SeS2)2,0.0753962812500006,0.06-0.0801,156,12,12,302,6,12,test
mp-1103730,Na4Mg(GeSe3)2,0.0,0-0.005,5,13,9,274,6,17,test
mp-1207666,U3Al2Ge3,0.0321026718750028,0.02-0.04,108,16,5,6,3,8,test
mp-1215906,YHoC4,0.073463965208333,0.06-0.0801,123,6,4,626,37,2,test
mp-569974,Nd(NiP)2,0.0,0-0.005,139,5,3,1233,443,1,test
mp-756690,EuAgO2,0.0,0-0.005,194,8,3,1129,110,1,test
mp-1105083,Th3Pd4,0.0,0-0.005,148,14,4,351,23,6,test
mp-1223997,K4BaU3O12,0.0145723613750039,0.005-0.02,166,20,6,1076,5,3,test
mp-865095,NaGaH8(NF3)2,0.0078167617777786,0.005-0.02,225,18,5,3960,4,2,test
mp-20055,NpSb,0.0016487300000012,0-0.005,123,2,2,626,49,0,test
mp-759986,V3O5F,0.0379004783333201,0.02-0.04,1,18,18,470,24,54,test
mp-758679,Li4V5O9F,0.0657477371710495,0.06-0.0801,1,19,19,470,1,57,test
mp-7099,NdB2Ru3,0.0168500391666643,0.005-0.02,191,6,3,355,109,0,test
mp-1106,Sr2Si,0.0,0-0.005,62,12,3,1187,102,6,test
mp-752927,LiAgF2,0.0404624524999999,0.04-0.06,194,8,3,1129,110,1,test
mp-1017529,VCo3,0.0033326845833325,0-0.005,221,4,2,820,339,0,test
mp-557020,Sr3Fe2Cu2Se2O5,0.0,0-0.005,139,14,7,1233,4,4,test
mp-1215466,ZnHgSe2,0.0339942749999999,0.02-0.04,160,4,4,311,32,4,test
mp-16517,TmAl2Ni,0.0,0-0.005,63,8,3,880,158,4,test
mp-1071468,TbMgSn,0.0,0-0.005,139,6,3,1233,40,2,test
mp-1080022,ZrCu,0.0219039710576929,0.02-0.04,8,8,6,361,9,14,test
mp-1220387,NbAgO3,0.0744839939230788,0.06-0.0801,127,10,4,246,9,1,test
mvc-8330,Cr4(CuO4)3,0.0246205398026262,0.02-0.04,204,19,3,122,5,2,test
mp-1094570,LiMg2,0.0304589733333333,0.02-0.04,15,6,2,533,20,4,test
mp-1207799,VCoAs,0.0,0-0.005,62,12,3,1187,413,6,test
mp-974376,PtRh3,5.349583333291719e-05,0-0.005,139,4,3,1233,236,0,test
mp-6704,BaNd2CuO5,0.0210255347222254,0.02-0.04,127,18,5,246,9,3,test
mp-22035,KFe2S3,0.0,0-0.005,63,12,4,880,24,5,test
mp-1105764,Pr5Si3,0.0,0-0.005,140,16,4,257,42,3,test
mp-1229179,AlIn3(CuSe2)4,0.0058064150000003,0.005-0.02,1,16,16,470,9,48,test
mp-1094674,Mg2Ga,0.0686996594444444,0.06-0.0801,12,6,3,1273,77,6,test
mp-5558,NaReO4,0.0,0-0.005,88,12,3,63,44,3,test
mp-1084823,Sr2CrSbO6,0.0,0-0.005,12,10,5,1273,36,7,test
mp-1246556,SrVN2,0.0759543509374971,0.06-0.0801,14,16,4,575,40,12,test
mp-1216374,UCoNiGe2,0.0,0-0.005,129,10,5,472,3,3,test
mp-754899,V4(OF3)3,0.009864130625,0.005-0.02,1,16,16,470,4,48,test
mp-1176629,LiMnF4,0.0513631449999998,0.04-0.06,12,12,6,1273,22,12,test
mp-1220876,NaSbTe2,0.0748492500000002,0.06-0.0801,123,4,4,626,136,0,test
mp-1094454,YMg2,0.050591133333333,0.04-0.06,12,6,3,1273,77,6,test
mp-30421,Sr3Au2,0.0,0-0.005,148,15,4,351,14,7,test
mp-1209313,Pr2Sn5,0.0212085278571407,0.02-0.04,65,14,8,265,3,6,test
mp-30836,TaPd3,0.0,0-0.005,139,4,3,1233,236,0,test
mp-1206350,K2Te2Pd,0.0,0-0.005,71,5,3,419,60,2,test
mp-601253,ZrGaPt,0.0,0-0.005,190,18,4,12,7,4,test
mp-1184604,Hf2OsRu,0.0,0-0.005,225,4,3,3960,2406,0,test
mp-5165,Th(SiRu)2,0.0,0-0.005,139,5,3,1233,443,1,test
mp-1224396,GeAsW,0.0171263955555556,0.005-0.02,12,6,3,1273,58,6,test
mp-1112627,Cs2InGaBr6,0.0324242367499989,0.02-0.04,225,10,4,3960,923,1,test
mp-1919,ZrCr2,0.0199503641666662,0.005-0.02,194,12,3,1129,127,2,test
mp-867880,La2TlCd,0.0,0-0.005,225,4,3,3960,2406,0,test
mp-1224799,Fe3NiP2,0.0,0-0.005,26,12,6,68,2,12,test
mp-1018725,HoFeSi,0.0,0-0.005,129,6,3,472,177,2,test
mp-1228519,Ba2LaCu3O7,0.0667156537499966,0.06-0.0801,99,13,10,88,0,10,test
mp-570355,PbCl4,0.0,0-0.005,15,10,3,533,8,7,test
mp-1104734,TeBr6,0.0290997305357141,0.02-0.04,128,14,3,17,0,3,test
mp-1220948,NaPrF4,0.0,0-0.005,1,18,18,470,5,54,test
mp-558895,Cs2KVF6,0.0,0-0.005,225,10,4,3960,923,1,test
mp-1235708,LiO8,0.0168178633333333,0.005-0.02,1,9,9,470,0,27,test
mp-754537,LiLuO2,0.06835299875,0.06-0.0801,166,4,3,1076,280,1,test
mp-1226425,Cr3Fe3GeAs2,0.0715958794444446,0.06-0.0801,189,9,4,469,5,2,test
mp-753257,LiCuF4,0.0,0-0.005,14,12,4,575,22,6,test
mp-776,LaCd,0.0,0-0.005,221,2,2,820,168,0,test
mp-754327,Ho2CuO4,0.0495972826785644,0.04-0.06,139,7,4,1233,76,1,test
mp-35311,ZnCrF6,0.0,0-0.005,148,8,3,351,67,3,test
mp-1103235,CuTe2,0.0008900216666662,0-0.005,205,12,2,31,30,1,test
mp-768150,LiBi3(BrO2)2,0.0,0-0.005,63,20,6,880,3,8,test
mp-510133,Sc(Fe2P)2,0.0,0-0.005,136,14,3,167,35,3,test
mp-1187316,Tb3Sc,0.0439487987500006,0.04-0.06,139,4,3,1233,236,0,test
mp-1186235,Nd2AgRu,0.0235192668749997,0.02-0.04,225,4,3,3960,2406,0,test
mp-23079,SiCl2O,0.0154539346875015,0.005-0.02,2,16,8,676,16,24,test
mp-684,BaS2,0.0,0-0.005,15,6,2,533,20,4,test
mp-142,Ga,0.0,0-0.005,64,4,1,82,8,2,test
mp-867267,LiHo2Pt,0.0396243566666676,0.02-0.04,225,4,3,3960,2406,0,test
mp-1106125,CsHSO2,0.0405276430625018,0.04-0.06,12,20,8,1273,11,18,test
mp-1029155,TeMoWSeS2,0.077491582083331,0.06-0.0801,156,12,12,302,1,12,test
mp-862898,PmCdPd2,0.0,0-0.005,225,4,3,3960,2406,0,test
mp-1079121,SmCoC2,0.0,0-0.005,9,8,4,107,11,12,test
mp-28878,RbTe6,0.0,0-0.005,15,14,4,533,4,10,test
mp-865955,CaNdHg2,0.0,0-0.005,225,4,3,3960,2406,0,test
mp-1539317,Ta2O5,0.0,0-0.005,65,7,4,265,3,3,test
mp-1222224,MgTiNb2(PbO3)4,0.0218732249937492,0.02-0.04,25,20,12,124,0,20,test
mp-570093,DyZn2,0.0,0-0.005,74,6,2,299,44,3,test
mp-571418,RbYbBr3,0.0,0-0.005,62,20,4,1187,318,7,test
mp-551835,Ba2I2O,0.0,0-0.005,72,10,3,111,26,4,test
mp-1221151,Na4Sn(GeS3)2,0.0,0-0.005,5,13,9,274,6,17,test
mp-755581,NaCeO2,0.0649532889511492,0.06-0.0801,166,4,3,1076,280,1,test
mp-1106004,HoFe4(CuO4)3,0.0437500865312507,0.04-0.06,204,20,4,122,42,2,test
mp-1079583,Rb2NaAlF6,0.0,0-0.005,225,10,4,3960,923,1,test
mp-2163,HoRh,0.0,0-0.005,221,2,2,820,168,0,test
mp-1232392,Pm2MgS4,0.0451919400000004,0.04-0.06,122,14,3,126,68,4,test
mp-1078702,EuAs3,0.0079968424999998,0.005-0.02,2,8,4,676,7,12,test
mp-753685,Li2MnO2F,0.0712796216666724,0.06-0.0801,164,12,7,551,7,5,test
mp-758463,LiNiSnO4,0.0709813964880963,0.06-0.0801,10,7,5,138,11,4,test
mp-1188498,Nd5Si3,0.0288594800000003,0.02-0.04,193,16,3,238,93,2,test
mp-862900,PmCu2Sn,0.0,0-0.005,225,4,3,3960,2406,0,test
mp-1218245,SrLa2Sc2O7,0.0421023774999955,0.04-0.06,139,12,6,1233,9,4,test
mp-861935,CaSnRh2,0.0,0-0.005,225,4,3,3960,2406,0,test
mp-1222357,LiGe3SbTe5,0.0129222844999983,0.005-0.02,160,10,10,311,0,10,test
mp-977570,LiPr2Os,0.0088948067916669,0.005-0.02,225,4,3,3960,2406,0,test
mp-22956,K2PdCl4,0.0,0-0.005,123,7,3,626,4,1,test
mp-867515,NaCoO2,0.0114277537499996,0.005-0.02,194,8,3,1129,110,1,test
mp-611316,AsN(OF3)2,0.0345745860000006,0.02-0.04,12,10,5,1273,36,7,test
mp-754402,Li2MnVO4,0.0572527240625015,0.04-0.06,10,8,6,138,13,4,test
mp-1019586,CaAl2SiO6,0.0168216702777783,0.005-0.02,5,20,12,274,6,28,test
mp-510219,Sn2Ru,0.0528739842857159,0.04-0.06,140,6,2,257,38,1,test
mp-1219939,PdPb4Au,0.0107330600000006,0.005-0.02,97,6,3,29,9,1,test
mp-1078602,ZrIn3,0.0050899737500005,0.005-0.02,139,8,4,1233,236,2,test
mp-1216606,U2Si3Pt,0.0,0-0.005,25,6,6,124,29,6,test
mp-1103862,Ba3SrNb2O9,0.0209230403333329,0.02-0.04,164,15,6,551,19,4,test
mp-1183143,AlPd3,0.037093334375001,0.02-0.04,221,4,2,820,339,0,test
mp-980001,YbPr3,0.0462565887500003,0.04-0.06,221,4,2,820,339,0,test
mp-1114482,Rb2TlRhF6,0.0,0-0.005,225,10,4,3960,923,1,test
mp-1209732,Pr2Al2Ge,0.0,0-0.005,63,10,5,880,13,5,test
mp-770870,MnTlO3,0.0537371981875036,0.04-0.06,62,20,4,1187,318,7,test
mp-567833,EuSn,0.0,0-0.005,63,4,2,880,83,2,test
mp-998414,CuAgF3,0.0349288620000018,0.02-0.04,221,5,3,820,273,0,test
mp-18875,MgWO4,0.0,0-0.005,13,12,4,57,23,8,test
mp-1068283,Tm2InNi2,0.0,0-0.005,65,5,3,265,10,2,test
mp-1207196,Ca2H6Os,0.0,0-0.005,225,9,3,3960,89,1,test
mp-1785,PrSb,0.0,0-0.005,225,2,2,3960,145,0,test
mp-1188268,K3(CuO2)2,0.0,0-0.005,63,18,5,880,5,7,test
mp-24096,NdH2,0.0,0-0.005,225,3,2,3960,55,0,test
mp-20680,Ce4Sb3,0.0011583892857185,0-0.005,220,14,2,111,56,1,test
mp-1216822,U3P2S,0.0017507766666646,0-0.005,164,6,4,551,47,2,test
mp-1187548,YbPr3,0.0677952137500002,0.06-0.0801,194,8,2,1129,439,1,test
mp-1206285,Dy3Ru2,0.0683467917500015,0.06-0.0801,176,10,3,74,2,2,test
mp-1279034,SrLa(FeO3)2,0.0073539029999984,0.005-0.02,5,10,7,274,6,13,test
mp-2295,CaNi2,0.0,0-0.005,227,6,2,303,132,0,test
mp-765706,Li2VFeO4,0.0602810190624998,0.06-0.0801,12,16,9,1273,14,7,test
mp-1218370,SrCO3,0.0317049775000004,0.02-0.04,155,5,3,75,2,1,test
mp-1222263,LuPaO4,0.0,0-0.005,123,6,3,626,37,1,test
mp-1105466,Dy2SnAu2,0.0045593969999977,0-0.005,136,20,4,167,21,4,test
mp-1113310,Rb2CuBiBr6,0.042909025124997,0.04-0.06,225,10,4,3960,923,1,test
mp-1185318,LiGe2Ir,0.0131584025312498,0.005-0.02,225,4,3,3960,2406,0,test
mp-1206598,BaThN2,0.0,0-0.005,194,8,3,1129,110,1,test
mp-1229014,Ca3(InGa2)2,0.0316597072222224,0.02-0.04,156,18,18,302,6,18,test
mp-1206327,Th2NiC2,0.0,0-0.005,139,5,3,1233,443,2,test
mp-1189436,Pr2Zn5Sn,0.0,0-0.005,63,16,6,880,30,7,test
mp-1120,Mo3Ir,0.0650161950000001,0.06-0.0801,223,8,2,54,37,0,test
mp-1221249,Na3DyTi2Nb2O12,0.0130014017499853,0.005-0.02,1,20,20,470,16,60,test
mp-569860,Nd(NiSn)2,0.0512717780000038,0.04-0.06,139,5,3,1233,443,1,test
mp-1189700,Pr4Mg7Ge6,0.0,0-0.005,12,17,9,1273,1,16,test
mp-867279,DyPaRu2,0.0,0-0.005,225,4,3,3960,2406,0,test
mp-989621,LaOsN3,0.0,0-0.005,51,10,4,70,2,4,test
mp-1079891,Ba2Br2O,0.0,0-0.005,72,10,3,111,26,4,test
mp-632319,CsH,0.0519639,0.04-0.06,221,2,2,820,168,0,test
mp-1226163,La2CeTe4,0.0,0-0.005,122,14,3,126,68,4,test
mp-8411,Na2AgAs,0.0,0-0.005,63,8,3,880,158,3,test
mp-1220977,NaNd(WO4)2,0.0135795357291534,0.005-0.02,82,12,6,145,18,6,test
mp-1223945,HgAu4,0.0612481190000004,0.06-0.0801,166,5,3,1076,14,2,test
mp-1183101,AcLaMg2,0.0108391406249999,0.005-0.02,225,4,3,3960,2406,0,test
mp-861506,Pr2ZnRu,0.046326173125001,0.04-0.06,225,4,3,3960,2406,0,test
mp-1207757,Y3Tl5,0.0,0-0.005,63,16,5,880,26,7,test
mp-1101789,CaGa3Co2,0.0,0-0.005,63,12,4,880,24,5,test
mp-1112167,Cs2RbFeF6,0.0,0-0.005,225,10,4,3960,923,1,test
mp-1218139,SrLaVO4,0.0143948653571417,0.005-0.02,107,7,6,158,20,6,test
mp-756420,Cr2PO5,0.0126568974999958,0.005-0.02,15,16,6,533,18,8,test
mp-1211365,La2MgNbO6,0.0535162289166937,0.04-0.06,14,20,6,575,188,12,test
mp-34309,Pr2EuS4,0.0,0-0.005,122,14,3,126,68,4,test
mp-13097,NaZnAs,0.0,0-0.005,129,6,3,472,177,2,test
mp-1189325,UTlB5O11F,0.0524990804001905,0.04-0.06,1,19,19,470,0,57,test
mp-1101985,TmRe2,0.0,0-0.005,194,12,3,1129,127,2,test
mp-1227985,Ba6Br2N3Cl,0.0056737266666671,0.005-0.02,12,12,7,1273,28,10,test
mp-13579,ErGePt,0.0,0-0.005,62,12,3,1187,413,6,test
mp-23378,EuAgBi,0.0,0-0.005,194,6,3,1129,168,0,test
mp-1222762,LaPrAl4,0.0023472008333333,0-0.005,216,6,3,538,136,1,test
mp-973217,SbSI,0.0018474066666671,0-0.005,62,12,3,1187,413,6,test
mp-865863,Li2TlPd,0.0,0-0.005,225,4,3,3960,2406,0,test
mp-1077599,ScAlGe,0.0,0-0.005,63,6,3,880,28,2,test
mp-974527,NdSmZn2,0.0009968574999996,0-0.005,225,4,3,3960,2406,0,test
mp-7027,InBO3,0.0,0-0.005,167,10,3,77,29,1,test
mp-22205,InN,0.0,0-0.005,186,4,2,183,27,2,test
mp-1185976,MnAl2Tc,0.0193226260714309,0.005-0.02,225,4,3,3960,2406,0,test
mp-1944,CoP3,0.0,0-0.005,204,16,2,122,7,2,test
mp-977454,HgPd2Au,0.0,0-0.005,225,4,3,3960,2406,0,test
mp-21469,VCo2Sn,0.0542444412500007,0.04-0.06,225,4,3,3960,2406,0,test
mp-2597,InTe,0.0,0-0.005,225,2,2,3960,145,0,test
mp-2530,Li2Te,0.0,0-0.005,225,3,2,3960,55,0,test
mp-1224430,Hf2V3Ge,0.0524815808333336,0.04-0.06,194,12,3,1129,48,2,test
mp-753260,LaAgO2,0.0001951162500004,0-0.005,166,4,3,1076,280,1,test
mp-1186656,PmTm3,0.0285389831250002,0.02-0.04,221,4,2,820,339,0,test
mp-556807,BaWO4,0.0570068433333332,0.04-0.06,63,12,5,880,53,5,test
mp-1217082,Ti3B4Mo3,0.024922456999997,0.02-0.04,38,10,7,383,2,10,test
mp-977225,LaNd3,0.0340142724999994,0.02-0.04,194,8,2,1129,439,1,test
mp-27552,TlPbI3,0.0108927994999983,0.005-0.02,63,10,4,880,54,4,test
mp-22264,CsSr2Nb3O10,0.0010900627343755,0-0.005,123,16,8,626,2,5,test
mp-1103463,SmGeRh,0.0,0-0.005,62,12,3,1187,413,6,test
mp-1094309,Sr3Mg,0.0695453808333335,0.06-0.0801,194,8,2,1129,439,1,test
mp-1184670,Hf3Al,0.0087425658333319,0.005-0.02,194,8,2,1129,439,1,test
mp-1227966,BaLaEuZnO5,0.0360434428703664,0.02-0.04,69,18,7,46,0,7,test
mp-1039,MgTe,0.0,0-0.005,186,4,2,183,27,2,test
mp-12832,Ba3CaRu2O9,0.0155276823333334,0.005-0.02,164,15,6,551,19,4,test
mp-237,TmTe,0.0345567725000002,0.02-0.04,225,2,2,3960,145,0,test
mp-8640,Hf,0.0724082099999989,0.06-0.0801,225,1,1,3960,26,0,test
mp-1176665,LiMn2CoO6,0.0467037613333172,0.04-0.06,12,10,6,1273,36,8,test
mp-28779,USbO5,0.0443769798214361,0.04-0.06,15,14,5,533,30,8,test
mp-2095,Rb2Te3,0.0,0-0.005,62,20,4,1187,37,9,test
mp-8978,CsNbN2,0.0077917834374998,0.005-0.02,227,8,3,303,15,0,test
mp-1205579,DySiOs2C,0.0,0-0.005,63,10,4,880,44,4,test
mp-12557,SrCuAs,0.0,0-0.005,194,6,3,1129,168,0,test
mp-504862,Ti4Cd(CuO4)3,0.0705817756250004,0.06-0.0801,204,20,4,122,42,2,test
mp-1088,YbGa4,0.0,0-0.005,139,5,3,1233,14,1,test
mp-20851,BaDyFe2O5,0.0550113122618975,0.04-0.06,123,9,5,626,13,2,test
mp-640051,Pu2Ni2Sn,0.0,0-0.005,127,10,3,246,156,2,test
mp-2384,LaP,0.0,0-0.005,225,2,2,3960,145,0,test
mp-625318,Al(HO)3,0.0254814110714303,0.02-0.04,1,14,14,470,3,42,test
mp-34688,TiO2,0.0080763291666663,0.005-0.02,15,6,2,533,20,4,test
mp-755562,LiMnO2,0.0354898037499999,0.02-0.04,9,8,4,107,11,12,test
mp-505302,U5Ge4,0.0386776313888876,0.02-0.04,193,18,4,238,5,2,test
mp-31413,TbSnAu,0.0,0-0.005,186,6,3,183,88,3,test
mp-1206862,Ce(GaNi)2,0.0563723563333313,0.04-0.06,139,5,3,1233,443,1,test
mp-1225814,CuNi3(SnS4)2,0.0579346673214304,0.04-0.06,44,14,8,187,3,14,test
mp-4280,GaCuO2,1.635999999916038e-05,0-0.005,166,4,3,1076,280,1,test
mp-1216657,U2PS,0.0019283550000004,0-0.005,166,4,3,1076,280,1,test
mp-1206267,Sc6CoTe2,0.0,0-0.005,189,9,4,469,57,2,test
mp-1188248,Mg2NiB2Ir5,0.0,0-0.005,127,20,5,246,18,4,test
mp-1101818,BaLaAgSe3,0.0,0-0.005,63,12,5,880,63,5,test
mp-4813,NbAlNi2,0.0073303324166644,0.005-0.02,225,4,3,3960,2406,0,test
mp-1208418,Tb5BiPt2,0.0,0-0.005,140,16,4,257,52,3,test
mp-1227390,BaTlIn3,0.0122789024999998,0.005-0.02,119,5,4,124,19,1,test
mp-754016,VOF,0.048062477777778,0.04-0.06,148,18,3,351,2,9,test
mp-1102959,YAsS,0.0,0-0.005,59,6,3,106,23,3,test
mp-662563,CsFe2Se3,0.0,0-0.005,63,12,4,880,24,5,test
mp-13,Fe,0.0,0-0.005,229,1,1,95,16,0,test
mp-1222731,LaUN2,0.0,0-0.005,166,4,3,1076,280,1,test
mp-644143,LaSb2Au,0.0,0-0.005,129,8,4,472,65,2,test
mp-8446,K2CuP,0.0,0-0.005,63,8,3,880,158,3,test
mp-7189,AlPd,0.0,0-0.005,198,8,2,67,13,2,test
mp-1216329,VFe4,0.0590065680000009,0.04-0.06,69,5,3,46,3,2,test
mp-458,Ti2O3,0.0,0-0.005,167,10,2,77,25,2,test
mp-983565,CuBSe2,0.0124594344444464,0.005-0.02,122,8,3,126,51,1,test
mp-541899,CsCdBr3,0.0,0-0.005,194,10,3,1129,53,1,test
mp-22925,AgI,0.0,0-0.005,216,2,2,538,32,0,test
mp-1025200,Eu2TiO4,0.0,0-0.005,139,7,4,1233,76,2,test
mp-1187588,Tm2AgAu,0.0050377462499993,0.005-0.02,225,4,3,3960,2406,0,test
mp-23021,K2ReBr6,0.0,0-0.005,225,9,3,3960,89,1,test
mp-977455,PaAgO3,0.0,0-0.005,221,5,3,820,273,0,test
mp-984698,Ca3Pt2,0.0,0-0.005,148,15,4,351,14,7,test
mp-862816,PaGe3,0.0,0-0.005,221,4,2,820,339,0,test
mvc-15779,TaF5,0.0769253850000009,0.06-0.0801,2,12,7,676,7,15,test
mp-1102356,U3O8,0.000563105454546,0-0.005,38,11,7,383,0,11,test
mp-1113379,Cs2TlAuI6,0.0509357078750007,0.04-0.06,225,10,4,3960,923,1,test
mp-867177,PrCdHg2,0.0,0-0.005,225,4,3,3960,2406,0,test
mp-1220367,NbWSe4,0.0195088433333303,0.005-0.02,187,6,4,312,37,2,test
mp-1206851,LuAgTe2,0.0142236556249999,0.005-0.02,156,4,4,302,33,4,test
mp-19944,Sr3PbO,0.0,0-0.005,221,5,3,820,273,0,test
mp-1286686,Li2MnO2,0.0563095306666676,0.04-0.06,71,5,3,419,60,2,test
mp-22266,GdB6,0.0,0-0.005,221,7,2,820,12,1,test
mp-1177849,Li2TiCr3O8,0.0330895894615164,0.02-0.04,166,14,5,1076,78,4,test
mp-20181,Ce2C3,0.0,0-0.005,220,20,2,111,13,2,test
mp-754654,NiSnO3,0.0261787489999978,0.02-0.04,148,10,3,351,48,5,test
mp-1174036,Li3Mn2O5,0.0639708875000009,0.06-0.0801,12,20,11,1273,10,18,test
mp-2637,YSe,0.0,0-0.005,225,2,2,3960,145,0,test
mp-1079764,La(AlPd)2,0.0,0-0.005,129,10,5,472,69,3,test
mp-1227763,BaSr2Y2Cu2PtO10,0.0218052606509271,0.02-0.04,8,18,14,361,0,32,test
mp-1185127,La3Hg,0.06076351375,0.06-0.0801,194,8,2,1129,439,1,test
mp-555682,Sn(SeO3)2,0.0044642080555554,0-0.005,14,18,5,575,19,12,test
mp-972653,SmHoTl2,0.0,0-0.005,225,4,3,3960,2406,0,test
mp-1078081,K2CuF4,0.0600981349999996,0.06-0.0801,65,7,5,265,10,2,test
mp-22546,CoAsRh,0.0208729958333329,0.02-0.04,62,12,3,1187,413,6,test
mp-1217357,Te8Ir3,0.0,0-0.005,148,11,3,351,2,4,test
mp-1181094,Hf2SiH,0.0,0-0.005,140,8,3,257,13,1,test
mp-542613,GeS2,0.0,0-0.005,43,18,5,40,1,13,test
mp-558728,Cs3Li2F5,0.0438573229999992,0.04-0.06,42,10,6,42,0,9,test
mp-1106138,CeAlPd2,0.0,0-0.005,62,16,3,1187,107,7,test
mp-1223978,HoFeCo,0.0,0-0.005,74,6,3,299,50,1,test
mp-1518556,Ba2EuBiO6,0.0080748007499993,0.005-0.02,225,10,4,3960,923,1,test
mp-17396,SrNi5As3,0.0,0-0.005,63,18,6,880,8,8,test
mp-1068827,TbSi3Rh,0.0,0-0.005,107,5,4,158,75,4,test
mp-9278,U2Si4W3,0.0,0-0.005,14,18,5,575,21,12,test
mp-15325,BaAs3,0.0,0-0.005,12,8,3,1273,15,7,test
mp-1018814,NdSbTe,0.0,0-0.005,129,6,3,472,177,2,test
mp-1179796,Rb2Co3S4,0.0206428145678989,0.02-0.04,72,18,4,111,13,6,test
mp-1221905,MgZnO2,0.03027654,0.02-0.04,156,4,4,302,33,4,test
mp-27617,Ce2SeF4,0.0,0-0.005,166,7,4,1076,22,3,test
mp-31168,Li2AlAg,0.0,0-0.005,216,4,4,538,51,0,test
mp-1112917,Cs2ErCuCl6,0.03984060375,0.02-0.04,225,10,4,3960,923,1,test
mp-989617,YWN3,0.0243366014999999,0.02-0.04,40,10,5,40,9,10,test
mp-752753,SbO2F,0.018391366624999,0.005-0.02,15,8,3,533,25,4,test
mp-568544,CsCdCl3,0.0074721176666665,0.005-0.02,221,5,3,820,273,0,test
mp-1218836,Sr2Eu2TlNi2O9,0.0324460112500002,0.02-0.04,42,16,8,42,4,15,test
mp-972895,ScAu3,0.058664382499999,0.04-0.06,194,8,2,1129,439,1,test
mp-22563,Gd(LuS2)3,0.0,0-0.005,11,20,10,277,19,20,test
mp-1240,HoS,0.0,0-0.005,225,2,2,3960,145,0,test
mp-1018802,MnGaGe,0.0189438020833332,0.005-0.02,129,6,3,472,177,2,test
mp-753680,Li3VCrP2(O4F)2,0.0273590249550652,0.02-0.04,1,17,17,470,0,51,test
mp-1218033,Ta3MoS8,0.0058077341666527,0.005-0.02,8,12,12,361,6,24,test
mp-9731,RbAuSe,0.0,0-0.005,63,6,3,880,28,2,test
mp-1221056,NaDyTi2O6,0.0107484945625007,0.005-0.02,31,20,7,112,28,17,test
mp-1227834,Ca2VMoO6,0.0542694937053696,0.04-0.06,14,20,6,575,188,12,test
mp-1079706,Ti5Al2C3,0.0,0-0.005,166,10,6,1076,1,4,test
mp-29520,LiAuI4,0.0,0-0.005,14,12,4,575,22,6,test
mp-20260,U(SiIr)2,0.003072844,0-0.005,139,5,3,1233,443,1,test
mp-1224915,GaNi4Ge3,0.0198154711874982,0.005-0.02,26,16,8,68,2,16,test
mp-27882,Cs2GeCl6,0.0,0-0.005,225,9,3,3960,89,1,test
mp-1173945,Li3Mn2O5,0.0533040129999999,0.04-0.06,12,20,11,1273,10,18,test
mp-1080180,Eu(GePt)2,0.0,0-0.005,11,10,5,277,5,10,test
mp-1206315,SmCdAu,0.0,0-0.005,189,9,4,469,305,2,test
mp-24034,K3AlH6,0.0,0-0.005,14,20,6,575,35,12,test
mp-1104735,Ca2Ni10H,0.0447450185256421,0.04-0.06,8,13,11,361,0,24,test
mp-1226649,CeAlCo4,0.0623153628205157,0.06-0.0801,65,6,4,265,53,1,test
mp-17230,Nb5GaSn2,0.0,0-0.005,140,16,4,257,52,3,test
mp-1190061,Eu5Si3,0.0,0-0.005,140,16,4,257,42,3,test
mp-752601,NaMn3O4,0.0189271996875,0.005-0.02,12,8,5,1273,11,3,test
mp-29750,CsMgBr3,0.0,0-0.005,194,10,3,1129,53,1,test
mp-1224384,Hf4CN3,0.0,0-0.005,166,8,5,1076,20,3,test
mp-28534,CaInBr3,0.0,0-0.005,63,10,4,880,54,4,test
mp-755517,V6O7F5,0.0293919644444482,0.02-0.04,5,18,11,274,4,25,test
mp-14289,Ba3P4,0.0,0-0.005,43,14,4,40,3,10,test
mp-998778,RbSnBr3,0.0,0-0.005,62,20,5,1187,318,10,test
mp-16456,BaNd2MnS5,0.0,0-0.005,140,18,5,257,11,3,test
mp-1183345,Ba3Sr,0.0162686868749997,0.005-0.02,139,4,3,1233,236,0,test
mp-12427,Sr2TaGaO6,0.0,0-0.005,87,10,5,101,33,3,test
mp-1224257,HfTiN2,0.0255785174999996,0.02-0.04,123,4,4,626,136,0,test
mp-759689,V6O11F,0.0248557311110957,0.02-0.04,38,18,15,383,12,18,test
mp-1222838,LaYNi10,0.0017994450000005,0-0.005,47,12,7,83,8,4,test
mp-980663,Yb2Mg,0.033037575,0.02-0.04,12,6,3,1273,77,6,test
mp-1101403,Rb3TmO3,0.0110781850000005,0.005-0.02,12,14,6,1273,22,11,test
mp-1094675,LiMg,0.0223436449999998,0.02-0.04,51,4,2,70,26,2,test
mp-1284552,Sr2TaMnO6,0.0,0-0.005,12,20,9,1273,36,16,test
mp-1245857,Ca7Mg2N6,0.0799010229999996,0.06-0.0801,12,15,6,1273,3,11,test
mp-5706,SnPSe3,0.0032158004999995,0-0.005,14,20,5,575,61,15,test
mp-977204,NaTl2Sb,0.0203971863773158,0.02-0.04,225,4,3,3960,2406,0,test
mp-12863,Ba(AlSi)2,0.0087151719999996,0.005-0.02,139,5,3,1233,443,1,test
mp-11375,EuHg,0.0,0-0.005,221,2,2,820,168,0,test
mp-1220404,NbMoS4,0.015147610833333,0.005-0.02,6,6,6,163,3,12,test
mp-24658,SmH2,0.0,0-0.005,225,3,2,3960,55,0,test
mp-862836,PmAlAu2,0.0,0-0.005,225,4,3,3960,2406,0,test
mp-1114502,Rb3SbBr6,0.0670213932500045,0.06-0.0801,225,10,4,3960,100,1,test
mp-30914,UAl4Co,0.0299457830555551,0.02-0.04,189,18,6,469,0,5,test
mp-760293,LiMn2F5,0.0458831087499991,0.04-0.06,15,16,5,533,18,10,test
mp-23465,Cs2TeCl6,0.0,0-0.005,225,9,3,3960,89,1,test
mp-1025001,ErNi4Au,0.0,0-0.005,216,6,3,538,136,1,test
mp-867145,LiHo2Ga,0.0247238119791668,0.02-0.04,225,4,3,3960,2406,0,test
mp-753591,Mg3Fe3O8,0.0488978257142855,0.04-0.06,166,14,5,1076,4,4,test
mp-3274,NiGePd,0.0,0-0.005,129,6,3,472,177,2,test
mp-571296,Er(GeRu)2,0.0,0-0.005,139,5,3,1233,443,1,test
mp-1187709,Y2ZnAu,0.0175346824999991,0.005-0.02,225,4,3,3960,2406,0,test
mp-2525,PrAg,0.0,0-0.005,221,2,2,820,168,0,test
mp-1252,ZrBe2,0.028948296666666,0.02-0.04,191,3,2,355,57,0,test
mp-864930,LiTiIr2,0.0,0-0.005,225,4,3,3960,2406,0,test
mp-1219893,Pr2MnRhO6,0.0160953664999983,0.005-0.02,14,20,6,575,188,12,test
mp-1224239,K2SO4,0.0117979817857145,0.005-0.02,15,14,5,533,11,8,test
mp-1227124,CaMg(PSe3)2,0.0124802819999993,0.005-0.02,146,10,6,73,21,10,test
mp-1179866,Pr3CBr5,0.0,0-0.005,2,18,9,676,16,27,test
mp-1216551,TmAlCu,0.0726301055555547,0.06-0.0801,74,6,3,299,50,1,test
mp-505397,K2PuCl6,0.0,0-0.005,12,9,4,1273,22,7,test
mp-1224200,Ho4Ge8Rh,0.0426105084294867,0.04-0.06,25,13,13,124,19,13,test
mp-1185377,LiMg2Ni,0.0107797790162038,0.005-0.02,225,4,3,3960,2406,0,test
mp-1080800,Th(CoAs)2,0.0,0-0.005,129,10,5,472,69,3,test
mp-865791,CrSiRu2,0.0,0-0.005,225,4,3,3960,2406,0,test
mp-1224274,HfTiC2,0.0454248575000004,0.04-0.06,166,4,3,1076,280,1,test
mp-754530,V4O3F5,0.0598630079166664,0.04-0.06,44,12,8,187,1,11,test
mp-976129,PrErZn2,0.012965635,0.005-0.02,225,4,3,3960,2406,0,test
mp-8880,AlP,0.0046183674999999,0-0.005,186,4,2,183,27,2,test
mp-1205529,Tm4Ni2C5,0.0,0-0.005,25,11,7,124,0,11,test
mp-1228655,B4MoRu2,0.076648350000001,0.06-0.0801,71,7,4,419,6,3,test
mp-33526,LiBiS2,0.0115044637499996,0.005-0.02,141,8,3,181,50,1,test
mp-1071675,GdSiPt,0.0,0-0.005,109,6,3,46,26,3,test
mp-1217529,TbGa3Ni,0.0,0-0.005,107,5,4,158,75,4,test
mp-4681,NaNbO3,0.0128489910000002,0.005-0.02,26,20,7,68,2,17,test
mp-27841,VBrO,0.0,0-0.005,59,6,3,106,23,3,test
mp-1223002,La4DyC10,0.0376400874222184,0.02-0.04,69,15,6,46,1,7,test
mp-568172,Ca3N2,0.048426608833334,0.04-0.06,12,15,8,1273,35,14,test
mp-867317,Cu3Si,0.0150453209999996,0.005-0.02,194,8,2,1129,439,1,test
mp-1095185,Y2CrH6,0.0424854344444458,0.04-0.06,225,9,3,3960,89,1,test
mp-1205677,Sr2NbGaO6,0.0086736443750119,0.005-0.02,87,10,5,101,33,3,test
mp-1221572,MnInRh2,0.0266298249999996,0.02-0.04,123,4,3,626,136,1,test
mp-38931,Tb2SmS4,0.0620251440714216,0.06-0.0801,122,14,3,126,68,4,test
mp-1102,LuN,0.0,0-0.005,225,2,2,3960,145,0,test
mp-1078100,CdPPd5,0.0,0-0.005,123,7,4,626,55,1,test
mp-1209222,RbLuBeF6,0.0,0-0.005,11,18,7,277,5,16,test
mp-1210698,LuTiClO3,0.0,0-0.005,12,12,6,1273,12,12,test
mp-1174011,Li5Mn(CoO4)2,0.0435335746875003,0.04-0.06,5,16,10,274,5,22,test
mp-1104215,Ca2Ni10H,0.027150853141026,0.02-0.04,65,13,7,265,0,4,test
mp-1223048,La2ZnSb4,0.0,0-0.005,115,7,5,112,15,2,test
mp-756422,Li4CuSi2O7,0.0380478978571403,0.02-0.04,5,14,8,274,2,20,test
mp-1245832,CaCuN,0.0763701309722266,0.06-0.0801,12,12,6,1273,58,12,test
mp-20798,MnGeO3,0.016753199,0.005-0.02,148,10,3,351,48,5,test
mp-10564,SrN2,0.0,0-0.005,139,3,2,1233,82,1,test
mp-1025229,TiGa5Co,0.0081088039285726,0.005-0.02,123,7,4,626,55,1,test
mp-865142,DyMgZn2,0.0,0-0.005,225,4,3,3960,2406,0,test
mp-5069,La(MnSi)2,0.0,0-0.005,139,5,3,1233,443,1,test
mp-864910,MgZrRh2,0.0,0-0.005,225,4,3,3960,2406,0,test
mp-567768,YbCuGe,0.0008615400000002,0-0.005,186,6,3,183,88,3,test
mp-862300,Sc2GaOs,0.0,0-0.005,225,4,3,3960,2406,0,test
mp-1187859,YHoRh2,0.0119911025000005,0.005-0.02,225,4,3,3960,2406,0,test
mp-573324,CsK2Ho(PO4)2,0.0,0-0.005,164,14,6,551,11,5,test
mp-1120718,MgZn3S4,0.0129202196428575,0.005-0.02,215,8,3,25,11,1,test
mp-1225324,EuCdAu5,0.0,0-0.005,119,7,4,124,2,1,test
mp-867979,LaInHg2,0.0,0-0.005,225,4,3,3960,2406,0,test
mp-2680,LaB6,0.0,0-0.005,221,7,2,820,12,1,test
mp-1188182,Fe(CoS)8,0.0011097253633183,0-0.005,225,17,4,3960,2,2,test
mp-1217294,Th2CuSi3,0.0,0-0.005,187,6,5,312,9,1,test
mp-1185242,LiTm2Ga,0.0317835467708325,0.02-0.04,225,4,3,3960,2406,0,test
mp-1018735,BaTi2As2O,0.0,0-0.005,123,6,4,626,12,1,test
mp-571283,GdRh5,0.0725272630555551,0.06-0.0801,191,6,3,355,62,0,test
mp-1223373,La2FeCoO6,0.0266067650000003,0.02-0.04,14,20,6,575,188,12,test
mp-10694,ScF3,0.0,0-0.005,221,4,2,820,339,0,test
mp-2012,LiHg,0.0,0-0.005,221,2,2,820,168,0,test
mp-863727,LiTiRh2,0.0,0-0.005,225,4,3,3960,2406,0,test
mp-1025388,YbCl3,0.0583720374999998,0.04-0.06,12,8,3,1273,15,6,test
mp-31288,La5Pb3I,0.0,0-0.005,193,18,4,238,124,2,test
mp-19766,CeSnPd,0.0307064119444442,0.02-0.04,189,9,4,469,305,2,test
mp-982370,Na,0.0118473959482758,0.005-0.02,194,4,2,1129,60,0,test
mp-17751,Y5Ge3,0.0,0-0.005,193,16,3,238,93,2,test
mp-1079483,LiAuF6,0.0,0-0.005,148,8,3,351,67,3,test
mp-1186604,PmLuAl2,0.0050861511458331,0.005-0.02,225,4,3,3960,2406,0,test
mp-558380,Cr2F5,0.0025846614285738,0-0.005,15,14,5,533,21,7,test
mp-1205800,Y2Ge6Pd,0.0416697555555547,0.04-0.06,38,9,9,383,39,9,test
mp-676274,Tl9SbSe6,0.0,0-0.005,87,16,5,101,4,6,test
mp-1183728,Co2S3,0.0035849639999954,0-0.005,167,10,2,77,25,2,test
mp-8558,BaNpO3,0.0,0-0.005,221,5,3,820,273,0,test
mp-24517,Rb2CaH4,0.0089568371428572,0.005-0.02,139,7,4,1233,76,2,test
mp-1079321,ErAgS2,0.0092205047916662,0.005-0.02,109,8,4,46,5,4,test
mp-23966,MgH2SeO5,0.0,0-0.005,15,18,6,533,5,11,test
mp-1079173,HoInCo2,0.0048089062045457,0-0.005,51,8,4,70,11,3,test
mp-1077840,Mn(BiTe2)2,0.013346611933497,0.005-0.02,166,7,4,1076,22,3,test
mp-34460,Ag3AuS2,0.0,0-0.005,166,6,3,1076,53,1,test
mp-1178789,V2ZnO6,0.0228776319444481,0.02-0.04,5,9,5,274,3,13,test
mp-864612,Nd2MgIn,0.0,0-0.005,225,4,3,3960,2406,0,test
mp-9741,Na3Cd2IrO6,0.0,0-0.005,12,12,6,1273,28,7,test
mp-1216654,U2NiSb4,0.0,0-0.005,115,7,5,112,15,2,test
mp-1213762,Co3P,0.0475780912500001,0.04-0.06,82,16,4,145,9,12,test
mp-1186317,NdPd2Pb,0.0092826258333342,0.005-0.02,225,4,3,3960,2406,0,test
mp-1227117,CaY3Ti4O12,0.0303600556666694,0.02-0.04,6,20,14,163,35,34,test
mp-3312,Cs(SbSe2)2,0.0,0-0.005,2,14,7,676,15,21,test
mp-29863,AsCl3O,0.0,0-0.005,14,20,5,575,61,15,test
mp-1186539,PmAg3,0.0026192112500003,0-0.005,194,8,2,1129,439,1,test
mp-574599,CsAuSe,0.0,0-0.005,63,6,3,880,28,2,test
mp-5239,NdSiRu,0.0,0-0.005,129,6,3,472,177,2,test
mp-19871,PbAu2,0.0,0-0.005,227,6,2,303,132,0,test
mp-1186435,Pm2AlGa,0.0,0-0.005,225,4,3,3960,2406,0,test
mp-20263,CaIn,0.0,0-0.005,221,2,2,820,168,0,test
mp-1516440,Eu2MnWO6,0.0,0-0.005,225,10,4,3960,923,1,test
mp-1209962,NaVH8(NF3)2,0.0276334548611059,0.02-0.04,225,18,5,3960,4,2,test
mp-1189309,Eu(BOs)4,0.0,0-0.005,86,18,3,18,17,6,test
mp-567377,Ba(AlSi)2,0.0493822499999998,0.04-0.06,63,10,3,880,13,5,test
mp-13000,Ba2HoTaO6,0.0,0-0.005,87,10,5,101,33,3,test
mp-1102481,EuGa3Ni2,0.0,0-0.005,63,12,4,880,24,5,test
mvc-7666,BaYCoCuO5,0.0390106752297061,0.02-0.04,99,9,7,88,10,7,test
mp-1224094,K2PtI5,0.0428076682812479,0.04-0.06,63,16,5,880,30,6,test
mp-1079819,LuAlNi,0.0,0-0.005,189,9,4,469,305,2,test
mp-1185809,Mg5Ag,0.0412491983333336,0.04-0.06,8,6,6,361,13,12,test
mp-1017553,CdCo3N,0.0,0-0.005,221,5,3,820,273,0,test
mp-779353,Li3Fe5OF11,0.0558453969999996,0.04-0.06,1,20,20,470,5,60,test
mp-22267,Y(MnGe)6,0.0,0-0.005,191,13,5,355,30,2,test
mp-27649,BaU2O7,0.0074251932499898,0.005-0.02,141,20,5,181,0,2,test
mp-865031,Mg2ZnB2Ir5,0.0,0-0.005,127,20,5,246,18,4,test
mp-1190258,Yb3Pd,0.0024250331250001,0-0.005,62,16,3,1187,80,7,test
mp-10624,USbRh,0.0,0-0.005,216,3,3,538,99,0,test
mp-765702,Mn6O7F5,0.0783063279861142,0.06-0.0801,1,18,18,470,19,54,test
mp-1095072,Sm(PIr)2,0.000759031527779,0-0.005,129,10,5,472,69,3,test
mp-1183677,CaCeIn2,0.0,0-0.005,225,4,3,3960,2406,0,test
mp-996968,AgBiO2,0.0363160095000001,0.02-0.04,11,8,4,277,20,8,test
mp-1029246,MoW3S8,0.0020552391666655,0-0.005,156,12,12,302,12,12,test
mp-40286,NaLiLa2Ti4O12,0.0377093802374872,0.02-0.04,123,20,7,626,2,4,test
mp-1209941,Nb5Si3N,0.0024554670370395,0-0.005,193,18,4,238,124,2,test
mp-6178,Cs2KTiF6,0.0,0-0.005,225,10,4,3960,923,1,test
mp-1218006,TaCu3TeSe2S,0.0003889409375021,0-0.005,8,8,6,361,0,14,test
mp-23487,KIO3,0.0,0-0.005,1,20,20,470,28,60,test
mp-30748,Zr3Ir,0.0,0-0.005,121,16,4,101,4,6,test
mp-28769,K(SnSe2)2,0.0,0-0.005,8,14,9,361,16,23,test
mp-1072712,NbS2,0.0031630399999986,0-0.005,194,6,2,1129,127,1,test
mp-1219672,Rb(Nb3Se4)2,0.0,0-0.005,147,15,4,40,21,7,test
mp-861946,Er2MgAl,0.0,0-0.005,225,4,3,3960,2406,0,test
mp-1186470,PaInNi2,0.0209745091666659,0.02-0.04,225,4,3,3960,2406,0,test
mp-1222082,Mg6CdIn,0.0,0-0.005,187,8,4,312,6,2,test
mp-28339,CaPPt,0.0,0-0.005,26,12,6,68,1,12,test
mp-569178,HoTlSe2,0.0,0-0.005,166,4,3,1076,280,1,test
mp-1247040,Sr8Mn3N8,0.009658455474895,0.005-0.02,12,19,10,1273,1,18,test
mp-776438,Li2VF6,0.0383218572222539,0.02-0.04,128,18,4,17,9,3,test
mp-1078439,CeIn7Pt2,0.0,0-0.005,139,10,5,1233,0,2,test
mp-580136,LuCu5,0.0,0-0.005,216,6,3,538,10,1,test
mp-979026,SmTm3,0.0115677825000002,0.005-0.02,194,8,2,1129,439,1,test
mp-1428,Ni5Ge3,0.0,0-0.005,15,16,5,533,4,10,test
mp-1212102,HoGe2Pd,0.0,0-0.005,71,16,6,419,20,8,test
mp-1087501,NdGe2Rh,0.0080485380357195,0.005-0.02,63,8,4,880,158,4,test
mp-15889,Ba2LaIrO6,0.0,0-0.005,12,10,5,1273,36,7,test
mp-1185839,MgAg5,0.0040958436111111,0-0.005,155,6,3,75,21,2,test
mp-1223418,La2CeS4,0.0395575285714286,0.02-0.04,122,14,3,126,68,4,test
mp-8642,Re,0.0627567550000005,0.06-0.0801,225,1,1,3960,26,0,test
mp-865385,V3Re,0.0,0-0.005,225,4,3,3960,122,0,test
mp-1698,SrSn,0.0,0-0.005,63,4,2,880,83,2,test
mp-1207052,Sr2CrWO6,0.0,0-0.005,225,10,4,3960,923,1,test
mp-1094736,MgSn,0.0727116687499997,0.06-0.0801,59,4,2,106,5,2,test
mp-1187925,Yb3Cd,0.07494262,0.06-0.0801,221,4,2,820,339,0,test
mp-989537,Cs2TlInF6,0.0,0-0.005,225,10,4,3960,923,1,test
mp-977562,NdCdAu2,0.0,0-0.005,225,4,3,3960,2406,0,test
mp-1094714,Mg5Bi,0.068582843107344,0.06-0.0801,38,6,6,383,20,6,test
mp-1184028,Cu3Rh,0.0407714275000001,0.04-0.06,139,4,3,1233,236,0,test
mp-1217989,Ta4CoNi,0.0,0-0.005,97,6,3,29,9,1,test
mp-1111174,K3MoCl6,0.0594131694999999,0.04-0.06,225,10,4,3960,100,1,test
mp-1217837,SrV4O10,0.0226448589999996,0.02-0.04,8,15,15,361,2,30,test
mp-1094598,Li3Mg,0.0060606675000001,0.005-0.02,194,8,2,1129,439,1,test
mp-1173960,Li3Co2O5,0.0276740460000004,0.02-0.04,2,20,11,676,9,27,test
mp-754183,Li2VNiO4,0.0414991342968757,0.04-0.06,10,8,6,138,13,4,test
mp-1186419,PaZnRh2,0.0,0-0.005,225,4,3,3960,2406,0,test
mp-1183459,Ca2ZnCd,0.0117915974999998,0.005-0.02,225,4,3,3960,2406,0,test
mp-561294,SrLi2Nb2O7,0.0165225279166829,0.005-0.02,139,12,6,1233,9,3,test
mp-1002083,CsKICl,0.06226113,0.06-0.0801,123,4,4,626,4,0,test
mp-13282,Sm(ErSe2)3,0.0109766787499996,0.005-0.02,11,20,10,277,19,20,test
mp-18883,YVO3,0.0,0-0.005,62,20,4,1187,318,7,test
mp-13511,Tm4In(NiGe2)2,0.0,0-0.005,12,11,6,1273,3,10,test
mp-1211124,Li6NiCl8,0.0173511153333336,0.005-0.02,225,15,4,3960,14,1,test
mp-864992,MnNbRu2,0.0,0-0.005,225,4,3,3960,2406,0,test
mp-770433,Ag11Hg9,0.0786079190833335,0.06-0.0801,156,20,20,302,0,20,test
mp-1272386,Mn(HO)2,0.0023729485000005,0-0.005,12,5,3,1273,46,4,test
mp-1911,CeSn3,0.0,0-0.005,221,4,2,820,339,0,test
mp-989782,Cu,0.0074918249999997,0.005-0.02,194,2,1,1129,60,0,test
mp-1080625,Sr2LiReO6,0.0,0-0.005,87,10,5,101,33,3,test
mp-1216966,TiCrB4,0.046738837500003,0.04-0.06,191,6,3,355,37,1,test
mp-1217437,TePtPb,0.0,0-0.005,198,12,3,67,48,3,test
mp-865917,Lu2ZnTc,0.061318779375,0.06-0.0801,225,4,3,3960,2406,0,test
mp-13032,MgS,0.0157437700000002,0.005-0.02,216,2,2,538,32,0,test
mp-1224099,Ho2Ga3Ni,0.0039413429166641,0-0.005,8,6,6,361,21,12,test
mp-755074,CeOF,0.0014338983333335,0-0.005,129,6,3,472,177,1,test
mp-1079752,SnPS3,0.0456265369999995,0.04-0.06,148,10,3,351,48,5,test
mp-31215,AgPdF6,0.0,0-0.005,2,16,9,676,8,21,test
mp-1225091,Er(VFe5)2,0.0314296782051304,0.02-0.04,71,13,6,419,38,4,test
mp-1247757,HoAgSe2,0.0403241112499994,0.04-0.06,141,8,3,181,50,1,test
mp-1101222,V4(OF3)3,0.01391590375,0.005-0.02,1,16,16,470,4,48,test
mp-1223870,Hf2Al3Pd,0.0,0-0.005,194,12,3,1129,48,2,test
mp-1095289,LiCaAs,0.0,0-0.005,62,12,3,1187,413,6,test
mp-1205396,PrMn7O12,0.0249536167187471,0.02-0.04,148,20,6,351,17,6,test
mp-995,EuIr2,0.0,0-0.005,227,6,2,303,132,0,test
mp-18946,VBO3,0.0,0-0.005,167,10,3,77,29,1,test
mp-1184453,Gd3Er,0.0313499450000005,0.02-0.04,221,4,2,820,339,0,test
mp-630866,Fe3Pb4ClO8,0.0662597036425785,0.06-0.0801,123,16,8,626,1,5,test
mp-989618,Cs2RbGaF6,0.0,0-0.005,225,10,4,3960,923,1,test
mp-20587,EuS,0.0,0-0.005,225,2,2,3960,145,0,test
mp-2077,DyMg,0.0,0-0.005,221,2,2,820,168,0,test
mp-3325,Ce(NiGe)2,0.0,0-0.005,139,5,3,1233,443,1,test
mp-20085,LaTiGe3,0.0,0-0.005,194,10,3,1129,53,1,test
mp-1225328,Dy2PdPt,0.0,0-0.005,26,8,4,68,22,8,test
mp-28766,K2TiS3,0.0,0-0.005,15,12,4,533,20,8,test
mp-1206441,V5B6,0.0,0-0.005,65,11,6,265,1,5,test
mp-640899,Ce2Zn2Cu5,0.0389530340046295,0.02-0.04,166,18,7,1076,2,6,test
mp-982980,Na3DyCl6,0.0,0-0.005,14,20,6,575,35,12,test
mp-1186328,NdSmMg2,0.0064576,0.005-0.02,225,4,3,3960,2406,0,test
mp-559473,CoF3,0.0523267068750001,0.04-0.06,167,8,2,77,10,1,test
mp-675779,Li2Mo3S4,0.0,0-0.005,1,18,18,470,4,54,test
mp-675028,K(OsO3)2,0.0112066266666683,0.005-0.02,160,18,8,311,0,13,test
mp-510341,Cs3Ge4Au,0.0,0-0.005,59,16,5,106,5,8,test
mp-22246,EuTiO3,0.0091382114999998,0.005-0.02,221,5,3,820,273,0,test
mp-1223047,Li2UBr6,0.0043957488888892,0-0.005,163,18,4,42,1,3,test
mp-753388,Li2Cu2F5,0.0783505061111107,0.06-0.0801,15,18,6,533,5,10,test
mp-864969,Mg2PdRh,0.0,0-0.005,225,4,3,3960,2406,0,test
mp-642831,RbP(HO2)2,0.0065950312500024,0.005-0.02,122,16,4,126,2,4,test
mp-1189619,EuAl,0.0195699662499997,0.005-0.02,59,20,6,106,5,10,test
mp-1225278,DyEr,0.0129898600000002,0.005-0.02,187,2,2,312,64,0,test
mp-1538990,MgNiF6,0.0,0-0.005,148,8,3,351,67,3,test
mp-28712,Si2Hg6O7,0.0,0-0.005,12,15,6,1273,3,12,test
mp-29630,Li7Ge2,0.0108824706944443,0.005-0.02,65,18,8,265,0,8,test
mp-1188242,Ho3Tl5,0.0040818968749998,0-0.005,63,16,5,880,26,7,test
mp-1217621,Tb3Pr,0.0327661962499998,0.02-0.04,187,4,3,312,20,1,test
mp-5295,LaNbO4,0.0,0-0.005,88,12,3,63,44,3,test
mp-984555,CsDyS2,0.0,0-0.005,194,8,3,1129,110,1,test
mp-989635,CaMoN3,0.0,0-0.005,12,10,5,1273,24,10,test
mp-765698,Mn6O11F,0.051102011041662,0.04-0.06,38,18,11,383,12,18,test
mp-30600,TmCu5,0.0,0-0.005,216,6,3,538,10,1,test
mp-1223499,KBa(AgTe2)2,0.0,0-0.005,107,8,6,158,0,6,test
mp-1210627,Mn3Ga,0.0505323135344824,0.04-0.06,139,4,3,1233,236,0,test
mp-1102168,VCo2Ni,0.0,0-0.005,166,12,4,1076,280,3,test
mp-20880,NdAgPb,0.0,0-0.005,186,6,3,183,88,3,test
mp-1190062,Er2Co3Si5,0.0,0-0.005,72,20,6,111,33,7,test
mp-1189902,Tb3Tl5,0.0,0-0.005,63,16,5,880,26,7,test
mp-755259,Mn3(O2F)2,0.057031661666671,0.04-0.06,8,18,15,361,7,33,test
mp-1206798,LiCa2Ge,0.0660211091666664,0.06-0.0801,225,4,3,3960,2406,0,test
mp-504900,Eu(SbPd)2,0.0,0-0.005,129,10,5,472,69,3,test
mp-505019,USb2Ru,0.0,0-0.005,129,8,4,472,65,2,test
mp-1273081,CaLa2CoO6,0.0279903464583322,0.02-0.04,148,10,4,351,38,4,test
mp-1226506,CeTh2O6,0.0055577166666669,0.005-0.02,164,9,5,551,31,4,test
mp-18864,Rb2WO4,0.0,0-0.005,12,14,6,1273,64,13,test
mp-1025552,LuGa2Ni,0.0,0-0.005,63,8,3,880,158,4,test
mp-510377,EuBRh3,0.0038588420000049,0-0.005,221,5,3,820,273,0,test
mp-6465,NaTi(SiO3)2,0.0118321641562442,0.005-0.02,15,20,6,533,54,14,test
mp-1101177,Y2Hf2O7,0.0472350594318182,0.04-0.06,12,11,5,1273,18,8,test
mp-5602,Cr2HgSe4,0.0,0-0.005,227,14,3,303,127,1,test
mp-1077785,HoAlGe,0.0,0-0.005,63,6,3,880,28,2,test
mp-1223671,InGaSe2,0.0440143512499999,0.04-0.06,108,8,3,6,0,4,test
mp-1252222,Mn2AlS4,0.0720190485714296,0.06-0.0801,74,14,5,299,45,4,test
mp-1225503,ErAlSi,0.0502704199999985,0.04-0.06,109,6,3,46,26,3,test
mp-675525,InGaSe2,0.045653605625,0.04-0.06,130,16,3,1,0,2,test
mp-1219007,SmGdS2,0.0,0-0.005,166,4,3,1076,280,1,test
mp-1209761,Pr3Ni3Bi4,0.0,0-0.005,220,20,3,111,40,1,test
mp-568830,TmInAu2,0.0,0-0.005,225,4,3,3960,2406,0,test
mp-1080595,Gd2CoSi2,0.0150273779999974,0.005-0.02,12,10,5,1273,46,10,test
mp-1105102,Sm3GaCo3,0.0,0-0.005,63,14,5,880,9,6,test
mp-1305214,LiCr(CoO3)2,0.0786508088750066,0.06-0.0801,1,10,10,470,22,30,test
mp-1112951,Cs3AsI6,0.0457982815000002,0.04-0.06,225,10,4,3960,100,1,test
mp-1225061,Er2Cu3Si,0.0491531608333337,0.04-0.06,25,6,6,124,29,6,test
mp-1025598,Te4Mo(WSe)2,0.0680410349999993,0.06-0.0801,156,9,9,302,12,9,test
mp-22950,CsNiCl3,0.0,0-0.005,194,10,3,1129,53,1,test
mp-1185329,LiAcRh2,0.0,0-0.005,225,4,3,3960,2406,0,test
mp-1111251,K2LiNdI6,0.0697748550000003,0.06-0.0801,225,10,4,3960,923,1,test
mp-1078595,H4W,0.0,0-0.005,129,10,4,472,0,4,test
mp-30909,Sm(GaPd)2,0.0,0-0.005,139,5,3,1233,443,1,test
mp-542455,Ca2B5Os3,0.0,0-0.005,5,10,6,274,1,14,test
mp-1104498,Sm(MnGe)6,0.0,0-0.005,191,13,5,355,30,2,test
mp-1185459,Lu2CdOs,0.0493234598749996,0.04-0.06,225,4,3,3960,2406,0,test
mp-1181527,Eu2HoTaO6,0.0,0-0.005,14,20,6,575,188,12,test
mp-1105877,Si2Ni3H4O9,0.0,0-0.005,157,18,8,6,1,12,test
mp-387,CeSb,0.0,0-0.005,225,2,2,3960,145,0,test
mp-951,CeRh2,0.0,0-0.005,227,6,2,303,132,0,test
mp-1224791,GaNi2Pt,0.0,0-0.005,123,4,3,626,136,0,test
mp-9961,Ti2CdC,0.0,0-0.005,194,8,3,1129,110,1,test
mp-757410,VF4,0.0582253020000083,0.04-0.06,15,10,3,533,8,7,test
mp-754519,LiNb(TeO4)3,0.0199760082457975,0.005-0.02,1,17,17,470,3,51,test
mp-1213208,Er5BiPd2,0.0,0-0.005,140,16,4,257,52,3,test
mp-1078470,TiZnO3,0.0549262175000029,0.04-0.06,161,10,3,40,34,5,test
mp-1217302,Th2CoSi3,0.0069287475000017,0.005-0.02,44,6,6,187,18,6,test
mp-1112469,K2GaAgCl6,0.07340220275,0.06-0.0801,225,10,4,3960,923,1,test
mp-22390,SrRuO3,0.0,0-0.005,62,20,4,1187,318,7,test
mp-27385,KTlCl4,0.0,0-0.005,88,12,3,63,44,3,test
mp-1228915,CsCoNiF6,0.0,0-0.005,74,18,6,299,30,6,test
mp-1113440,Cs2TmAgCl6,0.0,0-0.005,225,10,4,3960,923,1,test
mp-31076,Tl2TeBr6,0.0,0-0.005,128,18,4,17,9,3,test
mp-13283,Sm(ErS2)3,0.0,0-0.005,11,20,10,277,19,20,test
mp-862913,PmHgRh2,0.0,0-0.005,225,4,3,3960,2406,0,test
mp-1212428,HfFeAs,0.0,0-0.005,62,12,3,1187,413,6,test
mp-9349,KRb2ScF6,0.0115535575000009,0.005-0.02,225,10,4,3960,923,1,test
mp-864747,HoMgTl2,0.0380863744444437,0.02-0.04,225,4,3,3960,2406,0,test
mp-27367,SeOF2,0.0,0-0.005,29,16,4,10,0,12,test
mp-1112545,KInF3,0.0746874177857197,0.06-0.0801,225,10,4,3960,13,1,test
mp-865288,TmTlRh2,0.0,0-0.005,225,4,3,3960,2406,0,test
mp-12039,Gd2Mo2C3,0.0,0-0.005,12,7,4,1273,25,6,test
mp-1273331,VO,0.0625670652083218,0.06-0.0801,225,2,2,3960,145,0,test
mp-1205437,As(IF3)2,0.0774958838888886,0.06-0.0801,12,18,6,1273,22,15,test
mp-769856,Li4Fe3NiO8,0.0082239364062486,0.005-0.02,166,16,6,1076,23,3,test
mp-1184758,K2HgAu,0.0207382657916666,0.02-0.04,225,4,3,3960,2406,0,test
mp-8014,RbRuF6,0.0,0-0.005,166,8,3,1076,15,2,test
mp-1225629,Dy(AlFe)6,0.0,0-0.005,71,13,6,419,31,4,test
mp-27982,PuBrO,0.0,0-0.005,129,6,3,472,177,2,test
mp-1103421,Dy2Pt,0.0,0-0.005,62,12,3,1187,102,6,test
mp-1914,YGa2,0.0,0-0.005,191,3,2,355,57,0,test
mp-11723,ErNiC2,0.0,0-0.005,38,4,3,383,41,4,test
mp-1184060,Dy3Al,0.02938869875,0.02-0.04,221,4,2,820,339,0,test
mp-981381,Tm2TlHg,0.0,0-0.005,225,4,3,3960,2406,0,test
mp-1187644,TmGa3,0.0266822924999994,0.02-0.04,194,8,2,1129,439,1,test
mp-1094591,Li3Mg,0.0,0-0.005,44,4,3,187,12,4,test
mp-1228647,B3Ir2,0.0608532261666674,0.06-0.0801,12,10,5,1273,35,10,test
mp-1225426,Dy2FeGe4,0.0020750807500018,0-0.005,38,7,7,383,23,7,test
mp-1215457,YbTlCd,0.0127488608730141,0.005-0.02,187,3,3,312,88,0,test
mp-865965,Li2CaSi,0.0,0-0.005,225,4,3,3960,2406,0,test
mp-766046,Tl(WO3)3,0.0,0-0.005,183,13,4,6,1,5,test
mp-2085,PrCo2,0.049690639753086,0.04-0.06,227,6,2,303,132,0,test
mp-1102618,MnCoAs,0.0,0-0.005,62,12,3,1187,413,6,test
mp-1188785,Hf9Ni11,0.0669678631000003,0.06-0.0801,87,20,6,101,1,7,test
mp-1228133,Ba3Lu2MoO9,0.0,0-0.005,164,15,6,551,19,4,test
mp-22695,NdSnPd,0.0065296205555558,0.005-0.02,62,12,3,1187,413,6,test
mp-30835,TaPd2,0.0,0-0.005,71,3,2,419,13,1,test
mp-27186,MgVO3,0.0,0-0.005,63,10,4,880,54,4,test
mp-1094485,MgZn5,0.0737437834523808,0.06-0.0801,8,6,6,361,13,12,test
mp-978985,SnBr2,0.0074250599999996,0.005-0.02,136,6,2,167,43,1,test
mp-1220491,Nb6V2(CS2)3,0.0434402006617631,0.04-0.06,12,17,7,1273,0,12,test
mp-1225120,Er(CuS)3,0.0,0-0.005,148,14,3,351,20,7,test
mp-573763,Cs2Te,0.0,0-0.005,62,12,3,1187,102,6,test
mp-763338,V3O5F,0.023547529444432,0.02-0.04,12,18,9,1273,19,14,test
mp-770532,Mn2PO5,0.039112517187501,0.02-0.04,2,16,8,676,4,24,test
mp-1518838,NaPrHf2O6,0.0603192485000008,0.06-0.0801,225,10,4,3960,923,0,test
mp-1189173,La3Bi4Pt3,0.0259438324999994,0.02-0.04,220,20,3,111,40,1,test
mp-24726,TiH2,0.0001637300000005,0-0.005,139,3,2,1233,82,0,test
mp-10942,KNaLaNbO5,0.0,0-0.005,129,18,6,472,10,5,test
mp-1217556,TbErTe2,0.0015195199999995,0-0.005,123,4,4,626,136,0,test
mp-866205,TmSbPd2,0.0166806424999998,0.005-0.02,225,4,3,3960,2406,0,test
mp-1079871,Cs2KSmCl6,0.0,0-0.005,225,10,4,3960,923,1,test
mp-1220670,Nb3AlCr8,0.0344574930000067,0.02-0.04,156,12,8,302,12,10,test
mp-625475,H2SO4,0.0,0-0.005,5,14,8,274,3,20,test
mp-1205359,Ba2UCuO6,0.0084693552499919,0.005-0.02,87,10,5,101,33,3,test
mp-1218903,Sr(RhO2)4,0.0370607748461404,0.02-0.04,5,13,7,274,1,19,test
mp-865315,Lu2MgOs,0.0453129374790268,0.04-0.06,225,4,3,3960,2406,0,test
mp-1105823,NaLaFeWO6,0.0,0-0.005,4,20,10,151,12,30,test
mp-977590,NdInPd2,0.0095459519444442,0.005-0.02,225,4,3,3960,2406,0,test
mp-14334,K2RbPdF5,0.0014740044444421,0-0.005,127,18,5,246,9,3,test
mp-1112401,CsRb2IrF6,0.0705862959999992,0.06-0.0801,225,10,4,3960,923,1,test
mp-1079265,NiPRh,0.0616245699999993,0.06-0.0801,189,9,4,469,305,2,test
mp-1232170,Gd2MgS4,0.0,0-0.005,227,14,3,303,127,1,test
mp-2497,GdZn,0.0,0-0.005,221,2,2,820,168,0,test
mp-973191,LiTl3,0.0471483883333334,0.04-0.06,221,4,2,820,339,0,test
mp-1222765,LaZn3Ni2,0.0,0-0.005,191,6,3,355,109,0,test
mp-1223451,KCeF4,0.0,0-0.005,123,6,3,626,37,1,test
mp-684744,Fe2N,0.0573224186111112,0.04-0.06,18,18,6,6,0,12,test
mp-1189044,Ti3Ge,0.0195151797222221,0.005-0.02,82,16,4,145,9,12,test
mp-24204,CaHI,0.0,0-0.005,129,6,3,472,177,2,test
mp-12449,LiPr2OsO6,0.0,0-0.005,14,20,6,575,188,12,test
mp-696951,Fe3H4(OF4)2,0.0057137841176393,0.005-0.02,12,17,7,1273,0,11,test
mp-1218479,Sr4ZrTi3O12,0.028167664375001,0.02-0.04,47,20,11,83,1,7,test
mp-1228443,Al2Si4Mo3,0.0200859166666669,0.02-0.04,5,9,6,274,7,12,test
mp-1183074,Ac2MgGa,0.0,0-0.005,225,4,3,3960,2406,0,test
mp-1218753,Sr2NdMn2O7,0.0081945355769237,0.005-0.02,107,12,10,158,2,10,test
mp-759380,Li2VCrO4,0.0225168299999989,0.02-0.04,74,16,6,299,11,4,test
mp-1102875,Er2Al,0.0,0-0.005,62,12,3,1187,102,6,test
mp-1186406,PaTc2Sn,0.0,0-0.005,225,4,3,3960,2406,0,test
mp-20291,YPb3,0.0010727100000007,0-0.005,221,4,2,820,339,0,test
mp-1205650,Ba2TaTlO6,0.0,0-0.005,225,10,4,3960,923,1,test
mp-1221500,MnZnSe2,0.0,0-0.005,160,4,4,311,32,4,test
mp-760,FeSe2,0.0,0-0.005,58,6,2,59,33,2,test
mp-22419,NdSnPd,0.0,0-0.005,189,9,4,469,305,2,test
mp-1189895,Ta5Ge3B,0.0,0-0.005,193,18,4,238,124,2,test
mp-867276,DyCdPd2,0.0,0-0.005,225,4,3,3960,2406,0,test
mp-1065577,MgO,0.0372708800000003,0.02-0.04,194,4,2,1129,52,0,test
mp-1186489,Pm3Al,0.01340674375,0.005-0.02,221,4,2,820,339,0,test
mp-755443,Li2MnCrO4,0.0120932868750003,0.005-0.02,15,16,6,533,7,6,test
mp-1211224,LaCo3Ni2,0.0636250045833284,0.06-0.0801,191,6,3,355,109,0,test
mp-2666,CrSb2,0.0508279666666666,0.04-0.06,140,6,2,257,38,1,test
mp-1183757,CeSmTl2,0.0163661250000002,0.005-0.02,225,4,3,3960,2406,0,test
mp-1103979,Nd5Ru2,0.0,0-0.005,15,14,4,533,21,10,test
mp-1111954,Cs2NaNdF6,0.0,0-0.005,225,10,4,3960,923,1,test
mp-1216759,TlBiF4,0.0300549886111101,0.02-0.04,26,12,6,68,2,12,test
mp-850894,Li2V3CuO8,0.0714905002380943,0.06-0.0801,166,14,5,1076,78,4,test
mp-4196,NdFeSi2,0.0,0-0.005,63,8,4,880,158,4,test
mp-1228888,AlGaP2,0.0038065774999997,0-0.005,115,4,3,112,23,1,test
mp-1184014,GaPb3,0.0375330006250003,0.02-0.04,139,4,3,1233,236,0,test
mp-1217928,TaNb(Cu3Se4)2,0.0010624462499997,0-0.005,216,16,5,538,0,3,test
mp-5137,Zr2SbP,0.0,0-0.005,194,8,3,1129,110,1,test
mp-863,PuCo2,0.0,0-0.005,227,6,2,303,132,0,test
mp-21050,UFe2,0.0,0-0.005,227,6,2,303,132,0,test
mp-976190,K3TlAu5,0.0,0-0.005,74,18,6,299,3,7,test
mp-1185430,LiZnCu2,0.0109639437500028,0.005-0.02,225,4,3,3960,2406,0,test
mp-1215271,ZrFeCo,0.0066510027777795,0.005-0.02,74,6,3,299,50,1,test
mp-1112979,Cs3BiCl6,0.053878789,0.04-0.06,225,10,4,3960,100,1,test
mp-1114686,RbInF3,0.008661990738088,0.005-0.02,225,10,4,3960,13,1,test
mp-1184372,Eu2SbAu,0.0,0-0.005,225,4,3,3960,2406,0,test
mp-1222150,Mg4AlB10,0.0,0-0.005,191,15,6,355,0,4,test
mp-1087497,V5Se4,0.0,0-0.005,87,9,3,101,10,4,test
mp-13967,Nb5(CuSi)4,0.0,0-0.005,87,13,4,101,3,6,test
mp-1219763,Pu(AlGa)2,0.0,0-0.005,74,10,4,299,1,4,test
mp-1184621,Ho2AgOs,0.0215477771249998,0.02-0.04,225,4,3,3960,2406,0,test
mp-20492,ScSiRh,0.0,0-0.005,62,12,3,1187,413,6,test
mp-28599,Na4Br2O,0.0003160914285711,0-0.005,139,7,4,1233,76,2,test
mp-10615,BaLiP,0.0332941466666665,0.02-0.04,187,3,3,312,88,0,test
mp-16454,BaPr2ZnS5,0.0010907687896812,0-0.005,140,18,5,257,11,3,test
mp-1205611,Ba2UCrO6,0.0,0-0.005,225,10,4,3960,923,1,test
mp-1215639,Zr2Ga3Cu,0.0,0-0.005,8,6,6,361,21,12,test
mp-1205602,Ba2SmPaO6,0.0,0-0.005,225,10,4,3960,923,1,test
mp-1190104,DyGePd,0.0059513850000003,0.005-0.02,44,18,10,187,13,18,test
mp-985585,Li3ClO,0.0275678369999994,0.02-0.04,221,5,3,820,273,0,test
mp-554015,CsK(ClO4)2,0.0,0-0.005,166,12,5,1076,1,4,test
mp-4336,LaPPd,0.0,0-0.005,194,6,3,1129,168,0,test
mp-21179,NiWO4,0.0,0-0.005,13,12,4,57,23,8,test
mp-9363,RbNdS2,0.0,0-0.005,166,4,3,1076,280,1,test
mp-1222031,Mn11Al4V,0.0528717151508617,0.04-0.06,166,16,9,1076,1,7,test
mp-1189522,Ce2Ni5C3,0.0,0-0.005,127,20,5,246,6,4,test
mp-19844,Na(FeSb3)4,0.0,0-0.005,204,17,3,122,40,2,test
mp-779546,Cs3DyO3,0.0090763507142854,0.005-0.02,12,14,6,1273,22,11,test
mp-754944,TaFeO4,0.0,0-0.005,12,12,6,1273,22,12,test
mp-1226591,CeUZn17,0.0038521611842106,0-0.005,160,19,8,311,7,13,test
mp-34477,LiSmS2,0.0057860750000005,0.005-0.02,141,8,3,181,50,1,test
mp-1213645,CsSrCl3,0.0095993089999995,0.005-0.02,127,10,4,246,9,1,test
mp-644292,Eu2MgH6,0.0343516738888887,0.02-0.04,164,9,3,551,31,3,test
mp-1205494,Nd2MgSi2,0.0,0-0.005,127,10,3,246,156,2,test
mp-1206794,LiAu,0.0,0-0.005,221,2,2,820,168,0,test
mp-570554,Tb(PRu)2,0.0,0-0.005,139,5,3,1233,443,1,test
mp-1227340,BiSbTe3,0.0035565810000006,0-0.005,160,5,5,311,23,5,test
mp-5396,MnCo2Sb,0.0,0-0.005,225,4,3,3960,2406,0,test
mp-34579,Na3HfF7,0.0,0-0.005,8,11,8,361,3,19,test
mp-673245,CuI,0.0084110012500002,0.005-0.02,7,8,4,106,0,12,test
mp-1208534,Tb2MgTiO6,0.0156149850000009,0.005-0.02,14,20,6,575,188,12,test
mp-1077944,HgPd5Se,0.0,0-0.005,123,7,4,626,55,1,test
mp-27708,BiI,0.0279401179166676,0.02-0.04,12,16,8,1273,24,16,test
mp-1019550,BeGeN2,0.0,0-0.005,33,16,4,47,21,12,test
mp-1111616,K2NaTlCl6,0.0368278180000007,0.02-0.04,225,10,4,3960,923,1,test
mp-1218995,SmGdSe2,0.0,0-0.005,166,4,3,1076,280,1,test
mp-1079644,Tm2CdGe2,0.0,0-0.005,127,10,3,246,156,2,test
mp-1111612,K2RbAlF6,0.0539859887,0.04-0.06,225,10,4,3960,923,1,test
mp-976115,K3Rb,0.0216758433749999,0.02-0.04,194,8,2,1129,439,1,test
mp-1184290,EuMgCd2,0.0,0-0.005,225,4,3,3960,2406,0,test
mp-753539,SbOF,0.0713561204166675,0.06-0.0801,33,12,3,47,2,9,test
mp-865078,Gd2Mg,0.0164429933333334,0.005-0.02,63,6,3,880,64,3,test
mp-756725,Ba2CaI6,0.0070092049999996,0.005-0.02,14,18,5,575,19,12,test
mp-1112561,K2AgAsF6,0.0758586563958356,0.06-0.0801,225,10,4,3960,923,1,test
mvc-8179,MgSn2O5,0.0314724828124957,0.02-0.04,63,16,5,880,30,8,test
mp-5538,YSnPd2,0.0,0-0.005,225,4,3,3960,2406,0,test
mp-110,Mg,0.0258018900000001,0.02-0.04,229,1,1,95,16,0,test
mp-27319,Sc2Co3Si,0.0,0-0.005,194,12,3,1129,48,2,test
mp-1080079,U(AlAu)2,0.0178993064999977,0.005-0.02,129,10,5,472,69,3,test
mp-865591,Ti2NiMo,0.0,0-0.005,225,4,3,3960,2406,0,test
mp-13073,PrNiGe3,0.0002521710000005,0-0.005,65,10,5,265,13,5,test
mp-1184030,GaCuPd2,0.0060247381250002,0.005-0.02,225,4,3,3960,2406,0,test
mp-1019108,SmCoSi,0.0,0-0.005,129,6,3,472,177,2,test
mp-1222279,LiHoS2,0.0780597375000002,0.06-0.0801,123,4,4,626,136,0,test
mp-1105166,Er5(MoO6)2,0.0231355237499961,0.02-0.04,12,19,8,1273,8,15,test
mp-1205645,U3Sn7,0.0,0-0.005,65,10,6,265,4,4,test
mp-867364,LiTmPd2,0.0151870919999996,0.005-0.02,225,4,3,3960,2406,0,test
mp-1174192,Li4Mn3CoO8,0.0364698904687506,0.02-0.04,2,16,10,676,13,18,test
mp-1025282,Ti(VTe2)2,0.0421363504285707,0.04-0.06,12,7,4,1273,64,6,test
mp-1206535,Cs2RbCuF6,0.0,0-0.005,225,10,4,3960,923,1,test
mvc-15980,BiF4,0.0758707509999991,0.06-0.0801,139,10,3,1233,14,2,test
mp-1105237,Sr2YbSbO6,0.0,0-0.005,14,20,6,575,188,12,test
mp-39739,CaHoMn2O6,0.0156872750000012,0.005-0.02,31,20,7,112,28,17,test
mp-3944,ZrAlNi2,0.0,0-0.005,225,4,3,3960,2406,0,test
mp-541558,Sc4Ge6Rh7,0.0,0-0.005,229,17,4,95,20,1,test
mp-570051,Tl2SnHgTe4,0.0130784335937499,0.005-0.02,121,8,4,101,48,2,test
mp-14643,Er2Te3,0.0,0-0.005,70,20,4,87,11,6,test
mp-1095634,TeAsRu,0.0,0-0.005,14,12,3,575,42,9,test
mp-12564,LiSbAu,0.0402669812500002,0.04-0.06,216,3,3,538,99,0,test
mp-568161,Nd(NiSb)2,0.0528526749999995,0.04-0.06,139,5,3,1233,443,1,test
mp-1077911,UGa5Os,0.0,0-0.005,123,7,4,626,55,1,test
mp-1225836,Cu4Bi3Pb(SeO)4,0.0,0-0.005,107,16,8,158,0,10,test
mp-1080258,Cs2Se,0.0628719966666668,0.06-0.0801,166,6,3,1076,42,3,test
mp-1176743,LiCuHSO5,0.0689841290277808,0.06-0.0801,11,18,8,277,3,15,test
mp-1298504,LiV3O4,0.0158491488541443,0.005-0.02,65,8,5,265,13,2,test
mp-1185,VRh3,0.0149490899999999,0.005-0.02,221,4,2,820,339,0,test
mp-676002,Ba2PrF7,0.0446379045000027,0.04-0.06,1,10,10,470,2,30,test
mp-774822,Li2Mn3CoO8,0.0177862807142865,0.005-0.02,166,14,5,1076,78,4,test
mp-1212880,Er3Fe2Si3,0.0,0-0.005,63,16,5,880,31,8,test
mp-1188395,KLi2(HO)3,0.0,0-0.005,11,18,8,277,2,17,test
mp-1099904,Ba2Mn2O5,0.0249186713888915,0.02-0.04,46,18,6,58,13,14,test
mp-9690,Ca(AlGa)2,0.0,0-0.005,139,5,3,1233,443,1,test
mp-977013,H6PbCI3N,0.0470515602083327,0.04-0.06,6,12,10,163,0,22,test
mp-31406,Bi2TeSe2,0.0382671200000004,0.02-0.04,166,5,3,1076,13,2,test
mp-1225355,EuZnPb,0.0274089133333337,0.02-0.04,12,6,3,1273,58,6,test
mp-1216857,U4(BRu4)3,0.0058159778947395,0.005-0.02,123,19,9,626,2,6,test
mp-1208990,Sc2CoB2Ir5,0.0224180995000011,0.02-0.04,127,20,5,246,18,4,test
mp-1029255,Te6MoW3Se2,0.0597724745833323,0.04-0.06,156,12,12,302,36,12,test
mp-1025550,Ti2GaN,0.0,0-0.005,194,8,3,1129,110,1,test
mp-1112506,Cs2AlTlBr6,0.056008981000001,0.04-0.06,225,10,4,3960,923,1,test
mp-1062620,Sr2Ir,0.0432163525,0.04-0.06,225,3,2,3960,55,0,test
mp-1214491,BaIBr,0.0,0-0.005,62,12,3,1187,413,6,test
mp-1219331,ScTi4(NiSn)5,0.0073437333333323,0.005-0.02,160,15,15,311,1,15,test
mp-1057286,CsH,0.0,0-0.005,225,2,2,3960,145,0,test
mp-9440,YbAgSb,0.0,0-0.005,62,12,3,1187,413,6,test
mp-1228342,Ba2ScO3F,0.0,0-0.005,107,7,6,158,4,6,test
mp-1186970,Sc3Sn,0.0207972912499991,0.02-0.04,221,4,2,820,339,0,test
mp-602,Te2Mo,0.0012659900000002,0-0.005,194,6,2,1129,127,1,test
mp-1227444,BiPbBrO2,0.0,0-0.005,107,5,4,158,10,4,test
mp-1102842,Li4Nd3Ge4,0.0,0-0.005,71,11,5,419,49,5,test
mp-11281,Be2V,0.0,0-0.005,194,12,3,1129,127,2,test
mp-1206095,SmInCu4,0.0,0-0.005,216,6,3,538,136,1,test
mp-1105001,Tm3Pt4,0.0,0-0.005,148,14,4,351,23,6,test
mp-1221971,MgZn3S4,0.0132172446428575,0.005-0.02,6,8,8,163,18,16,test
mp-633158,NaTeH6O6F,0.0,0-0.005,146,15,7,73,0,15,test
mp-1187116,Sr3Ca,0.0313263162499999,0.02-0.04,194,8,2,1129,439,1,test
mp-756996,LiV2F7,0.0379218685000051,0.02-0.04,74,20,6,299,1,6,test
mp-774332,Na2Co2O3,0.0038034285714276,0-0.005,14,14,4,575,16,9,test
mp-861961,TiZnRh2,0.0,0-0.005,225,4,3,3960,2406,0,test
mp-8128,NaNdO2,0.0,0-0.005,141,8,3,181,50,1,test
mp-11743,LiYGa4,0.0,0-0.005,187,6,4,312,37,2,test
mp-1228866,AlInSb2,0.0282250175,0.02-0.04,160,4,4,311,32,4,test
mp-1738,SmAs,0.0,0-0.005,225,2,2,3960,145,0,test
mp-1024975,CeB2Pt2C,0.0329790513888879,0.02-0.04,139,6,4,1233,23,1,test
mp-1246909,Y4S3N2,0.0,0-0.005,12,9,5,1273,25,8,test
mp-1101329,Tb2SeO2,0.0412211300000002,0.04-0.06,139,5,3,1233,443,1,test
mp-2119,TbC2,0.0434685512499992,0.04-0.06,139,3,2,1233,82,1,test
mp-1113799,Rb2CeAgBr6,0.0395880120000002,0.02-0.04,225,10,4,3960,923,1,test
mp-966740,Cs5Tl11Cd2,0.0,0-0.005,38,18,11,383,1,18,test
mp-1185860,MgCu5,0.0481500841666666,0.04-0.06,155,6,3,75,21,2,test
mp-1185010,Li2CaTl,0.0093930024999999,0.005-0.02,225,4,3,3960,2406,0,test
mp-866071,MgTaOs2,0.0,0-0.005,225,4,3,3960,2406,0,test
mp-21138,MoPb2O5,0.0,0-0.005,12,16,7,1273,5,14,test
mp-867162,LiTm2Rh,0.0,0-0.005,225,4,3,3960,2406,0,test
mp-9556,SrZnSi,0.0,0-0.005,194,6,3,1129,168,0,test
mp-1147549,Ba4Ca(BiO4)3,0.0097247150000008,0.005-0.02,229,20,5,95,8,1,test
mp-9776,YbAgGe,0.0,0-0.005,189,9,4,469,305,2,test
mp-557519,CaCrF6,0.0,0-0.005,148,8,3,351,67,3,test
mp-1274544,NaNiO2,0.0216654693749998,0.02-0.04,15,8,3,533,25,4,test
mp-1105727,Tb6IrI10,0.0,0-0.005,2,17,9,676,20,24,test
mp-7378,NaCdAs,0.0,0-0.005,62,12,3,1187,413,6,test
mp-1206410,Pb2IOF,0.0,0-0.005,67,10,4,11,2,3,test
mp-710,SmP,0.0,0-0.005,225,2,2,3960,145,0,test
mp-1210658,Lu5CuPb3,0.0030020852380951,0-0.005,193,18,4,238,124,2,test
mp-22664,HoRh3C,0.0,0-0.005,221,5,3,820,273,0,test
mp-12525,Sr2LiReO6,0.0107820350000036,0.005-0.02,225,10,4,3960,923,1,test
mp-1104540,Tb(Al2Cr)4,0.0217882938717997,0.02-0.04,139,13,4,1233,45,2,test
mp-556500,NClOF4,0.0,0-0.005,108,14,5,6,0,7,test
mp-1229032,AgPt4,0.0,0-0.005,166,5,3,1076,14,2,test
mp-1218737,Sr2NiN2,0.0069019781666668,0.005-0.02,139,5,3,1233,443,2,test
mp-862614,LiTm2Ru,0.0,0-0.005,225,4,3,3960,2406,0,test
mp-755773,Mn6O7F5,0.0734774835416693,0.06-0.0801,1,18,18,470,19,54,test
mp-554701,SbP(OF3)2,0.0,0-0.005,2,20,10,676,23,30,test
mp-979988,YbSm3,0.07092803375,0.06-0.0801,139,4,3,1233,236,0,test
mp-16497,ScAlCu2,0.0,0-0.005,225,4,3,3960,2406,0,test
mp-10103,LiYbAlF6,0.0,0-0.005,163,18,4,42,16,3,test
mp-1018677,DyScSb,0.0,0-0.005,129,6,3,472,177,2,test
mvc-16739,Li(NiS2)2,0.0633649028571374,0.06-0.0801,227,14,3,303,127,1,test
mp-1025316,Ho2Fe2Si2C,0.0,0-0.005,12,7,4,1273,17,6,test
mp-1223143,La3SmCr4O12,0.007334791249999,0.005-0.02,6,20,14,163,35,34,test
mp-9238,Ba2UCuO6,0.031881490249991,0.02-0.04,139,10,5,1233,15,2,test
mp-1209297,PrZnGe,0.0,0-0.005,194,12,4,1129,168,2,test
mp-1112416,Rb2TbCuCl6,0.04478286311,0.04-0.06,225,10,4,3960,923,1,test
mp-867805,LiCa2Ga,0.0,0-0.005,225,4,3,3960,2406,0,test
mp-6023,Tl2Sn(AsS3)2,0.0,0-0.005,147,11,4,40,2,5,test
mp-10802,RbAs,0.0,0-0.005,19,16,4,49,7,12,test
mp-1187840,YErCd2,0.0067471174999997,0.005-0.02,225,4,3,3960,2406,0,test
mp-1187914,YbBi3,0.0184467449999998,0.005-0.02,221,4,2,820,339,0,test
mp-1077753,YbZnIn,0.0153130390909086,0.005-0.02,194,6,3,1129,168,0,test
mp-1216545,Tl3Bi,0.0539314962500001,0.04-0.06,187,4,3,312,20,1,test
mp-1246814,MgMnInS4,0.0553817824999969,0.04-0.06,74,14,5,299,53,5,test
mp-1215563,YbCu2Ni3,0.0,0-0.005,191,6,3,355,109,0,test
mp-1206127,CeRu3C,0.0,0-0.005,221,5,3,820,273,0,test
mp-1072051,TbB2Rh3,0.0022002999999966,0-0.005,191,6,3,355,109,0,test
mp-864599,TbSnAu2,0.0,0-0.005,225,4,3,3960,2406,0,test
mp-571544,KTiPSe5,0.0,0-0.005,12,16,7,1273,3,14,test
mp-1225087,Er(CrFe5)2,0.027202782820515,0.02-0.04,71,13,6,419,38,4,test
mp-556094,AgBiSCl2,0.0,0-0.005,63,10,4,880,44,4,test
mp-3886,Zr2AlC,0.0137537190277754,0.005-0.02,194,8,3,1129,110,1,test
mp-1227468,Ca2MgAl2(SiO4)3,0.0236836073750108,0.02-0.04,1,20,20,470,16,60,test
mp-442,RhPb,0.0,0-0.005,191,6,3,355,2,0,test
mp-1187014,SmEuRh2,0.0474555027083347,0.04-0.06,225,4,3,3960,2406,0,test
mp-1112924,Cs2InAuBr6,0.0408434422500008,0.04-0.06,225,10,4,3960,923,1,test
mp-1187268,SmGd3,0.0253229437499999,0.02-0.04,139,4,3,1233,236,0,test
mp-12593,ScIr3,0.0,0-0.005,221,4,2,820,339,0,test
mp-1101764,NdAsS,0.0,0-0.005,62,12,3,1187,413,6,test
mp-1186762,PrEuHg2,0.0087267950000002,0.005-0.02,225,4,3,3960,2406,0,test
mp-5999,Sm2Ti2S2O5,0.0,0-0.005,139,11,5,1233,4,4,test
mp-13051,Sr2Si,0.0778754466666669,0.06-0.0801,194,6,3,1129,127,0,test
mp-755689,ErClO,0.0,0-0.005,59,6,3,106,23,3,test
mp-20143,La2NiO4,0.0488168101785699,0.04-0.06,64,14,4,82,17,5,test
mp-861734,AcZnAu2,0.0052688516666656,0.005-0.02,225,4,3,3960,2406,0,test
mp-1223781,InGaAs2,0.01595337,0.005-0.02,115,4,3,112,23,1,test
mp-1218516,Sr4MnRuO8,0.0,0-0.005,65,14,7,265,7,6,test
mp-20315,Ti2InC,0.0,0-0.005,194,8,3,1129,110,1,test
mvc-3279,VPO5,0.0091633453571429,0.005-0.02,9,14,7,107,3,21,test
mp-1183442,BiPd2Au,0.0081547848611105,0.005-0.02,225,4,3,3960,2406,0,test
mp-1111583,K2TlCrF6,0.0362242644999968,0.02-0.04,225,10,4,3960,923,1,test
mp-1227737,Ca2ZrTi(GeO5)2,0.008663889166673,0.005-0.02,2,16,9,676,2,21,test
mp-5189,AlAsO4,0.0052370450000021,0.005-0.02,152,18,4,23,6,8,test
mp-1205784,Y3(AgGe)4,0.0125268207575741,0.005-0.02,71,11,5,419,49,5,test
mp-1187274,Tb2RuRh,0.0,0-0.005,225,4,3,3960,2406,0,test
mp-1106022,Y2Ge5Rh3,0.0,0-0.005,15,20,7,533,18,13,test
mp-9767,BaAs2Pd,0.0,0-0.005,63,8,4,880,158,4,test
mp-1078878,Ho2InNi2,0.0160815880000004,0.005-0.02,127,10,3,246,156,2,test
mp-1205558,HoB3Mo,0.0,0-0.005,11,10,5,277,33,10,test
mp-1226587,CeU4O10,0.0042641858596361,0-0.005,166,15,8,1076,5,7,test
mp-1208510,Sr2YFe3O8,0.0232659946205364,0.02-0.04,123,14,7,626,4,4,test
mp-568376,Ta5Ga3,0.0050749840624995,0.005-0.02,140,16,4,257,42,3,test
mp-19007,V2PO5,0.0,0-0.005,141,16,4,181,2,2,test
mp-1008530,AlVFeCo,0.0293796775000005,0.02-0.04,216,4,4,538,18,0,test
mp-989404,Ca6In2NF,0.0293492735661771,0.02-0.04,225,10,4,3960,923,1,test
mp-862704,ScZn2Pt,0.0507738567187514,0.04-0.06,225,4,3,3960,2406,0,test
mp-1018753,LaTlCd,0.0181231914583328,0.005-0.02,194,6,3,1129,168,0,test
mp-1271282,CoF3,0.0,0-0.005,221,4,2,820,339,0,test
mp-1063224,HoHg2,0.0695414575000001,0.06-0.0801,139,3,2,1233,82,1,test
mp-1280436,Sr2CoO4,0.0072389489285571,0.005-0.02,12,14,9,1273,64,10,test
mp-1030325,Te6Mo3WSe2,0.0651830654166669,0.06-0.0801,156,12,12,302,36,12,test
mp-976343,HoErPd2,0.0190561350000004,0.005-0.02,225,4,3,3960,2406,0,test
mp-570079,Al5C3N,0.0477147388888905,0.04-0.06,186,18,9,183,1,9,test
mp-1094048,Sr2TiFeO6,0.0220268039999993,0.02-0.04,225,10,4,3960,923,1,test
mp-504731,EuF2,0.0,0-0.005,225,3,2,3960,55,0,test
mp-566131,KCrF3,0.0268132480000105,0.02-0.04,123,5,4,626,1,0,test
mp-1106180,Re7B3,0.0082994042999953,0.005-0.02,186,20,4,183,33,7,test
mp-550553,CdBiClO2,0.0,0-0.005,11,10,5,277,4,10,test
mp-1019105,KMgBi,0.0,0-0.005,129,6,3,472,177,2,test
mp-867894,Sm2MgAl,0.0,0-0.005,225,4,3,3960,2406,0,test
mp-1102558,TmNiP,0.0,0-0.005,194,12,4,1129,168,2,test
mp-1247860,Ag5Au3S4,0.0793343936111119,0.06-0.0801,1,12,12,470,1,36,test
mp-1247303,HfCrCuS4,0.0703960049999992,0.06-0.0801,10,7,5,138,11,4,test
mp-8667,CeB2C,0.0,0-0.005,166,12,4,1076,280,2,test
mp-998417,CsSrI3,0.0316930179999999,0.02-0.04,8,5,4,361,27,9,test
mp-1228332,Ba2TlSbO6,0.0,0-0.005,225,10,4,3960,923,1,test
mp-1221465,Mo6IrRu,0.0669188141666659,0.06-0.0801,200,8,3,33,27,1,test
mp-1148,Th2Pd,0.0,0-0.005,140,6,2,257,38,1,test
mp-760939,Cu6OF11,0.0188455847395818,0.005-0.02,1,18,18,470,8,54,test
mp-1207979,U2(Si2Ni)3,0.0,0-0.005,65,11,6,265,6,5,test
mp-1217354,ThUSb4,0.0017557358333339,0-0.005,99,6,5,88,0,5,test
mp-1206381,NdSiNi,0.0,0-0.005,109,6,3,46,26,3,test
mp-4495,KLiTe,0.0,0-0.005,129,6,3,472,177,2,test
mp-1206881,LiTaS2,0.0,0-0.005,194,8,3,1129,110,1,test
mp-1221004,NaLuTi2O6,0.0147405121250105,0.005-0.02,31,20,7,112,28,17,test
mp-1226813,Ce2Ge3Rh,0.0010861177222194,0-0.005,25,6,6,124,29,6,test
mp-22870,InBr,0.0,0-0.005,63,4,2,880,83,2,test
mp-1222809,LaTh3Ru8,0.0247725973214283,0.02-0.04,160,12,8,311,19,10,test
mp-1222807,LaGe2RuRh,0.0,0-0.005,119,5,4,124,29,1,test
mp-23350,Rb2PtCl6,0.0,0-0.005,225,9,3,3960,89,1,test
mp-770581,MgMnO3,0.0767369350000004,0.06-0.0801,62,20,4,1187,318,7,test
mp-1114385,Rb2AlInCl6,0.0604898113125003,0.06-0.0801,225,10,4,3960,923,1,test
mp-981356,Zr(FeGe)6,0.0,0-0.005,191,13,5,355,30,2,test
mp-18501,Ba(AgTe)2,0.0,0-0.005,62,20,5,1187,26,10,test
mp-4300,Yb2Si2O7,0.0234573886363662,0.02-0.04,12,11,5,1273,18,8,test
mp-7486,BaNiS2,0.0395671529166659,0.02-0.04,129,8,4,472,65,3,test
mp-1215819,YV2(FeCo)5,0.0537006467361127,0.04-0.06,44,13,8,187,3,12,test
mp-865116,LiSmTl2,0.0,0-0.005,225,4,3,3960,2406,0,test
mp-1079180,HoPt,0.0,0-0.005,62,8,2,1187,70,4,test
mp-29241,Ca3SnO,0.0,0-0.005,221,5,3,820,273,0,test
mp-1183877,Eu2CdGa,0.0055353240624995,0.005-0.02,225,4,3,3960,2406,0,test
mp-545539,Pr2BiO2,0.0,0-0.005,139,5,3,1233,443,1,test
mp-23253,RbBi2,0.0,0-0.005,227,6,2,303,132,0,test
mp-1077442,CeAu2,0.0,0-0.005,74,6,2,299,44,3,test
mp-1187717,Y,0.0069328833333335,0.005-0.02,194,4,2,1129,60,0,test
mp-1078315,PrBi2Au,0.033151499583333,0.02-0.04,129,8,4,472,65,2,test
mp-754692,Bi2BO5,0.039685859374968,0.02-0.04,36,16,5,174,4,13,test
mp-1222470,LuAl7Fe5,0.0,0-0.005,44,13,8,187,19,12,test
mp-754505,SrTaNO2,0.0133231013333254,0.005-0.02,6,15,15,163,0,30,test
mp-755790,HfPbO3,0.0144741553124969,0.005-0.02,62,20,4,1187,318,7,test
mp-1186941,Sc2CuPd,0.0016110325000004,0-0.005,225,4,3,3960,2406,0,test
mp-1216763,TiVO3,0.0194346620000001,0.005-0.02,161,10,3,40,34,5,test
mp-554304,Bi2Pd3S2,0.0636942335714287,0.06-0.0801,166,7,4,1076,16,1,test
mp-1112519,Cs2RbEuCl6,0.0193273327500005,0.005-0.02,225,10,4,3960,923,1,test
mp-1189623,Mg2MnB2Ir5,0.0,0-0.005,127,20,5,246,18,4,test
mp-1221438,Na(CoO2)3,0.0,0-0.005,12,10,5,1273,11,6,test
mp-756301,Cd(CoO2)2,0.0,0-0.005,227,14,3,303,127,1,test
mp-2588,YCo3,0.0504816832692327,0.04-0.06,166,12,5,1076,53,4,test
mp-20932,NbNiP,0.0,0-0.005,62,12,3,1187,413,6,test
mp-27336,CsCuBr3,0.0,0-0.005,20,20,7,22,1,13,test
mp-1020703,SiGeN2O,0.0449481699999951,0.04-0.06,8,10,6,361,0,16,test
mp-568856,Mn3As2,0.0701672689137922,0.06-0.0801,36,20,10,174,7,20,test
mp-555332,BaCu(SiO3)2,0.0214685107499974,0.02-0.04,139,20,5,1233,15,5,test
mp-1184025,Eu2MgIn,0.0,0-0.005,225,4,3,3960,2406,0,test
mp-1217834,Tb(MnAl)6,0.0458698330106059,0.04-0.06,71,13,6,419,31,4,test
mp-1104709,Sm(MnSn)6,0.008863983647215,0.005-0.02,191,13,5,355,30,2,test
mp-4732,UGa5Co,0.0,0-0.005,123,7,4,626,55,1,test
mp-14620,Tm2CdSe4,0.0069317424999999,0.005-0.02,227,14,3,303,127,1,test
mp-1103411,Dy2Au,0.0,0-0.005,62,12,3,1187,102,6,test
mp-13327,NdLuSe3,0.0,0-0.005,63,10,4,880,54,4,test
mp-1097065,Li2HfN2,0.0,0-0.005,164,5,3,551,130,2,test
mp-23571,KBa4Bi3O,0.0,0-0.005,140,18,5,257,7,3,test
mp-1225323,Dy2InAg,0.0083136875000002,0.005-0.02,123,4,3,626,136,1,test
mp-20774,NdCuSn,0.0,0-0.005,186,6,3,183,88,3,test
mp-1186207,Nb2ReRu,0.0,0-0.005,225,4,3,3960,2406,0,test
mvc-6916,MgMn2O4,0.0469219000000009,0.04-0.06,74,14,5,299,45,5,test
mp-31294,Sr2In3Rh2,0.0,0-0.005,12,7,4,1273,25,6,test
mp-1205879,PrCdAu,0.0,0-0.005,189,9,4,469,305,2,test
mp-2336,PrAl4,0.0368024419999999,0.02-0.04,139,5,3,1233,14,1,test
mp-675143,Eu(GdS2)2,0.0,0-0.005,122,14,3,126,68,4,test
mp-558194,NaLaMgWO6,0.0013208169999998,0-0.005,12,20,9,1273,0,17,test
mp-1027129,Mo3W(SeS)4,0.0760239541666667,0.06-0.0801,156,12,12,302,17,12,test
mp-1226608,CePr4O10,0.0774114391666653,0.06-0.0801,166,15,8,1076,5,7,test
mp-1226122,CoAg2Sn3S8,0.0,0-0.005,166,14,5,1076,78,4,test
mp-754788,Mn3(OF2)2,0.0485029636111136,0.04-0.06,5,18,11,274,7,25,test
mp-17706,Zr5Ge3,0.0,0-0.005,193,16,3,238,93,2,test
mp-1216641,TiSnRh,0.0041292717753611,0-0.005,216,3,3,538,99,0,test
mp-6945,SiO2,0.0029292908333324,0-0.005,92,12,2,12,3,4,test
mp-510570,CaMn4(CuO4)3,0.0204718870000064,0.02-0.04,204,20,4,122,42,2,test
mp-1106074,Y6CoI10,0.0,0-0.005,2,17,9,676,20,24,test
mp-1112460,Rb2NdCuBr6,0.0701263795000013,0.06-0.0801,225,10,4,3960,923,1,test
mp-1223843,HoBiTe3,0.0243209365000005,0.02-0.04,160,5,5,311,23,5,test
mp-1184193,Er3Mg,0.0428990449999999,0.04-0.06,194,8,2,1129,439,1,test
mp-579605,Cs2KEuCl6,0.0050353257500006,0.005-0.02,225,10,4,3960,923,1,test
mp-600004,SiO2,0.0116442749999983,0.005-0.02,63,18,6,880,64,6,test
mp-568936,Ag2Se,0.0,0-0.005,19,12,3,49,4,9,test
mp-505741,Ca3V2O8,0.035445021208762,0.02-0.04,166,13,5,1076,12,5,test
mp-770,DyCd,0.0,0-0.005,221,2,2,820,168,0,test
mp-759105,Ni6OF11,0.0382701618981453,0.02-0.04,38,18,11,383,12,18,test
mp-1206759,LiZrS2,0.0,0-0.005,160,4,4,311,32,4,test
mp-1222413,LiB3,0.0,0-0.005,127,16,3,246,4,4,test
mp-1226962,Cd2InAgS4,0.0258340968750001,0.02-0.04,8,8,8,361,4,16,test
mp-865494,V2CrRu,0.0,0-0.005,225,4,3,3960,2406,0,test
mp-1226563,CeUCN,0.053460547500002,0.04-0.06,123,4,4,626,4,0,test
mp-27806,Ni(NF7)2,0.0,0-0.005,87,17,5,101,0,6,test
mp-1111106,K2NaGaF6,0.0,0-0.005,225,10,4,3960,923,1,test
mp-754454,Cd(AgO2)2,0.0255985226190471,0.02-0.04,141,14,3,181,20,2,test
mp-973757,PmBiRh2,0.0,0-0.005,225,4,3,3960,2406,0,test
mp-1224819,Ga3SiNi4,0.0143577609375009,0.005-0.02,146,8,4,73,6,8,test
mp-1186001,MnZnPd2,0.0,0-0.005,225,4,3,3960,2406,0,test
mp-556872,RbCO2,0.0065277846875,0.005-0.02,55,16,4,40,0,8,test
mp-1095338,BaUTe4,0.0,0-0.005,12,12,5,1273,22,11,test
mp-1219598,RbCrCoF6,0.0,0-0.005,74,18,6,299,30,6,test
mp-9372,Ba2Cu(PO4)2,0.0,0-0.005,12,13,6,1273,4,11,test
mp-976289,NaCd2Au,0.0265642993749999,0.02-0.04,225,4,3,3960,2406,0,test
mp-867343,Li3Cd,0.0,0-0.005,225,4,3,3960,122,0,test
mp-1184079,DyScZn2,0.0116834200000002,0.005-0.02,225,4,3,3960,2406,0,test
mp-862896,PmCdRh2,0.0,0-0.005,225,4,3,3960,2406,0,test
mp-1029702,MgTiN2,0.0240586374999711,0.02-0.04,62,16,4,1187,107,8,test
mp-867895,Sm2CuRu,0.0124762662500002,0.005-0.02,225,4,3,3960,2406,0,test
mp-1186135,NaLi2Sn,0.0235043593333337,0.02-0.04,225,4,3,3960,2406,0,test
mp-1955,ErCu,0.0,0-0.005,221,2,2,820,168,0,test
mp-20272,GdPt3,0.0,0-0.005,221,4,2,820,339,0,test
mp-1208653,SmGe2Pd,0.0,0-0.005,71,16,6,419,20,8,test
mp-850984,MnOF,0.0474710076388875,0.04-0.06,31,18,6,112,5,15,test
mp-6613,Ba2YTaO6,0.0015944979999993,0-0.005,225,10,4,3960,923,1,test
mp-753724,Li3Ni5OF11,0.0575914488749988,0.04-0.06,1,20,20,470,5,60,test
mvc-6576,Ca(SnO2)2,0.0688863592857149,0.06-0.0801,74,14,5,299,45,5,test
mp-1221832,MnCdCu4(SnSe4)2,0.003688670843748,0-0.005,5,16,9,274,1,23,test
mp-866267,YbMoClO4,0.0278850223690501,0.02-0.04,12,14,6,1273,11,13,test
mp-568354,DyGa2Cu3,0.0191135974999969,0.005-0.02,191,6,3,355,109,0,test
mp-1178576,AlCoO3,0.0313632845000002,0.02-0.04,148,10,3,351,48,5,test
mp-684580,AgI,0.0014211250000002,0-0.005,119,2,2,124,1,0,test
mp-867836,LaZnAu2,0.0382385734111259,0.02-0.04,225,4,3,3960,2406,0,test
mp-5466,YbNbO4,0.0,0-0.005,15,12,4,533,49,8,test
mp-643756,EuMgH4,0.0,0-0.005,36,12,6,174,12,12,test
mp-1101056,GdMgIn,0.0,0-0.005,189,9,4,469,305,2,test
mp-1114481,Rb2TlPdF6,0.0399333315000021,0.02-0.04,225,10,4,3960,923,1,test
mp-1215584,Zn2GaAgSe4,0.0520646118749996,0.04-0.06,6,8,8,163,3,16,test
mp-1092328,Sc3IrC4,0.0031322945833327,0-0.005,71,8,4,419,4,3,test
mp-1219640,Rb3I2Br,0.0065944333333329,0.005-0.02,71,6,4,419,25,2,test
mp-1221411,Na(FeO2)2,0.0393088946428541,0.02-0.04,2,7,5,676,15,6,test
mp-977550,ZrScOs2,0.0,0-0.005,225,4,3,3960,2406,0,test
mp-1226626,CeAlNi4,0.0,0-0.005,65,6,4,265,53,1,test
mp-998366,RbSeBr3,0.0600949588906254,0.06-0.0801,99,5,4,88,14,4,test
mp-8755,KNaTe,0.0,0-0.005,62,12,3,1187,413,6,test
mp-626716,KHO,0.0032411483333332,0-0.005,4,6,3,151,4,9,test
mp-571147,Hf(SiNi)2,0.0,0-0.005,139,5,3,1233,443,1,test
mp-22747,Pb(CO2)2,0.0626764046428558,0.06-0.0801,2,14,7,676,15,21,test
mp-1212108,HoRhO3,0.0,0-0.005,62,20,4,1187,318,7,test
mp-3759,MgGeO3,0.0200741430000013,0.02-0.04,148,10,3,351,48,5,test
mp-1189924,Nd2Zn5Sn,0.0,0-0.005,63,16,6,880,30,7,test
mp-1186262,Nd3Dy,0.0086753999999995,0.005-0.02,221,4,2,820,339,0,test
mp-1111649,K2NaScBr6,0.0,0-0.005,225,10,4,3960,923,1,test
mp-1849,Mn2P,0.0,0-0.005,189,9,4,469,20,2,test
mp-1189200,TmCuS2,0.0075091387499997,0.005-0.02,19,16,4,49,16,12,test
mp-7375,KNbO3,0.0,0-0.005,160,5,3,311,23,4,test
mp-770347,TbNiO3,0.041731725,0.04-0.06,167,10,3,77,29,1,test
mp-1206058,TlCl3,0.0,0-0.005,12,8,3,1273,15,6,test
mp-1184125,Er2CoIr,0.0610113563888807,0.06-0.0801,225,4,3,3960,2406,0,test
mp-540839,CsPbI3,0.0,0-0.005,62,20,5,1187,318,10,test
mp-1220386,Nd2CuSi3Rh2,0.0,0-0.005,38,8,8,383,2,8,test
mp-850062,LiNiO2,0.0090013955000003,0.005-0.02,2,20,11,676,16,27,test
mp-1221897,MnFeNiO4,0.0595555842559356,0.04-0.06,74,14,5,299,53,5,test
mp-1103516,Tm(MnAl2)4,0.0,0-0.005,139,13,4,1233,45,2,test
mp-1519075,Sr2TiSnO6,0.0224821497499991,0.02-0.04,225,10,4,3960,923,1,test
mp-1222614,Li2PdPb,0.0,0-0.005,216,4,4,538,51,0,test
mp-1222171,MgTe(PbO3)2,0.0233353791111161,0.02-0.04,1,10,10,470,22,30,test
mp-1173948,Li3Mn2CoO6,0.067948361041668,0.06-0.0801,12,12,7,1273,28,10,test
mp-862340,Sc2GaCu,0.0,0-0.005,225,4,3,3960,2406,0,test
mp-864684,Hf2MoIr,0.0,0-0.005,225,4,3,3960,2406,0,test
mp-569526,RbCuCl3,0.0500047509999999,0.04-0.06,194,10,3,1129,53,1,test
mp-1226501,CeScPd6,0.0,0-0.005,123,8,5,626,26,1,test
mp-27291,PaCl4,0.0,0-0.005,141,10,2,181,5,2,test
mp-1064981,HfCo,0.0023632650000013,0-0.005,63,4,2,880,83,2,test
mp-1226160,Cr5InS8,0.0,0-0.005,8,14,14,361,5,28,test
mp-752850,LiNiO2,0.010387408125001,0.005-0.02,12,16,9,1273,42,7,test
mp-1546,DyMg3,0.0,0-0.005,225,4,3,3960,122,0,test
mp-1102042,TiCuGe,0.0,0-0.005,62,12,3,1187,413,6,test
mp-3455,Er(NiP)2,0.0,0-0.005,139,5,3,1233,443,1,test
mp-20502,GdCuSb2,0.0,0-0.005,129,8,4,472,65,2,test
mp-1184717,Ho2CuPt,0.0070206990625019,0.005-0.02,225,4,3,3960,2406,0,test
mp-861639,Ti2CoIr,0.0,0-0.005,225,4,3,3960,2406,0,test
mp-865256,LuMgZn2,0.0,0-0.005,225,4,3,3960,2406,0,test
mp-1207214,SmSi3Pt,0.0188578055000041,0.005-0.02,107,5,4,158,75,4,test
mp-1173895,Li2MnCoO4,0.0688746390625043,0.06-0.0801,2,16,8,676,12,24,test
mp-406,CdTe,0.0,0-0.005,216,2,2,538,32,0,test
mp-672676,U(WC)4,0.0653436616666702,0.06-0.0801,83,18,6,10,1,8,test
mp-1111163,K3ScBr6,0.0171982589999997,0.005-0.02,225,10,4,3960,100,1,test
mp-1188573,Tm6Ni2Sn,0.0112446233333338,0.005-0.02,71,18,7,419,43,8,test
mp-1080451,TbPd,0.0,0-0.005,62,8,2,1187,70,4,test
mp-22204,Co2P,0.0,0-0.005,62,12,3,1187,102,6,test
mp-19713,Sc3In,0.0,0-0.005,194,8,2,1129,439,1,test
mp-865588,Y2CuRu,0.0,0-0.005,225,4,3,3960,2406,0,test
mp-1205849,SmNiSn,0.0008105941666682,0-0.005,189,9,4,469,305,2,test
mp-1205994,Dy2Ge6Pt,0.0610705711111121,0.06-0.0801,38,9,9,383,39,9,test
mp-1221620,MnAlFe2,0.0525731774999993,0.04-0.06,216,4,4,538,51,0,test
mp-1104078,Y(Mo3S4)2,0.0115848926666632,0.005-0.02,148,15,4,351,37,7,test
mp-975920,PrSmTl2,0.0005360950000001,0-0.005,225,4,3,3960,2406,0,test
mp-1521728,BaSrCaFeO6,0.0704768590000162,0.06-0.0801,216,10,5,538,130,1,test
mp-7806,Cr3P,0.0,0-0.005,82,16,4,145,9,12,test
mp-1206121,DyRu3C,0.0,0-0.005,221,5,3,820,273,0,test
mp-1077902,Li(Mg2Si)2,0.0739109013174892,0.06-0.0801,123,7,4,626,4,1,test
mp-1214586,Ba2SmCoCu2O7,0.0297835145192344,0.02-0.04,47,13,8,83,7,5,test
mp-1078610,EuGe3,0.0411264737499985,0.04-0.06,194,8,2,1129,439,1,test
mp-467,Th3N4,0.0,0-0.005,166,7,4,1076,10,3,test
mp-1079206,PrInPd,0.0,0-0.005,189,9,4,469,305,2,test
mp-1227131,CaTb3Mn4O12,0.004676387187489,0-0.005,6,20,14,163,35,34,test
mp-1024969,NpF5,0.0,0-0.005,87,6,3,101,2,2,test
mp-1186681,PmYIr2,0.0,0-0.005,225,4,3,3960,2406,0,test
mp-1078462,BaMg4Ge3,0.0,0-0.005,123,8,4,626,21,2,test
mp-758600,MnOF,0.0718367629166669,0.06-0.0801,33,12,3,47,2,9,test
mp-1226039,CoNiTe4,0.0465780291666666,0.04-0.06,14,12,4,575,22,6,test
mp-9799,Yb4As2O,0.0,0-0.005,139,7,4,1233,76,2,test
mp-753703,Li3Ni2O2F3,0.0343483179999983,0.02-0.04,139,10,6,1233,3,4,test
mp-1216143,Y2(MgZn)3,0.0154257562080517,0.005-0.02,160,8,8,311,2,8,test
mp-1026910,MoW(SeS)2,0.0761850433333322,0.06-0.0801,156,12,12,302,24,12,test
mp-567929,Al13Os4,0.0,0-0.005,12,17,9,1273,0,16,test
mp-12614,Ca2Cu,0.0,0-0.005,62,12,3,1187,102,6,test
mp-754306,Ce4SmO9,0.0275080264732192,0.02-0.04,44,14,8,187,3,14,test
mp-1113508,Cs3GaF6,0.0,0-0.005,225,10,4,3960,100,1,test
mp-984767,DyHoIn2,0.0,0-0.005,225,4,3,3960,2406,0,test
mp-1025175,Lu2Cr2C3,0.0,0-0.005,12,7,4,1273,25,6,test
mp-1221846,Mn4Cr(Co2Si)5,0.0017857608749984,0-0.005,166,20,11,1076,2,9,test
mp-1188911,Ce(TmS2)3,0.0068638804999991,0.005-0.02,11,20,10,277,19,20,test
mp-10046,V2AsC,0.0,0-0.005,194,8,3,1129,110,1,test
mp-1206406,K(AsIr)2,0.0,0-0.005,139,5,3,1233,443,1,test
mp-3769,ErBRh3,0.0,0-0.005,221,5,3,820,273,0,test
mp-12626,K2SrBe2F8,0.002670338461538,0-0.005,166,13,5,1076,2,5,test
mp-433,DyAl,0.0,0-0.005,57,16,4,31,7,7,test
mp-865746,GaTc2W,0.0,0-0.005,225,4,3,3960,2406,0,test
mp-863713,Pm2NiIr,0.0,0-0.005,225,4,3,3960,2406,0,test
mp-101,Ir,0.0,0-0.005,225,1,1,3960,26,0,test
mp-1094383,MgTi,0.0750217622119686,0.06-0.0801,59,8,4,106,5,4,test
mp-1225524,Er2SiGe,0.0,0-0.005,38,4,4,383,41,4,test
mp-22386,InAgTe2,0.0,0-0.005,122,8,3,126,51,1,test
mp-1221699,MnB4W3,0.0100860156250011,0.005-0.02,25,8,8,124,23,8,test
mp-1105199,RbLaMnWO6,0.0226620649833275,0.02-0.04,4,20,10,151,12,30,test
mp-554159,Li2BeSiO4,0.0056592399999999,0.005-0.02,20,16,6,22,5,10,test
mp-1219280,SiNi3Mo2,0.0,0-0.005,194,12,3,1129,48,2,test
mp-1540169,CsSbWO6,0.0,0-0.005,74,18,6,299,30,6,test
mp-51,Li,0.0028927066666666,0-0.005,225,1,1,3960,26,0,test
mp-625731,MoH4O5,0.0694185381249976,0.06-0.0801,1,20,20,470,1,60,test
mp-19227,YMnO3,0.0205900773333489,0.02-0.04,194,10,4,1129,53,1,test
mp-753793,Ba2YF7,0.049002846999997,0.04-0.06,15,20,6,533,7,14,test
mp-1029479,Ca(InN)2,0.0122445480000008,0.005-0.02,166,5,3,1076,13,2,test
mp-753890,Ni2H,0.024654186666666,0.02-0.04,164,3,2,551,74,1,test
mp-22867,RbBr,0.0,0-0.005,225,2,2,3960,145,0,test
mp-1215518,ZnCu3,0.0239317475000002,0.02-0.04,187,4,3,312,20,1,test
mp-1215898,YScN2,0.0569615874999982,0.04-0.06,166,4,3,1076,280,1,test
mp-1222949,LaCoNi4,0.0337485461111155,0.02-0.04,65,6,4,265,53,1,test
mp-1217146,Ti2VSe4,0.0413522328571405,0.04-0.06,8,7,7,361,16,14,test
mp-1188221,La(BOs)4,0.0,0-0.005,86,18,3,18,17,6,test
mp-510624,SrFeO3,0.0,0-0.005,221,5,3,820,273,0,test
mp-1105786,Dy7Rh3,0.0,0-0.005,186,20,4,183,33,7,test
mp-756294,Li2Ti2O5,0.0306934801851817,0.02-0.04,37,18,5,2,1,13,test
mp-675546,Cr4Cu3Te8,0.020740174666666,0.02-0.04,44,15,9,187,1,15,test
mp-3203,NdTaO4,0.0,0-0.005,13,12,4,57,23,8,test
mp-632812,KH4F5,0.0154921894999997,0.005-0.02,88,20,4,63,0,6,test
mp-12055,LaCd2,0.0,0-0.005,191,3,2,355,57,0,test
mp-6603,Sr2CeIrO6,0.0,0-0.005,14,20,6,575,188,12,test
mp-8487,CaSbPt,0.0,0-0.005,62,12,3,1187,413,6,test
mp-866137,LuSbRh2,0.0410096981250003,0.04-0.06,225,4,3,3960,2406,0,test
mp-1106056,Ba(Sb3Os)4,0.0092153852941185,0.005-0.02,204,17,3,122,40,2,test
mp-569270,V3B4,0.0,0-0.005,71,7,4,419,4,3,test
mp-1218391,SrCaTiMnO6,0.0230049571666608,0.02-0.04,4,20,10,151,12,30,test
mp-1185918,MgIn5,0.060691494999999,0.06-0.0801,8,6,6,361,13,12,test
mp-1205805,Y2NiGe6,0.0143944027777784,0.005-0.02,38,9,9,383,39,9,test
mvc-3996,CaWO3,0.0535785250000007,0.04-0.06,62,20,4,1187,318,7,test
mp-30453,DyBiPt,0.0,0-0.005,216,3,3,538,99,0,test
mp-1094927,Mg2Cd,0.0180138049999998,0.005-0.02,38,6,6,383,4,6,test
mp-4984,SiB2Mo5,0.0089142506250006,0.005-0.02,140,16,4,257,52,3,test
mp-1111194,K2YTlBr6,0.065716869,0.06-0.0801,225,10,4,3960,923,1,test
mp-978795,Sm3Hg,0.0069411118749997,0.005-0.02,139,4,3,1233,236,0,test
mp-1228431,Ba2Cu3BrClO4,0.0009216350000196,0-0.005,119,11,6,124,0,3,test
mp-1189227,NaAl(PS3)2,0.0,0-0.005,43,20,6,40,1,14,test
mp-1071448,CeGaCo,0.0,0-0.005,12,6,3,1273,58,6,test
mp-1227152,CaTmMn2O6,0.0221640866666756,0.02-0.04,31,20,7,112,28,17,test
mp-12661,Cd3In,0.0220143525,0.02-0.04,221,4,2,820,339,0,test
mp-761314,Ga2NiO4,0.0523776978571417,0.04-0.06,160,14,8,311,11,11,test
mp-989583,Rb2LiInCl6,0.0,0-0.005,225,10,4,3960,923,1,test
mp-4571,CaZrO3,0.0,0-0.005,62,20,4,1187,318,7,test
mp-1112502,Cs2TlAsCl6,0.013431730000001,0.005-0.02,225,10,4,3960,923,1,test
mp-1232056,Mg(InSe2)2,0.0592529225000011,0.04-0.06,122,14,3,126,68,4,test
mp-1095649,Sr2H3NO6,0.0,0-0.005,189,12,5,469,1,3,test
mp-864904,HoCdAg2,0.0,0-0.005,225,4,3,3960,2406,0,test
mp-2393,YTl3,0.0,0-0.005,221,4,2,820,339,0,test
mp-1222590,Li3Al(CoO3)2,0.0456222885416606,0.04-0.06,164,12,7,551,5,5,test
mp-19917,ZrSiTe,0.0,0-0.005,129,6,3,472,177,2,test
mp-1183558,CaYb3,0.0204496499999999,0.02-0.04,221,4,2,820,339,0,test
mp-1112784,Cs2KCeI6,0.0049928631250009,0-0.005,225,10,4,3960,923,1,test
mp-1179656,Rb,0.0,0-0.005,15,8,2,533,3,6,test
mp-1215531,Zn3CdSe4,0.0178010437499995,0.005-0.02,38,8,6,383,5,8,test
mp-866028,Dy2Ge5Rh3,0.0,0-0.005,15,20,7,533,18,13,test
mp-867278,DyPaTc2,0.0,0-0.005,225,4,3,3960,2406,0,test
mp-1232332,ZnCu2SiSe4,0.0,0-0.005,82,8,5,145,20,3,test
mp-570779,Pr3OsI3,0.0,0-0.005,11,14,7,277,12,14,test
mp-30651,MgGa2,0.0050041699999989,0.005-0.02,194,6,2,1129,127,1,test
mp-1214109,Ca2YbRuO6,0.0,0-0.005,14,20,6,575,188,12,test
mp-625242,FeHO2,0.0549311043750062,0.04-0.06,62,16,4,1187,107,8,test
mp-1184850,HoTmRh2,0.0094839149999996,0.005-0.02,225,4,3,3960,2406,0,test
mp-1174768,Li6Mn3CoO10,0.0377186848750064,0.02-0.04,1,20,20,470,4,60,test
mp-1218397,Sr5ZnCd4,0.0024656122500004,0-0.005,123,10,6,626,8,4,test
mp-1102688,PrSbSe,0.0,0-0.005,14,12,3,575,42,9,test
mp-1225691,Er3ScS6,0.0175871956249995,0.005-0.02,11,20,10,277,19,20,test
mp-1185118,La3Yb,0.0583362637500002,0.04-0.06,139,4,3,1233,236,0,test
mp-1206443,La3SnC,0.0,0-0.005,221,5,3,820,273,0,test
mp-1223181,La4SnSb2,0.0,0-0.005,122,14,3,126,68,4,test
mp-1222411,LiCa2CuN2,0.0,0-0.005,136,12,4,167,2,1,test
mp-1205571,Ba3PuO6,0.0,0-0.005,225,10,4,3960,100,1,test
mp-1183777,CoSn3,0.0033378237500008,0-0.005,64,16,3,82,1,6,test
mp-21891,PrSi2Mo2C,0.0,0-0.005,123,6,4,626,12,1,test
mp-867915,ScGaCo2,0.0,0-0.005,225,4,3,3960,2406,0,test
mp-1211236,La(Mg2Al)4,0.0459622293399371,0.04-0.06,139,13,4,1233,45,2,test
mp-1217909,TaTiAlC,0.0,0-0.005,164,8,5,551,2,3,test
mp-8763,Tm2S2O,0.0227845346250008,0.02-0.04,14,20,5,575,21,15,test
mp-756894,LiVO2,0.0760383956249999,0.06-0.0801,74,16,6,299,7,5,test
mp-1028594,Te4MoW,0.0126519474999993,0.005-0.02,164,12,6,551,17,6,test
mp-1071862,YAlZn,0.0,0-0.005,194,6,3,1129,168,0,test
mp-1102890,TmTc2,0.0,0-0.005,194,12,3,1129,127,2,test
mp-543019,GdNi2,0.0,0-0.005,227,6,2,303,132,0,test
mp-1147587,Ce2Cu(NO)2,0.070589917566135,0.06-0.0801,139,7,4,1233,7,1,test
mp-1105365,KNO3,0.0463657585000003,0.04-0.06,14,20,5,575,61,15,test
mp-8237,Ba(AsPd)2,0.0200050110000002,0.02-0.04,123,5,3,626,2,1,test
mp-11396,NdGa2Ni,0.0,0-0.005,65,8,5,265,11,3,test
mp-1220499,Nb4Pb3O13,0.017239816,0.005-0.02,160,20,8,311,0,14,test
mp-1112127,Cs2RbErCl6,0.0165467978333353,0.005-0.02,225,10,4,3960,923,1,test
mp-1078370,CeBi2Au,0.0,0-0.005,129,8,4,472,65,2,test
mp-1216610,TmAlCu4,0.0491741424999991,0.04-0.06,187,6,4,312,37,1,test
mp-1105750,LiAu(S2O7)2,0.0,0-0.005,2,20,11,676,0,27,test
mp-1111139,K2NaLaCl6,0.0745672762499998,0.06-0.0801,225,10,4,3960,923,1,test
mp-34009,Ce(SmS2)2,0.0450766489285667,0.04-0.06,122,14,3,126,68,4,test
mp-30461,BiPd2Pb,0.0024760381249997,0-0.005,8,8,6,361,6,14,test
mp-5749,Cr2FeSe4,0.0596063392857137,0.04-0.06,12,7,4,1273,64,6,test
mp-20171,Pu(SiNi)2,0.0,0-0.005,139,5,3,1233,443,1,test
mp-1283489,V3(O2F)2,0.0796074138888904,0.06-0.0801,1,18,18,470,4,54,test
mp-13595,Rb2UF6,0.0,0-0.005,63,18,5,880,4,9,test
mp-22634,K4SrU3O12,0.0,0-0.005,229,20,5,95,8,1,test
mp-759867,VF4,0.0055220180000077,0.005-0.02,15,10,3,533,8,6,test
mp-1290530,Li3TiMn4O8,0.0518907734375009,0.04-0.06,2,16,12,676,13,12,test
mp-754246,TiSnO3,0.0,0-0.005,148,10,3,351,48,5,test
mp-1215716,ZnNi4O5,0.0418184129999996,0.04-0.06,12,10,6,1273,10,8,test
mp-1222946,LaCeRh4,0.0084840408333333,0.005-0.02,216,6,3,538,136,1,test
mp-866069,MgScRh2,0.0,0-0.005,225,4,3,3960,2406,0,test
mp-1099750,Eu2V2O5,0.0439663489351858,0.04-0.06,46,18,6,58,13,14,test
mp-12956,Yb(FeP3)4,0.0,0-0.005,204,17,3,122,40,2,test
mp-630372,Tb4Ga6FeGe6,0.0347554410294099,0.02-0.04,229,17,4,95,0,1,test
mp-11908,Lu5Si3,0.0,0-0.005,193,16,3,238,93,2,test
mp-1079155,Hf6Al2Pt,0.0,0-0.005,189,9,4,469,57,2,test
mp-1114602,Rb2NaYCl6,0.0,0-0.005,225,10,4,3960,923,1,test
mp-1209347,Rb3ScV2O8,0.0,0-0.005,164,14,6,551,30,5,test
mp-1214396,Ba4Nb2O9,0.0372222223333338,0.02-0.04,164,15,6,551,0,4,test
mp-1188567,Gd(Tl3Te2)3,0.0168529752840909,0.005-0.02,87,16,5,101,4,6,test
mp-31298,ErSnRh,0.0,0-0.005,189,9,4,469,305,2,test
mp-1027550,TeMo2SeS2,0.0522929608333342,0.04-0.06,156,12,12,302,24,12,test
mp-1104449,Pr(Mo3S4)2,0.0,0-0.005,148,15,4,351,37,7,test
mp-3595,ZnSiAs2,0.0,0-0.005,122,8,3,126,51,1,test
mp-1185890,MgIr,0.0759797913095248,0.06-0.0801,221,2,2,820,168,0,test
mp-760414,Ti3PdO,0.0,0-0.005,140,10,4,257,11,1,test
mp-1027267,Mo3W(SeS)4,0.0594582099999998,0.04-0.06,156,12,12,302,17,12,test
mp-1187693,YbEuPd2,0.0482332912500007,0.04-0.06,225,4,3,3960,2406,0,test
mp-1029784,Rb2CN2,0.0,0-0.005,12,5,3,1273,46,4,test
mp-27776,Cd2AsCl2,0.0027157561666641,0-0.005,14,20,5,575,21,15,test
mp-980664,UBiSb,0.0618258174999999,0.06-0.0801,129,6,3,472,177,2,test
mp-1186222,NbGaOs2,0.0,0-0.005,225,4,3,3960,2406,0,test
mp-1105718,NiBiO3,0.0207188752500044,0.02-0.04,2,20,12,676,39,24,test
mp-12788,Nd3Au4,0.0,0-0.005,148,14,4,351,23,6,test
mp-768578,CdCoO3,0.0522386215000008,0.04-0.06,15,20,6,533,36,14,test
mp-1027687,MoSeS,0.0144858475000004,0.005-0.02,156,12,12,302,23,12,test
mp-1184104,CuRh2Pb,0.0273346324999987,0.02-0.04,225,4,3,3960,2406,0,test
mp-28665,NdSi2Ru,0.0,0-0.005,11,8,4,277,20,8,test
mp-1187188,SrLaPt2,0.0487591009375005,0.04-0.06,225,4,3,3960,2406,0,test
mp-12464,Co(PdSe)2,0.0,0-0.005,72,10,3,111,26,4,test
mp-977394,TbAlAg2,0.0058374015092601,0.005-0.02,225,4,3,3960,2406,0,test
mp-1214009,Ca4MgSn3,0.0146264920454526,0.005-0.02,140,16,4,257,11,3,test
mp-1215929,YMgAl4,0.0361421762499967,0.02-0.04,164,12,5,551,17,4,test
mp-30395,ScInAu2,0.0,0-0.005,225,4,3,3960,2406,0,test
mp-20245,CeFeSi,0.0,0-0.005,129,6,3,472,177,2,test
mp-1214652,Ba2LaCoCu2O7,0.0247075452083302,0.02-0.04,47,13,8,83,7,5,test
mp-31761,NbFeO4,0.0,0-0.005,12,12,6,1273,22,12,test
mp-1183828,DyErCd2,0.0057783224999998,0.005-0.02,225,4,3,3960,2406,0,test
mp-625316,Al(HO)3,0.039055400357145,0.02-0.04,2,14,7,676,4,21,test
mp-23435,Bi2TeI,0.0388191887499997,0.02-0.04,166,8,4,1076,280,4,test
mp-8620,La2Si5Rh3,0.0,0-0.005,72,20,6,111,33,7,test
mp-5986,BaTiO3,0.0032073760000006,0-0.005,99,5,4,88,14,4,test
mp-570901,Yb2Au,0.0063615686111115,0.005-0.02,62,12,3,1187,102,6,test
mp-18753,Na3Mo(OF)3,0.0,0-0.005,146,10,6,73,0,10,test
mp-754781,Ga3NO3,0.0479004092857131,0.04-0.06,166,14,5,1076,2,4,test
mp-1080806,TmSnPt,0.0,0-0.005,189,9,4,469,305,2,test
mp-1206635,Na2SnHg,0.0301099534374997,0.02-0.04,216,4,4,538,51,0,test
mp-1186545,Pm3Th,0.0730146743750008,0.06-0.0801,139,4,3,1233,236,0,test
mp-861954,LiTaRu2,0.0,0-0.005,225,4,3,3960,2406,0,test
mp-12908,ScAgSe2,0.002411035312499,0-0.005,164,4,3,551,25,1,test
mp-1212396,Ho(GaCo)6,0.0088175874519258,0.005-0.02,71,13,6,419,31,4,test
mp-570559,CdI2,0.0011869749999999,0-0.005,156,15,15,302,5,15,test
mp-976596,LiLu2Ga,0.0384525738541667,0.02-0.04,225,4,3,3960,2406,0,test
mp-1181047,Ho5SbAu2,0.0326446016666661,0.02-0.04,140,16,4,257,52,3,test
mp-1104064,ZnHIO4,0.0411113505357132,0.04-0.06,9,14,7,107,4,21,test
mp-1273514,Li2MnV3O8,0.0170538606250101,0.005-0.02,146,14,8,73,0,14,test
mp-574086,SiBr4,9.815625000042516e-05,0-0.005,14,20,5,575,17,15,test
mp-1223244,La2Al3Ge,0.0250694458333322,0.02-0.04,187,6,5,312,9,1,test
mp-1190019,LuZn3,0.0,0-0.005,62,16,4,1187,80,8,test
mp-11924,Rb2TaCuSe4,0.0,0-0.005,70,16,4,87,18,4,test
mp-1221258,Na2ThF6,0.0025756066666673,0-0.005,71,9,4,419,43,4,test
mp-1189159,Eu3FeO6,0.0227930527999973,0.02-0.04,36,20,7,174,16,17,test
mp-1206732,BaLaCo2O5,0.0556072332638777,0.04-0.06,47,9,6,83,1,3,test
mp-1094098,NaGaTe2,0.0,0-0.005,122,8,3,126,51,1,test
mp-1882,CaCu5,0.0,0-0.005,191,6,3,355,62,0,test
mp-2781,ScPd,0.0,0-0.005,221,2,2,820,168,0,test
mvc-11986,Mg3V2O8,0.0191592469230768,0.005-0.02,166,13,4,1076,12,4,test
mp-1183987,GaHg3,0.069223859375,0.06-0.0801,225,4,3,3960,122,0,test
mp-1186230,NbRh3,0.0137469487499988,0.005-0.02,194,8,2,1129,439,1,test
mp-4050,Eu(AsRu)2,0.0,0-0.005,139,5,3,1233,443,1,test
mp-624234,TePb2O5,0.0006745299999968,0-0.005,9,16,8,107,0,24,test
mp-1187431,Ti2CuIr,0.0093666870312505,0.005-0.02,225,4,3,3960,2406,0,test
mp-568145,Ar,0.00043104,0-0.005,194,2,1,1129,60,0,test
mp-6920,KNO3,0.0024505595000006,0-0.005,160,5,3,311,23,4,test
mp-752844,Li2MnSiO4,0.0182622490624986,0.005-0.02,121,8,4,101,48,2,test
mp-1221079,NaCaYCdF8,0.0012606679166724,0-0.005,119,12,5,124,0,3,test
mp-7582,GeS2,0.014170473888889,0.005-0.02,122,6,2,126,2,1,test
mp-1183249,Ag3Se,0.0706060108333348,0.06-0.0801,194,8,2,1129,439,1,test
mp-1021490,Sn4SF6,0.0437872579545475,0.04-0.06,146,11,5,73,0,11,test
mp-867795,ScNbTc2,0.0,0-0.005,225,4,3,3960,2406,0,test
mp-1518616,NaSrHfSbO6,0.0277386009999993,0.02-0.04,216,10,5,538,130,1,test
mp-983578,CsBiO3,0.0395539524285739,0.02-0.04,221,5,3,820,273,0,test
mvc-5884,Mg(CuO2)2,0.0181441385714284,0.005-0.02,141,14,3,181,20,2,test
mp-776593,LuScO3,0.0634593465000037,0.06-0.0801,62,20,4,1187,318,7,test
mp-1207830,Y(Fe2Ge)2,0.0059184692857208,0.005-0.02,58,14,4,59,5,6,test
mp-1071422,CeAg2,0.0050989499999998,0.005-0.02,74,6,2,299,44,3,test
mp-1216066,Y2CoRu3,0.0013524158333328,0-0.005,166,6,3,1076,53,1,test
mp-1218565,Sr4Co3ReO12,0.0430096643020645,0.04-0.06,123,20,9,626,4,5,test
mp-1218717,Sr2NdMn2O7,0.0074764114102565,0.005-0.02,139,12,6,1233,9,4,test
mp-758251,Li5AgF8,0.0364377907142872,0.02-0.04,166,14,5,1076,3,4,test
mp-1664,V3Pd,0.0,0-0.005,223,8,2,54,37,0,test
mp-1205633,Cs3FeF6,0.0468957740000002,0.04-0.06,139,10,5,1233,7,2,test
mp-19029,RbCr4O8,0.0427714195192461,0.04-0.06,87,13,4,101,6,7,test
mp-33031,VS,0.0787244490625003,0.06-0.0801,194,4,2,1129,52,0,test
mp-1211273,LaCrSe2O,0.0086146714999983,0.005-0.02,62,20,5,1187,13,10,test
mp-1223064,La3Gd(ClO)4,0.0046224774999981,0-0.005,25,12,9,124,0,12,test
mp-27904,FeSbS,0.0,0-0.005,14,12,3,575,42,9,test
mp-1224629,GdFe2BiO6,0.056671754249999,0.04-0.06,26,20,7,68,11,17,test
mp-21849,Eu(SiIr)2,0.0,0-0.005,139,5,3,1233,443,1,test
mp-571547,Te2Au,0.0097200045833325,0.005-0.02,7,12,6,106,3,18,test
mp-8638,Tc,0.0668538000000005,0.06-0.0801,225,1,1,3960,26,0,test
mp-983237,Ga3Bi,0.0725130668750004,0.06-0.0801,221,4,2,820,339,0,test
mp-35651,La2USe4,0.044770027678572,0.04-0.06,122,14,3,126,68,4,test
mp-1104512,Ce(Sn2Pd)2,0.0194000783163268,0.005-0.02,63,14,4,880,24,6,test
mp-1520436,Ba2TbBiO6,0.0107784409999993,0.005-0.02,225,10,4,3960,923,1,test
mp-1237057,CaTi2PbO6,0.0346919047500016,0.02-0.04,99,10,8,88,6,8,test
mp-862972,AcAgAu2,0.0,0-0.005,225,4,3,3960,2406,0,test
mp-1174003,Li5Co3O8,0.0412652668749995,0.04-0.06,12,16,8,1273,3,10,test
mp-18162,Li(CuO)2,0.0046888395000053,0-0.005,62,20,5,1187,26,10,test
mp-33137,TcO2,0.0,0-0.005,14,12,3,575,31,9,test
mp-1112785,Cs2KDyCl6,0.0,0-0.005,225,10,4,3960,923,1,test
mvc-11417,Ca(CrS2)4,0.0008966365384663,0-0.005,166,13,5,1076,17,3,test
mp-1205378,LuCuPbSe3,0.0009334652083339,0-0.005,63,12,5,880,63,5,test
mp-390,TiO2,0.0063892508333331,0.005-0.02,141,6,2,181,29,1,test
mp-567931,InSiTe3,0.0,0-0.005,162,10,3,43,1,3,test
mp-1186438,Pm2AgAu,0.0,0-0.005,225,4,3,3960,2406,0,test
mp-1112014,Cs2NaIrF6,0.0099639135000018,0.005-0.02,225,10,4,3960,923,1,test
mp-1211722,La5NiGe3,0.0652138828125004,0.06-0.0801,193,18,4,238,124,2,test
mp-1217634,Tb3Sc2S7,0.0,0-0.005,12,12,7,1273,2,10,test
mp-570245,Ba2GaGeN,0.0,0-0.005,11,10,5,277,4,10,test
mp-559521,InBi2S4Cl,0.0,0-0.005,12,8,5,1273,14,6,test
mp-865814,YbMgHg2,0.0,0-0.005,225,4,3,3960,2406,0,test
mp-569118,Cs3MnI5,0.0,0-0.005,140,18,5,257,26,3,test
mp-12315,DyBO3,0.0,0-0.005,2,20,10,676,39,30,test
mp-1068244,Er2AlNi2,0.0,0-0.005,71,5,3,419,60,2,test
mp-1221629,MnGaRh2,0.0486731650000002,0.04-0.06,123,4,3,626,136,1,test
mp-972117,SrTeO3,0.0009732471666676,0-0.005,14,20,5,575,61,15,test
mp-1216002,YTh(B2Ru3)2,0.0047020849999999,0-0.005,47,12,7,83,0,4,test
mp-1221675,MnCrSi2,0.0437450413749997,0.04-0.06,4,8,4,151,7,12,test
mp-567373,LaCN2Cl,0.0,0-0.005,11,10,5,277,4,10,test
mp-1104138,Dy(Mo3Se4)2,0.0489054563333315,0.04-0.06,148,15,4,351,37,7,test
mp-778768,Li2Co3NiO8,0.0561104406250017,0.04-0.06,12,14,8,1273,15,7,test
mp-648,Na2S,0.0,0-0.005,225,3,2,3960,55,0,test
mp-31385,Er5Sn3,0.0,0-0.005,193,16,3,238,93,2,test
mp-862721,Sr2CdPb,0.0,0-0.005,225,4,3,3960,2406,0,test
mp-1205674,Ba2ScOsO6,0.0,0-0.005,225,10,4,3960,923,1,test
mp-1103601,Fe2Si2BiO9,0.0784337935714241,0.06-0.0801,8,14,9,361,0,23,test
mp-862663,LaPbAu2,0.0,0-0.005,225,4,3,3960,2406,0,test
mp-1227586,Ca2Fe2O5,0.0571663208333372,0.04-0.06,12,18,7,1273,5,12,test
mp-1007852,FeCo3,0.0440756700000006,0.04-0.06,221,4,2,820,339,0,test
mp-1029730,Ca4HfN4,0.0,0-0.005,2,18,9,676,23,27,test
mp-1221692,MnCuSe4,0.0,0-0.005,14,12,4,575,22,6,test
mp-865662,Yb2AgPb,0.0,0-0.005,225,4,3,3960,2406,0,test
mp-640416,Rb,0.0567278037499999,0.04-0.06,1,8,8,470,1,24,test
mp-9178,CdSe2O5,0.0,0-0.005,15,16,5,533,18,11,test
mp-1279798,NaNiO2,0.0143321762499999,0.005-0.02,63,8,3,880,158,3,test
mp-15186,Er(CuO2)2,0.0,0-0.005,88,14,3,63,14,3,test
mp-777825,LiEuPSe4,0.0177300449999977,0.005-0.02,40,14,6,40,2,11,test
mp-1185915,MgPaTc2,0.0,0-0.005,225,4,3,3960,2406,0,test
mp-556434,AgBi(PS3)2,0.0,0-0.005,2,20,10,676,23,30,test
mp-572758,ReS2,0.0,0-0.005,2,12,6,676,12,18,test
mp-3155,Sc3FeC4,0.0,0-0.005,71,8,4,419,4,3,test
mp-5908,CeAsS,0.0247097283333319,0.02-0.04,129,6,3,472,177,2,test
mp-1185378,LiGd2Tl,0.0122621506249984,0.005-0.02,225,4,3,3960,2406,0,test
mp-1178161,HoCuO2,0.0033586854687523,0-0.005,194,8,3,1129,110,1,test
mp-636476,SrCu3(RuO3)4,0.0191108445000018,0.005-0.02,204,20,4,122,42,2,test
mp-541837,Bi2Se3,0.0,0-0.005,166,5,3,1076,9,2,test
mp-1219112,SmB4(IrOs)2,0.0240865566666617,0.02-0.04,77,18,5,2,2,13,test
mp-979989,Yb2AgPd,0.0136585400000002,0.005-0.02,225,4,3,3960,2406,0,test
mp-972061,YbTlHg2,0.0,0-0.005,225,4,3,3960,2406,0,test
mp-862885,CaPmRh2,0.0,0-0.005,225,4,3,3960,2406,0,test
mp-1280961,Sr2FeWO6,0.0427476860000002,0.04-0.06,87,10,5,101,33,3,test
mp-1245813,HfMgN2,0.0,0-0.005,141,8,3,181,50,1,test
mp-1221776,Mn3Ni4Sb,0.0509185665086198,0.04-0.06,166,8,5,1076,20,3,test
mp-936,Hg4Pt,0.0,0-0.005,229,5,2,95,3,0,test
mp-1184607,HfZrOs2,0.0045225275000007,0-0.005,225,4,3,3960,2406,0,test
mp-1112666,Cs2LiYBr6,0.0,0-0.005,225,10,4,3960,923,1,test
mp-1226854,Ce4SnO10,0.0735391570000008,0.06-0.0801,166,15,8,1076,5,7,test
mp-1176797,LiBi(BO3)2,0.0318059029693857,0.02-0.04,148,10,4,351,38,4,test
mp-1222881,LaMn4(BiO4)3,0.0700820893283191,0.06-0.0801,6,20,14,163,35,34,test
mp-1211702,K2RbDyV2O8,0.0,0-0.005,164,14,6,551,11,5,test
mp-1285965,VO2,0.0676481733333336,0.06-0.0801,8,9,6,361,8,15,test
mp-1217525,TbNdFe17,0.0476803585964908,0.04-0.06,160,19,8,311,7,13,test
mp-1112177,CsTlBr3,0.011302727249999,0.005-0.02,225,10,4,3960,13,1,test
mp-1186303,NdCd3,0.00332517,0-0.005,194,8,2,1129,439,1,test
mp-1228053,Ba3SrLu2(BiO6)2,0.0223500598749994,0.02-0.04,115,20,9,112,0,7,test
mp-1219341,Sm2In3Cu,0.0384533888888887,0.02-0.04,25,6,6,124,29,6,test
mp-1226006,CoSi4Ni,0.0,0-0.005,166,6,4,1076,11,2,test
mp-1212206,Ho5(SiSb)2,0.0,0-0.005,64,18,4,82,8,6,test
mp-1652764,Co4(CuO4)3,0.0706248557214097,0.06-0.0801,148,19,5,351,2,6,test
mp-1211369,KNb(BO3)2,0.0072676109649076,0.005-0.02,31,20,7,112,28,17,test
mp-18938,Tl2MoO4,0.0,0-0.005,5,14,8,274,3,20,test
mp-626504,Al(HO)3,0.0406378160714302,0.04-0.06,1,14,14,470,3,42,test
mp-29167,Sr(NiP)2,0.0,0-0.005,71,15,6,419,60,7,test
mp-6939,Sr(BIr)2,0.0,0-0.005,70,10,3,87,16,2,test
mp-1216601,V3(PS3)4,0.0697873784703926,0.06-0.0801,5,19,11,274,0,27,test
mp-2068,RhF3,0.0,0-0.005,167,8,2,77,10,1,test
mp-981748,TbAg3,0.0492945858152178,0.04-0.06,194,8,2,1129,439,1,test
mp-27311,LaCO,0.0530398451388887,0.04-0.06,12,6,3,1273,58,6,test
mp-1217141,Ti4Al2CN,0.0020941106249985,0-0.005,164,8,5,551,0,3,test
mp-20641,MnCoO3,0.0,0-0.005,148,10,3,351,48,5,test
mp-1184986,Li2NdGa,0.0173343583333336,0.005-0.02,225,4,3,3960,2406,0,test
mp-123,Nd,0.0,0-0.005,194,4,2,1129,60,0,test
mp-753628,LiVF6,0.0221344775000007,0.02-0.04,36,16,6,174,1,14,test
mp-755385,Fe3OF5,0.0640281774074003,0.06-0.0801,1,18,18,470,24,54,test
mp-9418,Eu(CuO2)2,0.0,0-0.005,88,14,3,63,14,3,test
mp-1095433,TmGa4Ni,0.0,0-0.005,63,12,5,880,53,5,test
mp-1540712,Ca2Ti3O8,0.0,0-0.005,12,13,6,1273,16,10,test
mp-867341,CsAcTe2,0.0,0-0.005,225,4,3,3960,2406,0,test
mp-15701,MgSiN2,0.0293443693749999,0.02-0.04,122,8,3,126,51,1,test
mp-27401,NaIO4,0.007896585000001,0.005-0.02,88,12,3,63,44,3,test
mp-1223473,KBH4,0.0035735716666671,0-0.005,216,6,3,538,136,1,test
mp-1076916,GdBiPd,0.0,0-0.005,216,3,3,538,99,0,test
mp-1183503,Ca2HgBi,0.0207430577083336,0.02-0.04,225,4,3,3960,2406,0,test
mp-1205726,Y2Co2I,0.0,0-0.005,194,10,3,1129,25,2,test
mp-4219,CeGeAu,0.0,0-0.005,186,6,3,183,88,3,test
mp-1105882,Tb4Sb6Rh7,0.0156294552941202,0.005-0.02,229,17,4,95,20,1,test
mp-372,VPt3,0.0089496799999997,0.005-0.02,221,4,2,820,339,0,test
mp-557835,TlF,0.0055727937499998,0.005-0.02,129,4,2,472,22,2,test
mp-1226935,CeAg(PSe3)2,0.0148238728333316,0.005-0.02,7,20,10,106,12,30,test
mp-1030108,Te8MoW3,0.0188998766666657,0.005-0.02,156,12,12,302,12,12,test
mp-1229171,Ag6S2IBr,0.0636428399999999,0.06-0.0801,42,10,6,42,0,8,test
mp-7080,Li5(NiN)3,0.0,0-0.005,189,11,4,469,0,3,test
mp-19898,LaGeRu,0.0,0-0.005,129,6,3,472,177,2,test
mp-1228917,AlInGaSb3,0.0189136750000016,0.005-0.02,44,6,6,187,7,6,test
mp-1185380,LiMg,0.0077045449999999,0.005-0.02,74,4,2,299,1,2,test
mp-754845,La3Ti2N3O4,0.0615429997222225,0.06-0.0801,71,12,7,419,0,5,test
mp-510293,Pb3SeO5,0.0,0-0.005,36,18,6,174,1,15,test
mp-579560,Cs3Sb2Br9,0.0,0-0.005,164,14,5,551,6,4,test
mp-1103852,Co(RhS2)2,0.0393388865999941,0.02-0.04,227,14,3,303,127,1,test
mp-20763,Na2Gd2Ti3O10,0.0738572842352862,0.06-0.0801,139,17,8,1233,5,6,test
mp-402,CdP2,0.0008393700000004,0-0.005,33,12,3,47,3,9,test
mp-1079035,MnAsPd,0.0480306008531732,0.04-0.06,189,9,4,469,305,2,test
mp-1205705,Sr2UCrO6,0.0283277520714353,0.02-0.04,225,10,4,3960,923,1,test
mp-865738,LiPrHg2,0.0,0-0.005,225,4,3,3960,2406,0,test
mp-755166,NaCoO2,0.0784698237499998,0.06-0.0801,59,8,4,106,6,4,test
mp-24011,CeHSe,0.0,0-0.005,194,6,3,1129,168,0,test
mp-28765,CBr3F,0.0238774444062497,0.02-0.04,62,20,4,1187,318,9,test
mp-545525,NbCuO3F,0.0299148183333262,0.02-0.04,2,12,6,676,6,18,test
mp-615459,La2Ni5C3,0.0,0-0.005,127,20,5,246,6,4,test
mp-1222080,MgCd(CO3)2,0.0,0-0.005,148,10,4,351,38,4,test
mp-865800,Yb2BiAu,0.0,0-0.005,225,4,3,3960,2406,0,test
mp-1246884,Y3Mg2VS8,0.0729540274107147,0.06-0.0801,166,14,5,1076,78,4,test
mp-22977,CsVCl3,0.0,0-0.005,194,10,3,1129,53,1,test
mp-1114397,Rb2YInF6,0.0451837728333357,0.04-0.06,225,10,4,3960,923,1,test
mp-1224930,GaFe7N2,0.0570280450000026,0.04-0.06,225,10,4,3960,0,0,test
mp-864628,Pm2SnPd,0.0,0-0.005,225,4,3,3960,2406,0,test
mp-1112168,K2TlCuF6,0.046306014854168,0.04-0.06,225,10,4,3960,923,1,test
mp-864968,MnInRh2,0.0,0-0.005,225,4,3,3960,2406,0,test
mp-1071453,Nd2Bi,0.0162178861111108,0.005-0.02,139,6,3,1233,82,2,test
mp-756525,Mn3CuO8,0.0630094223437511,0.06-0.0801,166,12,4,1076,11,3,test
mp-561515,SmMn4(CuO4)3,0.0304464553124939,0.02-0.04,204,20,4,122,42,2,test
mp-1223313,KNaCl2,0.0185637124999997,0.005-0.02,166,4,3,1076,280,1,test
mp-864793,NdAgAs2,0.0,0-0.005,62,16,4,1187,107,8,test
mp-696867,V4NiS8,0.0171762897435865,0.005-0.02,12,13,6,1273,15,10,test
mp-21318,PtPb2,0.0304999044444445,0.02-0.04,140,6,2,257,38,1,test
mp-1187888,YSeF,0.0110901838888866,0.005-0.02,62,12,3,1187,413,6,test
mp-1207016,Dy6MnBi2,0.0001010447222222,0-0.005,189,9,4,469,57,2,test
mp-1176748,LiCu3(SiO3)2,0.0715178133333305,0.06-0.0801,12,12,6,1273,28,7,test
mp-9138,RbPO3,0.0049654562499963,0-0.005,62,20,4,1187,318,9,test
mp-18901,VAgHgO4,0.0265528670238106,0.02-0.04,5,14,8,274,2,20,test
mp-22615,Gd(SiAu)2,0.0,0-0.005,139,5,3,1233,443,1,test
mp-1205445,LaMn3V4O12,0.0491009268690483,0.04-0.06,12,20,10,1273,5,10,test
mp-1094757,MgCd2,0.0315396999999999,0.02-0.04,63,6,2,880,64,3,test
mp-1087240,La2InPd2,0.0,0-0.005,127,10,3,246,156,2,test
mp-1220802,NaHSeO4,0.0,0-0.005,1,14,14,470,1,42,test
mp-1205536,La2Os2I,0.0,0-0.005,194,10,3,1129,25,2,test
mp-862261,Sc2ZnRu,0.0,0-0.005,225,4,3,3960,2406,0,test
mp-1186938,Sc2CdAu,0.0186093050000009,0.005-0.02,225,4,3,3960,2406,0,test
mp-22228,DyCoSn,0.0,0-0.005,62,12,3,1187,413,6,test
mp-605854,Gd3Co11B4,0.0,0-0.005,191,18,6,355,6,3,test
mp-675926,LiBH4,0.0431254916666672,0.04-0.06,2,12,6,676,16,18,test
mp-13946,Rb2ZrF6,0.0,0-0.005,164,9,3,551,31,3,test
mp-1216360,VFe(CuO2)2,0.0653832987499996,0.06-0.0801,166,8,5,1076,10,3,test
mp-582,CeIr2,0.0,0-0.005,227,6,2,303,132,0,test
mp-1218678,Sr3(AlIn2)2,0.0438536777777769,0.04-0.06,8,18,18,361,7,36,test
mp-1027608,Mo2SeS3,0.0110918441666667,0.005-0.02,156,12,12,302,20,12,test
mp-1102537,NbVP,0.0,0-0.005,62,12,3,1187,413,6,test
mp-865210,TmLuMg2,0.001745525,0-0.005,225,4,3,3960,2406,0,test
mp-1185441,LiSm2Ga,0.0107186032291664,0.005-0.02,225,4,3,3960,2406,0,test
mp-30938,PAuS4,0.0,0-0.005,2,12,7,676,16,15,test
mp-570591,CsHgCl3,0.0335841853333325,0.02-0.04,221,5,3,820,273,0,test
mp-752774,LiNiPO4,0.0720149139285712,0.06-0.0801,43,14,5,40,3,9,test
mp-998915,K2O,0.0295533799999998,0.02-0.04,58,6,2,59,33,2,test
mp-1223994,In2AgSe3Br,0.0282212526190455,0.02-0.04,166,14,5,1076,4,4,test
mp-981548,YErTl2,0.0,0-0.005,225,4,3,3960,2406,0,test
mp-19121,TbVO4,0.0,0-0.005,141,12,3,181,58,2,test
mp-561751,CsErS2,0.0,0-0.005,166,4,3,1076,280,1,test
mp-23431,CsCu2I3,0.0107520800000004,0.005-0.02,63,12,4,880,24,5,test
mp-510404,GdSe,0.0,0-0.005,225,2,2,3960,145,0,test
mp-865102,NaLaTl2,1.125726652295711e-05,0-0.005,225,4,3,3960,2406,0,test
mp-640553,BaNb2O6,0.0373030255555537,0.02-0.04,51,18,6,70,0,8,test
mp-1207624,YZrF7,0.0,0-0.005,4,18,9,151,21,27,test
mp-22953,YbCuBi,0.0,0-0.005,186,6,3,183,88,3,test
mp-1183938,CsK2As,0.0345509988888887,0.02-0.04,225,4,3,3960,2406,0,test
mp-1105241,Mn7CdO12,0.0510543699166632,0.04-0.06,204,20,4,122,7,2,test
mp-1103948,Ho2FeC4,0.0,0-0.005,72,14,4,111,8,6,test
mp-557441,KAu(IO3)4,0.0,0-0.005,1,18,18,470,1,54,test
mp-1112164,K2ErCuCl6,0.0573213099499998,0.04-0.06,225,10,4,3960,923,1,test
mp-13504,CeAl4Co,0.0,0-0.005,51,12,5,70,5,5,test
mp-562490,SiO2,0.009789426666666,0.005-0.02,15,12,4,533,20,7,test
mp-6019,Sr2YNbO6,0.0,0-0.005,14,20,6,575,188,12,test
mp-1222984,LaAlCuNi3,0.0345286864285725,0.02-0.04,187,6,4,312,0,1,test
mp-945779,DyCuTe2,0.0119810356249994,0.005-0.02,10,8,5,138,7,6,test
mp-30182,ThAl3Ni2,0.0,0-0.005,191,6,3,355,109,0,test
mp-261,Ba3Al5,0.0073971257142857,0.005-0.02,194,16,4,1129,0,3,test
mp-1018176,GdFeC2,0.0,0-0.005,38,4,3,383,41,4,test
mp-1183655,CdPd3,0.0183155450000001,0.005-0.02,221,4,2,820,339,0,test
mp-72,Ti,0.0,0-0.005,191,3,2,355,5,0,test
mp-1222068,Mn2Fe4SiGe,0.0,0-0.005,166,8,5,1076,10,3,test
mp-1211759,K3YbF6,0.0177098905000017,0.005-0.02,14,20,6,575,35,12,test
mp-28212,Nb4O5,0.0236422997222227,0.02-0.04,137,18,3,24,0,3,test
mp-1101967,NbCoAs,0.0,0-0.005,62,12,3,1187,413,6,test
mp-1216879,U2Si3Ni,0.069474066875002,0.06-0.0801,25,6,6,124,29,6,test
mp-18995,Ba2FeMoO6,0.003290486,0-0.005,225,10,4,3960,923,1,test
mp-1209088,RbYBeF6,0.0,0-0.005,11,18,7,277,5,16,test
mp-1223831,In2S3,0.0200476837500014,0.02-0.04,44,5,3,187,9,5,test
mp-989541,Rb2NaSbF6,0.0,0-0.005,225,10,4,3960,923,1,test
mp-12723,CaAu,0.0,0-0.005,63,4,2,880,83,2,test
mp-1221861,Mn4FeC2,0.0422066850931663,0.04-0.06,5,14,8,274,3,20,test
mp-1174849,Li6Mn3CoO10,0.0691611978750073,0.06-0.0801,1,20,20,470,4,60,test
mp-1206444,Cs3IO,0.0,0-0.005,194,10,3,1129,53,1,test
mp-1228749,AsRhO4,0.0479139512499999,0.04-0.06,65,6,4,265,53,2,test
mp-6973,CsNaS,0.0,0-0.005,129,6,3,472,177,2,test
mp-22079,AsRh,0.0038164358333334,0-0.005,62,8,2,1187,70,4,test
mp-1189739,Ba2YGaTe5,0.0160173865277775,0.005-0.02,36,18,9,174,9,18,test
mp-9650,MgTa2O6,0.0,0-0.005,136,18,4,167,33,4,test
mp-755837,Li5Mn3(NiO5)2,0.0749920092499989,0.06-0.0801,2,20,11,676,15,27,test
mp-7199,RbPrTe4,0.0,0-0.005,125,12,3,18,7,2,test
mp-15238,Ho4C5,0.0,0-0.005,55,18,5,40,1,8,test
mp-982388,HoTmMg2,0.0024577025000001,0-0.005,225,4,3,3960,2406,0,test
mp-1186583,PmEuPt2,0.0,0-0.005,225,4,3,3960,2406,0,test
mp-1223660,InGaN2,0.0771913474999994,0.06-0.0801,156,4,4,302,33,4,test
mp-291,TiOs,0.0,0-0.005,221,2,2,820,168,0,test
mp-5598,Sm2SO2,0.0,0-0.005,164,5,3,551,130,2,test
mp-10763,KHgSb,0.0,0-0.005,194,6,3,1129,168,0,test
mp-30432,Ba(RhPb2)3,0.0,0-0.005,63,20,7,880,3,10,test
mp-1218482,Sr2U2O7,0.0387645909740204,0.02-0.04,6,11,11,163,1,22,test
mp-1206083,CrFeAs,0.0382628383333294,0.02-0.04,189,9,4,469,305,2,test
mp-867353,ThCdAu2,0.0,0-0.005,225,4,3,3960,2406,0,test
mp-541937,Zn(InS2)2,0.0622980557142858,0.06-0.0801,160,7,7,311,11,7,test
mp-1077372,Zr2Cu,0.0567456850000009,0.04-0.06,12,6,3,1273,77,6,test
mp-1100780,ZrZnPd2,0.0,0-0.005,225,4,3,3960,2406,0,test
mp-28022,Na6CdCl8,0.0,0-0.005,225,15,4,3960,14,1,test
mp-1207095,SiPAu,0.0,0-0.005,160,3,3,311,3,3,test
mp-757467,Mn5SnO12,0.0698519448611127,0.06-0.0801,12,18,8,1273,8,12,test
mp-639263,Ce3MnBi5,0.0559870285632175,0.04-0.06,193,18,4,238,124,2,test
mp-1223907,Hg2SeS,0.0030299550000001,0-0.005,115,4,3,112,23,1,test
mp-1112961,CsInCl3,0.0,0-0.005,225,10,4,3960,13,1,test
mp-1213706,Cs2Pb2O3,0.0,0-0.005,199,14,3,12,5,3,test
mp-1225791,Cu3P(SeS)2,0.0194282559374991,0.005-0.02,31,16,6,112,1,14,test
mp-23216,SnBr4,0.0,0-0.005,14,20,5,575,17,15,test
mp-1077133,GdCoSi,0.0,0-0.005,129,6,3,472,177,2,test
mp-752479,Li5Mn3Cr2O10,0.0359176752500021,0.02-0.04,1,20,20,470,2,60,test
mp-1188796,Sc4Ge6Ru7,0.0090280247058824,0.005-0.02,229,17,4,95,20,1,test
mp-622620,ErNiSn,0.0,0-0.005,62,12,3,1187,413,6,test
mp-1237359,Rb3SbF6,0.0668581207500036,0.06-0.0801,2,10,7,676,11,9,test
mp-1223919,IrRh,0.001037209999998,0-0.005,166,2,2,1076,44,0,test
mp-1226898,Ce2Si3Ni,0.0361888604166678,0.02-0.04,187,6,5,312,9,1,test
mp-1517687,BaSrCeWO6,0.0710074166666761,0.06-0.0801,2,20,12,676,52,24,test
mp-1208318,TbSiPt2,0.0,0-0.005,62,16,3,1187,107,7,test
mp-1220476,NbAl2Ni9,0.0,0-0.005,123,12,6,626,5,3,test
mp-769881,Li3CrF6,0.0378893280000047,0.02-0.04,118,20,5,6,0,5,test
mp-1114448,Rb2NaNbF6,0.0487307717499989,0.04-0.06,225,10,4,3960,923,1,test
mp-20883,Fe3Sn,0.0358386862500008,0.02-0.04,194,8,2,1129,439,1,test
mp-9902,Sc2CoSi2,0.0,0-0.005,12,10,5,1273,46,10,test
mp-989603,LaMoN3,0.0174398450000001,0.005-0.02,40,10,5,40,9,10,test
mp-21489,Rb2PbO3,0.0021816633333333,0-0.005,36,12,4,174,30,10,test
mp-3997,Sm(CuSi)2,0.0,0-0.005,139,5,3,1233,443,1,test
mp-1215214,ZrNbCo4,0.0270274912777832,0.02-0.04,216,6,3,538,136,1,test
mp-1188114,Tb6GaNi2,0.0089332193749989,0.005-0.02,71,18,7,419,43,8,test
mp-775774,AgBiO3,0.0268633609999966,0.02-0.04,65,10,5,265,13,3,test
mp-1218193,SrMg3GeN4,0.0122316307407359,0.005-0.02,8,9,9,361,4,18,test
mp-561490,PdSeO4,0.0078953899999998,0.005-0.02,15,12,4,533,49,7,test
mp-1209063,Re4As5S4,0.0007410093076911,0-0.005,216,13,4,538,0,3,test
mp-30227,Rb2WCl6,0.0,0-0.005,225,9,3,3960,89,1,test
mp-1185331,LiDy2Rh,0.0171197584523801,0.005-0.02,225,4,3,3960,2406,0,test
mp-30410,Mn2Au5,0.0182392199999998,0.005-0.02,12,7,4,1273,4,6,test
mp-866068,TbMgAu2,0.0,0-0.005,225,4,3,3960,2406,0,test
mp-7339,BaSiO3,0.0220318505000038,0.02-0.04,19,20,5,49,5,15,test
mp-1114389,Rb2InGaCl6,0.0551478268125023,0.04-0.06,225,10,4,3960,923,1,test
mp-1224218,HfTiSe4,0.0193067999999998,0.005-0.02,10,6,4,138,10,4,test
mp-676464,Cd3AsI3,0.0,0-0.005,6,7,7,163,3,14,test
mp-1077298,TbMgNi,0.0095377308333324,0.005-0.02,63,6,3,880,28,3,test
mp-19915,Sr4In2N,0.0,0-0.005,141,14,4,181,20,3,test
mp-1068248,Eu(CrAs)2,0.0781315921666667,0.06-0.0801,139,5,3,1233,443,1,test
mp-1220408,NbAlZn,0.0,0-0.005,38,12,7,383,68,12,test
mp-9441,Ho(CrGe)6,0.0145398566666656,0.005-0.02,191,13,5,355,30,2,test
mp-11276,BeRh,0.0,0-0.005,221,2,2,820,168,0,test
mp-1219361,Sm(Fe5Re)2,0.0062406103846157,0.005-0.02,71,13,6,419,38,4,test
mp-39542,KRb2ZrOF5,0.0201271230000008,0.02-0.04,107,10,6,158,4,7,test
mp-569032,PrAu6,0.0028666431632657,0-0.005,15,14,4,533,4,10,test
mp-754094,Li3Fe3NiO8,0.0373103960287357,0.02-0.04,12,15,8,1273,6,7,test
mp-2364,PaO2,0.0,0-0.005,225,3,2,3960,55,0,test
mp-1221332,MnNiSnPd,0.0540351151364948,0.04-0.06,216,4,4,538,18,0,test
mp-1518,CeRh3,0.0,0-0.005,221,4,2,820,339,0,test
mp-1077545,CaC2,0.0183582950000005,0.005-0.02,63,6,2,880,64,3,test
mp-556536,Na2Zr(CuS2)2,0.0,0-0.005,12,9,5,1273,9,8,test
mp-4653,Y(SiIr)2,0.0,0-0.005,139,5,3,1233,443,1,test
mp-29824,La3RuI3,0.0,0-0.005,11,14,7,277,12,14,test
mp-12646,EuNbO4,0.0,0-0.005,15,12,4,533,49,8,test
mp-1188014,ZrScRu2,0.0,0-0.005,225,4,3,3960,2406,0,test
mp-19060,Sr2Mn3(AsO)2,0.0672334057854415,0.06-0.0801,139,9,5,1233,7,2,test
mp-1539959,CaFeF5,0.0,0-0.005,15,14,5,533,30,8,test
mp-23636,Cs3Np(Cl2O)2,0.0040065132000055,0-0.005,15,20,6,533,1,13,test
mp-1224204,K2ZnSi3O8,0.023660943303577,0.02-0.04,1,14,14,470,1,42,test
mp-1220409,Nb6OsAu,0.0003644543750009,0-0.005,200,8,3,33,27,1,test
mp-3941,LiYF4,0.0192947008333339,0.005-0.02,13,12,4,57,23,8,test
mp-1113564,Rb2HgAsBr6,0.0293394440000001,0.02-0.04,225,10,4,3960,923,1,test
mp-1182186,BaYMn2O5,0.0064180977777787,0.005-0.02,123,9,5,626,13,2,test
mp-279,LiIr,0.0,0-0.005,187,2,2,312,64,0,test
mp-15668,NaSe,0.0,0-0.005,194,8,3,1129,52,1,test
mp-1216775,V10(SiGe)3,0.0052045246874996,0.005-0.02,42,16,9,42,5,15,test
mp-1188336,Zr5Ga4,0.0304747988888927,0.02-0.04,193,18,4,238,5,2,test
mp-1077883,In2Rh3S2,0.0,0-0.005,166,7,4,1076,16,1,test
mp-862623,ScSnRh2,0.0,0-0.005,225,4,3,3960,2406,0,test
mp-2700,CaSi2,0.0032755049999977,0-0.005,166,3,2,1076,42,1,test
mp-31126,Na3CoO3,0.0,0-0.005,2,14,7,676,4,21,test
mp-1080710,Ho2InAu2,0.0,0-0.005,127,10,3,246,156,2,test
mp-1103511,Lu(Al2Cu)4,0.0,0-0.005,139,13,4,1233,45,2,test
mp-1183226,AcY3,0.0630500093749999,0.06-0.0801,139,4,3,1233,236,0,test
mp-12703,PrZnNi,0.0,0-0.005,189,9,4,469,305,2,test
mp-569066,Cs2PdI6,0.0062043886111116,0.005-0.02,225,9,3,3960,89,1,test
mp-1225430,Dy(Fe5Re)2,0.0145642930769245,0.005-0.02,71,13,6,419,38,4,test
mp-999137,SmTlSe2,0.0,0-0.005,166,4,3,1076,280,1,test
mp-1078634,LaFeO3,0.0,0-0.005,167,10,3,77,29,1,test
mp-20293,SmGePt,0.0132501725000002,0.005-0.02,62,12,3,1187,413,6,test
mp-1183602,CaLa,0.0756638375,0.06-0.0801,187,2,2,312,64,0,test
mp-1412,Ti3Sb,0.0,0-0.005,223,8,2,54,37,0,test
mp-1080485,NdPt,0.0,0-0.005,62,8,2,1187,70,4,test
mp-2302,AsRh2,0.0,0-0.005,225,3,2,3960,55,0,test
mp-1029387,TaZn2N3,0.0,0-0.005,36,12,4,174,30,10,test
mp-1076993,Gd2InNi2,0.0,0-0.005,65,5,3,265,10,2,test
mp-15144,ZnAg2GeO4,0.0173945973437508,0.005-0.02,7,16,8,106,17,24,test
mp-1217168,Ti4Pd,0.0529252453333288,0.04-0.06,139,5,3,1233,14,2,test
mp-374,CrB2,0.0668396283333319,0.06-0.0801,191,3,2,355,57,0,test
mp-19739,Sc(FeGe)6,0.0,0-0.005,191,13,5,355,30,2,test
mp-977397,TbCdPd2,0.0,0-0.005,225,4,3,3960,2406,0,test
mp-1080530,PrMnSi2,0.00346899,0-0.005,63,8,4,880,158,4,test
mp-29393,UNb2O7,0.0235235676666452,0.02-0.04,63,20,8,880,1,10,test
mp-1187875,Yb,0.0152417275,0.005-0.02,194,4,2,1129,60,0,test
mp-978807,Sm2TlHg,0.0,0-0.005,225,4,3,3960,2406,0,test
mp-557772,CsNiF3,0.0,0-0.005,194,10,3,1129,53,1,test
mp-684583,CsO2,0.0443909516666662,0.04-0.06,58,6,2,59,33,2,test
mp-1219754,PrNb4O12,0.0731919649579797,0.06-0.0801,38,17,7,383,2,15,test
mp-20088,Na4PbO4,0.0,0-0.005,2,18,9,676,23,27,test
mvc-3270,MgVSiO5,0.079067241249997,0.06-0.0801,9,16,8,107,1,24,test
mp-1223996,InCuS2,0.0741471062499998,0.06-0.0801,156,4,4,302,33,4,test
mp-1221959,MgTi2MnO6,0.0029166380000003,0-0.005,146,10,6,73,21,10,test
mp-1018892,PrCoSi,0.0,0-0.005,129,6,3,472,177,2,test
mp-1080453,NdAsRuO,0.0,0-0.005,129,8,4,472,52,2,test
mp-6286,YbNi2B2C,0.0,0-0.005,139,6,4,1233,23,1,test
mp-1221230,Na3LaTi2Nb2O12,0.0197410599874885,0.005-0.02,5,20,12,274,0,28,test
mp-866019,LiNdTl2,0.0,0-0.005,225,4,3,3960,2406,0,test
mp-1101813,CaGaSn,0.0027184604166663,0-0.005,194,12,4,1129,168,2,test
mp-1105108,Er(CrGe)6,0.0088637494871797,0.005-0.02,191,13,5,355,30,2,test
mp-1187532,Tl3Au,0.0660870441666663,0.06-0.0801,221,4,2,820,339,0,test
mp-866134,VFe3,0.0,0-0.005,225,4,3,3960,122,0,test
mp-1206145,SmFeGe2,0.0438724313333365,0.04-0.06,63,8,4,880,158,4,test
mp-7089,KMgSb,0.0,0-0.005,129,6,3,472,177,2,test
mp-752727,Li2CrPO4F,0.0672817313194409,0.06-0.0801,1,18,18,470,4,54,test
mp-998912,TlS,0.0618787991666658,0.06-0.0801,166,4,3,1076,44,1,test
mp-1226964,Cd2MoWO8,0.0462462913888899,0.04-0.06,82,12,6,145,18,6,test
mp-1187337,TbErRh2,0.0104213425000008,0.005-0.02,225,4,3,3960,2406,0,test
mp-19811,USnRu,0.0007853303448293,0-0.005,189,9,4,469,305,2,test
mp-1217378,TePb3(ClO2)2,0.0,0-0.005,38,10,7,383,5,9,test
mp-31145,BaCuBi,0.0410733303846146,0.04-0.06,194,6,3,1129,168,0,test
mp-35152,Sr2H5Rh,0.0,0-0.005,107,8,4,158,0,5,test
mp-27512,Cr2NiS4,0.0598208795238086,0.04-0.06,12,7,4,1273,64,6,test
mp-1112216,K2TlCuBr6,0.0426545738749997,0.04-0.06,225,10,4,3960,923,1,test
mp-753954,CdCuH8(ClO)4,0.0282083872222225,0.02-0.04,2,18,10,676,0,24,test
mp-867249,TaAlFe2,0.0,0-0.005,225,4,3,3960,2406,0,test
mp-773900,BaCa2I6,0.0723970524999995,0.06-0.0801,15,18,5,533,36,13,test
mp-978974,SnRh3,0.0196183362499997,0.005-0.02,139,4,3,1233,236,0,test
mp-3303,Ce(AlGa)2,0.0,0-0.005,139,5,3,1233,443,1,test
mp-2176,ZnTe,0.0,0-0.005,216,2,2,538,32,0,test
mp-865734,Li5(Cu2P3)2,0.0,0-0.005,71,15,6,419,0,7,test
mp-1029420,RbCoN,0.0707881255555546,0.06-0.0801,62,12,3,1187,413,6,test
mp-976368,NdAlPd,0.0,0-0.005,189,9,4,469,305,2,test
mp-1226381,Cr2CoSeS3,0.0634762504728394,0.06-0.0801,44,14,8,187,1,14,test
mp-1207781,Y3Ru,0.0,0-0.005,62,16,3,1187,80,7,test
mp-4524,ZnGeP2,0.0,0-0.005,122,8,3,126,51,1,test
mp-761035,AgRuO4,0.0,0-0.005,88,12,3,63,44,3,test
mp-766486,LiCuS2,0.0657802304166708,0.06-0.0801,58,8,3,59,2,2,test
mp-1226882,Ce2Al3Fe,0.0303563100000001,0.02-0.04,166,6,3,1076,53,1,test
mp-849246,Ti2CdO5,0.0405495121874999,0.04-0.06,63,16,5,880,30,8,test
mp-1220112,NdZrNO2,0.0542239266874968,0.04-0.06,14,20,6,575,2,12,test
mp-1222346,LiMo6(SeS3)2,0.0502401264999985,0.04-0.06,148,15,4,351,1,7,test
mp-1018680,DyTlZn,0.0227040933333335,0.02-0.04,194,6,3,1129,168,0,test
mp-14107,NpF3,0.0,0-0.005,194,8,3,1129,439,1,test
mp-1226126,CoRe2(MoS4)2,0.0783229802233238,0.06-0.0801,44,13,7,187,3,13,test
mp-697833,SrLaFeRuO6,0.0076025500000129,0.005-0.02,7,20,10,106,38,30,test
mp-504821,TlFeBr3,0.0530715431666664,0.04-0.06,62,20,5,1187,318,10,test
mp-569671,ZrSb,0.0,0-0.005,198,8,2,67,13,2,test
mp-1080842,Ba2UPbO6,0.0281789372499989,0.02-0.04,225,10,4,3960,923,1,test
mp-755079,V4(OF3)3,0.0137028112499999,0.005-0.02,1,16,16,470,4,48,test
mp-30884,YZn3,0.0,0-0.005,62,16,4,1187,80,8,test
mp-7193,Lu2Si2O7,0.0,0-0.005,12,11,5,1273,18,8,test
mp-1221808,Mn4Cr(Co2Sn)5,0.0125709260833328,0.005-0.02,166,20,11,1076,2,9,test
mp-1113441,Cs2TlAgF6,0.0,0-0.005,225,10,4,3960,923,1,test
mp-430,TiO2,0.0654080916666668,0.06-0.0801,14,12,3,575,31,9,test
mp-505424,VCdCuO4,0.0391649817857118,0.02-0.04,63,14,5,880,15,6,test
mp-1217399,Ti(FeO2)2,0.0720229678571353,0.06-0.0801,36,14,7,174,9,14,test
mp-1186581,PmGe3,0.0,0-0.005,194,8,2,1129,439,1,test
mp-756729,Li3Mn3SbO8,0.0679822700000007,0.06-0.0801,166,15,5,1076,15,3,test
mp-1215550,Zn2InAgTe4,0.0081920100000001,0.005-0.02,121,8,4,101,48,2,test
mp-4251,Pr(Sb3Os)4,0.0086126564705901,0.005-0.02,204,17,3,122,40,2,test
mp-31170,Cd2AgAu,0.0,0-0.005,225,4,3,3960,2406,0,test
mp-570939,CdI2,0.000170832222222,0-0.005,156,18,18,302,5,18,test
mp-561367,F2,0.0093400274999999,0.005-0.02,12,4,2,1273,7,4,test
mp-1221899,Mn2FeSbO6,0.0185614686249984,0.005-0.02,146,10,6,73,21,10,test
mp-1522189,NaEuHfWO6,0.0395616083641208,0.02-0.04,216,10,5,538,130,1,test
mp-1189154,NaZnSO4F,0.0073324582031242,0.005-0.02,15,16,6,533,5,9,test
mp-777812,Li3MnF6,0.0371046534999992,0.02-0.04,9,20,10,107,2,30,test
mp-13135,Eu(ZnSn)2,0.0352957630789481,0.02-0.04,129,10,5,472,69,3,test
mp-18924,Sr3(FeO3)2,0.0,0-0.005,139,11,5,1233,4,4,test
mp-568130,NdAlPt,0.0,0-0.005,62,12,3,1187,413,6,test
mp-1008492,BrCl,0.0006782575000001,0-0.005,63,4,2,880,83,1,test
mp-984714,AgAsS,0.011902601319444,0.005-0.02,62,12,3,1187,413,6,test
mp-10909,AlRe2,0.0,0-0.005,139,3,2,1233,82,1,test
mp-1189687,Pr5Sn3,0.0043415124999999,0-0.005,193,16,3,238,93,2,test
mp-1017559,Eu(ZnAs)2,0.0,0-0.005,164,5,3,551,130,2,test
mp-1174101,Li3MnCoO5,0.0509748554999998,0.04-0.06,1,20,20,470,10,60,test
mp-620571,CaInPd,0.0,0-0.005,62,12,3,1187,413,6,test
mp-1209547,PrAsSe,0.0,0-0.005,62,12,3,1187,413,6,test
mp-1102076,EuMgPd,0.0,0-0.005,62,12,3,1187,413,6,test
mp-570700,Hf3Tl2(CuSe4)2,0.0,0-0.005,12,15,8,1273,7,14,test
mp-1224442,HfTi(PbO3)2,0.0259021971562471,0.02-0.04,107,10,6,158,2,7,test
mp-1106150,CeMn4(CuO4)3,0.034169049531247,0.02-0.04,204,20,4,122,42,2,test
mp-1183458,Ca2CdHg,0.0033192699999999,0-0.005,225,4,3,3960,2406,0,test
mp-1208619,SrLiGaF6,0.0,0-0.005,163,18,4,42,16,3,test
mp-11520,YNiSb,0.0,0-0.005,216,3,3,538,99,0,test
mp-1106169,Zr5Ga3,0.0103465181250008,0.005-0.02,193,16,3,238,93,2,test
mp-7467,RbCuO2,0.0,0-0.005,63,8,3,880,158,4,test
mp-765902,ZnNi4O5,0.0572675014999992,0.04-0.06,12,20,11,1273,10,18,test
mp-1282211,LiVO2,0.0508763268750005,0.04-0.06,36,8,4,174,6,8,test
mp-1523259,Eu2DySbO6,0.0751153558571431,0.06-0.0801,225,10,4,3960,923,1,test
mp-9895,Tc2P3,0.0,0-0.005,2,20,10,676,5,30,test
mp-27334,Tl3FeCl5,0.0,0-0.005,140,18,5,257,26,3,test
mp-1103921,Yb(Mo3Se4)2,0.0413582060000008,0.04-0.06,148,15,4,351,37,7,test
mp-752980,V2(OF)3,0.0333249024305644,0.02-0.04,5,16,9,274,2,23,test
mp-754507,Ni6OF11,0.0354178752314782,0.02-0.04,38,18,10,383,12,17,test
mp-1212534,Gd3Zn5Ge,0.0796716424999992,0.06-0.0801,189,9,4,469,1,2,test
mp-1274301,Ca2VWO6,0.047877624791667,0.04-0.06,12,10,5,1273,36,7,test
mp-1819,SbO2,0.0019360895833342,0-0.005,15,12,4,533,20,7,test
mp-1185306,LiCrRh2,0.0029187391666658,0-0.005,225,4,3,3960,2406,0,test
mp-776439,SmTmO3,0.0516059673749982,0.04-0.06,62,20,4,1187,318,7,test
mp-1216666,TiNbCr4,0.0,0-0.005,216,6,3,538,136,1,test
mp-1206005,Rb3HoF6,0.0032067880000008,0-0.005,139,10,5,1233,7,2,test
mp-973756,Lu2Mo2C3,0.0,0-0.005,12,7,4,1273,25,6,test
mp-1213286,Dy6Co2Sn,0.0201650935317445,0.02-0.04,71,18,7,419,43,8,test
mp-16471,Np(GeRh)2,0.0,0-0.005,139,5,3,1233,443,1,test
mp-1224026,K3ReMoO8,0.0091382303846172,0.005-0.02,160,13,9,311,6,11,test
mp-27424,BaCu4S3,0.0,0-0.005,63,16,5,880,11,8,test
mp-1095351,NpB2C,0.0695474491666665,0.06-0.0801,166,12,4,1076,280,2,test
mp-1080524,LaAl5Ni2,0.0,0-0.005,71,8,4,419,2,3,test
mp-1025338,Tl2CuF4,0.0,0-0.005,139,7,4,1233,76,2,test
mp-1220566,Nb3WSe8,0.0,0-0.005,8,12,12,361,6,24,test
mp-1094034,Ti3C2,0.0497152440000014,0.04-0.06,194,10,3,1129,6,2,test
mp-1218447,Sr2VMoO6,0.0371267878281269,0.02-0.04,123,10,6,626,21,2,test
mp-1220442,Nb6ZnS8,0.0625718243479873,0.06-0.0801,147,15,4,40,21,7,test
mp-1184293,EuTlAu2,0.0512475329166672,0.04-0.06,225,4,3,3960,2406,0,test
mp-1205999,Rb3TmF6,0.039860419,0.02-0.04,139,10,5,1233,7,2,test
mp-1226976,Cd2GaCuS4,0.0724942237500001,0.06-0.0801,8,8,8,361,4,16,test
mp-1217763,SrZnGe,0.0,0-0.005,187,3,3,312,88,0,test
mp-863659,LiScHg2,0.0008210774999999,0-0.005,225,4,3,3960,2406,0,test
mp-13089,Cu2SnTe3,0.0161053079999988,0.005-0.02,44,6,4,187,18,6,test
mp-1187071,SmEuZn2,0.0153924375,0.005-0.02,225,4,3,3960,2406,0,test
mp-1187251,TaSiRu2,0.0319386502083336,0.02-0.04,225,4,3,3960,2406,0,test
mp-1215846,Yb(ZnGa)2,0.0231255986153828,0.02-0.04,139,5,3,1233,443,1,test
mp-1186520,PrDy3,0.02557251125,0.02-0.04,139,4,3,1233,236,0,test
mp-755285,FeHO2,0.0772049925000057,0.06-0.0801,156,4,4,302,33,4,test
mp-1103572,NdGaPt,0.0,0-0.005,62,12,3,1187,413,6,test
mp-4658,La(BO2)3,0.0041628505999931,0-0.005,15,20,6,533,11,14,test
mp-1227320,Ca2GaAg,0.0542821724999997,0.04-0.06,38,4,4,383,41,4,test
mp-984729,BaSr3O4,0.0442534224999997,0.04-0.06,221,8,4,820,10,0,test
mp-1208983,Sc2GaB2Ir5,0.0,0-0.005,127,20,5,246,18,4,test
mp-677445,Y4SiS3,0.0,0-0.005,139,8,5,1233,6,1,test
mp-30389,HoPbAu,0.0,0-0.005,216,3,3,538,99,0,test
mp-1226536,CeNdC4,0.0455067166666669,0.04-0.06,123,6,4,626,37,2,test
mp-777551,LiVF3,0.0371581029999967,0.02-0.04,198,20,3,67,5,5,test
mp-31053,Ag2S,0.0,0-0.005,4,6,3,151,1,9,test
mp-972997,HoErCd2,0.0064112874999997,0.005-0.02,225,4,3,3960,2406,0,test
mp-3739,NdCuSe2,0.0,0-0.005,14,16,4,575,40,12,test
mp-1232271,PmS2,0.0727586691666672,0.06-0.0801,129,6,3,472,37,2,test
mp-12341,CsPrZnTe3,0.0,0-0.005,63,12,5,880,63,5,test
mp-704645,CuO,0.0002646549999996,0-0.005,15,4,2,533,8,1,test
mp-11869,HfSnPd,0.0,0-0.005,216,3,3,538,99,0,test
mp-1221539,MoBr3O,0.0,0-0.005,14,20,5,575,61,15,test
mp-18063,SrSn3,0.0,0-0.005,166,16,4,1076,53,6,test
mp-16548,ZrTiF6,0.0194170143402772,0.005-0.02,225,8,3,3960,15,1,test
mp-30139,BeBr2,0.0,0-0.005,72,6,2,111,5,2,test
mp-1205530,Rb3GdF6,0.0477454658333327,0.04-0.06,139,10,5,1233,7,2,test
mp-23240,CoCl2,0.0016439100000003,0-0.005,166,3,2,1076,42,1,test
mp-753301,Na4(NiO2)5,0.0,0-0.005,2,19,10,676,1,27,test
mp-19387,CdWO4,0.0,0-0.005,13,12,4,57,23,8,test
mp-1184034,GaNi3,0.0125878024999996,0.005-0.02,139,4,3,1233,236,0,test
mp-1223333,KSr2(BiO3)3,0.0560868251666644,0.04-0.06,164,15,6,551,19,4,test
mp-865020,HfMgIr2,0.0,0-0.005,225,4,3,3960,2406,0,test
mp-1184690,Ho2MgRu,0.0698370865236457,0.06-0.0801,225,4,3,3960,2406,0,test
mp-3237,Na2CuF4,0.0,0-0.005,14,14,4,575,11,9,test
mp-4264,K2S2O5,0.0564845380193181,0.04-0.06,11,18,7,277,0,16,test
mp-35589,Na3UF7,0.0271835427272719,0.02-0.04,8,11,8,361,3,19,test
mp-1208864,Sm3TiSb5,0.0229743450000006,0.02-0.04,193,18,4,238,124,2,test
mp-675798,NaHoF4,0.0,0-0.005,141,12,3,181,58,1,test
mp-1103721,Eu2Zn3Ge,0.0162213499999994,0.005-0.02,69,12,5,46,3,5,test
mp-1222035,MgU2O6,0.0307656872222281,0.02-0.04,71,9,4,419,43,4,test
mp-22853,MoCl3,0.0343831258333331,0.02-0.04,12,8,3,1273,15,6,test
mp-977441,MgPaRh2,0.0,0-0.005,225,4,3,3960,2406,0,test
mp-15573,Tl3AsO4,0.0,0-0.005,173,16,4,10,1,8,test
mp-753800,NbOF3,0.0113706974999994,0.005-0.02,2,20,10,676,39,30,test
mp-1019360,ThPSe,0.0,0-0.005,129,6,3,472,177,2,test
mp-1187879,Yb2AgAu,0.0,0-0.005,225,4,3,3960,2406,0,test
mp-1114614,Rb2YTlI6,0.0469653600000001,0.04-0.06,225,10,4,3960,923,1,test
mp-11734,Sr2MgReO6,0.0041708850000024,0-0.005,225,10,4,3960,923,1,test
mp-1188681,InHO2,0.0428103166666673,0.04-0.06,198,16,4,67,0,4,test
mp-1219840,Pr2Si3,0.0520629125000002,0.04-0.06,44,5,5,187,9,5,test
mp-1184968,Li2LuIn,0.0118067753124995,0.005-0.02,225,4,3,3960,2406,0,test
mvc-14591,La2ZnNiO6,0.024116502562502,0.02-0.04,148,10,4,351,38,4,test
mp-1013550,Ca3SbP,0.0,0-0.005,221,5,3,820,273,0,test
mp-1113642,Rb2TlAuI6,0.0720377317500005,0.06-0.0801,225,10,4,3960,923,1,test
mp-11257,SmAu,0.0445348799999996,0.04-0.06,221,2,2,820,168,0,test
mp-1221345,Na2PHO4,0.0042017253125008,0-0.005,4,16,8,151,3,24,test
mp-3147,Er(SiAu)2,0.0366704180000008,0.02-0.04,139,5,3,1233,443,1,test
mp-1221921,MgZnCo,0.0,0-0.005,74,6,3,299,50,1,test
mp-1104853,Zr(Ni2As)2,0.0,0-0.005,136,14,3,167,35,3,test
mp-1207038,USn2,0.0196806004761906,0.005-0.02,65,6,4,265,8,2,test
mp-1184619,Hf2ReRu,0.0305526929000006,0.02-0.04,225,4,3,3960,2406,0,test
mp-15999,Li3AuS2,0.0,0-0.005,72,12,4,111,6,3,test
mp-1217385,Te7As5I,0.0102993183333337,0.005-0.02,8,13,13,361,1,26,test
mp-19354,PrMn7O12,0.0248940022187511,0.02-0.04,204,20,4,122,7,2,test
mp-1105158,Sr2ScGaO5,0.0,0-0.005,46,18,6,58,5,14,test
mp-865737,Li2InSn,0.0,0-0.005,225,4,3,3960,2406,0,test
mp-1220598,Nb6InSe8,0.0184766126666682,0.005-0.02,174,15,7,12,2,8,test
mp-1226757,CdHg2,0.0472143500000001,0.04-0.06,69,3,2,46,3,1,test
mp-1216748,TlMo6(SeS)4,0.0594735183333323,0.04-0.06,1,15,15,470,1,45,test
mp-7258,K4SnO4,0.0,0-0.005,2,18,9,676,23,27,test
mp-30464,Bi2Pd5,0.0,0-0.005,12,14,6,1273,4,12,test
mp-12056,Ba(POs)2,0.0,0-0.005,139,5,3,1233,443,1,test
mp-1219521,SbAsIr,0.0682685954166659,0.06-0.0801,14,12,3,575,42,9,test
mp-1112570,Cs2NaGaF6,0.0085619624999999,0.005-0.02,225,10,4,3960,923,1,test
mp-1091390,Ca(GePt)2,0.0,0-0.005,11,10,5,277,5,10,test
mp-1216339,VGaMo3S8,0.0500632702415027,0.04-0.06,160,13,7,311,6,10,test
mp-481,ScPt3,0.0,0-0.005,221,4,2,820,339,0,test
mp-20892,ZrFeP,0.0,0-0.005,62,12,3,1187,413,6,test
mp-2838,UNi5,0.0,0-0.005,216,6,3,538,10,1,test
mp-31756,Ba2FeReO6,0.0030492895000016,0-0.005,225,10,4,3960,923,1,test
mp-568196,Er3CoSi3,0.0,0-0.005,12,14,7,1273,22,14,test
mp-9042,Np(SiPd)2,0.0,0-0.005,139,5,3,1233,443,1,test
mp-11659,BaTi(BO3)2,0.0027539935624911,0-0.005,148,10,4,351,38,4,test
mp-22324,TbGePt,0.0,0-0.005,62,12,3,1187,413,6,test
mp-569505,TbRe2SiC,0.0,0-0.005,63,10,4,880,44,4,test
mp-1657,UAs2,0.0,0-0.005,129,6,3,472,37,2,test
mp-1078552,Li2H6Pt,0.0119634724242398,0.005-0.02,225,9,3,3960,89,1,test
mp-1077953,Eu4As2O,0.000795560000002,0-0.005,139,7,4,1233,76,2,test
mp-22570,Mg5In2,0.0114839099999999,0.005-0.02,72,14,4,111,1,5,test
mp-1173920,Li2MnCoO4,0.0723304353125042,0.06-0.0801,2,16,8,676,12,24,test
mp-1218729,Sr2La2Mg(RuO4)3,0.0071552951666653,0.005-0.02,1,20,20,470,16,60,test
mp-11572,TaTc,0.0,0-0.005,221,2,2,820,168,0,test
mp-1208261,Ti5MnSb2,0.0,0-0.005,140,16,4,257,52,3,test
mp-4709,PrNbO4,0.0,0-0.005,15,12,4,533,49,8,test
mp-30807,ZrNi4Sn,0.0328175798437495,0.02-0.04,216,6,3,538,136,1,test
mp-1213188,Cu2AgH(SO5)2,0.0338809096484382,0.02-0.04,12,16,8,1273,2,11,test
mp-8723,AsF5,0.0,0-0.005,194,12,3,1129,0,2,test
mp-1223851,In2AsP,0.0015358150000004,0-0.005,115,4,3,112,23,1,test
mp-570864,Er5NiPb3,0.0,0-0.005,193,18,4,238,124,2,test
mp-867300,Rb2Hf2O5,0.0,0-0.005,123,9,5,626,10,2,test
mp-7405,SmAlO3,0.0,0-0.005,62,20,4,1187,318,7,test
mp-755610,Ba6HfO8,0.0637422306666657,0.06-0.0801,225,15,4,3960,14,1,test
mp-558133,Rb2MnF6,0.0043945544444445,0-0.005,186,18,5,183,2,7,test
mp-21433,TbTiGe,0.0,0-0.005,129,6,3,472,177,2,test
mp-1215290,ZrNbFe4,0.0252083758333352,0.02-0.04,164,12,5,551,17,4,test
mp-4492,MnCo2Si,0.0,0-0.005,225,4,3,3960,2406,0,test
mp-1232370,YPO4,0.0288362288888883,0.02-0.04,180,18,3,23,3,3,test
mp-554413,V2Te2O7F2,0.029436285054917,0.02-0.04,2,13,7,676,0,18,test
mp-1217335,ThSiGe,0.0366392008333331,0.02-0.04,74,6,3,299,50,3,test
mp-775904,LiV4O5F7,0.0657807521405153,0.06-0.0801,1,17,17,470,1,51,test
mp-616166,Ba2Ho(CuO2)3,0.0117510445416693,0.005-0.02,123,12,6,626,5,4,test
mp-30732,HoTlPd,0.0,0-0.005,189,9,4,469,305,2,test
mp-1113442,Cs2TlAgCl6,0.0,0-0.005,225,10,4,3960,923,1,test
mp-974634,LiAg2Pd,0.0121630691666667,0.005-0.02,225,4,3,3960,2406,0,test
mp-1030721,Te3Mo2Se,0.0211171633333338,0.02-0.04,156,12,12,302,20,12,test
mp-763428,Li3Fe3CoO8,0.0613694581666672,0.06-0.0801,8,15,11,361,0,26,test
mp-8511,PF5,0.0,0-0.005,194,12,3,1129,0,2,test
mp-1207970,Tm5BiPt2,0.0,0-0.005,140,16,4,257,52,3,test
mp-866112,HoNbRu2,0.0,0-0.005,225,4,3,3960,2406,0,test
mp-1184284,ErTmCd2,0.0070565225000001,0.005-0.02,225,4,3,3960,2406,0,test
mp-1225369,Dy(VCo5)2,0.0669864757575791,0.06-0.0801,71,13,6,419,38,4,test
mp-1029179,MoW(SeS)2,0.0764916549999981,0.06-0.0801,156,12,12,302,24,12,test
mp-25372,LiCuO2,0.0679878174999997,0.06-0.0801,166,4,3,1076,280,1,test
mp-567883,Ti4CoBi2,0.0,0-0.005,140,14,3,257,10,3,test
mp-1215577,Zr2NiS4,0.0,0-0.005,8,7,7,361,16,14,test
mp-19906,Zr2InNi2,0.0003832915000003,0-0.005,127,10,3,246,156,2,test
mp-1018149,ScCu2,0.0,0-0.005,139,3,2,1233,82,1,test
mp-754478,HfZrO4,0.0395594070833329,0.02-0.04,65,6,4,265,53,2,test
mp-1225026,Fe6BC,0.0446573143749997,0.04-0.06,26,16,6,68,0,14,test
mp-1224967,FeIr,0.0635223749999998,0.06-0.0801,166,2,2,1076,44,0,test
mp-867173,SrInHg2,0.0,0-0.005,225,4,3,3960,2406,0,test
mp-1516820,NaSrHfWO6,0.0662998696666665,0.06-0.0801,216,10,5,538,130,1,test
mp-7123,KSb(PSe3)2,0.0,0-0.005,4,20,10,151,10,30,test
mp-978498,Sc3Al,0.0213160399999994,0.02-0.04,221,4,2,820,339,0,test
mp-1222674,Lu4Ge8Pd,0.042371366410256,0.04-0.06,25,13,13,124,19,13,test
mp-977386,LiLu2Tc,0.0057435360416668,0.005-0.02,225,4,3,3960,2406,0,test
mp-862759,PrMgZn2,0.0,0-0.005,225,4,3,3960,2406,0,test
mp-1207601,YWClO4,0.0213519063095279,0.02-0.04,12,14,6,1273,11,13,test
mp-1225041,DyZnSi,0.0,0-0.005,187,3,3,312,88,0,test
mp-19210,CoPtO2,0.0,0-0.005,166,4,3,1076,280,1,test
mp-2645,YbNi5,0.0,0-0.005,191,6,3,355,62,0,test
mp-1178657,ZnFeO2F5,0.0656813244444425,0.06-0.0801,74,18,5,299,0,6,test
mp-865708,LiSm2Ru,0.000284655104167,0-0.005,225,4,3,3960,2406,0,test
mp-1188138,Er2Ge5Ru3,0.0,0-0.005,72,20,6,111,33,7,test
mp-11274,BePd,0.0,0-0.005,221,2,2,820,168,0,test
mp-979041,Tm(AlC)3,0.0,0-0.005,194,14,5,1129,10,2,test
mp-215,YSb,0.0,0-0.005,225,2,2,3960,145,0,test
mp-22955,LiIO3,0.0090183605000007,0.005-0.02,173,10,3,10,0,5,test
mp-1206911,ErRu3C,0.0,0-0.005,221,5,3,820,273,0,test
mp-11019,GaCuO2,0.0,0-0.005,194,8,3,1129,110,1,test
mp-1217924,TaNbC2,0.0169729379166678,0.005-0.02,166,4,3,1076,280,1,test
mp-1228194,Al6CoCu3,0.0,0-0.005,156,10,10,302,0,10,test
mp-973886,Lu2CoRh,0.014203716583335,0.005-0.02,225,4,3,3960,2406,0,test
mp-753144,LiMn2O2F3,0.039657970312497,0.02-0.04,15,16,5,533,5,10,test
mp-1186966,Sc2ZnIn,0.0092731224999997,0.005-0.02,225,4,3,3960,2406,0,test
mp-971,K2O,0.0,0-0.005,225,3,2,3960,55,0,test
mp-557403,LiFe2F6,0.0,0-0.005,102,18,6,13,0,9,test
mp-569238,Cs3LiI4,0.0182038981249998,0.005-0.02,11,16,7,277,0,13,test
mp-1183455,Ca,0.0130716800000001,0.005-0.02,139,1,1,1233,14,0,test
mp-1025876,Te2Mo3Se4,0.0254176444444427,0.02-0.04,156,9,9,302,6,9,test
mp-753173,HoIO,0.0,0-0.005,129,6,3,472,177,2,test
mp-1105984,TeI7,0.0,0-0.005,129,16,4,472,0,5,test
mp-1027647,MoWS4,0.0020866283333331,0-0.005,156,12,12,302,5,12,test
mp-2762,YIr2,0.0,0-0.005,227,6,2,303,132,0,test
mp-24805,LaNiSnH2,0.0,0-0.005,194,10,4,1129,3,1,test
mp-828,SiNi3,0.0,0-0.005,221,4,2,820,339,0,test
mp-1080762,NpGa4,0.0,0-0.005,74,10,4,299,5,4,test
mp-570292,La7Os4C9,0.0,0-0.005,12,20,11,1273,0,18,test
mp-1541180,ZnNiF6,0.0,0-0.005,148,8,3,351,67,3,test
mp-1113761,Rb2InAgCl6,0.0,0-0.005,225,10,4,3960,923,1,test
mp-1187243,TaOs3,0.0,0-0.005,221,4,2,820,339,0,test
mp-15567,Na3AuS2,0.0,0-0.005,167,12,3,77,2,2,test
mp-3676,MgCu4Sn,0.0,0-0.005,216,6,3,538,136,1,test
mvc-14355,CaNiF4,0.0744120224999997,0.06-0.0801,140,12,3,257,17,2,test
mp-1219123,SmAlFe,0.0547928261250021,0.04-0.06,38,12,7,383,68,12,test
mp-1209897,Ni(PtO2)3,0.0009693657499969,0-0.005,65,10,5,265,2,3,test
mp-1220403,Nd2Ga5Cu3,0.0,0-0.005,115,10,7,112,6,3,test
mp-1094116,MgAl2,0.0,0-0.005,194,12,3,1129,127,2,test
mp-690658,V2CuO6,0.0104709466666594,0.005-0.02,2,9,5,676,12,12,test
mp-31449,HoAgPb,0.0,0-0.005,186,6,3,183,88,3,test
mp-1219484,SbPb4,0.0652207480000006,0.06-0.0801,166,5,3,1076,14,2,test
mp-559446,NaPPdS4,0.0,0-0.005,140,14,4,257,0,2,test
mp-865022,MnIr3,0.0,0-0.005,194,8,2,1129,439,1,test
mp-867221,Ce3(TaN3)2,0.0,0-0.005,139,11,5,1233,4,4,test
mp-1189666,U3Cu3Sn4,0.0411587602857146,0.04-0.06,220,20,3,111,40,1,test
mp-1104741,Tb(Al2Cu)4,0.0,0-0.005,139,13,4,1233,45,2,test
mp-1222627,Li2ZnGe3,0.0220063091666662,0.02-0.04,156,6,6,302,20,6,test
mp-1105409,YSb(PbO3)2,0.0147868086770781,0.005-0.02,15,20,6,533,54,13,test
mp-1229120,Ag2BiSbSe4,0.0465192440624999,0.04-0.06,119,8,6,124,13,2,test
mp-1228288,Al4Ni15Ge,0.0027769665000008,0-0.005,123,20,9,626,8,6,test
mp-1215576,YbSm4S5,0.0140554330000002,0.005-0.02,166,10,6,1076,21,4,test
mp-1080486,TiFeP,0.0299490805555535,0.02-0.04,189,9,4,469,305,2,test
mp-684675,V12P7,0.0,0-0.005,174,19,7,12,3,12,test
mp-1217829,TaTiSe4,0.00427511,0-0.005,10,6,4,138,10,4,test
mp-1025039,PbS2,0.0,0-0.005,140,6,2,257,38,1,test
mp-560558,CsCdAuS2,0.0005925660000003,0-0.005,67,10,4,11,2,3,test
mp-25233,V2O5,0.0113430749999974,0.005-0.02,63,14,4,880,6,7,test
mp-763007,Mn2OF3,0.0494413199305565,0.04-0.06,38,18,10,383,10,17,test
mp-625576,Mo(HO2)2,0.0324307298214288,0.02-0.04,1,14,14,470,4,42,test
mp-1222359,LuMn6GaGe5,0.0073610825000045,0.005-0.02,183,13,7,6,1,7,test
mp-865840,Ti2TcIr,0.0,0-0.005,225,4,3,3960,2406,0,test
mp-27207,K2MgCl4,0.0,0-0.005,139,7,4,1233,76,2,test
mp-1069042,Eu(ZnSb)2,0.0,0-0.005,164,5,3,551,130,2,test
mp-1207003,La2Cu2I,0.0,0-0.005,187,5,4,312,2,1,test
mp-29584,K4BeAs2,0.0,0-0.005,166,7,4,1076,22,3,test
mp-1217832,TaTiNi6,0.0106043309375003,0.005-0.02,187,8,4,312,6,2,test
mp-754671,YScO2,0.0468886606250009,0.04-0.06,166,4,3,1076,280,1,test
mp-1226836,Ce3SbAs2,0.0269983949999996,0.02-0.04,71,6,4,419,25,2,test
mp-1182885,AlCu4,0.0362924304999996,0.02-0.04,198,20,3,67,1,5,test
mp-22526,LiCoO2,0.0,0-0.005,166,4,3,1076,280,1,test
mp-504510,MgV2O6,0.0,0-0.005,12,9,5,1273,22,8,test
mp-1216925,TmTiFe11,0.0151650383333326,0.005-0.02,44,13,8,187,13,12,test
mp-1212435,HfFeSb,0.050748699444445,0.04-0.06,62,12,3,1187,413,6,test
mp-1188857,NbNiB2,0.0,0-0.005,62,16,4,1187,107,8,test
mp-1221974,MgMnTe4,0.0264378670833345,0.02-0.04,14,12,4,575,22,6,test
mp-5594,Sc2Si2O7,0.0,0-0.005,12,11,5,1273,18,8,test
mp-1205493,Y3(AgSn)4,0.0012458881818169,0-0.005,71,11,5,419,49,5,test
mp-1208551,Tb(ZnP)3,0.0,0-0.005,194,14,5,1129,10,2,test
mp-1184966,Li2CdPt,0.0020385745833335,0-0.005,225,4,3,3960,2406,0,test
mp-754122,LiNiPO4,0.0557076467857138,0.04-0.06,148,14,5,351,1,7,test
mp-2554,Al3V,0.0,0-0.005,139,4,3,1233,236,0,test
mp-1008528,B2AsP,0.0678527217500013,0.06-0.0801,115,4,3,112,23,1,test
mp-9755,HfGeO4,0.0,0-0.005,88,12,3,63,44,3,test
mp-1222488,LuAlFe,0.0,0-0.005,38,12,7,383,68,12,test
mp-1216824,Tl8SnTe6Pb,0.0024323295170516,0-0.005,87,16,5,101,0,6,test
mp-12023,MnCu2SiS4,0.0,0-0.005,31,16,6,112,21,14,test
mp-1094140,MnGe2,0.0474924066666622,0.04-0.06,140,6,2,257,38,1,test
mp-1114362,Rb2NaAsCl6,0.0,0-0.005,225,10,4,3960,923,1,test
mp-1079564,EuCu4P3,0.0,0-0.005,123,8,4,626,21,2,test
mp-1069937,Ba(SbRu)2,0.0302827470000002,0.02-0.04,139,5,3,1233,443,1,test
mp-1030136,Te6MoW3S2,0.0768784716666672,0.06-0.0801,156,12,12,302,36,12,test
mp-1102078,DyNi3,0.0,0-0.005,166,12,5,1076,53,4,test
mp-1009133,MnCo,0.0,0-0.005,221,2,2,820,168,0,test
mp-1225365,Eu2BPd6,0.0,0-0.005,123,9,5,626,6,2,test
mp-9084,CsGdS2,0.0,0-0.005,166,4,3,1076,280,1,test
mp-1226733,CdHgSe2,0.0062008475000001,0.005-0.02,160,4,4,311,32,4,test
mp-1104399,Dy3Pd4,0.0,0-0.005,148,14,4,351,23,6,test
mp-1225916,CsCNO,0.0,0-0.005,46,8,4,58,4,7,test
mp-567538,YbCu2,0.0,0-0.005,74,6,2,299,44,3,test
mp-7950,ThSeO,0.0,0-0.005,129,6,3,472,177,2,test
mp-1078938,YAl2Pd5,0.0,0-0.005,139,8,4,1233,3,2,test
mp-20621,NbInS2,0.0158871449999997,0.005-0.02,187,4,3,312,11,1,test
mp-864800,Yb2PdAu,0.0,0-0.005,225,4,3,3960,2406,0,test
mp-2812,HoFe5,0.0022917472222214,0-0.005,191,6,3,355,62,0,test
mp-1222275,LiTlO2,0.0798840021874998,0.06-0.0801,123,4,4,626,136,0,test
mp-1246243,Ca8Mn3N8,0.0377590602117345,0.02-0.04,12,19,10,1273,1,18,test
mp-1102237,Lu2Ga8Fe,0.0104684538333312,0.005-0.02,123,11,5,626,22,3,test
mp-1079428,Sm(BIr)2,0.0,0-0.005,70,10,3,87,16,2,test
mp-31096,Li3AlH6,0.0,0-0.005,148,20,5,351,26,9,test
mp-2580,NbB,0.0,0-0.005,63,4,2,880,83,2,test
mp-1018073,HoGa,0.0,0-0.005,63,4,2,880,83,2,test
mp-761087,NaTiO2,0.0421636864152308,0.04-0.06,227,16,3,303,15,1,test
mp-995122,NbS2,0.0372527949999987,0.02-0.04,164,3,2,551,74,1,test
mp-975176,Rb2HgAu,0.0302888877734373,0.02-0.04,225,4,3,3960,2406,0,test
mp-20021,DySn2,0.0,0-0.005,63,6,3,880,64,3,test
mp-1112676,Cs2LiSbCl6,0.0183509043749978,0.005-0.02,225,10,4,3960,923,1,test
mp-12170,La2SnS5,0.0,0-0.005,55,16,5,40,2,6,test
mp-1189767,La5Tl3,0.0,0-0.005,140,16,4,257,42,3,test
mp-865217,YbThRh2,0.0,0-0.005,225,4,3,3960,2406,0,test
mp-864618,BaHg2Pb,0.0,0-0.005,225,4,3,3960,2406,0,test
mp-755281,VCrO3,0.0123088286250023,0.005-0.02,1,20,20,470,28,60,test
mp-1225895,CsRb,0.0281928722844827,0.02-0.04,65,2,2,265,21,0,test
mp-20721,NpTeAs,0.0,0-0.005,129,6,3,472,177,2,test
mp-558528,La2TiZnO6,0.0430547942500076,0.04-0.06,14,20,6,575,188,12,test
mp-1224489,Hf10VSb5,0.0,0-0.005,97,16,5,29,8,4,test
mp-1019255,SmTlCd,0.0164149289999961,0.005-0.02,194,6,3,1129,168,0,test
mp-571222,CsBr,0.0,0-0.005,225,2,2,3960,145,0,test
mp-1185376,LiLaTl2,0.0,0-0.005,225,4,3,3960,2406,0,test
mp-1342,BaO,0.0,0-0.005,225,2,2,3960,145,0,test
mp-1218409,SrCaAl2(SiN3)2,0.0,0-0.005,1,12,12,470,0,36,test
mp-781712,Na2SnO2,0.0401587537499974,0.04-0.06,19,20,5,49,4,15,test
mp-23051,NbSeI,0.0,0-0.005,216,12,3,538,99,3,test
mp-1217761,SrSmCoO4,0.0380247715178283,0.02-0.04,107,7,6,158,20,6,test
mp-10334,Pr(CdP)3,0.0087155621428567,0.005-0.02,194,14,5,1129,10,2,test
mp-1218857,Sr2Al3Ge,0.0511939616666676,0.04-0.06,187,6,5,312,9,1,test
mp-28144,SiBi2O5,0.0122093597916697,0.005-0.02,36,16,5,174,4,13,test
mp-1218098,SrNdFeO4,0.0272785080952404,0.02-0.04,107,7,6,158,20,6,test
mp-1184082,Er2ZnHg,0.0168118599999997,0.005-0.02,225,4,3,3960,2406,0,test
mp-1184659,GdDyIn2,0.0186877799999996,0.005-0.02,225,4,3,3960,2406,0,test
mp-12860,Na3Cu2SbO6,0.0561489654166642,0.04-0.06,12,12,6,1273,28,7,test
mp-567278,Sr(Si3N4)2,0.0,0-0.005,44,15,6,187,1,13,test
mp-1222679,Li2MnBr4,0.0642611278571427,0.06-0.0801,74,14,5,299,45,4,test
mp-862983,InCl3,0.0,0-0.005,194,8,2,1129,439,1,test
mp-1114267,K2InCuCl6,0.0222425004999977,0.02-0.04,225,10,4,3960,923,1,test
mp-559450,FeF3,0.0111520168749992,0.005-0.02,227,16,2,303,0,1,test
mp-752401,Rb2ZrO3,0.0272930949999992,0.02-0.04,9,12,6,107,11,18,test
mp-10516,Dy6FeTe2,0.0,0-0.005,189,9,4,469,57,2,test
mp-973166,NaCd3,0.0159256112499999,0.005-0.02,194,8,2,1129,439,1,test
mp-1018953,PuSbTe,0.0,0-0.005,129,6,3,472,177,2,test
mp-1221679,MnCoP2,0.0,0-0.005,26,8,4,68,22,8,test
mp-1184573,HfTaRu2,0.0158720400000014,0.005-0.02,225,4,3,3960,2406,0,test
mp-1220217,NdGa3Ag,0.0212068716666622,0.02-0.04,107,5,4,158,75,4,test
mp-30367,Ca5Au2,0.0,0-0.005,15,14,4,533,21,10,test
mp-10118,Mn3B4,0.0428676797619047,0.04-0.06,71,7,4,419,4,3,test
mp-1068807,EuSi3Rh,0.0,0-0.005,107,5,4,158,75,4,test
mp-1084757,LaNiSn2,0.0,0-0.005,63,8,4,880,158,4,test
mp-10444,Ca2Al2O5,0.0227590441270413,0.02-0.04,46,18,6,58,13,14,test
mp-1542758,SrMoO3,0.0,0-0.005,12,10,5,1273,24,8,test
mp-1186776,SrTl3,0.00165018125,0-0.005,194,8,2,1129,439,1,test
mp-20917,U2Fe3Ge,0.0,0-0.005,194,12,3,1129,48,2,test
mp-1113515,Cs2LiEuCl6,0.0,0-0.005,225,10,4,3960,923,1,test
mp-743,RbN3,0.0,0-0.005,140,8,3,257,5,1,test
mp-550959,KNiIO6,0.0,0-0.005,149,9,4,8,6,3,test
mp-1176712,LiFe7O7F,0.0660129187500002,0.06-0.0801,38,16,10,383,0,16,test
mp-676284,YAgSe2,0.0412201124999995,0.04-0.06,8,8,8,361,6,16,test
mp-1106280,Ca5Sn3H,0.0,0-0.005,140,18,5,257,26,3,test
mp-690495,Fe5SnO8,0.0382628978571464,0.02-0.04,166,14,5,1076,3,4,test
mp-996992,LiAgO2,0.0224992587499999,0.02-0.04,12,4,3,1273,42,2,test
mp-1102901,NdNiP,0.0,0-0.005,194,12,4,1129,168,2,test
mp-1228509,Ba2In3Au,0.0311431433333337,0.02-0.04,8,6,6,361,21,12,test
mp-1229100,Ag2Se,0.0253436199999996,0.02-0.04,225,3,2,3960,55,0,test
mp-557232,KSmPdO3,0.0244294872708294,0.02-0.04,12,12,6,1273,12,12,test
mp-1188849,LiNdGe2,0.0,0-0.005,62,16,4,1187,107,8,test
mp-1102297,BaGdCuS3,0.0,0-0.005,63,12,5,880,63,5,test
mp-1208922,Sm2NiPtO6,0.0086086625624988,0.005-0.02,14,20,6,575,188,12,test
mp-972892,MgHg5,0.0454097466666665,0.04-0.06,38,6,6,383,20,6,test
mp-1216878,U3Ni3(SnSb)2,0.0043584101249978,0-0.005,199,20,4,12,0,4,test
mp-1215730,Zn3InAgS5,0.0156505932142851,0.005-0.02,1,20,20,470,10,60,test
mp-755213,YbCO3,0.0,0-0.005,62,20,4,1187,318,9,test
mp-2879,SrSnO3,0.0,0-0.005,62,20,4,1187,318,7,test
mp-1555,V3Sb,0.0,0-0.005,223,8,2,54,37,0,test
mp-1147586,SrCu2GeS4,0.0452218958333334,0.04-0.06,121,8,4,101,48,2,test
mp-1187201,Ta2VRe,0.0,0-0.005,225,4,3,3960,2406,0,test
mp-12360,AgSbTe2,0.0379584612499992,0.02-0.04,166,4,3,1076,280,1,test
mp-1277771,La2TiCrO6,0.0798504036666667,0.06-0.0801,2,20,12,676,23,24,test
mp-1222161,Mn4FeGe3,0.0,0-0.005,162,16,4,43,1,4,test
mp-1246970,Ca4PbN4,0.078921799722222,0.06-0.0801,2,18,9,676,23,27,test
mp-752615,Li4(CuO2)3,0.027734559999998,0.02-0.04,8,13,13,361,0,26,test
mp-849636,SrTaNO2,0.0038427609999942,0-0.005,5,20,12,274,1,28,test
mp-1077340,HoNi4Au,0.0,0-0.005,216,6,3,538,136,1,test
mp-2877,Nd(CuSi)2,0.0,0-0.005,139,5,3,1233,443,1,test
mvc-7302,Mg(BiO2)2,0.0466446392857147,0.04-0.06,12,14,7,1273,64,14,test
mp-624492,Li(Fe3Ge2)2,0.0,0-0.005,166,11,4,1076,1,4,test
mp-1523336,BaEuGdSbO6,0.0520729887976205,0.04-0.06,216,10,5,538,130,1,test
mp-1220225,NdCuAg,0.0095744891666669,0.005-0.02,12,6,3,1273,58,6,test
mp-1188959,Sr2LuNbO6,0.0,0-0.005,14,20,6,575,188,12,test
mp-1211285,KTa(PO4)2,5.6461875001190265e-05,0-0.005,12,12,6,1273,24,9,test
mp-1207864,VH3CO5,0.063823724499997,0.06-0.0801,2,20,10,676,5,30,test
mp-10858,Lu(BC)2,0.0271630099999935,0.02-0.04,127,10,3,246,156,2,test
mp-861944,KNaPrTaO5,0.0,0-0.005,129,18,6,472,10,5,test
mp-1228925,AlCdSbTe,0.02218994,0.02-0.04,160,4,4,311,13,4,test
mp-1114495,Rb3EuCl6,0.0657542690000001,0.06-0.0801,225,10,4,3960,100,1,test
mp-862854,PaPd3,0.0,0-0.005,194,8,2,1129,439,1,test
mp-569109,MnBiSe2I,0.0058083374999995,0.005-0.02,12,10,6,1273,11,8,test
mp-753970,Li4V3CrO8,0.0134293853124978,0.005-0.02,2,16,9,676,13,21,test
mp-4337,Dy(GeRh)2,0.0,0-0.005,139,5,3,1233,443,1,test
mp-756746,Rb4PbO4,0.0,0-0.005,2,18,9,676,23,27,test
mp-10970,LiErO2,0.0,0-0.005,14,16,4,575,40,12,test
mp-1103535,Yb(CoGe)6,0.0056746730769203,0.005-0.02,191,13,5,355,30,2,test
mp-1184951,Li2GePt,0.01183527375,0.005-0.02,225,4,3,3960,2406,0,test
mp-1220613,Nb6CdSe8,0.0317670826666667,0.02-0.04,147,15,4,40,21,7,test
mp-1226557,CePr4O10,0.0770652444999981,0.06-0.0801,87,15,4,101,5,5,test
mp-1221948,MnGaIr2,0.0445577124999996,0.04-0.06,123,4,3,626,136,1,test
mp-1209778,Pr3HfSb5,0.0,0-0.005,193,18,4,238,124,2,test
mp-1187031,SmTmIn2,0.0007442794999992,0-0.005,225,4,3,3960,2406,0,test
mp-13365,SrZn2,0.0492266233333331,0.04-0.06,194,12,3,1129,127,2,test
mp-558255,VAg2PO6,0.0,0-0.005,12,20,8,1273,36,18,test
mp-1079033,Sm(NiAs)2,0.0,0-0.005,129,10,5,472,69,3,test
mp-29488,Na2ZnO2,0.0,0-0.005,14,20,5,575,21,15,test
mp-1106274,La(Co2B)6,0.0,0-0.005,166,19,4,1076,16,5,test
mp-1216177,Y4UPd15,0.0,0-0.005,123,20,9,626,8,6,test
mp-1173972,Li3Mn2O5,0.0581167159999989,0.04-0.06,2,20,11,676,9,27,test
mp-1084759,TbSnRh,0.0,0-0.005,189,9,4,469,305,2,test
mp-1187847,YEr3,0.0098011133333333,0.005-0.02,194,8,2,1129,439,1,test
mp-861982,PaGa3,0.0,0-0.005,221,4,2,820,339,0,test
mp-1218948,SnP,0.0545636445833332,0.04-0.06,164,4,2,551,9,2,test
mp-1225178,Er(Co5Mo)2,0.057909988181815,0.04-0.06,71,13,6,419,38,4,test
mp-850193,HoBO3,0.0330135390000005,0.02-0.04,2,20,10,676,39,30,test
mp-1553,HoNi5,0.0,0-0.005,191,6,3,355,62,0,test
mp-1226065,CoNi5S8,0.0265123067857038,0.02-0.04,216,14,5,538,5,3,test
mp-3748,AlCuO2,0.0,0-0.005,166,4,3,1076,280,1,test
mp-1111571,K2TlRhF6,0.0047507829166582,0-0.005,225,10,4,3960,923,1,test
mp-998739,MgTlF3,0.0,0-0.005,221,5,3,820,273,0,test
mp-1222745,Li2FeCl4,0.0210894228571429,0.02-0.04,74,14,5,299,45,5,test
mp-19331,MnNiO3,0.0,0-0.005,148,10,3,351,48,5,test
mp-2574,ZrO2,0.036243671666666,0.02-0.04,137,6,2,24,2,1,test
mp-1018072,KTiS2,0.0675440893750005,0.06-0.0801,160,4,4,311,32,4,test
mp-761281,FeSbO4,0.0001128874999967,0-0.005,109,12,4,46,7,6,test
mp-29623,SrZnBi2,0.0246500254807693,0.02-0.04,139,8,4,1233,13,2,test
mp-978849,Sm3Mg,0.0597546499999999,0.04-0.06,139,4,3,1233,236,0,test
mp-1025379,Tb2B4C,0.0,0-0.005,71,7,4,419,6,3,test
mp-21395,CrO2,0.0007607050000064,0-0.005,58,6,2,59,33,2,test
mp-1114394,Rb2ScInF6,0.0373323036666706,0.02-0.04,225,10,4,3960,923,1,test
mp-1226637,CeAl2Ag3,0.0,0-0.005,65,6,4,265,12,1,test
mp-561446,BaCa(GaO2)4,0.0,0-0.005,44,14,6,187,0,12,test
mp-12012,KPrGeSe4,0.0,0-0.005,4,14,7,151,7,21,test
mp-5350,Zn(GaS2)2,0.0,0-0.005,82,7,4,145,22,3,test
mp-11800,Co3Se4,0.0174329842857128,0.005-0.02,12,7,4,1273,9,6,test
mp-1183474,CaAcAu2,0.0,0-0.005,225,4,3,3960,2406,0,test
mp-3037,UTeO,0.0,0-0.005,129,6,3,472,177,2,test
mp-8630,SbIrS,0.0,0-0.005,198,12,3,67,48,3,test
mp-554626,Ba(BrO3)2,0.0,0-0.005,15,18,5,533,36,13,test
mp-1212090,HoNiSn4,0.0371238670833342,0.02-0.04,65,12,7,265,53,5,test
mp-22614,NaFe(GeO3)2,0.0,0-0.005,15,20,6,533,54,14,test
mp-1224035,K2SrCl4,0.0282644217857139,0.02-0.04,9,14,7,107,6,21,test
mp-643791,RbP(HO2)2,0.0133963825000025,0.005-0.02,11,16,7,277,11,13,test
mp-1228855,CsRb2Au7,0.0,0-0.005,38,10,7,383,0,10,test
mp-11370,ErIn,0.0,0-0.005,221,2,2,820,168,0,test
mp-1184612,Hf2TcNi,0.0068564899999987,0.005-0.02,225,4,3,3960,2406,0,test
mp-997180,VCuO2,0.0132203887499997,0.005-0.02,194,8,3,1129,110,1,test
mp-29973,SrN,0.0,0-0.005,12,8,4,1273,24,8,test
mp-1212752,EuLuCuS3,0.0,0-0.005,63,12,5,880,63,5,test
mp-1018721,HfO2,0.0547781291666655,0.04-0.06,137,6,2,24,2,1,test
mp-570722,NbI3,0.0462821104687503,0.04-0.06,193,8,2,238,9,1,test
mp-1186013,MnPd3,0.01899550125,0.005-0.02,194,8,2,1129,439,1,test
mp-1188059,ZrGaRu2,0.0,0-0.005,225,4,3,3960,2406,0,test
mp-862473,Sc2AgRu,0.0,0-0.005,225,4,3,3960,2406,0,test
mp-989571,Cs2NaInCl6,0.0,0-0.005,225,10,4,3960,923,1,test
mp-1220785,NaLaTi2O6,0.0096345074750026,0.005-0.02,31,20,7,112,28,17,test
mp-755266,Li4Ti3O8,0.0605996964444264,0.06-0.0801,12,15,8,1273,5,7,test
mp-1113059,Cs2KAlCl6,0.0332998277500005,0.02-0.04,225,10,4,3960,923,1,test
mp-1221928,MnCu2Sn3S8,0.0070384239285674,0.005-0.02,166,14,5,1076,78,4,test
mp-1328,SrRh2,0.0,0-0.005,227,6,2,303,132,0,test
mp-1224271,HfTeSe,0.0086798233333347,0.005-0.02,156,3,3,302,23,3,test
mp-762624,Li2Mn(NiO3)2,0.0435069290151526,0.04-0.06,5,11,6,274,4,16,test
mp-11794,AlAgO2,0.0643882450000017,0.06-0.0801,33,16,4,47,21,12,test
mp-1173050,Nb2SiTe4,0.0544580753571377,0.04-0.06,2,7,4,676,15,9,test
mp-766454,TiO2,0.0646348719444454,0.06-0.0801,12,9,5,1273,77,8,test
mp-11557,ScRe2,0.0,0-0.005,194,12,3,1129,127,2,test
mp-22721,Mo6PbSe8,0.0408857626666643,0.04-0.06,148,15,4,351,37,7,test
mp-675419,LiPrS2,0.034167223125002,0.02-0.04,9,8,4,107,11,12,test
mp-1183207,Ba2AgBi,0.0169904078571443,0.005-0.02,225,4,3,3960,2406,0,test
mp-1176451,Mn5VO12,0.0670730060416637,0.06-0.0801,12,18,8,1273,8,12,test
mp-11498,MgTl,0.0,0-0.005,221,2,2,820,168,0,test
mp-284,AlCo,0.0,0-0.005,221,2,2,820,168,0,test
mp-1220865,NaSm2Se3,0.0019571633333335,0-0.005,71,6,4,419,25,2,test
mp-1227536,Bi4I3Br,0.0322472808333333,0.02-0.04,36,16,8,174,2,16,test
mp-766142,LiFe5O5F,0.0672617941666677,0.06-0.0801,38,12,8,383,0,12,test
mp-1222352,LiTiRhO4,0.0019882974404739,0-0.005,74,14,5,299,53,5,test
mp-754080,LiV3Zn2O8,0.028678751428572,0.02-0.04,166,14,5,1076,78,4,test
mp-1219590,RbMgNiF6,0.0204706361111064,0.02-0.04,74,18,6,299,30,6,test
mp-5061,Li5ReO6,0.0,0-0.005,12,12,6,1273,3,7,test
mp-1187972,Yb3Sn,0.0182393149999997,0.005-0.02,194,8,2,1129,439,1,test
mp-865335,Lu2NiRu,0.0,0-0.005,225,4,3,3960,2406,0,test
mp-865991,YbSmZn2,0.0,0-0.005,225,4,3,3960,2406,0,test
mp-1232096,Nd2MgS4,0.0763235253571439,0.06-0.0801,227,14,3,303,127,1,test
mp-13982,CdCu2GeS4,0.0,0-0.005,31,16,6,112,21,14,test
mp-971673,BiS2,0.0,0-0.005,12,12,6,1273,77,12,test
mp-1111501,K3AsF6,0.0239125021250021,0.02-0.04,225,10,4,3960,100,1,test
mp-1077154,SmCu2,0.0,0-0.005,74,6,2,299,44,3,test
mp-27167,Sn2IF3,0.0,0-0.005,20,12,4,22,1,8,test
mp-7298,Li(CuP)2,0.0,0-0.005,139,5,3,1233,443,1,test
mp-12359,AgSbTe2,0.0615510287499994,0.06-0.0801,123,4,4,626,136,0,test
mp-863076,NbBiO4,0.0656281454166674,0.06-0.0801,5,6,4,274,3,8,test
mp-1218344,Sr3LaCuRuO8,0.0410621952232226,0.04-0.06,38,14,11,383,4,13,test
mp-1223879,InGa3N4,0.0596954212499998,0.04-0.06,156,8,8,302,2,8,test
mp-4938,ScCo3B2,0.0,0-0.005,191,6,3,355,109,0,test
mp-3726,Li2GaPt,0.0,0-0.005,216,4,4,538,51,0,test
mp-864951,MnAlOs2,0.0,0-0.005,225,4,3,3960,2406,0,test
mp-1223727,InTe5Pb4,0.0199585430000004,0.005-0.02,139,10,6,1233,12,4,test
mp-861980,PaGaTc2,0.0,0-0.005,225,4,3,3960,2406,0,test
mp-975786,Li2TmTl,0.0163547599537046,0.005-0.02,225,4,3,3960,2406,0,test
mp-570786,KNa2,0.0098831062988506,0.005-0.02,194,12,3,1129,127,2,test
mp-1188855,Sm2Ga2Co5,0.0095378798888869,0.005-0.02,166,18,7,1076,2,6,test
mp-7342,Sm3Ir,0.0,0-0.005,62,16,3,1187,80,7,test
mp-1023937,WS2,0.0019515066666677,0-0.005,187,3,2,312,17,1,test
mp-1206837,Sm2CuGe6,0.0365108097222215,0.02-0.04,38,9,9,383,39,9,test
mp-31160,CaZnSn,0.0,0-0.005,186,6,3,183,88,3,test
mp-1822,TiAs,0.0,0-0.005,194,8,3,1129,52,1,test
mp-1025450,CeFeSi2,0.0,0-0.005,63,8,4,880,158,4,test
mp-1638,SrAl2,0.0072550233333337,0.005-0.02,227,6,2,303,132,0,test
mp-1095186,K(NpSe3)2,0.0,0-0.005,71,9,4,419,43,4,test
mp-8514,BaNd2PdO5,0.0,0-0.005,127,18,5,246,9,3,test
mp-20614,EuMnO3,0.0,0-0.005,62,20,4,1187,318,7,test
mp-10087,CeScSi,0.0677188218888895,0.06-0.0801,139,6,3,1233,40,2,test
mp-1226105,CsAlFe3(SiO4)3,0.0362134381250038,0.02-0.04,1,20,20,470,1,60,test
mp-1027483,Mo2Se3S,0.0107718050000009,0.005-0.02,156,12,12,302,20,12,test
mp-1227162,CaYb3Mn4O12,0.0100931083333328,0.005-0.02,6,20,14,163,35,34,test
mp-549490,KNb4O5F,0.0,0-0.005,123,11,6,626,0,2,test
mp-1505,TmMg,0.0,0-0.005,221,2,2,820,168,0,test
mp-20723,Ca2PbAu2,0.0,0-0.005,127,10,3,246,156,2,test
mp-1215358,Zr4MoC5,0.0559209690000024,0.04-0.06,166,10,6,1076,21,4,test
mp-1094475,MgZn,0.0313976002759064,0.02-0.04,38,6,6,383,9,6,test
mp-27810,Ba(GeAs)2,0.0,0-0.005,105,20,5,2,0,9,test
mp-30712,Sm2Zn17,0.0,0-0.005,166,19,5,1076,25,5,test
mp-1218235,SrGdNiO4,0.0380886344642839,0.02-0.04,107,7,6,158,20,6,test
mp-1214433,BaGe(AsO4)2,0.0074944347222229,0.005-0.02,12,12,6,1273,24,9,test
mp-1098,Yb4As3,0.0,0-0.005,220,14,2,111,56,1,test
mp-610469,CeBiS2O,0.0324931817500022,0.02-0.04,129,10,5,472,3,4,test
mp-626708,Co(HO)2,0.0713624120000027,0.06-0.0801,1,5,5,470,5,15,test
mp-558632,KNaSO4,0.0147015826190486,0.005-0.02,156,14,10,302,1,12,test
mp-28863,Y6OsI10,0.0,0-0.005,2,17,9,676,20,24,test
mp-1226730,CdH6(NCl)2,0.0,0-0.005,5,11,7,274,4,15,test
mp-11902,Ba2GeSe4,0.0,0-0.005,11,14,6,277,18,13,test
mp-1224615,GdDyNi2,0.00259403,0-0.005,38,4,4,383,41,4,test
mp-1208210,Tl3AsF6,0.076562183499993,0.06-0.0801,12,10,5,1273,11,5,test
mp-570816,Ho5Ga3,0.0339745854687505,0.02-0.04,193,16,3,238,93,2,test
mp-1206215,Er4Ni2C5,0.0,0-0.005,25,11,7,124,0,11,test
mp-756784,LiSbS2,0.0478964387500004,0.04-0.06,123,4,4,626,136,0,test
mp-1187574,YbMgRh2,0.0,0-0.005,225,4,3,3960,2406,0,test
mp-753053,Li2VF4,0.0225435099999984,0.02-0.04,74,14,5,299,45,5,test
mp-1104276,ErNi4,0.0065499513333326,0.005-0.02,12,15,6,1273,9,11,test
mp-1025409,TmPt,0.0,0-0.005,62,8,2,1187,70,4,test
mp-558128,KNd2NbO6,0.0,0-0.005,12,20,8,1273,36,17,test
mp-1102423,CeAlAu,0.0,0-0.005,62,12,3,1187,413,6,test
mp-865368,Tm2NiOs,0.0361680462500002,0.02-0.04,225,4,3,3960,2406,0,test
mp-1188555,Y6GaCo2,0.0,0-0.005,71,18,7,419,43,8,test
mp-1186225,NbOs3,0.0327264244444442,0.02-0.04,221,4,2,820,339,0,test
mp-752669,CeHfO4,0.0557230504166668,0.04-0.06,15,12,4,533,49,8,test
mp-3803,Ta4AlC3,0.0770102037500013,0.06-0.0801,194,16,5,1129,3,3,test
mp-867873,LiTm2Al,0.0,0-0.005,225,4,3,3960,2406,0,test
mp-1228775,Ba3WO6,0.0,0-0.005,1,20,20,470,3,60,test
mp-29624,Mg2Al2Se5,0.0,0-0.005,164,9,5,551,7,4,test
mp-978907,TbTlAg2,0.0179827863768129,0.005-0.02,225,4,3,3960,2406,0,test
mp-753124,Ba5Bi3O11,0.047786221052628,0.04-0.06,38,19,12,383,0,18,test
mp-1029281,Te3MoWSe,0.0532293895833317,0.04-0.06,156,12,12,302,22,12,test
mp-550807,MnInO3,0.0220876746875005,0.02-0.04,194,10,4,1129,53,1,test
mp-1189342,Zr5TePb3,0.0,0-0.005,193,18,4,238,124,2,test
mp-557438,Sm2Ti3(BiO6)2,0.0402987163157959,0.04-0.06,139,19,9,1233,0,6,test
mp-1519152,BaSrYNbO6,0.0144986224999996,0.005-0.02,2,20,12,676,52,24,test
mp-4230,Sc3TlC,0.0,0-0.005,221,5,3,820,273,0,test
mp-1188575,Sm5Bi3,0.0,0-0.005,193,16,3,238,93,2,test
mp-1080821,BaF3,0.0,0-0.005,11,8,4,277,15,8,test
mp-973185,ScAgO2,5.72737499862086e-05,0-0.005,166,4,3,1076,280,1,test
mp-6072,TmMn6(GaSn2)2,0.0018269995822342,0-0.005,191,13,5,355,7,2,test
mp-1187203,Ta3Re,0.0,0-0.005,225,4,3,3960,122,0,test
mp-1077776,ScB2Ir3,0.0063373897222245,0.005-0.02,191,6,3,355,109,0,test
mp-30293,Sr2GeSe4,0.0,0-0.005,40,14,6,40,3,12,test
mp-621132,PrInAu,0.0,0-0.005,189,9,4,469,305,2,test
mp-31423,Ho3(CuSi)4,0.0,0-0.005,71,11,5,419,49,5,test
mp-1105797,Lu2InAu2,0.0010647065000002,0-0.005,136,20,4,167,21,4,test
mp-8260,NaGdS2,0.0,0-0.005,166,4,3,1076,280,1,test
mp-1207922,U3TaSb5,0.0,0-0.005,193,18,4,238,124,2,test
mp-975284,RbIrO3,0.0443120899999831,0.04-0.06,221,5,3,820,273,0,test
mp-1223873,HoSc(BO3)2,0.0099917550000014,0.005-0.02,148,10,4,351,38,4,test
mp-867849,Ca2TlCd,0.0,0-0.005,225,4,3,3960,2406,0,test
mp-999455,NaSmS2,0.0,0-0.005,166,4,3,1076,280,1,test
mp-28019,NbCrSe5,0.0,0-0.005,11,14,7,277,11,14,test
mp-570611,PrInAu2,0.0,0-0.005,225,4,3,3960,2406,0,test
mp-1177082,Li5MnF8,0.0405553892857124,0.04-0.06,65,14,6,265,3,5,test
mp-1113425,Cs2YAgF6,0.0,0-0.005,225,10,4,3960,923,1,test
mp-635,ScRh3,0.0,0-0.005,221,4,2,820,339,0,test
mp-1215357,ZrAlCo,0.0290152141960806,0.02-0.04,38,12,7,383,68,12,test
mp-1227420,BaSrMn2O6,0.0088216357500003,0.005-0.02,194,20,5,1129,0,2,test
mp-753783,Li5InO4,0.0544567474999997,0.04-0.06,59,20,5,106,7,9,test
mp-1102754,U3(FeGe)4,0.0441551709090894,0.04-0.06,71,11,5,419,49,5,test
mp-14209,LiYGe,0.0,0-0.005,189,9,4,469,305,2,test
mp-1187897,Yb2MgTl,0.0,0-0.005,225,4,3,3960,2406,0,test
mp-20586,VCo2Si,0.0270695697395835,0.02-0.04,225,4,3,3960,2406,0,test
mp-6543,VAg(PSe3)2,0.0090355761499969,0.005-0.02,5,10,6,274,6,14,test
mp-989517,Cs2SBrCl6,0.0619432119062501,0.06-0.0801,225,10,4,3960,923,1,test
mp-1176477,Mn2O3F,0.054959516458334,0.04-0.06,74,12,5,299,9,4,test
mp-1221498,Mo2C,0.0664097000000012,0.06-0.0801,164,3,2,551,74,1,test
mp-1228308,Ba2TaCoO6,0.0732958652500102,0.06-0.0801,225,10,4,3960,923,1,test
mp-1828,ThOs2,0.0,0-0.005,227,6,2,303,132,0,test
mp-6841,Ba4NaCu(CO5)2,0.0,0-0.005,121,18,7,101,1,7,test
mp-862655,Ru3W,0.0,0-0.005,194,8,2,1129,439,1,test
mp-1112922,Cs2SbAuI6,0.0573351634999994,0.04-0.06,225,10,4,3960,923,1,test
mp-1114399,KRb2AuF6,0.0783853080000005,0.06-0.0801,225,10,4,3960,923,1,test
mp-554144,K3Mn2F7,0.0,0-0.005,139,12,6,1233,14,4,test
mp-571335,ThBi2,0.0,0-0.005,129,6,3,472,37,2,test
mp-865756,YbGaPd2,0.0105950193749979,0.005-0.02,225,4,3,3960,2406,0,test
mp-1221069,NaDy(WO4)2,0.0294498397916651,0.02-0.04,82,12,6,145,18,6,test
mp-1114594,Rb2NaPrBr6,0.038556761000001,0.02-0.04,225,10,4,3960,923,1,test
mp-3250,Ni2SbTe2,0.0,0-0.005,194,10,3,1129,25,2,test
mp-28657,Na2MgCl4,0.0131011733333354,0.005-0.02,55,14,4,40,14,6,test
mp-568671,V5Si3,0.0,0-0.005,140,16,4,257,42,3,test
mp-1186923,Re3Rh,0.0,0-0.005,194,8,2,1129,439,1,test
mp-1533,Nd3Tl,0.0013878666666666,0-0.005,221,4,2,820,339,0,test
mp-1206658,K3HoF6,0.0669449120000003,0.06-0.0801,225,10,4,3960,100,1,test
mp-10889,La3Al,0.025336194374999,0.02-0.04,221,4,2,820,339,0,test
mp-1118832,Ca2WN2,0.0328433080000012,0.02-0.04,2,10,5,676,6,15,test
mp-12054,Cr2B3,0.0276819125000056,0.02-0.04,63,10,5,880,4,5,test
mp-981699,SmZnIn,0.0,0-0.005,194,6,3,1129,168,0,test
mp-1113354,Cs2CuSbBr6,0.0376184327499995,0.02-0.04,225,10,4,3960,923,1,test
mp-865150,MgCdAu2,0.0069553550000001,0.005-0.02,225,4,3,3960,2406,0,test
mp-1112721,Cs2KPrCl6,0.0137984432500033,0.005-0.02,225,10,4,3960,923,1,test
mp-1941,GaNi,0.0333384707142832,0.02-0.04,221,2,2,820,168,0,test
mp-1224009,In3GaN4,0.0561574424999991,0.04-0.06,156,8,8,302,2,8,test
mp-865465,VCo2Ge,0.0041435788194439,0-0.005,225,4,3,3960,2406,0,test
mp-1187891,Yb2GeAu,0.0040698851249998,0-0.005,225,4,3,3960,2406,0,test
mp-1205607,TmSiOs2C,0.0,0-0.005,63,10,4,880,44,4,test
mp-862291,BeGaRh2,0.0,0-0.005,225,4,3,3960,2406,0,test
mp-1183810,DyLuCu2,0.0,0-0.005,225,4,3,3960,2406,0,test
mp-1102311,Sc3(CuGe)4,0.0,0-0.005,71,11,5,419,49,5,test
mp-1228955,Cs4Na2ScGaF12,0.0,0-0.005,166,20,7,1076,2,7,test
mp-1217788,Ta10Al6B,0.0301890194823517,0.02-0.04,162,17,5,43,2,4,test
mp-1174022,Li3MnCoO5,0.0585414849999983,0.04-0.06,1,20,20,470,10,60,test
mp-1205316,BaAgSb,0.0,0-0.005,194,6,3,1129,168,0,test
mp-763,MgB2,0.0,0-0.005,191,3,2,355,57,0,test
mp-27635,Rb2SnI6,0.014812930277777,0.005-0.02,225,9,3,3960,89,1,test
mp-1519242,SrPrEuNbO6,0.027694683592264,0.02-0.04,2,20,12,676,52,24,test
mp-863709,Ir3Rh,0.0,0-0.005,139,4,3,1233,236,0,test
mp-1102743,ZnS2,0.0060514775297604,0.005-0.02,205,12,2,31,30,1,test
mp-1113382,Rb2PrCuCl6,0.0735713300000009,0.06-0.0801,225,10,4,3960,923,1,test
mp-975729,Pr(BRu)2,0.0,0-0.005,70,10,3,87,16,2,test
mp-19877,ZrNi2Sn,0.0488205299218744,0.04-0.06,225,4,3,3960,2406,0,test
mp-866021,EuInAu2,0.0146105479687506,0.005-0.02,225,4,3,3960,2406,0,test
mp-758949,Li2VGa3O8,0.0727287173571449,0.06-0.0801,1,14,14,470,1,42,test
mp-1186231,NbIr3,0.0,0-0.005,194,8,2,1129,439,1,test
mp-1207463,Zn3(SnPt)2,0.0,0-0.005,194,14,5,1129,0,2,test
mp-1077443,NdScSb,0.0,0-0.005,139,6,3,1233,40,2,test
mp-1030723,Te2Mo3W(SeS2)2,0.0756229362500002,0.06-0.0801,156,12,12,302,6,12,test
mp-1225055,Er2Co3Cu,0.0402301316666671,0.04-0.06,166,6,3,1076,53,1,test
mp-983123,HfMgAu2,0.0,0-0.005,225,4,3,3960,2406,0,test
mp-3614,KTaO3,0.0,0-0.005,221,5,3,820,273,0,test
mp-558798,BiPO4,0.0014606191666661,0-0.005,11,12,5,277,6,11,test
mp-755223,Li3Ni4SnO8,0.0181866808963819,0.005-0.02,12,16,9,1273,36,7,test
mp-4034,LaTe2Se,0.0,0-0.005,63,8,4,880,158,4,test
mp-752973,LiMnF4,0.0567111275000007,0.04-0.06,9,12,6,107,1,18,test
mp-1188155,ReP3,0.0127002983333328,0.005-0.02,62,16,4,1187,80,8,test
mp-20959,Ce2InGe2,0.0,0-0.005,127,10,3,246,156,2,test
mp-1079085,LuInPd,0.0,0-0.005,189,9,4,469,305,2,test
mp-30364,BaAu5,0.0,0-0.005,191,6,3,355,62,0,test
mp-9055,LiAlPdF6,0.0198177353703714,0.005-0.02,163,18,4,42,16,3,test
mp-865230,TmMgRh2,0.0,0-0.005,225,4,3,3960,2406,0,test
mp-2311,NbO,0.0,0-0.005,221,6,2,820,168,0,test
mp-1176407,Na2Co3O4,0.0759281283333326,0.06-0.0801,15,18,5,533,21,13,test
mp-22875,TlBr,0.045168485,0.04-0.06,221,2,2,820,168,0,test
mp-864630,LiMg2Hg,0.0,0-0.005,225,4,3,3960,2406,0,test
mp-1104011,CsGdCdTe3,0.0,0-0.005,63,12,5,880,63,5,test
mp-1188757,Y3Os,0.0,0-0.005,62,16,3,1187,80,7,test
mp-2252,ScB2,0.0,0-0.005,191,3,2,355,57,0,test
mp-1008511,BaGaCu2,0.0,0-0.005,166,4,3,1076,280,1,test
mp-31172,Ca5Ag3,0.0,0-0.005,140,16,4,257,42,3,test
mp-976949,Lu3In,0.0017292212499988,0-0.005,221,4,2,820,339,0,test
mp-1072798,ErAlZn,0.0,0-0.005,194,6,3,1129,168,0,test
mp-1077470,CaNiGe,0.0,0-0.005,129,6,3,472,177,2,test
mp-1228920,CsFeCuF6,0.0,0-0.005,74,18,6,299,30,6,test
mp-20214,UGa3,0.0,0-0.005,221,4,2,820,339,0,test
mp-1187471,ThBi3,0.0558981037500005,0.04-0.06,221,4,2,820,339,0,test
mp-1224821,Ga4Ni3Pd,0.0223253861607144,0.02-0.04,146,8,4,73,6,8,test
mp-8221,ZrAsRu,0.0,0-0.005,189,9,4,469,305,2,test
mp-1306070,V3(O2F)2,0.0195528061111129,0.005-0.02,2,18,10,676,16,24,test
mp-1023953,MoSeS,0.0138073033333343,0.005-0.02,156,6,6,302,23,6,test
mp-3070,Na2CO3,0.0058098881944452,0.005-0.02,12,12,6,1273,51,9,test
mp-1208024,Tm12Co5Bi,0.0,0-0.005,71,18,7,419,3,8,test
mp-19312,BaTb2NiO5,0.002632438055552,0-0.005,71,9,5,419,10,3,test
mp-972810,SiTc2W,0.0,0-0.005,225,4,3,3960,2406,0,test
mp-1217991,TaCu3(TeSe)2,0.0016637400000005,0-0.005,35,8,5,17,4,7,test
mp-24149,LiCe2HO3,0.0349374437499996,0.02-0.04,71,7,5,419,2,2,test
mp-1102613,La3(ZnPt)4,0.0,0-0.005,71,11,5,419,49,5,test
mp-1014231,Hf2Zn,0.0,0-0.005,139,3,2,1233,82,1,test
mp-1188836,V5B3,0.0579147171874989,0.04-0.06,140,16,4,257,42,3,test
mp-2695,Sb2Os,0.0,0-0.005,58,6,2,59,33,2,test
mp-1104026,Be(B6C)2,0.0411184954583356,0.04-0.06,166,15,4,1076,1,5,test
mp-22339,ThCoSn,0.0,0-0.005,189,9,4,469,305,2,test
mp-1187823,Tm2InHg,0.0049375249999998,0-0.005,225,4,3,3960,2406,0,test
mp-21491,Y3GaCo3,0.0039819516666668,0-0.005,63,14,5,880,9,6,test
mp-11514,NbPt2,0.0,0-0.005,71,3,2,419,13,1,test
mp-8308,Ca3Ni7B2,0.0,0-0.005,166,12,5,1076,2,4,test
mp-568501,SrCdBi2,0.0,0-0.005,139,8,4,1233,13,2,test
mp-1029334,Zn2SbN3,0.0203810963541677,0.02-0.04,36,12,4,174,30,10,test
mp-1221721,MnZn(InS2)4,0.0324847325000092,0.02-0.04,8,14,14,361,0,28,test
mp-1186011,MnV2Fe,0.0253238559374988,0.02-0.04,225,4,3,3960,2406,0,test
mp-21113,Y(FeGe)2,0.0,0-0.005,139,5,3,1233,443,1,test
mp-1070713,InNi3N,0.0,0-0.005,221,5,3,820,273,0,test
mp-1554,KTe,0.003362136666666,0-0.005,189,12,4,469,11,4,test
mp-997030,CaAgO2,0.0310810837500001,0.02-0.04,123,4,4,626,136,0,test
mp-18956,SmCrO4,0.0,0-0.005,141,12,3,181,58,2,test
mp-1215245,ZrTi(NiH3)2,0.0016164374999982,0-0.005,38,10,8,383,2,10,test
mp-862846,CaLaHg2,0.0,0-0.005,225,4,3,3960,2406,0,test
mp-766094,NbO2F,0.0668679681250008,0.06-0.0801,19,16,4,49,16,12,test
mp-8573,BaTbF6,0.0406404493750001,0.04-0.06,67,16,4,11,2,6,test
mp-7623,MgAs4,0.0,0-0.005,92,20,3,12,1,7,test
mp-1209865,NbSeBr,0.000939582291668,0-0.005,216,12,3,538,99,3,test
mp-570074,Sc3IrC4,0.0009275639583332,0-0.005,12,16,6,1273,11,12,test
mp-4096,CeAlO3,0.0056001959999978,0.005-0.02,140,10,4,257,11,1,test
mp-1024067,Na2ZnS2,0.0,0-0.005,14,20,5,575,21,15,test
mp-1227293,Ca4Tl2CO9,0.0201614250000004,0.02-0.04,44,16,9,187,1,16,test
mp-20890,Eu(FeAs)2,0.0,0-0.005,139,5,3,1233,443,1,test
mp-1102140,NdSiIr,0.0,0-0.005,198,12,3,67,48,3,test
mp-1095099,LiPtF6,0.0,0-0.005,148,8,3,351,67,3,test
mp-1418,FeNi3,0.0,0-0.005,221,4,2,820,339,0,test
mp-1518998,KSmEuWO6,0.0409890283055638,0.04-0.06,216,10,5,538,130,1,test
mp-1113798,Rb2AgBiF6,0.0166272525000037,0.005-0.02,225,10,4,3960,923,1,test
mp-20271,LaAgSb2,0.0,0-0.005,129,8,4,472,65,2,test
mp-29992,AsPbF7,0.0,0-0.005,2,18,9,676,1,27,test
mp-1078585,GdAl,0.0,0-0.005,63,8,3,880,83,3,test
mp-1177942,Li2Hf2O5,0.0786362186111109,0.06-0.0801,15,18,6,533,5,10,test
mp-1224321,HfAlZn,0.0,0-0.005,74,6,3,299,50,1,test
mp-567981,CrGaCo2,0.0214996137500005,0.02-0.04,225,4,3,3960,2406,0,test
mp-1224988,Gd2InAg,0.0,0-0.005,123,4,3,626,136,1,test
mp-865615,GaSiRu2,0.0,0-0.005,225,4,3,3960,2406,0,test
mp-1079935,LiCaH3,0.0214774180000016,0.02-0.04,167,10,3,77,29,1,test
mp-13020,Ti5CuSb2,0.0016658111250045,0-0.005,140,16,4,257,52,3,test
mp-23710,MgH2,0.0,0-0.005,136,6,2,167,43,1,test
mp-31185,MnAlFe2,0.0,0-0.005,225,4,3,3960,2406,0,test
mp-2845,SbPt,0.0,0-0.005,194,4,2,1129,52,0,test
mp-866226,CaTmPt2,0.025196023645833,0.02-0.04,225,4,3,3960,2406,0,test
mp-1102935,HoSiPt,0.0,0-0.005,62,12,3,1187,413,6,test
mp-1187064,Th3In,0.0,0-0.005,221,4,2,820,339,0,test
mp-1226499,CeLuAl4,0.0392030741666671,0.02-0.04,216,6,3,538,136,1,test
mp-754559,Li4Fe3OF11,0.0506128740058455,0.04-0.06,1,19,19,470,8,57,test
mp-1077347,UPt4Au,0.0,0-0.005,216,6,3,538,136,1,test
mp-973053,ScH3,0.0379114737500003,0.02-0.04,225,4,3,3960,122,0,test
mp-1106051,Y3Cu3Sb4,0.0,0-0.005,220,20,3,111,40,1,test
mp-755724,Li3V2NiO6,0.0685313210937499,0.06-0.0801,12,12,7,1273,28,10,test
mp-1101043,TiAl2O5,0.0247033409374992,0.02-0.04,36,16,8,174,4,16,test
mp-1218346,SrCa,0.0364212066666667,0.02-0.04,65,2,2,265,21,0,test
mp-862915,Er2Mg,0.0005136750000001,0-0.005,63,6,3,880,64,3,test
mp-1186249,Nd2InHg,0.0185827925000001,0.005-0.02,225,4,3,3960,2406,0,test
mp-756579,Li2AlCoO4,0.0724411196874985,0.06-0.0801,7,16,8,106,17,24,test
mp-1103264,ZrV2,0.0325666608333339,0.02-0.04,194,12,3,1129,127,2,test
mvc-15544,Mg2FeN2,0.0701954796666664,0.06-0.0801,12,10,5,1273,46,10,test
mp-1187099,Sr2TlHg,0.0,0-0.005,225,4,3,3960,2406,0,test
mp-1225362,Dy2CO5,0.0,0-0.005,63,16,5,880,30,8,test
mp-22116,EuGe2,0.0193650116666663,0.005-0.02,164,3,2,551,74,1,test
mp-617543,Th(InBr3)2,0.0,0-0.005,15,18,5,533,36,13,test
mp-342,SmTe,0.0,0-0.005,225,2,2,3960,145,0,test
mp-1226986,Cd3(InTe3)2,0.0106142400000006,0.005-0.02,5,11,6,274,2,16,test
mp-1217684,Tb2TeS2,0.0,0-0.005,71,5,3,419,60,2,test
mp-971787,VBr2,0.0,0-0.005,164,3,2,551,74,1,test
mp-1217282,Th4AgPd,0.0192808691666659,0.005-0.02,97,6,3,29,9,1,test
mp-18762,Na4CoO3,0.0,0-0.005,9,16,8,107,7,24,test
mp-1224910,FeNiTe4,0.0581883308333335,0.04-0.06,14,12,4,575,22,6,test
mp-19178,CoAgO2,0.0,0-0.005,194,8,3,1129,110,1,test
mp-1223574,KFeSn3O8,0.0,0-0.005,8,13,13,361,4,26,test
mp-1274844,LiCr2O3,0.0755124772222224,0.06-0.0801,1,12,12,470,7,36,test
mp-31081,Sc(MnAl2)4,0.0,0-0.005,139,13,4,1233,45,2,test
mp-1184739,HoCdRh2,0.0,0-0.005,225,4,3,3960,2406,0,test
mp-865519,YTaRu2,0.0,0-0.005,225,4,3,3960,2406,0,test
mp-555359,KMnF3,0.0001795024999964,0-0.005,140,10,4,257,11,1,test
mp-15973,Cr2HgS4,0.0,0-0.005,227,14,3,303,127,1,test
mp-1112945,Cs2NdAgCl6,0.0,0-0.005,225,10,4,3960,923,1,test
mp-1216230,Y(Fe5Mo)2,0.0160516132478587,0.005-0.02,71,13,6,419,38,4,test
mp-553000,BaCo2(AsO4)2,0.0138015388461534,0.005-0.02,2,13,7,676,7,18,test
mp-1113404,Rb2InCuBr6,0.0499984245000004,0.04-0.06,225,10,4,3960,923,1,test
mp-16337,Ga2HgTe4,0.0,0-0.005,82,7,4,145,22,3,test
mp-3262,Tm(CoSi)2,0.0,0-0.005,139,5,3,1233,443,1,test
mp-865225,TmMgAu2,0.0,0-0.005,225,4,3,3960,2406,0,test
mp-19367,NaCr(SiO3)2,0.0,0-0.005,15,20,6,533,54,14,test
mp-1221135,Na5CoCO5,0.0381525920138887,0.02-0.04,25,12,8,124,1,12,test
mp-557533,Cs2TlVF6,0.0,0-0.005,225,10,4,3960,923,1,test
mp-1207207,Rb(AsIr)2,0.0,0-0.005,139,5,3,1233,443,1,test
mvc-5710,Zn2CuIrO6,0.0593309394999979,0.04-0.06,14,20,6,575,188,12,test
mp-1079388,Nd(BRu)2,0.0,0-0.005,70,10,3,87,16,2,test
mp-9068,K2NaAlP2,0.0,0-0.005,72,12,4,111,7,4,test
mp-1219475,Sb2Te2Se,0.0321226940000007,0.02-0.04,160,5,5,311,2,5,test
mp-1217962,SrSmAlO4,0.0269027975148805,0.02-0.04,107,7,6,158,20,6,test
mp-1223267,La2(MgAg3)3,0.0,0-0.005,21,14,8,14,0,6,test
mp-45,Ca,0.0,0-0.005,225,1,1,3960,26,0,test
mp-1232280,SmS2,0.0,0-0.005,14,12,3,575,31,9,test
mp-864893,NdAgHg2,0.0,0-0.005,225,4,3,3960,2406,0,test
mp-1189957,Ta3RhS6,0.0,0-0.005,182,20,4,27,17,4,test
mp-7881,Sr(CdGe)2,0.0,0-0.005,139,5,3,1233,443,1,test
mp-5960,Ca3UO6,0.0376945309999996,0.02-0.04,14,20,6,575,35,12,test
mp-7459,Te2Mo,0.0147859608333336,0.005-0.02,11,12,6,277,7,12,test
mp-1100795,ZrCl3,0.0257143875000007,0.02-0.04,2,8,4,676,7,12,test
mp-3208,ZrGeTe,0.0,0-0.005,129,6,3,472,177,2,test
mp-865932,Li2CePb,0.0536761010714288,0.04-0.06,225,4,3,3960,2406,0,test
mp-1219178,Sm3ErS4,0.0079114975000011,0.005-0.02,47,8,6,83,2,2,test
mp-1078183,CaNi5H,0.0664337169047639,0.06-0.0801,8,7,6,361,1,13,test
mp-558826,KHoBeF6,0.0,0-0.005,11,18,7,277,5,16,test
mp-1205833,Ba2NbRhO6,0.0,0-0.005,225,10,4,3960,923,1,test
mp-1206041,Cs3VF6,0.0220662452499995,0.02-0.04,225,10,4,3960,100,1,test
mp-753349,LiTiSiO4,0.0677916053333334,0.06-0.0801,63,14,5,880,15,6,test
mp-7144,Sm3AlC,0.0026391752500014,0-0.005,221,5,3,820,273,0,test
mp-672340,LiIn2Ru,0.0393245220833335,0.02-0.04,225,4,3,3960,2406,0,test
mp-1101871,Sm2Ga8Co,0.0194876859090946,0.005-0.02,123,11,5,626,22,3,test
mp-1215258,ZrBeB,0.0070649716666668,0.005-0.02,187,3,3,312,88,0,test
mp-9899,BaAgP,0.0,0-0.005,194,6,3,1129,168,0,test
mp-775762,AgPO3,0.0454448285000035,0.04-0.06,14,20,5,575,61,15,test
mp-754161,Rb3HoO3,0.0170255021428582,0.005-0.02,12,14,6,1273,22,11,test
mp-31453,NbSbRh,0.0736895160833324,0.06-0.0801,216,3,3,538,99,0,test
mp-12746,Ce2Ga10Pd,0.0062710787692212,0.005-0.02,139,13,6,1233,1,4,test
mp-1218474,Sr3Fe2RuO9,0.0243438433333329,0.02-0.04,123,15,8,626,2,4,test
mp-1206494,LuInNi,0.0,0-0.005,189,9,4,469,305,2,test
mp-1184222,ErZnPd2,0.0172678913888875,0.005-0.02,225,4,3,3960,2406,0,test
mp-1183483,CaAcRh2,0.0,0-0.005,225,4,3,3960,2406,0,test
mp-1188159,Zr5CuBi3,0.0,0-0.005,193,18,4,238,124,2,test
mp-1079300,BaZrSe3,0.0493146635000023,0.04-0.06,194,10,3,1129,53,1,test
mp-754668,Hf3N2O3,0.0376108531250007,0.02-0.04,8,16,16,361,2,32,test
mp-1228089,Ba3SrZn2(WO6)2,0.0083666256875005,0.005-0.02,160,20,12,311,3,16,test
mp-612175,Eu3(AsPd)4,0.0,0-0.005,47,11,7,83,0,4,test
mp-1176656,LiMn2O4,0.0457359354761912,0.04-0.06,2,7,5,676,15,6,test
mp-1217472,TbScSi2,0.0303146062499992,0.02-0.04,38,4,4,383,41,4,test
mp-8956,Ho2S3,0.0078772946666676,0.005-0.02,62,20,5,1187,37,10,test
mp-2778,HoAg,0.0,0-0.005,221,2,2,820,168,0,test
mp-1207034,Tb2GaNi2,0.0,0-0.005,71,5,3,419,60,2,test
mp-1222850,LaSmCr2O6,0.0073313799999983,0.005-0.02,26,20,7,68,11,17,test
mp-1102879,ErSiPt,0.0,0-0.005,62,12,3,1187,413,6,test
mp-29741,Tl2(CdSb)3,0.0005583159375004,0-0.005,12,16,8,1273,3,16,test
mp-1216463,V7S8,0.0785780425000011,0.06-0.0801,12,15,7,1273,0,10,test
mp-1228912,AlCuPd2,0.020546753125,0.02-0.04,123,4,3,626,136,1,test
mp-1111652,K2NaAlCl6,0.0528868695000017,0.04-0.06,225,10,4,3960,923,1,test
mp-19830,ErN,0.0,0-0.005,225,2,2,3960,145,0,test
mp-28508,Cd(HO)2,0.0661632820000006,0.06-0.0801,8,10,7,361,0,17,test
mp-865810,TiTc2W,0.0,0-0.005,225,4,3,3960,2406,0,test
mp-1080146,Pu3Si2,0.0358496030000008,0.02-0.04,127,10,3,246,22,2,test
mp-58,K,0.009577237,0.005-0.02,229,1,1,95,16,0,test
mp-1094285,Sr2Mg,0.0795023183333332,0.06-0.0801,63,6,3,880,64,3,test
mp-973402,SbPd3,0.057335635357143,0.04-0.06,225,4,3,3960,122,0,test
mp-19375,CeCrSe2O,0.0125370900000012,0.005-0.02,12,10,6,1273,11,8,test
mp-1217557,TbAlGa,0.0139895658333335,0.005-0.02,187,3,3,312,88,0,test
mp-1226104,Cr(FeAs3)2,0.0176478936111115,0.005-0.02,10,18,10,138,0,16,test
mp-1212792,Dy4Ga12Pt,0.0,0-0.005,229,17,4,95,20,1,test
mp-30971,CuTe2Cl,0.0,0-0.005,14,16,4,575,40,12,test
mp-866195,Li2LaTl,0.0,0-0.005,225,4,3,3960,2406,0,test
mp-12673,Lu2SO2,0.0,0-0.005,164,5,3,551,130,2,test
mp-1215175,ZrTiW4,0.031036031666666,0.02-0.04,216,6,3,538,136,1,test
mp-21333,Cd(FeO2)2,0.0,0-0.005,227,14,3,303,127,1,test
mp-1189471,Tb2Sn5Rh3,0.0,0-0.005,36,20,10,174,4,20,test
mp-1112486,Cs2TlRuF6,0.0,0-0.005,225,10,4,3960,923,1,test
mp-972022,Tm2ZnRh,0.0188303200000001,0.005-0.02,225,4,3,3960,2406,0,test
mp-1274542,Ba2CoWO6,0.010751375499999,0.005-0.02,139,10,5,1233,15,2,test
mp-1188187,Li3(ZnSn2)2,0.0,0-0.005,194,18,5,1129,2,4,test
mp-922,CoPt3,0.0,0-0.005,221,4,2,820,339,0,test
mp-755658,CePrO2,0.0414669728124987,0.04-0.06,141,8,3,181,50,1,test
mp-865623,Lu2IrRh,0.0,0-0.005,225,4,3,3960,2406,0,test
mp-605034,K2NiF6,0.0,0-0.005,225,9,3,3960,89,1,test
mp-31198,Er3Ru2,0.0722543027500028,0.06-0.0801,176,10,3,74,2,2,test
mp-1224498,Hf5Zr5Ga6,0.0007241030208291,0-0.005,38,16,9,383,10,15,test
mp-624070,GdInPd2,0.0203676626041664,0.02-0.04,225,4,3,3960,2406,0,test
mp-980059,TbPmRh2,0.0,0-0.005,225,4,3,3960,2406,0,test
mp-1205886,Ba2PuPaO6,0.0,0-0.005,225,10,4,3960,923,1,test
mp-643702,Cs3ZnH5,0.0024161780555558,0-0.005,140,18,5,257,26,3,test
mp-568519,Tm3(CuGe)4,0.0,0-0.005,71,11,5,419,49,5,test
mp-1102840,YAlAu,0.0,0-0.005,62,12,3,1187,413,6,test
mp-862961,PmSnRh2,0.0,0-0.005,225,4,3,3960,2406,0,test
mp-19230,K3NaCr2O8,0.0022871267857142,0-0.005,164,14,6,551,30,5,test
mp-1226878,Cd3Hg,0.04063491875,0.04-0.06,187,4,3,312,20,1,test
mp-1079958,LuSnIr,0.0,0-0.005,189,9,4,469,305,2,test
mp-1079242,DyCdGa,0.0,0-0.005,189,9,4,469,305,2,test
mp-557724,KBiF6,0.0,0-0.005,132,16,4,7,6,3,test
mp-861971,PaGaCu2,0.0,0-0.005,225,4,3,3960,2406,0,test
mp-1206852,NdAlGe,0.0,0-0.005,109,6,3,46,26,3,test
mp-13069,Er(AlGe)2,0.0,0-0.005,164,5,3,551,130,2,test
mp-989591,K2BrCl6F,0.0,0-0.005,225,10,4,3960,923,1,test
mp-1103796,EuNi4B,0.0,0-0.005,191,12,5,355,37,1,test
mp-1222982,LaAlNi4,0.0486491066666863,0.04-0.06,187,6,4,312,37,1,test
mp-1226669,CeCoRh,0.0275666849999911,0.02-0.04,74,6,3,299,50,1,test
mp-2435,HoCo5,0.0219868824242421,0.02-0.04,191,6,3,355,62,0,test
mp-973979,LiFePd2,0.0125401891666667,0.005-0.02,225,4,3,3960,2406,0,test
mp-16060,AgAuF4,0.0,0-0.005,140,12,3,257,17,2,test
mp-1185835,Mg5In,0.0314203545433793,0.02-0.04,155,6,3,75,21,2,test
mp-1101897,GdAsS,0.0,0-0.005,62,12,3,1187,413,6,test
mp-1219423,Sc2Ga3Cu,0.0,0-0.005,25,6,6,124,29,6,test
mp-1102284,SbPdS,0.0,0-0.005,198,12,3,67,48,3,test
mp-1952,Ba7Al13,0.0248105197499999,0.02-0.04,164,20,8,551,0,7,test
mp-1186679,PmZnRh2,0.0,0-0.005,225,4,3,3960,2406,0,test
mp-7945,V3S,0.0029779490624992,0-0.005,121,16,4,101,4,6,test
mp-16293,KSbO3,0.0447229700000022,0.04-0.06,227,20,3,303,5,1,test
mp-19927,CeZnGe,0.0,0-0.005,194,12,4,1129,168,2,test
mp-1190078,CeGa6Ni,0.0,0-0.005,123,8,4,626,26,2,test
mp-1211421,KLu(MoO4)2,0.0,0-0.005,164,12,5,551,18,4,test
mp-1027580,MoSeS,0.0137685858333336,0.005-0.02,156,12,12,302,23,12,test
mp-9264,NaTeAu,0.0,0-0.005,194,6,3,1129,168,0,test
mp-9928,CaRhF6,0.0,0-0.005,148,8,3,351,67,3,test
mp-1181438,Er5BiAu2,0.0,0-0.005,140,16,4,257,52,3,test
mp-162,Yb,0.0028149100000001,0-0.005,225,1,1,3960,26,0,test
mp-30004,Rb4Br2O,0.0016726371428572,0-0.005,139,7,4,1233,76,2,test
mp-1219684,PrCoNi,0.0783273134313731,0.06-0.0801,74,6,3,299,50,1,test
mp-1094464,Mg3Zn,0.0772519452261792,0.06-0.0801,225,4,3,3960,122,0,test
mp-19248,BaSm2CoO5,0.0,0-0.005,71,9,5,419,10,3,test
mp-4955,AlVCo2,0.0,0-0.005,225,4,3,3960,2406,0,test
mp-1463,LaIr2,0.0,0-0.005,227,6,2,303,132,0,test
mp-864837,Nd2CuRu,0.0299157637500009,0.02-0.04,225,4,3,3960,2406,0,test
mp-1207118,Ba2CdMoO6,0.0,0-0.005,225,10,4,3960,923,1,test
mp-1212895,Er12In3Fe2,0.0,0-0.005,139,17,5,1233,2,4,test
mp-569115,Li2ZnGe,0.0,0-0.005,194,8,3,1129,110,1,test
mp-1216420,VCrGeC,0.0150340163715263,0.005-0.02,164,8,5,551,2,3,test
mp-1096860,Ca2TiO4,0.0360941653571424,0.02-0.04,139,7,4,1233,76,2,test
mp-561428,NiF3,0.0,0-0.005,167,8,2,77,10,1,test
mp-1186283,Nd3Sc,0.0472522899999994,0.04-0.06,194,8,2,1129,439,1,test
mp-568666,RbAuI3,0.0,0-0.005,12,10,5,1273,24,7,test
mp-1222951,LaGd3(BrO)4,0.0052615637499986,0.005-0.02,38,12,9,383,1,12,test
mp-1209911,NdSbIr,0.0334274124999991,0.02-0.04,62,12,3,1187,413,6,test
mp-867872,LiCdAg2,0.0,0-0.005,225,4,3,3960,2406,0,test
mp-1096867,Cd(CuSe)2,0.0,0-0.005,164,5,3,551,130,2,test
mp-25432,PWO4F,0.0,0-0.005,2,14,8,676,9,18,test
mp-1025423,SmGa2Ni,0.0,0-0.005,65,8,5,265,11,3,test
mp-1222222,Mn4Ga3Co8Ge,0.0037961318750001,0-0.005,166,16,9,1076,23,7,test
mp-1095545,ZrTc2,0.0,0-0.005,194,12,3,1129,127,2,test
mp-1027281,MoWSeS3,0.0507644587499998,0.04-0.06,156,12,12,302,22,12,test
mp-1105606,TiGeIr,0.0111019358333344,0.005-0.02,46,18,7,58,17,15,test
mvc-15846,CaWF6,0.0,0-0.005,148,8,3,351,67,3,test
mp-20777,SmCoGe,0.0,0-0.005,62,12,3,1187,413,6,test
mp-1102795,ErZnPt,0.0,0-0.005,62,12,3,1187,413,6,test
mp-1224422,Hf3Ga3Pd2Pt,0.0,0-0.005,174,18,7,12,0,9,test
mp-29767,Pt5Se4,0.0,0-0.005,14,18,5,575,1,12,test
mp-3847,DyCoC2,0.0,0-0.005,38,4,3,383,41,4,test
mp-752938,LiMnF3,0.0341046040000003,0.02-0.04,167,10,3,77,29,1,test
mp-865151,YbNdRh2,0.0,0-0.005,225,4,3,3960,2406,0,test
mp-21122,NdSb2Pd,0.0,0-0.005,129,8,4,472,65,2,test
mp-1519387,BaSrEuSbO6,0.0253478112500005,0.02-0.04,216,10,5,538,130,1,test
mp-12855,Cu2HgGeSe4,0.0,0-0.005,121,8,4,101,48,2,test
mp-1103807,Eu(GaTe2)2,0.0,0-0.005,66,14,4,18,13,5,test
mp-9061,KPdF3,0.0324720300000018,0.02-0.04,221,5,3,820,273,0,test
mp-556549,Bi2O3,0.0236818160000051,0.02-0.04,56,20,3,1,1,7,test
mp-2906,Ho(NiP)2,0.0,0-0.005,139,5,3,1233,443,1,test
mp-1101942,LaSb2,0.0,0-0.005,64,12,3,82,8,5,test
mp-862962,CaLaZn2,0.0,0-0.005,225,4,3,3960,2406,0,test
mp-865172,YbTaRu2,0.0,0-0.005,225,4,3,3960,2406,0,test
mp-33615,Ba(LaS2)2,0.0132179950000024,0.005-0.02,122,14,3,126,68,4,test
mp-15963,HfPRu,0.0,0-0.005,189,9,4,469,305,2,test
mp-697179,ZrH,0.0002494400000001,0-0.005,131,4,2,15,3,0,test
mp-676040,NiPS3,0.0513324997799999,0.04-0.06,12,10,4,1273,24,8,test
mp-7725,Na2UO4,0.0607747642857177,0.06-0.0801,139,7,4,1233,76,2,test
mp-8753,K4HgP2,0.0,0-0.005,166,7,4,1076,22,3,test
mp-865964,Li2CaSn,0.0,0-0.005,225,4,3,3960,2406,0,test
mp-568284,SrI2,0.0,0-0.005,62,12,3,1187,102,6,test
mp-1219504,Sb3TeClO6,0.0016665446874988,0-0.005,8,11,11,361,1,22,test
mp-1254937,Ca2AlCoO5,0.0239863774801651,0.02-0.04,1,18,18,470,1,54,test
mp-996982,AgBiO2,0.0451203194999996,0.04-0.06,166,4,3,1076,280,1,test
mp-1208013,TlV(SO4)2,0.0,0-0.005,150,12,5,21,12,5,test
mp-559355,Hg3AsS4Cl,0.004177214861111,0-0.005,186,18,5,183,1,7,test
mp-1025156,NpB6,0.0546991623214285,0.04-0.06,221,7,2,820,12,1,test
mp-1114543,KRb2NbF6,0.0687193427499996,0.06-0.0801,225,10,4,3960,923,1,test
mp-27957,Ba3NiO4,0.0509149449999988,0.04-0.06,167,16,4,77,1,2,test
mp-1206569,Tm2MgSi2,0.0,0-0.005,127,10,3,246,156,2,test
mp-1101778,LaAlAu,0.0,0-0.005,62,12,3,1187,413,6,test
mp-12902,ErAgTe2,0.0,0-0.005,113,8,3,19,3,3,test
mp-1190212,Yb5Pt3,0.0,0-0.005,193,16,3,238,93,2,test
mp-642725,CaHClO,0.0,0-0.005,186,8,4,183,1,4,test
mp-1174064,Li3MnCoO5,0.0570434269999982,0.04-0.06,12,20,11,1273,3,18,test
mp-11791,CeCuSe2,0.0009410816874968,0-0.005,14,16,4,575,40,12,test
mp-1247004,Sr(ZnN)2,0.0482138437692318,0.04-0.06,164,5,3,551,130,2,test
mp-21882,Ce(FeGe)2,0.0,0-0.005,139,5,3,1233,443,1,test
mp-27677,KCu4S3,0.0,0-0.005,123,8,4,626,21,2,test
mp-1278154,Sr2FeWO6,0.0034654800000009,0-0.005,87,10,5,101,33,3,test
mp-1018130,PaC2,0.0331837099999994,0.02-0.04,139,3,2,1233,82,1,test
mp-1186234,NbSe2,0.0189564291666668,0.005-0.02,38,12,7,383,4,12,test
mp-1217342,ThFeNi4,0.0509788926388923,0.04-0.06,187,6,4,312,37,1,test
mp-30471,CaCu,0.0007970905000003,0-0.005,11,20,10,277,4,20,test
mp-555805,AlSCl7,0.0,0-0.005,7,18,9,106,3,27,test
mp-571506,TmAlSi,0.0,0-0.005,63,6,3,880,28,2,test
mp-50,Ta,0.0,0-0.005,229,1,1,95,16,0,test
mp-1184681,Hf3Sc,0.0038790862500004,0-0.005,194,8,2,1129,439,1,test
mp-759180,Li2Fe3CoO8,0.0700327107853064,0.06-0.0801,12,14,7,1273,15,8,test
mp-756468,CaY2O4,0.0764079426785713,0.06-0.0801,63,14,5,880,24,6,test
mp-1186024,Na3Cd,0.004911455,0-0.005,225,4,3,3960,122,0,test
mp-1206382,Tm2Ni2Pb,0.0,0-0.005,65,5,3,265,10,2,test
mp-1027761,TeMo2S3,0.0586179966666673,0.04-0.06,156,12,12,302,20,12,test
mp-1218116,TaAlNi,0.0311605488333333,0.02-0.04,38,12,7,383,68,12,test
mp-977567,Hf2CuRe,0.0,0-0.005,225,4,3,3960,2406,0,test
mp-11623,LaInO3,0.0058135406249979,0.005-0.02,62,20,4,1187,318,7,test
mp-640147,Fe(NiO2)2,0.0102496600000003,0.005-0.02,227,14,3,303,127,1,test
mp-571069,Ba3(CdSb2)2,0.0,0-0.005,12,9,5,1273,25,8,test
mp-7908,Al2ZnTe4,0.0,0-0.005,82,7,4,145,22,3,test
mp-1068803,YbGa4,0.0033555760000001,0-0.005,12,5,3,1273,9,3,test
mp-999189,Fe3Ni,0.0776297124999993,0.06-0.0801,221,4,2,820,339,0,test
mp-449,Fe5Si3,0.0339786193750013,0.02-0.04,193,16,3,238,93,2,test
mp-757971,Li7Cr2O8,0.0514445010294126,0.04-0.06,1,17,17,470,0,51,test
mp-1187412,Th(NiH)2,0.0537923854555488,0.04-0.06,191,5,3,355,0,0,test
mp-1185062,La2MgCd,0.00726366,0.005-0.02,225,4,3,3960,2406,0,test
mp-1183076,Ac2AgPb,0.0,0-0.005,225,4,3,3960,2406,0,test
mp-1189146,Sm3Ni13B2,0.0059285350000042,0.005-0.02,191,18,6,355,8,3,test
mp-1223872,HoCo4Ni,0.044765474280302,0.04-0.06,187,6,4,312,37,1,test
mp-22382,TbInAg2,0.0,0-0.005,225,4,3,3960,2406,0,test
mp-1222020,Mn(CuSe)2,0.0382307749999997,0.02-0.04,216,20,6,538,1,4,test
mp-867187,ScInIr2,0.0,0-0.005,225,4,3,3960,2406,0,test
mp-2267,HoB2,0.0,0-0.005,191,3,2,355,57,0,test
mp-1190096,TbWC2,0.0,0-0.005,62,16,4,1187,107,8,test
mp-29209,Ba(MgBi)2,0.0,0-0.005,164,5,3,551,130,2,test
mp-15785,KDyS2,0.0,0-0.005,166,4,3,1076,280,1,test
mp-13854,B3Ru2,0.0,0-0.005,194,10,3,1129,6,2,test
mp-27849,TiBrN,0.0,0-0.005,59,6,3,106,23,3,test
mp-36577,Sr(AsS2)2,0.0379958325000018,0.02-0.04,1,7,7,470,4,21,test
mp-569017,PdI2,0.0156678116666668,0.005-0.02,58,6,2,59,33,2,test
mp-752910,Na3BiO4,0.0373885650000085,0.02-0.04,65,8,5,265,13,2,test
mp-1205629,Cs3FeF6,0.0,0-0.005,225,10,4,3960,100,1,test
mp-23795,CuH4(OF)2,0.0220250538888846,0.02-0.04,12,9,4,1273,9,6,test
mp-22740,CeCuSi,0.0,0-0.005,194,6,3,1129,168,0,test
mp-1007656,HfPd3,0.0141224993749995,0.005-0.02,221,4,2,820,339,0,test
mp-30460,YNiBi,0.0,0-0.005,216,3,3,538,99,0,test
mp-1079096,Cs2NaLaBr6,0.006552927000003,0.005-0.02,225,10,4,3960,923,1,test
mp-753128,Li2VO2F,0.0097301308333284,0.005-0.02,164,12,7,551,7,5,test
mp-15988,Li2CuSb,0.0,0-0.005,216,4,4,538,51,0,test
mp-1206967,Rb3LuF6,0.0,0-0.005,225,10,4,3960,100,1,test
mp-756477,LiTeHO4,0.0678686750595272,0.06-0.0801,6,7,7,163,1,14,test
mp-1518827,BaCaTbBiO6,0.0051775833437517,0.005-0.02,2,20,12,676,52,24,test
mp-1218363,SrCa(CuO2)2,0.0268957502083333,0.02-0.04,139,8,4,1233,1,0,test
mp-447,TmAu,0.0098144974999998,0.005-0.02,221,2,2,820,168,0,test
mp-753326,LiAg2F6,0.0513843061111147,0.04-0.06,150,9,4,21,2,3,test
mp-1517190,Eu2YSbO6,0.0793521412381021,0.06-0.0801,225,10,4,3960,923,1,test
mp-22041,HoGeRu,0.0,0-0.005,62,12,3,1187,413,6,test
mp-22766,CaIn2O4,0.0,0-0.005,227,14,3,303,127,1,test
mp-862432,Sc2AgIr,0.0075081149107143,0.005-0.02,225,4,3,3960,2406,0,test
mvc-13123,CaFeReO6,0.0433917513009305,0.04-0.06,7,18,9,106,1,27,test
mp-755438,LiFe2O2F3,0.0676947980555562,0.06-0.0801,8,16,16,361,2,32,test
mp-1218091,SrPr(CoO3)2,0.0116814264294315,0.005-0.02,7,20,10,106,12,30,test
mp-1101093,CsZn4P3,0.0,0-0.005,123,8,4,626,21,2,test
mp-10065,UFe3B2,0.0,0-0.005,191,6,3,355,109,0,test
mp-1014229,Ti2Zn,0.0,0-0.005,139,3,2,1233,82,1,test
mp-863731,InH4NCl4,0.0,0-0.005,88,20,4,63,1,6,test
mp-1206785,Nd2GaNi2,0.0,0-0.005,71,5,3,419,60,2,test
mp-7617,Rb3YF6,0.0365774660000006,0.02-0.04,139,10,5,1233,7,2,test
mp-1207040,Ba2InOsO6,0.0,0-0.005,225,10,4,3960,923,1,test
mp-1218887,SnTePbSe,0.0498730175000003,0.04-0.06,123,4,4,626,4,0,test
mp-772213,La4CuO8,0.0581558155288473,0.04-0.06,65,13,6,265,1,6,test
mp-34289,TiNbS4,0.0191989974999993,0.005-0.02,12,6,4,1273,22,4,test
mp-12007,HoCdCu4,0.0,0-0.005,216,6,3,538,136,1,test
mp-8122,ErCuSi,0.0,0-0.005,194,6,3,1129,168,0,test
mp-2659,LiN3,0.0,0-0.005,12,4,3,1273,15,2,test
mp-1029791,MgSnN2,0.0,0-0.005,33,16,4,47,21,12,test
mp-1078758,Sr2NiRuO6,0.0,0-0.005,225,10,4,3960,923,1,test
mp-1104243,Th(MnAl2)4,0.006763717692312,0.005-0.02,139,13,4,1233,45,2,test
mp-5399,Tb(FeSi)2,0.0,0-0.005,139,5,3,1233,443,1,test
mp-1266335,TiZnSiO5,0.0583855259375072,0.04-0.06,1,16,16,470,2,48,test
mp-1102565,ZrCoSi,0.0,0-0.005,62,12,3,1187,413,6,test
mp-1239166,TaCr3(CuS4)2,0.0027370082142859,0-0.005,166,14,5,1076,78,4,test
mp-972048,Zn6Mo,0.0,0-0.005,225,7,2,3960,0,0,test
mp-850978,VFeO4,0.0776273879166584,0.06-0.0801,74,12,4,299,9,5,test
mp-754872,Mn6O5F7,0.0421483878472201,0.04-0.06,5,18,11,274,4,25,test
mvc-9650,CaPr(FeO3)2,0.0,0-0.005,31,20,7,112,28,17,test
mp-978845,Sm3Sc,0.0386649325000005,0.02-0.04,194,8,2,1129,439,1,test
mp-3489,Nd(FeSi)2,0.0,0-0.005,139,5,3,1233,443,1,test
mp-1078886,Ce(AlAu)2,0.0,0-0.005,129,10,5,472,69,3,test
mp-560515,K4Ru2Cl10O,0.0,0-0.005,139,17,6,1233,1,4,test
mp-1103248,TiSiIr,0.0,0-0.005,62,12,3,1187,413,6,test
mp-2442,ErAu,0.0142043425000002,0.005-0.02,221,2,2,820,168,0,test
mp-1232083,Dy2MgSe4,0.0,0-0.005,227,14,3,303,127,1,test
mp-28302,K4CdP2,0.0,0-0.005,166,7,4,1076,22,3,test
mp-1215509,ZnPd2,0.0475416424999997,0.04-0.06,123,6,4,626,3,2,test
mp-1226862,Ce2Al3Sn,0.0787237088750005,0.06-0.0801,25,6,6,124,29,6,test
mp-1186721,Pr3Lu,0.0263524487499999,0.02-0.04,194,8,2,1129,439,1,test
mp-1078520,AlHO2,0.0440329412499984,0.04-0.06,58,8,3,59,2,2,test
mp-2132,CrN,0.04821809375,0.04-0.06,225,2,2,3960,145,0,test
mp-1540546,RbPbF3,0.0,0-0.005,161,10,3,40,34,5,test
mp-1245745,MgTiN2,0.0,0-0.005,166,4,3,1076,280,1,test
mp-571008,Pr(CoAs)2,0.0,0-0.005,139,5,3,1233,443,1,test
mp-1185826,MgAlAu2,0.0153762093749998,0.005-0.02,225,4,3,3960,2406,0,test
mp-19252,K2NiO2,0.0,0-0.005,139,5,3,1233,443,2,test
mp-358,HgTe,0.064518075,0.06-0.0801,152,6,2,23,2,2,test
mp-5564,Pr(AgGe)2,0.0,0-0.005,139,5,3,1233,443,1,test
mp-1210524,Lu5SbPt2,0.0203334900000005,0.02-0.04,140,16,4,257,52,3,test
mp-4311,HoAgSn,0.0,0-0.005,186,6,3,183,88,3,test
mp-1185948,MgPt2,0.0393195016666663,0.02-0.04,189,6,3,469,20,1,test
mp-3525,Sb2Te2Se,0.0,0-0.005,166,5,3,1076,13,2,test
mp-1067627,PbS,0.0589729199999995,0.04-0.06,12,4,2,1273,24,4,test
mp-850214,LiFeCoO4,0.0443596757021094,0.04-0.06,74,14,5,299,53,4,test
mp-1185099,KHg3,0.0112220466666665,0.005-0.02,194,8,2,1129,439,1,test
mp-628606,Rb2PdI6,0.0212681622222223,0.02-0.04,225,9,3,3960,89,1,test
mp-19402,V4Ag2O11,0.006824033088236,0.005-0.02,12,17,9,1273,2,16,test
mp-1227567,Bi4PbS7,0.0032118245833343,0-0.005,8,12,12,361,25,24,test
mp-1184352,Gd2AgHg,0.0124676074999996,0.005-0.02,225,4,3,3960,2406,0,test
mp-1222651,Li2MgGe,0.0,0-0.005,216,4,4,538,51,0,test
mp-756217,Li2CoBO4,0.0780169653645872,0.06-0.0801,20,16,6,22,5,10,test
mp-13536,TbZnNi,0.0,0-0.005,189,9,4,469,305,2,test
mp-28768,Na4SnSe4,0.0,0-0.005,114,18,3,5,1,6,test
mp-1215921,YHoC4,0.0731136552083331,0.06-0.0801,65,6,4,265,53,2,test
mp-10971,LiErO2,0.0032420812499998,0-0.005,141,8,3,181,50,1,test
mp-28218,TlCdCl3,0.0,0-0.005,62,20,5,1187,318,10,test
mp-1102313,YbSbIr,0.016874509537037,0.005-0.02,62,12,3,1187,413,6,test
mp-760507,AsRhO4,0.0174000762499995,0.005-0.02,109,12,4,46,7,6,test
mp-1095507,SbIrSe,0.0,0-0.005,198,12,3,67,48,3,test
mp-30815,LaAl3Pd2,0.0,0-0.005,191,6,3,355,109,0,test
mp-8176,RbTlO2,0.0,0-0.005,166,4,3,1076,280,1,test
mp-1115,PtSe2,0.0,0-0.005,164,3,2,551,74,1,test
mp-1079518,Er(SiPt)2,0.0,0-0.005,129,10,5,472,69,3,test
mp-1112446,K2TbAgCl6,0.0430624950000009,0.04-0.06,225,10,4,3960,923,1,test
mp-863675,LiPm2Ru,0.0,0-0.005,225,4,3,3960,2406,0,test
mp-568722,CdBr2,0.0020692266666668,0-0.005,166,6,4,1076,42,2,test
mp-1245537,MnZnN2,0.0453143187499991,0.04-0.06,33,16,4,47,21,12,test
mp-30314,Cs2PdCl4,0.0001779135714286,0-0.005,123,7,3,626,4,1,test
mp-1775,SnAu,0.0,0-0.005,194,4,2,1129,52,0,test
mp-3109,UGeTe,0.0456368168750005,0.04-0.06,139,6,3,1233,40,2,test
mp-1218581,SrCa3V4O12,0.0148192451488089,0.005-0.02,6,20,14,163,35,34,test
mp-10152,La(SiIr)2,0.0138645339999996,0.005-0.02,129,10,5,472,69,3,test
mp-1103652,HoCo4B,0.0125808387121146,0.005-0.02,191,12,5,355,37,1,test
mp-1104101,Er(MnAl2)4,0.0,0-0.005,139,13,4,1233,45,2,test
mp-569831,Zr3(Al2C3)2,0.0432654028205137,0.04-0.06,166,13,7,1076,5,6,test
mp-5628,K(RuO2)4,0.0,0-0.005,87,13,4,101,6,6,test
mp-862630,ReRu3,0.0,0-0.005,194,8,2,1129,439,1,test
mp-1227010,Ce2AlGaNi2,0.0,0-0.005,6,18,18,163,4,36,test
mp-979435,YMg2Sc,0.0096164249999999,0.005-0.02,225,4,3,3960,2406,0,test
mp-1185832,Mg5Pb,0.0275838421088432,0.02-0.04,155,6,3,75,21,2,test
mp-632326,HCl,0.0,0-0.005,36,4,2,174,4,4,test
mp-1112538,Cs2NaMoCl6,0.0063977867500062,0.005-0.02,225,10,4,3960,923,1,test
mp-1103557,MgVCuO4,0.033901411428566,0.02-0.04,63,14,5,880,15,6,test
mp-1206442,Cs2KYbCl6,0.0473689630000002,0.04-0.06,225,10,4,3960,923,1,test
mvc-1660,Ca(BiO3)2,0.0582179981944417,0.04-0.06,31,18,6,112,1,15,test
mp-756079,Li2MnF6,0.0135473620370367,0.005-0.02,147,18,6,40,1,8,test
mp-865119,NaPrHg2,0.0,0-0.005,225,4,3,3960,2406,0,test
mp-30055,Rb3BrO,0.0027945929999999,0-0.005,221,5,3,820,273,0,test
mp-1078,CaCd2,0.0104077525000001,0.005-0.02,194,12,3,1129,127,2,test
mp-978527,SmDyTl2,0.0,0-0.005,225,4,3,3960,2406,0,test
mp-752673,Dy2CuO4,0.0235548657142787,0.02-0.04,64,14,4,82,17,4,test
mp-754249,Li3ZrNb(TeO6)2,0.0212471019830857,0.02-0.04,1,19,19,470,0,57,test
mp-989633,LaWN3,0.0109000634999993,0.005-0.02,15,20,6,533,36,14,test
mp-754096,Li2TiFeO4,0.0787552943750027,0.06-0.0801,131,16,7,15,0,1,test
mp-1227758,Ca2TiCrO6,0.0251830874166749,0.02-0.04,14,20,6,575,188,12,test
mp-1226116,CoCuNiS4,0.0,0-0.005,74,14,5,299,53,5,test
mp-30449,MgCuBi,0.0163858447222211,0.005-0.02,216,3,3,538,99,0,test
mp-864923,MgZnPd2,0.0,0-0.005,225,4,3,3960,2406,0,test
mp-3539,NbGaNi2,0.0119209402920557,0.005-0.02,225,4,3,3960,2406,0,test
mp-1189516,Na3ScCl6,0.0018332497499997,0-0.005,14,20,6,575,35,12,test
mp-1222513,Li3Fe2CoO6,0.0111371279166672,0.005-0.02,12,12,6,1273,28,7,test
mp-555229,H5CNO2,0.0490800498611072,0.04-0.06,7,18,9,106,4,27,test
mp-568718,HfAl3,0.0,0-0.005,139,8,4,1233,236,2,test
mp-15297,Hf6NiSb2,0.0,0-0.005,189,9,4,469,57,2,test
mp-4771,TiAlCu2,0.0,0-0.005,225,4,3,3960,2406,0,test
mp-306,B2O3,0.0,0-0.005,152,15,3,23,0,7,test
mp-9763,K2NbCuS4,0.0,0-0.005,70,16,4,87,18,4,test
mp-29210,Li2Ga,0.0,0-0.005,63,6,3,880,64,3,test
mp-1218208,SrLaMgRuO6,0.0,0-0.005,7,20,10,106,38,30,test
mp-1001,BaN2,0.0,0-0.005,15,6,2,533,20,4,test
mp-1217127,Ti2MnFeO6,0.0018745300000038,0-0.005,146,10,6,73,21,10,test
mp-1104165,MnAl12,0.0,0-0.005,204,13,2,122,3,2,test
mp-1188135,Dy2ReC2,0.0,0-0.005,62,20,5,1187,26,10,test
mp-30532,Tl2ZnI4,0.0,0-0.005,4,14,7,151,6,21,test
mp-775761,AgClO3,0.0315837255000017,0.02-0.04,198,20,3,67,5,5,test
mp-1221793,Mn2N,0.0701789508333341,0.06-0.0801,164,3,2,551,74,1,test
mp-28580,Y2NCl3,0.0,0-0.005,12,12,6,1273,51,12,test
mp-1308421,NaMn3V4O12,0.034300761729149,0.02-0.04,12,20,10,1273,5,10,test
mp-30674,Ti5Ga3,0.0171915300000007,0.005-0.02,193,16,3,238,93,2,test
mp-1217482,TbHoCo4,0.0043149741666663,0-0.005,216,6,3,538,136,1,test
mp-1177479,Li3V4FeO12,0.0637445673750303,0.06-0.0801,1,20,20,470,24,60,test
mp-552292,SmBi2IO4,0.0,0-0.005,123,8,4,626,30,2,test
mp-1220245,Nd2ZnSb4,0.0,0-0.005,115,7,5,112,15,2,test
mp-2837,PrCo5,0.024333104228396,0.02-0.04,191,6,3,355,62,0,test
mp-22918,PuCl3,0.0,0-0.005,176,8,2,74,16,2,test
mp-1095216,NdAsO4,0.017575354166663,0.005-0.02,88,12,3,63,44,3,test
mp-23023,LaBrO,0.0,0-0.005,129,6,3,472,177,2,test
mp-976128,Hf5Sc,0.0,0-0.005,189,6,3,469,23,1,test
mp-20023,PrIn,0.0,0-0.005,221,2,2,820,168,0,test
mp-1183521,Ca3SiO,0.0011197960000002,0-0.005,74,10,4,299,14,3,test
mp-1188153,Ti5Ga3,0.0,0-0.005,140,16,4,257,42,3,test
mp-1227254,CaMnCu3(RuO4)3,0.0432858259166648,0.04-0.06,148,20,6,351,1,6,test
mp-1209742,Pr2MgPtO6,0.0,0-0.005,14,20,6,575,188,12,test
mp-753525,VOF3,0.0249515134999995,0.02-0.04,76,20,5,2,1,15,test
mp-1224113,HoAl3Cu,0.0,0-0.005,107,5,4,158,75,4,test
mp-642477,U4Ga12Fe,0.0059706105882355,0.005-0.02,229,17,4,95,20,1,test
mp-1184699,Ho2CuIr,0.0144577321527759,0.005-0.02,225,4,3,3960,2406,0,test
mp-865868,LiZrRh2,0.0,0-0.005,225,4,3,3960,2406,0,test
mp-2236,UIr,0.0001575449999986,0-0.005,14,16,4,575,11,12,test
mp-21012,Si3Rh5,0.0266731009375007,0.02-0.04,55,16,5,40,6,6,test
mp-1077736,CeTiGe,0.0340666184444433,0.02-0.04,139,6,3,1233,40,2,test
mp-556004,Ba3In2Br2O5,0.0081142636458375,0.005-0.02,139,12,6,1233,2,4,test
mp-1225255,Gd2CoNi3,0.0446364699999985,0.04-0.06,187,6,5,312,9,1,test
mp-6152,La2ZnIrO6,0.0296122634519289,0.02-0.04,14,20,6,575,188,12,test
mp-764063,Li2CoO2F,0.0023324366666663,0-0.005,164,12,7,551,7,5,test
mp-1224206,Ho4Ge8Ru,0.0567626817986433,0.04-0.06,25,13,13,124,19,13,test
mp-973553,Gd(Al2Cu)4,0.0,0-0.005,139,13,4,1233,45,2,test
mp-1206110,MnCuPt6,0.0253332891666646,0.02-0.04,225,8,3,3960,15,0,test
mp-979270,Tb2AgIr,0.0214072802717417,0.02-0.04,225,4,3,3960,2406,0,test
mp-979434,DyYTl2,0.0,0-0.005,225,4,3,3960,2406,0,test
mp-1113286,CsRb2TlF6,0.0555594829999996,0.04-0.06,225,10,4,3960,923,1,test
mp-1228540,Al2VNi9,0.0,0-0.005,123,12,6,626,5,3,test
mp-1184958,Li2TlIn,0.0,0-0.005,225,4,3,3960,2406,0,test
mp-32811,Ag2Te,0.0380439249999997,0.02-0.04,64,6,2,82,8,2,test
mp-1184333,Gd2MgAl,0.0,0-0.005,225,4,3,3960,2406,0,test
mp-753611,PCl3O,0.0059557190000001,0.005-0.02,33,20,5,47,17,15,test
mp-28629,Ta5B6,0.0042183809090907,0-0.005,65,11,6,265,1,5,test
mp-570271,Ti4FeBi2,0.0,0-0.005,140,14,3,257,10,3,test
mp-1227408,Ca(LuTe2)2,0.0072111664285712,0.005-0.02,10,7,5,138,16,4,test
mp-1080493,Y3Au2,0.0320205445000008,0.02-0.04,127,10,3,246,22,2,test
mp-1209118,RbYb(WO4)2,0.0785187292708169,0.06-0.0801,164,12,5,551,18,4,test
mp-556003,CaTiO3,0.0110721115000007,0.005-0.02,74,10,4,299,14,3,test
mp-1001012,Sc2ZnS4,0.0093538597448992,0.005-0.02,227,14,3,303,127,1,test
mp-23329,Bi2WO6,1.3754444442959368e-05,0-0.005,41,18,5,8,0,13,test
mp-1223453,La2Ga5Au3,0.0277133009489052,0.02-0.04,115,10,7,112,6,3,test
mp-1641,CrSb,0.0276497737500003,0.02-0.04,194,4,2,1129,52,0,test
mp-867202,Sr,0.0079359033333332,0.005-0.02,194,4,2,1129,60,0,test
mp-865441,TiAlPd2,0.0,0-0.005,225,4,3,3960,2406,0,test
mp-1021508,Ce(As3Ru)4,0.0,0-0.005,204,17,3,122,40,2,test
mvc-15792,CaCuF5,0.0,0-0.005,2,14,8,676,7,18,test
mp-1293437,LiMn4O8,0.0231418435577008,0.02-0.04,8,13,10,361,0,23,test
mp-11506,Ni3Mo,0.0,0-0.005,59,8,3,106,20,4,test
mp-1215356,Zr4Si3Sb5,0.0033200654166671,0-0.005,115,12,8,112,0,4,test
mp-1025896,Mo2W(SeS2)2,0.0659990250000017,0.06-0.0801,187,9,5,312,3,4,test
mp-20231,CeInPd2,0.0091593830729168,0.005-0.02,194,8,3,1129,110,1,test
mp-990448,C,0.0072519500000005,0.005-0.02,191,2,1,355,5,0,test
mp-867289,LiHo2Tc,0.0264274160416668,0.02-0.04,225,4,3,3960,2406,0,test
mp-1183370,BaSnS3,0.0156748426111299,0.005-0.02,62,20,5,1187,318,10,test
mp-5752,Tb(SiIr)2,0.0,0-0.005,139,5,3,1233,443,1,test
mp-1189391,NdGa2Co3,0.0148819613888964,0.005-0.02,191,18,5,355,109,2,test
mp-1521008,KSrDyWO6,0.0041352668500174,0-0.005,216,10,5,538,130,1,test
mp-1094375,Y5Mg,0.0590117655555566,0.04-0.06,38,6,6,383,20,6,test
mp-1228467,Al3FeSi2,0.0309317893238993,0.02-0.04,108,12,4,6,0,6,test
mp-1187937,YbAlAg2,0.0053307330833334,0.005-0.02,225,4,3,3960,2406,0,test
mp-864915,HfBr3,0.0620322356249998,0.06-0.0801,194,8,2,1129,439,1,test
mp-556662,SiO2,0.0702611033333333,0.06-0.0801,5,12,7,274,2,17,test
mp-1207606,YFe3(BO3)4,0.0118640406666656,0.005-0.02,155,20,7,75,15,7,test
mp-861991,PaMn2Al,0.0,0-0.005,225,4,3,3960,2406,0,test
mp-1218824,Sr2FeSbO6,0.0,0-0.005,12,10,5,1273,36,7,test
mp-8603,RbAgO,0.0,0-0.005,139,12,3,1233,40,3,test
mp-1225511,Eu2Ni3Sb4,0.0,0-0.005,115,9,6,112,1,3,test
mp-1188375,Sr3UO6,0.0014722114999923,0-0.005,4,20,10,151,2,30,test
mp-1078108,Mn2B4Mo,0.008076587142856,0.005-0.02,71,7,4,419,6,3,test
mp-1222358,LiNbWO6,0.0111094687036796,0.005-0.02,146,9,5,73,0,9,test
mp-22106,NdNiO3,0.0,0-0.005,62,20,4,1187,318,7,test
mp-1184785,InGa3,0.040615946875,0.04-0.06,221,4,2,820,339,0,test
mp-505815,CsLa2CuSe4,0.0,0-0.005,63,16,6,880,13,7,test
mp-30622,Dy5Ru2,0.0,0-0.005,15,14,4,533,21,10,test
mp-19163,SrWO4,0.0,0-0.005,88,12,3,63,44,3,test
mp-1209336,Pr2Sn3,0.0,0-0.005,2,20,10,676,5,30,test
mp-978537,SmHoZn2,0.0049567649999997,0-0.005,225,4,3,3960,2406,0,test
mp-1225580,LaCe(CuSi)4,0.0045141190000004,0-0.005,123,10,5,626,12,3,test
mp-977399,LiMgPd2,0.0,0-0.005,225,4,3,3960,2406,0,test
mp-1219862,Pr2Ge3,0.0701892136666648,0.06-0.0801,44,5,5,187,9,5,test
mp-5088,NaGdO2,0.0,0-0.005,141,8,3,181,50,1,test
mp-1184170,Dy2InAg,0.0,0-0.005,225,4,3,3960,2406,0,test
mp-1111259,K2LiDyCl6,0.0259199427500016,0.02-0.04,225,10,4,3960,923,1,test
mp-1183577,CaYbZn2,0.0079728574999997,0.005-0.02,225,4,3,3960,2406,0,test
mp-1187378,TbYbPd2,0.0071355574999998,0.005-0.02,225,4,3,3960,2406,0,test
mp-752471,Li7FeO6,0.0691868156249961,0.06-0.0801,146,14,6,73,6,14,test
mp-1226792,Ce(ZnGa)2,0.0061085507058815,0.005-0.02,139,5,3,1233,443,1,test
mp-1189476,NdMnO3,0.0113423685000011,0.005-0.02,14,20,6,575,61,12,test
mp-1211167,LiCr4GaS8,0.0,0-0.005,216,14,5,538,21,3,test
mp-1189765,Zr5In3Cu,0.0361062197916659,0.02-0.04,193,18,4,238,124,2,test
mp-1113432,Cs2YAgCl6,0.0,0-0.005,225,10,4,3960,923,1,test
mp-756793,Li2Nb4ZnO12,0.0239990238158416,0.02-0.04,1,19,19,470,2,57,test
mp-2104,UAs,0.0,0-0.005,225,2,2,3960,145,0,test
mp-20467,PuB4,0.0,0-0.005,127,20,4,246,11,5,test
mp-1102525,ScSiRu,0.0307135233333344,0.02-0.04,62,12,3,1187,413,6,test
mp-1227083,CaMn2Te3,0.073000851178163,0.06-0.0801,164,6,4,551,47,2,test
mp-8117,Rb(MoS)3,0.0,0-0.005,176,14,3,74,42,4,test
mp-1246735,Sr2CoN2,0.0009614622499984,0-0.005,139,5,3,1233,443,2,test
mp-772548,SmCuO3,0.0334752764999999,0.02-0.04,167,10,3,77,29,1,test
mp-1217100,Ti3MoAs4,0.0628322305357143,0.06-0.0801,164,8,5,551,2,3,test
mp-672290,EuPPt,0.0,0-0.005,194,6,3,1129,168,0,test
mp-995201,Ti5Si3C,0.0,0-0.005,193,18,4,238,124,2,test
mp-8306,Ba3FeN3,0.0,0-0.005,176,14,3,74,42,4,test
mp-975726,PrAl4Co,0.0,0-0.005,51,12,5,70,5,5,test
mp-3927,CaAsAu,0.0,0-0.005,194,6,3,1129,168,0,test
mp-1211447,KErBeF6,0.0,0-0.005,11,18,7,277,5,16,test
mp-755181,V4O5F7,0.0,0-0.005,1,16,16,470,7,48,test
mp-1112145,Cs2NaNdBr6,0.0,0-0.005,225,10,4,3960,923,1,test
mp-1189793,TiPt3,0.0028341340178599,0-0.005,194,16,4,1129,439,1,test
mp-1225918,DyGa2Ni3,0.0,0-0.005,189,18,6,469,8,5,test
mp-1183804,DyErTl2,0.0,0-0.005,225,4,3,3960,2406,0,test
mp-752933,Cu6OF11,0.0165107675173601,0.005-0.02,1,18,18,470,8,54,test
mp-29315,Sc7(CCl5)2,0.0,0-0.005,12,19,10,1273,0,18,test
mp-1095180,Ca2CdAs2,0.0,0-0.005,36,10,5,174,11,10,test
mp-1185238,LiTiPd2,0.0,0-0.005,225,4,3,3960,2406,0,test
mp-568782,Dy(PPt4)2,0.0,0-0.005,12,11,6,1273,7,10,test
mp-20247,Dy(Fe2Ge)2,0.0342410899999992,0.02-0.04,136,14,3,167,35,3,test
mp-1183571,CaYPt2,0.018791733645834,0.005-0.02,225,4,3,3960,2406,0,test
mp-1018104,Zr2Cd,0.0,0-0.005,139,3,2,1233,82,1,test
mp-1188215,Nb5Ge3,0.0,0-0.005,140,16,4,257,42,3,test
mp-830,GaN,0.0052922124999996,0.005-0.02,216,2,2,538,32,0,test
mp-25410,LiMnPO4F,0.0,0-0.005,2,16,9,676,9,21,test
mp-754324,Li4V3CrO8,0.0119435371874985,0.005-0.02,12,16,8,1273,36,10,test
mp-1079701,UCoC2,0.0,0-0.005,129,8,4,472,65,3,test
mp-21066,TaMnP,0.0,0-0.005,62,12,3,1187,413,6,test
mp-23963,HIO3,0.0163532904999987,0.005-0.02,19,20,5,49,5,15,test
mp-754171,CsRbO,0.0643743950000002,0.06-0.0801,62,12,3,1187,413,6,test
mp-1216856,TiMn2VAs4,0.0596721059374996,0.04-0.06,10,8,6,138,13,4,test
mp-1207753,Y5BiPd2,0.0,0-0.005,140,16,4,257,52,3,test
mp-1210651,Lu5Ni2Bi,0.0,0-0.005,140,16,4,257,52,3,test
mp-780857,Li2VOF4,0.0,0-0.005,63,16,5,880,13,8,test
mp-20327,TiP2,0.0,0-0.005,62,12,3,1187,102,6,test
mp-1216278,VSi4Mo,0.0361758677777777,0.02-0.04,3,18,12,42,6,24,test
mp-1105135,RbCdGeAs2,0.0,0-0.005,2,20,10,676,3,30,test
mp-1224639,GdAlZnGe2,0.0,0-0.005,156,5,5,302,21,5,test
mp-977585,Zr3Tl,0.0,0-0.005,221,4,2,820,339,0,test
mp-1105949,Eu5Sb3,0.0,0-0.005,193,16,3,238,93,2,test
mp-1217158,U2(PdAu)5,0.0561809721527781,0.04-0.06,8,12,10,361,2,22,test
mp-1188238,Tb2Ge5Ir3,0.0,0-0.005,72,20,6,111,33,7,test
mp-756645,Li5Ti3O8,0.0224387865624997,0.02-0.04,166,16,6,1076,6,3,test
mp-37949,NdSiAg,0.0201829331794893,0.02-0.04,194,6,3,1129,168,0,test
mp-9262,Cs2PtF6,0.0,0-0.005,225,9,3,3960,89,1,test
mp-9655,Na4SnO4,0.0,0-0.005,2,18,9,676,23,27,test
mp-978771,Sm(BRu)2,0.0,0-0.005,70,10,3,87,16,2,test
mp-23070,BaBrF,0.0,0-0.005,129,6,3,472,177,2,test
mp-1184846,HoThRu2,0.0011494467968748,0-0.005,225,4,3,3960,2406,0,test
mp-1206251,Ce2Ge6Pt,0.0493127455555537,0.04-0.06,38,9,9,383,39,9,test
mp-8696,K3Na(SeO4)2,0.0033796603571438,0-0.005,164,14,6,551,30,5,test
mp-1182867,AlWO4,0.0,0-0.005,65,6,4,265,53,2,test
mp-20310,LiInSe2,0.00124259625,0-0.005,33,16,4,47,21,12,test
mp-1226560,CeYNi4,0.0236813654166718,0.02-0.04,216,6,3,538,136,1,test
mp-754430,Mn7O12,0.0478725537500039,0.04-0.06,204,19,3,122,0,2,test
mp-1029418,KSi2N3,0.0,0-0.005,36,12,4,174,30,10,test
mp-1215461,Zr2As3S,0.0455262931250004,0.04-0.06,99,6,5,88,5,5,test
mp-11985,LaMgTl,0.0,0-0.005,189,9,4,469,305,2,test
mp-1214761,Ba(As3Ru)4,0.0077923505294066,0.005-0.02,204,17,3,122,40,2,test
mp-20633,PbO2,0.0057688033333338,0.005-0.02,60,12,2,18,11,4,test
mp-865472,VSiTc2,0.0,0-0.005,225,4,3,3960,2406,0,test
mp-1224156,Ho2MnGe4,0.0545927845634883,0.04-0.06,38,7,7,383,23,7,test
mp-22905,LiCl,0.0204748575,0.02-0.04,225,2,2,3960,145,0,test
mp-1217777,SrZnIn3,0.0,0-0.005,107,5,4,158,75,4,test
mp-1189408,Sr2HoTaO6,0.0,0-0.005,14,20,6,575,188,12,test
mp-754363,Ba2HfO4,0.0,0-0.005,139,7,4,1233,76,2,test
mp-864920,MgZrAu2,0.0,0-0.005,225,4,3,3960,2406,0,test
mp-867917,CuGeRh2,0.0,0-0.005,225,4,3,3960,2406,0,test
mp-1228495,Ba2NbCu2Pb2ClO8,0.0261591114453256,0.02-0.04,38,16,8,383,2,15,test
mp-628773,SnSe,0.0758776912499996,0.06-0.0801,63,4,2,880,83,2,test
mp-1228583,Ba2Na(FeAs)6,0.0238926390000022,0.02-0.04,12,15,7,1273,3,12,test
mp-1216254,Y(MnCo)6,0.0561024666272196,0.04-0.06,71,13,6,419,31,4,test
mp-4738,PrScGe,0.0,0-0.005,139,6,3,1233,40,2,test
mp-1187720,Y2AgAu,0.0046834474999997,0-0.005,225,4,3,3960,2406,0,test
mp-1095674,Cs2LiBr3,0.0147183066666674,0.005-0.02,63,12,5,880,24,6,test
mp-1102963,VO2,0.0007643283333358,0-0.005,136,6,2,167,43,1,test
mp-2566,PuSb,0.0049041697499969,0-0.005,225,2,2,3960,145,0,test
mp-19242,YNiO3,0.0,0-0.005,62,20,4,1187,318,7,test
mp-1542959,Zn(MoO2)2,0.0317383623214233,0.02-0.04,166,14,5,1076,22,4,test
mp-1080605,MgGaAu,0.0,0-0.005,189,9,4,469,305,2,test
mp-1224245,Ho2CuGe4,0.0132200276190479,0.005-0.02,38,7,7,383,23,7,test
mp-1224060,InCuTe2,0.0447204737499999,0.04-0.06,160,4,4,311,32,4,test
mp-1246876,MgCrGaS4,0.0652969634524067,0.06-0.0801,74,14,5,299,53,5,test
mp-8436,Ta2PdSe6,0.0,0-0.005,12,9,5,1273,22,8,test
mp-1227058,CaNdCoO4,0.037360806071427,0.02-0.04,107,7,6,158,20,6,test
mp-10849,AsPdSe,0.0,0-0.005,198,12,3,67,48,3,test
mp-1247528,MgTiAlS4,0.0745029410714339,0.06-0.0801,74,14,5,299,53,5,test
mp-1211767,K2RbSmV2O8,0.0,0-0.005,164,14,6,551,11,5,test
mp-1205793,NdRe2SiC,0.0,0-0.005,63,10,4,880,44,4,test
mvc-14697,SbF5,0.0008603462500014,0-0.005,2,12,7,676,7,15,test
mp-554737,CsAu2F7,0.0,0-0.005,15,20,6,533,7,14,test
mp-1220470,Nb6ZnTe8,0.0643623857166666,0.06-0.0801,147,15,4,40,21,7,test
mp-1218433,Sr3PrMn4O12,0.0188885650625003,0.005-0.02,229,20,4,95,8,1,test
mp-1226958,Cd2GaAgSe4,0.0672019843749982,0.06-0.0801,6,8,8,163,3,16,test
mp-12020,ErAl4Ge2Au,0.0,0-0.005,166,8,5,1076,10,3,test
mp-1519247,Ba2CeZrO6,0.0244068269999981,0.02-0.04,225,10,4,3960,923,1,test
mp-614455,GdCu,0.0,0-0.005,221,2,2,820,168,0,test
mp-1210536,Na3DyBr6,0.0,0-0.005,14,20,6,575,35,12,test
mp-972526,SmSnAu2,0.0,0-0.005,225,4,3,3960,2406,0,test
mp-1212756,EuBrCl,0.0,0-0.005,62,12,3,1187,413,6,test
mp-1025129,TmSnGe,0.0,0-0.005,63,6,3,880,28,3,test
mp-1227803,BaSn2Bi,0.0133839210416648,0.005-0.02,8,16,12,361,6,28,test
mp-1220554,Nd(TiCo5)2,0.0554279260302195,0.04-0.06,71,13,6,419,38,4,test
mp-1227823,Ca2Eu2In3Ge4,0.0214075515151508,0.02-0.04,12,11,6,1273,0,10,test
mp-557825,H4CN2O,0.0496659243749997,0.04-0.06,129,16,5,472,0,5,test
mp-982443,NaCaPb2,0.0144496229687498,0.005-0.02,225,4,3,3960,2406,0,test
mp-1222823,LaGaSi,0.0,0-0.005,109,6,3,46,26,3,test
mp-755054,Ti3N2O3,0.0080400664062505,0.005-0.02,63,16,5,880,31,8,test
mp-1223410,KNa3Mg4F12,0.0148630938750002,0.005-0.02,6,20,14,163,35,34,test
mp-973625,Lu2AlTc,0.0673829534374998,0.06-0.0801,225,4,3,3960,2406,0,test
mp-867147,BaNaHg2,0.0,0-0.005,225,4,3,3960,2406,0,test
mp-777676,LiVF3,0.0702715509999967,0.06-0.0801,15,20,6,533,36,14,test
mp-10172,Na,0.0103022884482757,0.005-0.02,194,2,1,1129,60,0,test
mp-1225722,Cu5Ge2,0.0709562869047619,0.06-0.0801,166,7,4,1076,3,3,test
mp-28952,PdSO4,0.0,0-0.005,15,12,4,533,49,7,test
mp-20128,Eu(MnAs)2,0.05889809508046,0.04-0.06,164,5,3,551,130,2,test
mp-1106226,PrGe2Pt,0.0,0-0.005,71,16,6,419,20,8,test
mp-1639336,CaLaFeSbO6,0.0,0-0.005,1,20,20,470,4,60,test
mp-1214413,BaCu5AgP2,0.0123362338222223,0.005-0.02,123,9,5,626,13,2,test
mp-1186305,NdEr3,0.0163069199999998,0.005-0.02,194,8,2,1129,439,1,test
mp-542909,Mn,0.052946990068964,0.04-0.06,213,20,2,5,4,2,test
mp-1030614,Te6Mo3WSe2,0.0655904220833338,0.06-0.0801,156,12,12,302,36,12,test
mp-560449,K3Ni2F7,0.0,0-0.005,139,12,6,1233,14,4,test
mp-865901,BeCo2Si,0.0,0-0.005,225,4,3,3960,2406,0,test
mp-8192,Rb2PtF6,0.0,0-0.005,164,9,3,551,31,3,test
mp-870,TlN3,0.0582516204166676,0.04-0.06,140,8,3,257,5,1,test
mp-35975,Li2MoO3,0.0,0-0.005,12,12,6,1273,51,7,test
mp-1291193,Fe(NiO2)2,0.0309389528571433,0.02-0.04,74,14,5,299,45,5,test
mp-570589,SeBr,0.064917705527344,0.06-0.0801,41,8,2,8,1,6,test
mp-865109,NaSmTl2,0.00589123390625,0.005-0.02,225,4,3,3960,2406,0,test
mp-1006246,CeSm3,0.0779307825000001,0.06-0.0801,221,4,2,820,339,0,test
mvc-10205,HoMg(MoO3)2,0.0466583347499955,0.04-0.06,7,20,10,106,12,30,test
mp-756776,Li2FePHO5,0.0598769656249986,0.04-0.06,2,20,11,676,5,27,test
mp-542632,GdNi,0.0,0-0.005,63,4,2,880,83,2,test
mp-8150,Ba(CdSb)2,0.0,0-0.005,164,5,3,551,130,2,test
mp-1521253,Eu2CrSnO6,0.0474998969230888,0.04-0.06,225,10,4,3960,923,1,test
mp-1226469,CeZnAgAs2,0.0356790804939528,0.02-0.04,156,5,5,302,21,5,test
mp-752748,Mn3OF5,0.0514182006944414,0.04-0.06,2,18,10,676,16,24,test
mp-1111945,Na3AlF6,0.0612255404999997,0.06-0.0801,225,10,4,3960,100,1,test
mp-11546,TiPd,0.0728827787500003,0.06-0.0801,221,2,2,820,168,0,test
mp-754272,Cs2Ba2O3,0.0243013099999984,0.02-0.04,14,14,4,575,16,9,test
mp-1040455,H4PbI3N,0.055171215277777,0.04-0.06,8,9,7,361,4,16,test
mp-11464,MgHg2,0.0220284716666666,0.02-0.04,139,3,2,1233,82,1,test
mp-3566,Ce(SiRu)2,0.0,0-0.005,139,5,3,1233,443,1,test
mp-1215574,ZnGaCuSe3,0.0150655866666662,0.005-0.02,8,6,6,361,4,12,test
mp-1226515,CeMnSi2Pd,0.0601337522500013,0.06-0.0801,119,5,4,124,29,1,test
mp-1180667,La3FeO6,0.0051301876250029,0.005-0.02,36,20,7,174,16,17,test
mp-976406,MgMnPt2,0.0,0-0.005,225,4,3,3960,2406,0,test
mp-982557,HoGa3,0.0135408362500069,0.005-0.02,194,8,2,1129,439,1,test
mp-558658,Y2C(NO)2,0.0014943142857131,0-0.005,194,14,4,1129,1,3,test
mp-1226465,Co3Ni3S8,0.0475959685714277,0.04-0.06,166,14,5,1076,4,4,test
mp-867290,TbTe,0.0,0-0.005,187,2,2,312,64,0,test
mp-1220004,PIrS,0.0,0-0.005,198,12,3,67,48,3,test
mp-1205634,CaEu2WO6,0.0303187873000005,0.02-0.04,225,10,4,3960,923,1,test
mp-23092,Ba2TaBiO6,0.0002973149999982,0-0.005,148,10,4,351,38,4,test
mp-8212,Cd(PtO2)3,0.0,0-0.005,65,10,5,265,2,3,test
mp-10676,Sc2AlSi2,0.0,0-0.005,127,10,3,246,156,2,test
mp-973199,Sb3Pb,0.0676944112499993,0.06-0.0801,194,8,2,1129,439,1,test
mp-510281,FeCuO2,0.0,0-0.005,166,4,3,1076,280,1,test
mp-13163,TbZnSn,0.0,0-0.005,194,12,4,1129,168,2,test
mp-4728,Cu2GeSe3,0.0,0-0.005,44,6,4,187,18,6,test
mp-1187613,YbDyCd2,0.0,0-0.005,225,4,3,3960,2406,0,test
mp-1113625,Rb2ScAgF6,0.0,0-0.005,225,10,4,3960,923,1,test
mp-972971,LaTlHg2,0.0054820150000005,0.005-0.02,225,4,3,3960,2406,0,test
mp-1184064,Dy3Tm,0.0262462883333336,0.02-0.04,221,4,2,820,339,0,test
mp-2822,TmSe,0.0,0-0.005,225,2,2,3960,145,0,test
mp-865234,TaZnRu2,0.0,0-0.005,225,4,3,3960,2406,0,test
mp-1211033,Lu12In2Fe3,0.0,0-0.005,139,17,5,1233,2,4,test
mp-1963,NbRh,0.0,0-0.005,123,2,2,626,49,0,test
mp-752672,NaDyO2,0.0,0-0.005,15,16,6,533,25,10,test
mp-1104567,VPO5,0.0179838217857142,0.005-0.02,12,14,6,1273,1,13,test
mp-1183230,AcSm3,0.0472061331249999,0.04-0.06,139,4,3,1233,236,0,test
mp-578,GaAg2,0.0,0-0.005,189,9,4,469,20,2,test
mp-1078997,NdFeGe2,0.0325350195833209,0.02-0.04,63,8,4,880,158,4,test
mp-554623,Sm2Ta2Cl2O7,0.0,0-0.005,12,13,7,1273,2,12,test
mp-21405,InSe,0.0363364300000004,0.02-0.04,12,4,2,1273,24,4,test
mp-1206665,La(Sn3Ru2)2,0.0,0-0.005,121,11,4,101,5,4,test
mp-1025257,TmGa5Co,0.0,0-0.005,123,7,4,626,55,1,test
mp-753367,WO2F,0.0572452443269213,0.04-0.06,9,8,4,107,11,12,test
mp-1213363,EuNpO3,0.0,0-0.005,62,20,4,1187,318,7,test
mp-1178894,VHO3,0.0639929672500052,0.06-0.0801,1,20,20,470,28,60,test
mp-1222467,LiAg3(IrO3)2,0.011738315833333,0.005-0.02,12,12,6,1273,28,7,test
mp-1212671,Ga5CuTe8,0.0047090264285687,0-0.005,111,14,5,18,3,5,test
mp-1184276,FeTc2Ge,0.0,0-0.005,225,4,3,3960,2406,0,test
mp-1189352,ZnCu3H6(ClO3)2,0.0373661509722218,0.02-0.04,166,18,5,1076,0,5,test
mp-1228414,Ba2MnNbO6,0.0254689590000012,0.02-0.04,225,10,4,3960,923,1,test
mp-1095585,Er2Ga8Fe,0.0070251248030279,0.005-0.02,123,11,5,626,22,3,test
mp-1094047,Sr2Ti2O5,0.0756084088888737,0.06-0.0801,65,9,5,265,1,3,test
mp-12750,SmGe2,0.0781970844444446,0.06-0.0801,141,6,2,181,29,1,test
mp-4536,ScNi2Sn,0.0,0-0.005,225,4,3,3960,2406,0,test
mp-2805,LuAl3,0.0,0-0.005,221,4,2,820,339,0,test
mp-615420,U3CuO10,0.0356020650000061,0.02-0.04,2,14,8,676,0,18,test
mp-6962,Ba(AsPd)2,0.0288000989999996,0.02-0.04,139,5,3,1233,443,1,test
mp-1521094,Ba2CeSnO6,0.0,0-0.005,225,10,4,3960,923,1,test
mp-555857,BaVS3,0.0037891650000005,0-0.005,20,10,4,22,1,6,test
mp-1226141,Co6BP,0.0504652471875006,0.04-0.06,5,16,8,274,2,24,test
mp-1185960,MgScAu2,0.0,0-0.005,225,4,3,3960,2406,0,test
mp-546665,BaNdMn2O5,0.0,0-0.005,123,9,5,626,13,2,test
mp-754004,TmHO2,0.0026294518750002,0-0.005,62,16,4,1187,107,8,test
mp-866207,LuCdPd2,0.0,0-0.005,225,4,3,3960,2406,0,test
mp-1221282,Na2U2O7,0.061960692272736,0.06-0.0801,6,11,11,163,1,22,test
mp-1219876,Pr4Fe3Si4Ru,0.0194712258333336,0.005-0.02,115,12,8,112,0,4,test
mp-972633,SmErRu2,0.0638070592812498,0.06-0.0801,225,4,3,3960,2406,0,test
mp-1218159,SrNd2(CuO3)2,0.0700508466666605,0.06-0.0801,107,11,9,158,1,9,test
mp-1224972,FeCoAs4,0.0109528883333336,0.005-0.02,10,6,4,138,10,4,test
mp-1183676,CdIn3,0.0497451362499998,0.04-0.06,194,8,2,1129,439,1,test
mp-1072097,GdInPt4,0.0,0-0.005,216,6,3,538,136,1,test
mp-21852,Nb3PbS6,0.0,0-0.005,193,20,4,238,3,2,test
mp-568968,K2SnHgSe4,0.0,0-0.005,121,8,4,101,48,2,test
mp-1190128,Dy2Ge5Ir3,0.0030464513518557,0-0.005,72,20,6,111,33,7,test
mp-1111908,K2RbTlF6,0.0784231663749999,0.06-0.0801,225,10,4,3960,923,1,test
mp-1217891,TaTiAl6,0.0,0-0.005,123,8,5,626,26,1,test
mp-866283,CaHoRh2,0.001340445486111,0-0.005,225,4,3,3960,2406,0,test
mp-1206000,TmMgTl,0.0,0-0.005,189,9,4,469,305,2,test
mp-17272,NbCuO3,0.0177141517857144,0.005-0.02,12,20,8,1273,24,16,test
mp-867786,ScNbOs2,0.0,0-0.005,225,4,3,3960,2406,0,test
mp-1219032,SmMo6(SeS)4,0.0459447312307697,0.04-0.06,1,15,15,470,1,45,test
mp-866154,TiBeIr2,0.0,0-0.005,225,4,3,3960,2406,0,test
mp-23612,K3B6BrO10,0.0,0-0.005,160,20,7,311,1,13,test
mp-15002,Sr2CaIrO6,0.0,0-0.005,14,20,6,575,188,12,test
mp-865875,Li3Ag,0.0,0-0.005,225,4,3,3960,122,0,test
mp-1206772,ThBRh3,0.0,0-0.005,221,5,3,820,273,0,test
mp-1220780,NaLaNb4O12,0.0452593740740674,0.04-0.06,139,18,6,1233,2,3,test
mp-675589,Li2CuP,0.0197062199999997,0.005-0.02,164,8,4,551,25,4,test
mp-1188091,Ce2Ge5Ir3,0.0,0-0.005,72,20,6,111,33,7,test
mp-10347,CsCa2Ta3O10,0.0235528480282507,0.02-0.04,123,16,8,626,2,5,test
mp-1222512,Li4Zr3O8,0.0672063620000003,0.06-0.0801,21,15,8,14,0,7,test
mp-1188255,LiLaGe2,0.0,0-0.005,62,16,4,1187,107,8,test
mp-1207404,Zr5CoSb3,0.0,0-0.005,193,18,4,238,124,2,test
mp-1516403,NaSrSmWO6,0.075526791906249,0.06-0.0801,216,10,5,538,130,1,test
mp-759178,Zn2Ni3O5,0.0752535594999983,0.06-0.0801,12,10,6,1273,10,8,test
mp-1205362,NbAgO3,0.071857418923078,0.06-0.0801,63,20,6,880,54,7,test
mp-1220177,NdAlNi4,0.0,0-0.005,65,6,4,265,53,1,test
mp-1217940,TaNbCu3O8,0.0713897478021969,0.06-0.0801,1,13,13,470,3,39,test
mp-568928,Rb2FeI4,0.0179182759523799,0.005-0.02,4,14,7,151,6,21,test
mp-977543,ZrInRh2,0.0,0-0.005,225,4,3,3960,2406,0,test
mp-1220315,NbVH4,0.0120401583333338,0.005-0.02,123,6,3,626,37,1,test
mp-1101087,Dy2CoGe2,0.0,0-0.005,12,10,5,1273,46,10,test
mp-8605,SrSbPt,0.0,0-0.005,187,3,3,312,88,0,test
mp-20946,BaYFe2O5,0.0529567109722179,0.04-0.06,123,9,5,626,13,2,test
mp-989616,CaWN3,0.0,0-0.005,12,10,5,1273,24,10,test
mp-760947,V4O7F5,0.0083504717361204,0.005-0.02,1,16,16,470,7,48,test
mp-4090,Ce(SiRh)2,0.0,0-0.005,139,5,3,1233,443,1,test
mp-1078491,LaFe2AsN,0.0,0-0.005,63,10,4,880,44,4,test
mp-867258,LiZnPd2,0.0,0-0.005,225,4,3,3960,2406,0,test
mp-15797,LiErSe2,0.0,0-0.005,166,4,3,1076,280,1,test
mp-1228967,AlCr4GaC2,0.0005288318749983,0-0.005,187,8,5,312,0,3,test
mp-22647,TmCrO4,0.0,0-0.005,141,12,3,181,58,2,test
mp-1317,CoSb3,0.0,0-0.005,204,16,2,122,7,2,test
mp-27838,Na3Bi,0.0,0-0.005,194,8,3,1129,439,1,test
mp-14018,K3As,0.0,0-0.005,194,8,3,1129,439,1,test
mp-505492,CsNiF3,0.0074190916666667,0.005-0.02,166,15,6,1076,4,4,test
mp-982010,Pr2CdAg,0.0071214100000003,0.005-0.02,225,4,3,3960,2406,0,test
mp-780702,Mn6O5F7,0.0507959428472206,0.04-0.06,1,18,18,470,19,54,test
mp-1105593,Y6PdBr10,0.0153891362009792,0.005-0.02,2,17,9,676,20,24,test
mp-1184018,CuAu3,0.0117609125000002,0.005-0.02,139,4,3,1233,236,0,test
mp-1226092,Cr2(NiB2)3,0.0266623384659085,0.02-0.04,38,11,11,383,0,11,test
mp-1174020,Li3MnCoO5,0.0697731279999995,0.06-0.0801,1,20,20,470,10,60,test
mp-1186277,Nd3FeO6,0.0,0-0.005,36,20,7,174,16,17,test
mp-1018144,LaH3,0.0,0-0.005,225,4,3,3960,122,0,test
mp-31509,BaIn,0.0,0-0.005,63,8,3,880,83,4,test
mp-756257,LiV4CuO12,0.0408332151736097,0.04-0.06,5,18,10,274,10,26,test
mp-1025748,Mo2W(Se2S)2,0.0728678322222204,0.06-0.0801,187,9,5,312,3,4,test
mp-13538,KPrSiSe4,0.0,0-0.005,4,14,7,151,7,21,test
mp-1226510,CeY2(AlPd)3,0.0087519744444453,0.005-0.02,38,9,6,383,1,9,test
mp-1776,UN2,0.0,0-0.005,225,3,2,3960,55,0,test
mp-756214,YAlO3,0.0458074795500031,0.04-0.06,167,10,3,77,29,1,test
mp-1189769,DyGaPd2,0.0,0-0.005,62,16,3,1187,107,7,test
mp-753704,WOF4,0.0573239100000035,0.04-0.06,2,12,6,676,16,18,test
mp-1025491,TbGe3,0.0208734050000023,0.02-0.04,63,8,4,880,33,4,test
mp-864670,Ta2VOs,0.0,0-0.005,225,4,3,3960,2406,0,test
mp-1018663,CeS2,0.0137501941666657,0.005-0.02,129,6,3,472,37,2,test
mp-31235,BaNaBi,0.0,0-0.005,189,9,4,469,305,2,test
mp-1183084,Ac3Tm,0.0723079489583327,0.06-0.0801,139,4,3,1233,236,0,test
mp-972524,SmSiAg,0.0,0-0.005,189,9,4,469,305,2,test
mp-1217975,Ta3TiB4,0.0,0-0.005,25,8,8,124,23,8,test
mp-14025,Zr2CuS4,0.0,0-0.005,227,14,3,303,127,1,test
mp-864936,MnGeRu2,0.0,0-0.005,225,4,3,3960,2406,0,test
mp-1212662,GaClO,0.0,0-0.005,29,12,3,10,4,9,test
mp-763901,NaVO3,0.0430134420000021,0.04-0.06,72,20,5,111,3,8,test
mp-1287570,CaMn2O4,0.0377217160714273,0.02-0.04,141,14,3,181,20,2,test
mp-1224475,HfPt4,0.0,0-0.005,123,20,9,626,0,6,test
mp-568695,CaCdSn,0.0,0-0.005,189,9,4,469,305,2,test
mp-1105802,CaGe2Pt,0.0,0-0.005,71,16,6,419,20,8,test
mp-1220270,Nd2Tm,0.0317497311111116,0.02-0.04,166,3,2,1076,42,1,test
mp-1001600,HfB12,0.0415602921794882,0.04-0.06,225,13,2,3960,11,1,test
mp-1186396,PaGaPt2,0.0102802791666665,0.005-0.02,225,4,3,3960,2406,0,test
mp-643801,K2H6PbO6,0.0,0-0.005,148,15,4,351,1,7,test
mp-21109,LaAl4,0.0145237226666647,0.005-0.02,139,5,3,1233,14,1,test
mp-756302,Li3Mn(CoO2)4,0.0586885595312498,0.04-0.06,12,16,9,1273,36,7,test
mp-1027729,Mo3W(Se3S)2,0.0561365500000015,0.04-0.06,156,12,12,302,36,12,test
mp-559246,BaCrF6,0.0,0-0.005,166,8,3,1076,15,2,test
mp-1209187,RbSc(SO4)2,0.0,0-0.005,150,12,5,21,12,5,test
mp-1095537,Er3(CuSn)4,0.0010798240909082,0-0.005,71,11,5,419,49,5,test
mp-11654,BAsO4,0.0468375677777714,0.04-0.06,152,18,4,23,6,8,test
mp-1221886,MnCd(GaSe2)4,0.0018900399999992,0-0.005,81,14,7,3,1,7,test
mp-1103457,Eu3Zn2(CuP2)2,0.0005161013636287,0-0.005,164,11,6,551,1,5,test
mp-1095560,Zr3Al3Ni3H2,0.006437775454545,0.005-0.02,189,11,5,469,0,2,test
mp-616378,CsSnI3,0.0118439939999999,0.005-0.02,127,10,4,246,9,1,test
mp-569028,Rb2SnBr6,0.0,0-0.005,225,9,3,3960,89,1,test
mp-7379,TlCdSb,0.0,0-0.005,62,12,3,1187,413,6,test
mp-1078507,NdNiSb2,0.0048812650000007,0-0.005,129,8,4,472,65,2,test
mp-1213114,CuAgGeSe3,0.0068370837499989,0.005-0.02,9,12,6,107,3,18,test
mp-1025269,Ti2CoS4,0.0162456392063292,0.005-0.02,12,7,4,1273,64,6,test
mp-29199,BaCuN,0.0,0-0.005,15,18,6,533,1,10,test
mp-562468,TiF3,0.0023703700000003,0-0.005,167,8,2,77,10,1,test
mp-1180084,Ni(HO)2,0.0164146175000041,0.005-0.02,12,5,3,1273,46,4,test
mp-1001787,LiRh3,0.0,0-0.005,44,4,3,187,12,4,test
mp-1227442,Be2BH3O5,0.0,0-0.005,1,11,11,470,1,33,test
mp-6766,CaMg(SiO3)2,0.0,0-0.005,15,20,6,533,54,14,test
mp-1104560,Dy2CdTe4,0.0261718307142837,0.02-0.04,227,14,3,303,127,1,test
mp-1025524,Zr2TlC,0.0,0-0.005,194,8,3,1129,110,1,test
mp-559633,Cu6PbO8,0.0,0-0.005,225,15,3,3960,14,1,test
mp-1186017,Na3Ag,0.0451815252801726,0.04-0.06,225,4,3,3960,122,0,test
mp-31237,CuAsF7,0.0,0-0.005,74,18,5,299,0,6,test
mp-1215900,YHo,0.011471011666666,0.005-0.02,187,2,2,312,64,0,test
mp-754186,Mn2InO5,0.076162942617187,0.06-0.0801,63,16,5,880,30,8,test
mp-1208543,Tb2CoPtO6,0.0265085426874973,0.02-0.04,14,20,6,575,188,12,test
mp-1208633,SrLiPO4,0.0236692954761847,0.02-0.04,173,14,5,10,4,7,test
mp-7238,NdBO3,0.007969211999999,0.005-0.02,62,20,4,1187,318,9,test
mp-5670,LiTi2O4,0.0,0-0.005,227,14,3,303,127,1,test
mp-1187723,Y2CuAu,0.0255449600000003,0.02-0.04,225,4,3,3960,2406,0,test
mp-9977,Er2FeC4,0.0,0-0.005,72,14,4,111,8,6,test
mp-755685,SmYO3,0.0638265499999999,0.06-0.0801,33,20,5,47,17,15,test
mp-510056,CaV4(CuO4)3,0.0749535942499965,0.06-0.0801,204,20,4,122,42,2,test
mp-1111045,CsRb2AlF6,0.0148115723611104,0.005-0.02,225,10,4,3960,923,1,test
mp-1206803,Y2CI2,0.0,0-0.005,164,5,3,551,130,2,test
mp-1222423,LiTa2CuO6,0.0606835800000027,0.06-0.0801,146,10,6,73,21,10,test
mp-1205778,HoCdAu,0.0,0-0.005,189,9,4,469,305,2,test
mp-985782,H2C,0.0444621358333323,0.04-0.06,62,12,3,1187,102,6,test
mp-3881,BaZnF4,0.0,0-0.005,36,12,6,174,12,12,test
mp-1143773,HeSiO2,0.022058869374999,0.02-0.04,167,16,4,77,1,3,test
mp-756811,Li4TiS4,0.0313553249999998,0.02-0.04,63,18,5,880,5,8,test
mp-1210746,MnCo3C,0.0791251737826073,0.06-0.0801,221,5,3,820,273,0,test
mp-567744,SrBr2,0.0,0-0.005,62,12,3,1187,102,6,test
mp-1187505,YbYHg2,6.111999999980355e-05,0-0.005,225,4,3,3960,2406,0,test
mp-865122,NaNdTl2,0.0080659051562501,0.005-0.02,225,4,3,3960,2406,0,test
mp-3682,KCuF3,0.0001890919999993,0-0.005,221,5,3,820,273,0,test
mp-1542038,CsSnSe3,0.0,0-0.005,2,10,5,676,39,15,test
mp-4169,USiO4,0.0543590033333369,0.04-0.06,141,12,3,181,58,2,test
mp-1101894,FeAsSe,0.0,0-0.005,14,12,3,575,42,9,test
mp-30592,CuNi2Sn,0.0346497585416667,0.02-0.04,225,4,3,3960,2406,0,test
mp-1222000,MnVGa5,0.0285068890659365,0.02-0.04,65,14,6,265,0,6,test
mp-1101972,CdF2,0.0505406058333335,0.04-0.06,62,12,3,1187,102,6,test
mp-998543,CaTcO3,0.0294888195,0.02-0.04,161,10,3,40,34,5,test
mvc-8320,MgCo4(CuO4)3,0.0622964672187507,0.06-0.0801,204,20,4,122,42,2,test
mp-9981,Mn2N,0.0,0-0.005,60,12,2,18,11,4,test
mp-1187216,SrHg2Pb,0.0,0-0.005,225,4,3,3960,2406,0,test
mp-863668,Pm2CuOs,0.0,0-0.005,225,4,3,3960,2406,0,test
mp-1189460,NaAlH8(NF3)2,0.0133521868518498,0.005-0.02,225,18,5,3960,4,2,test
mp-754316,Li3Co(NiO3)2,0.0173842460416659,0.005-0.02,12,12,7,1273,28,10,test
mp-1520344,KCaZrNbO6,0.075079918250001,0.06-0.0801,216,10,5,538,130,1,test
mp-1070916,AlBW,0.0,0-0.005,63,6,3,880,28,3,test
mp-865788,TmPaTc2,0.0,0-0.005,225,4,3,3960,2406,0,test
mp-1222905,LaCePd6,0.0,0-0.005,123,8,5,626,26,1,test
mp-1227261,CaEuS2,0.0142143599999995,0.005-0.02,166,4,3,1076,280,1,test
mp-1064843,EuTl3,0.0,0-0.005,221,4,2,820,339,0,test
mp-1078518,Sr2NiIrO6,0.0,0-0.005,87,10,5,101,33,3,test
mp-1183915,Eu2CdHg,0.0115447850000007,0.005-0.02,225,4,3,3960,2406,0,test
mp-1005895,Sm3Gd,0.0189954525000004,0.005-0.02,194,8,2,1129,439,1,test
mp-12872,ErIn5Co,0.0064924597619024,0.005-0.02,123,7,4,626,55,1,test
mp-1187383,TbSnRu2,0.0257274463541667,0.02-0.04,225,4,3,3960,2406,0,test
mp-1518318,Eu2HfFeO6,0.0450131355416694,0.04-0.06,225,10,4,3960,923,1,test
mp-5760,NdSF,0.0,0-0.005,129,6,3,472,177,2,test
mp-13005,LaCrGe3,0.0,0-0.005,194,10,3,1129,53,1,test
mp-1205823,Ba2ScTaO6,0.0,0-0.005,225,10,4,3960,923,1,test
mp-1178771,YCu(WO4)2,0.0304946773958327,0.02-0.04,1,12,12,470,4,36,test
mp-997052,RbAgO2,0.0,0-0.005,63,8,3,880,158,4,test
mp-8939,Si2W,0.0678455488888882,0.06-0.0801,180,9,2,23,11,1,test
mp-1105368,NbAlBr8,0.0,0-0.005,63,20,6,880,1,10,test
mp-567612,ScOs2,0.0,0-0.005,194,12,3,1129,127,2,test
mp-571281,Ge3N4,0.0634708157142851,0.06-0.0801,220,14,2,111,56,1,test
mp-1078871,LaGaO3,0.0385953581428406,0.02-0.04,161,10,3,40,34,5,test
mp-1890,BMo,0.0,0-0.005,141,8,2,181,4,2,test
mp-1186197,NaTl3,0.0158048449999994,0.005-0.02,194,8,2,1129,439,1,test
mp-545706,Ca3Cu2(BrO2)2,0.000699442424243,0-0.005,139,11,5,1233,3,4,test
mp-3006,P2Pd3S8,0.0,0-0.005,164,13,4,551,0,4,test
mp-1220381,Nb6GaGe,0.0597425011458341,0.04-0.06,200,8,3,33,27,1,test
mp-1222940,LaNb2CuClO7,0.058491949910719,0.04-0.06,25,12,8,124,0,12,test
mp-867285,LiTb2Ir,0.0,0-0.005,225,4,3,3960,2406,0,test
mp-1216737,UNiGe,0.0750430149999994,0.06-0.0801,12,6,3,1273,58,6,test
mp-865900,Ti3Tl,0.0070646441666664,0.005-0.02,139,4,3,1233,236,0,test
mp-20662,Sn4Pt,0.0,0-0.005,68,10,2,1,1,3,test
mp-1185398,LiPm2Pb,0.0064302850000004,0.005-0.02,225,4,3,3960,2406,0,test
mp-646420,Nd2InRh2,0.0202677686666641,0.02-0.04,127,10,3,246,156,2,test
mp-972187,ZrSiPt,0.0,0-0.005,62,12,3,1187,413,6,test
mp-1080573,V3PC,0.0053082971712967,0.005-0.02,63,10,4,880,54,4,test
mp-1205334,MgCu2SiS4,0.0,0-0.005,31,16,6,112,21,14,test
mp-1025033,LuInCo4,0.0045120736111101,0-0.005,216,6,3,538,136,1,test
mp-1068941,K2PdS2,0.0,0-0.005,71,5,3,419,60,2,test
mp-1186434,Pm2CdGa,0.0,0-0.005,225,4,3,3960,2406,0,test
mp-10558,La3(NbN3)2,0.0,0-0.005,139,11,5,1233,4,4,test
mp-8013,KRuF6,0.0,0-0.005,166,8,3,1076,15,2,test
mp-1190231,Lu4Ga12Pd,0.0,0-0.005,229,17,4,95,20,1,test
mp-690794,Sr2HN,0.0,0-0.005,166,4,3,1076,280,1,test
mp-568672,YbGeIr,0.0,0-0.005,62,12,3,1187,413,6,test
mp-1209259,RbPr(WO4)2,0.0668713916666678,0.06-0.0801,164,12,5,551,18,4,test
mp-867161,LiIn3,0.0,0-0.005,221,4,2,820,339,0,test
mp-3346,HoZrSb,0.0,0-0.005,139,6,3,1233,40,2,test
mp-1186616,PmMg2Sc,0.0199169525,0.005-0.02,225,4,3,3960,2406,0,test
mp-10872,HfAlAu2,0.0184324658333316,0.005-0.02,225,4,3,3960,2406,0,test
mp-581934,Pu3Ge,0.0,0-0.005,221,4,2,820,339,0,test
mp-1028772,WSeS,0.0150875549999991,0.005-0.02,164,12,6,551,19,6,test
mp-19901,EuInAu,0.0,0-0.005,62,12,3,1187,413,6,test
mp-18909,BaNi2(PO4)2,0.0,0-0.005,148,13,5,351,0,6,test
mp-1078704,ErNiBC,0.0,0-0.005,129,8,4,472,52,3,test
mp-8578,Sc3InC,0.0,0-0.005,221,5,3,820,273,0,test
mp-1220035,NiTeSe,0.0,0-0.005,156,3,3,302,23,3,test
mp-1080489,HfGeRu,0.0,0-0.005,189,9,4,469,305,2,test
mp-1224376,Ge2SeS,0.0057530837500001,0.005-0.02,26,8,4,68,22,8,test
mp-866173,Y2RuRh,0.0028067632812502,0-0.005,225,4,3,3960,2406,0,test
mp-1206177,YSnGe,0.0,0-0.005,63,6,3,880,28,3,test
mp-1226399,Cs4FeSbCl12,0.0187302780555556,0.005-0.02,123,18,7,626,4,5,test
mvc-5013,Mg2CuWO6,0.0790939204999974,0.06-0.0801,14,20,6,575,188,12,test
mp-977425,Ta2CrRu,0.0,0-0.005,225,4,3,3960,2406,0,test
mp-1186693,Pr2MgCd,0.011305225,0.005-0.02,225,4,3,3960,2406,0,test
mp-9843,Sr3(AlP2)2,0.0,0-0.005,15,18,5,533,21,13,test
mp-945228,Eu(GaSb)2,0.0,0-0.005,62,20,5,1187,26,10,test
mp-865051,NaCa2Tl,0.0,0-0.005,225,4,3,3960,2406,0,test
mp-1187740,Y2MgHg,0.0216918650000002,0.02-0.04,225,4,3,3960,2406,0,test
mp-30683,ZrGa2,0.0,0-0.005,65,6,4,265,8,2,test
mp-1208363,Tb(AlFe2)4,0.0359780205470148,0.02-0.04,139,13,4,1233,45,2,test
mp-1660,ErZn,0.0,0-0.005,221,2,2,820,168,0,test
mp-1225523,Er3Th,0.0378845999999999,0.02-0.04,187,4,3,312,20,1,test
mp-4117,Li2Si2O5,0.0,0-0.005,37,18,5,2,1,13,test
mp-1218466,Sr3Nd(CoO4)2,0.0294233569345232,0.02-0.04,38,14,11,383,12,13,test
mp-1209528,PdPb2F6,0.0,0-0.005,64,18,4,82,9,5,test
mp-1215933,YAl3Ag,0.0048602411999958,0-0.005,119,5,4,124,19,1,test
mp-1220335,NbMoW,0.0,0-0.005,42,3,3,42,4,3,test
mp-1227012,Ce2MgCo9,0.0028198246474362,0-0.005,160,12,8,311,6,10,test
mp-1232301,Tb2MgSe4,0.0052655617857153,0.005-0.02,227,14,3,303,127,1,test
mp-21084,In6Ga2PtO8,0.0,0-0.005,225,17,4,3960,5,2,test
mp-571486,CuSe,0.0,0-0.005,63,12,4,880,83,6,test
mp-14410,Tl6TeO12,0.0,0-0.005,148,19,4,351,11,9,test
mp-1079192,Sr2GdRuO6,0.0143609159999993,0.005-0.02,87,10,5,101,33,3,test
mp-13501,ErCoC2,0.0,0-0.005,38,4,3,383,41,4,test
